# Deterministic Story World v3 asset: StoryMonster_Boss
# Triangles: 972
mtllib story_world_v3.mtl
o StoryMonster_Boss
s 1
v -0.444000 -0.007754 0.240375
v -0.274022 -0.010741 0.169801
v -0.238502 1.136259 0.206801
v -0.444000 -0.007754 0.240375
v -0.238502 1.136259 0.206801
v -0.408480 1.139246 0.277375
v -0.444000 0.000000 0.000000
v -0.274022 -0.010741 0.169801
v -0.444000 -0.007754 0.240375
v -0.408480 1.147000 0.037000
v -0.408480 1.139246 0.277375
v -0.238502 1.136259 0.206801
v -0.274022 -0.010741 0.169801
v -0.203615 -0.007436 -0.000240
v -0.168095 1.139564 0.036760
v -0.274022 -0.010741 0.169801
v -0.168095 1.139564 0.036760
v -0.238502 1.136259 0.206801
v -0.444000 0.000000 0.000000
v -0.203615 -0.007436 -0.000240
v -0.274022 -0.010741 0.169801
v -0.408480 1.147000 0.037000
v -0.238502 1.136259 0.206801
v -0.168095 1.139564 0.036760
v -0.203615 -0.007436 -0.000240
v -0.274022 0.000225 -0.170140
v -0.238502 1.147225 -0.133140
v -0.203615 -0.007436 -0.000240
v -0.238502 1.147225 -0.133140
v -0.168095 1.139564 0.036760
v -0.444000 0.000000 0.000000
v -0.274022 0.000225 -0.170140
v -0.203615 -0.007436 -0.000240
v -0.408480 1.147000 0.037000
v -0.168095 1.139564 0.036760
v -0.238502 1.147225 -0.133140
v -0.274022 0.000225 -0.170140
v -0.444000 0.007754 -0.240375
v -0.408480 1.154754 -0.203375
v -0.274022 0.000225 -0.170140
v -0.408480 1.154754 -0.203375
v -0.238502 1.147225 -0.133140
v -0.444000 0.000000 0.000000
v -0.444000 0.007754 -0.240375
v -0.274022 0.000225 -0.170140
v -0.408480 1.147000 0.037000
v -0.238502 1.147225 -0.133140
v -0.408480 1.154754 -0.203375
v -0.444000 0.007754 -0.240375
v -0.613978 0.010741 -0.169801
v -0.578458 1.157741 -0.132801
v -0.444000 0.007754 -0.240375
v -0.578458 1.157741 -0.132801
v -0.408480 1.154754 -0.203375
v -0.444000 0.000000 0.000000
v -0.613978 0.010741 -0.169801
v -0.444000 0.007754 -0.240375
v -0.408480 1.147000 0.037000
v -0.408480 1.154754 -0.203375
v -0.578458 1.157741 -0.132801
v -0.613978 0.010741 -0.169801
v -0.684385 0.007436 0.000240
v -0.648865 1.154436 0.037240
v -0.613978 0.010741 -0.169801
v -0.648865 1.154436 0.037240
v -0.578458 1.157741 -0.132801
v -0.444000 0.000000 0.000000
v -0.684385 0.007436 0.000240
v -0.613978 0.010741 -0.169801
v -0.408480 1.147000 0.037000
v -0.578458 1.157741 -0.132801
v -0.648865 1.154436 0.037240
v -0.684385 0.007436 0.000240
v -0.613978 -0.000225 0.170140
v -0.578458 1.146775 0.207140
v -0.684385 0.007436 0.000240
v -0.578458 1.146775 0.207140
v -0.648865 1.154436 0.037240
v -0.444000 0.000000 0.000000
v -0.613978 -0.000225 0.170140
v -0.684385 0.007436 0.000240
v -0.408480 1.147000 0.037000
v -0.648865 1.154436 0.037240
v -0.578458 1.146775 0.207140
v -0.613978 -0.000225 0.170140
v -0.444000 -0.007754 0.240375
v -0.408480 1.139246 0.277375
v -0.613978 -0.000225 0.170140
v -0.408480 1.139246 0.277375
v -0.578458 1.146775 0.207140
v -0.444000 0.000000 0.000000
v -0.444000 -0.007754 0.240375
v -0.613978 -0.000225 0.170140
v -0.408480 1.147000 0.037000
v -0.578458 1.146775 0.207140
v -0.408480 1.139246 0.277375
v -0.444000 0.378833 -0.055500
v -0.235773 0.319586 -0.055500
v -0.296078 0.328140 0.188571
v -0.444000 0.378833 -0.055500
v -0.296078 0.328140 0.188571
v -0.444000 0.367208 -0.055500
v -0.444000 0.367208 -0.055500
v -0.296078 0.328140 0.188571
v -0.444000 0.319856 0.298685
v -0.444000 0.367208 -0.055500
v -0.444000 0.319856 0.298685
v -0.444000 0.377763 -0.055500
v -0.444000 0.377763 -0.055500
v -0.444000 0.319856 0.298685
v -0.602726 0.329532 0.206397
v -0.444000 0.377763 -0.055500
v -0.602726 0.329532 0.206397
v -0.444000 0.366149 -0.055500
v -0.444000 0.366149 -0.055500
v -0.602726 0.329532 0.206397
v -0.665045 0.331184 -0.055500
v -0.444000 0.366149 -0.055500
v -0.665045 0.331184 -0.055500
v -0.444000 0.358460 -0.055500
v -0.444000 0.358460 -0.055500
v -0.665045 0.331184 -0.055500
v -0.601081 0.322900 -0.314684
v -0.444000 0.358460 -0.055500
v -0.601081 0.322900 -0.314684
v -0.444000 0.369057 -0.055500
v -0.444000 0.369057 -0.055500
v -0.601081 0.322900 -0.314684
v -0.444000 0.331454 -0.431283
v -0.444000 0.369057 -0.055500
v -0.444000 0.331454 -0.431283
v -0.444000 0.357433 -0.055500
v -0.444000 0.357433 -0.055500
v -0.444000 0.331454 -0.431283
v -0.300625 0.323380 -0.292069
v -0.444000 0.357433 -0.055500
v -0.300625 0.323380 -0.292069
v -0.444000 0.368236 -0.055500
v -0.444000 0.368236 -0.055500
v -0.300625 0.323380 -0.292069
v -0.227579 0.334014 -0.055500
v -0.444000 0.368236 -0.055500
v -0.227579 0.334014 -0.055500
v -0.444000 0.360567 -0.055500
v -0.235773 0.319586 -0.055500
v -0.078528 0.217172 -0.055500
v -0.184419 0.213578 0.372809
v -0.235773 0.319586 -0.055500
v -0.184419 0.213578 0.372809
v -0.296078 0.328140 0.188571
v -0.296078 0.328140 0.188571
v -0.184419 0.213578 0.372809
v -0.444000 0.216846 0.471807
v -0.296078 0.328140 0.188571
v -0.444000 0.216846 0.471807
v -0.444000 0.319856 0.298685
v -0.444000 0.319856 0.298685
v -0.444000 0.216846 0.471807
v -0.681202 0.214110 0.335883
v -0.444000 0.319856 0.298685
v -0.681202 0.214110 0.335883
v -0.602726 0.329532 0.206397
v -0.602726 0.329532 0.206397
v -0.681202 0.214110 0.335883
v -0.773917 0.214340 -0.055500
v -0.602726 0.329532 0.206397
v -0.773917 0.214340 -0.055500
v -0.665045 0.331184 -0.055500
v -0.665045 0.331184 -0.055500
v -0.773917 0.214340 -0.055500
v -0.678594 0.218463 -0.442580
v -0.665045 0.331184 -0.055500
v -0.678594 0.218463 -0.442580
v -0.601081 0.322900 -0.314684
v -0.601081 0.322900 -0.314684
v -0.678594 0.218463 -0.442580
v -0.444000 0.214871 -0.617856
v -0.601081 0.322900 -0.314684
v -0.444000 0.214871 -0.617856
v -0.444000 0.331454 -0.431283
v -0.444000 0.331454 -0.431283
v -0.444000 0.214871 -0.617856
v -0.191819 0.218191 -0.471599
v -0.444000 0.331454 -0.431283
v -0.191819 0.218191 -0.471599
v -0.300625 0.323380 -0.292069
v -0.300625 0.323380 -0.292069
v -0.191819 0.218191 -0.471599
v -0.120679 0.215848 -0.055500
v -0.300625 0.323380 -0.292069
v -0.120679 0.215848 -0.055500
v -0.227579 0.334014 -0.055500
v -0.078528 0.217172 -0.055500
v -0.107981 0.077753 -0.055500
v -0.202758 0.081340 0.342549
v -0.078528 0.217172 -0.055500
v -0.202758 0.081340 0.342549
v -0.184419 0.213578 0.372809
v -0.184419 0.213578 0.372809
v -0.202758 0.081340 0.342549
v -0.444000 0.077635 0.516052
v -0.184419 0.213578 0.372809
v -0.444000 0.077635 0.516052
v -0.444000 0.216846 0.471807
v -0.444000 0.216846 0.471807
v -0.444000 0.077635 0.516052
v -0.702675 0.081658 0.371313
v -0.444000 0.216846 0.471807
v -0.702675 0.081658 0.371313
v -0.681202 0.214110 0.335883
v -0.681202 0.214110 0.335883
v -0.702675 0.081658 0.371313
v -0.800730 0.081881 -0.055500
v -0.681202 0.214110 0.335883
v -0.800730 0.081881 -0.055500
v -0.773917 0.214340 -0.055500
v -0.773917 0.214340 -0.055500
v -0.800730 0.081881 -0.055500
v -0.700043 0.079044 -0.477972
v -0.773917 0.214340 -0.055500
v -0.700043 0.079044 -0.477972
v -0.678594 0.218463 -0.442580
v -0.678594 0.218463 -0.442580
v -0.700043 0.079044 -0.477972
v -0.444000 0.082634 -0.662155
v -0.678594 0.218463 -0.442580
v -0.444000 0.082634 -0.662155
v -0.444000 0.214871 -0.617856
v -0.444000 0.214871 -0.617856
v -0.444000 0.082634 -0.662155
v -0.210182 0.078873 -0.441299
v -0.444000 0.214871 -0.617856
v -0.210182 0.078873 -0.441299
v -0.191819 0.218191 -0.471599
v -0.191819 0.218191 -0.471599
v -0.210182 0.078873 -0.441299
v -0.094736 0.083390 -0.055500
v -0.191819 0.218191 -0.471599
v -0.094736 0.083390 -0.055500
v -0.120679 0.215848 -0.055500
v -0.107981 0.077753 -0.055500
v -0.216507 -0.032040 -0.055500
v -0.285483 -0.022633 0.206053
v -0.107981 0.077753 -0.055500
v -0.285483 -0.022633 0.206053
v -0.202758 0.081340 0.342549
v -0.202758 0.081340 0.342549
v -0.285483 -0.022633 0.206053
v -0.444000 -0.031187 0.280353
v -0.202758 0.081340 0.342549
v -0.444000 -0.031187 0.280353
v -0.444000 0.077635 0.516052
v -0.444000 0.077635 0.516052
v -0.444000 -0.031187 0.280353
v -0.591743 -0.021781 0.188276
v -0.444000 0.077635 0.516052
v -0.591743 -0.021781 0.188276
v -0.702675 0.081658 0.371313
v -0.702675 0.081658 0.371313
v -0.591743 -0.021781 0.188276
v -0.640887 -0.028975 -0.055500
v -0.702675 0.081658 0.371313
v -0.640887 -0.028975 -0.055500
v -0.800730 0.081881 -0.055500
v -0.800730 0.081881 -0.055500
v -0.640887 -0.028975 -0.055500
v -0.593177 -0.037529 -0.301642
v -0.800730 0.081881 -0.055500
v -0.593177 -0.037529 -0.301642
v -0.700043 0.079044 -0.477972
v -0.700043 0.079044 -0.477972
v -0.593177 -0.037529 -0.301642
v -0.444000 -0.028122 -0.398590
v -0.700043 0.079044 -0.477972
v -0.444000 -0.028122 -0.398590
v -0.444000 0.082634 -0.662155
v -0.444000 0.082634 -0.662155
v -0.444000 -0.028122 -0.398590
v -0.293102 -0.036957 -0.304481
v -0.444000 0.082634 -0.662155
v -0.293102 -0.036957 -0.304481
v -0.210182 0.078873 -0.441299
v -0.210182 0.078873 -0.441299
v -0.293102 -0.036957 -0.304481
v -0.242499 -0.026192 -0.055500
v -0.210182 0.078873 -0.441299
v -0.242499 -0.026192 -0.055500
v -0.094736 0.083390 -0.055500
v -0.216507 -0.032040 -0.055500
v -0.444000 -0.077681 -0.055500
v -0.444000 -0.066409 -0.055500
v -0.216507 -0.032040 -0.055500
v -0.444000 -0.066409 -0.055500
v -0.285483 -0.022633 0.206053
v -0.285483 -0.022633 0.206053
v -0.444000 -0.066409 -0.055500
v -0.444000 -0.078058 -0.055500
v -0.285483 -0.022633 0.206053
v -0.444000 -0.078058 -0.055500
v -0.444000 -0.031187 0.280353
v -0.444000 -0.031187 0.280353
v -0.444000 -0.078058 -0.055500
v -0.444000 -0.068163 -0.055500
v -0.444000 -0.031187 0.280353
v -0.444000 -0.068163 -0.055500
v -0.591743 -0.021781 0.188276
v -0.591743 -0.021781 0.188276
v -0.444000 -0.068163 -0.055500
v -0.444000 -0.064841 -0.055500
v -0.591743 -0.021781 0.188276
v -0.444000 -0.064841 -0.055500
v -0.640887 -0.028975 -0.055500
v -0.640887 -0.028975 -0.055500
v -0.444000 -0.064841 -0.055500
v -0.444000 -0.076442 -0.055500
v -0.640887 -0.028975 -0.055500
v -0.444000 -0.076442 -0.055500
v -0.593177 -0.037529 -0.301642
v -0.593177 -0.037529 -0.301642
v -0.444000 -0.076442 -0.055500
v -0.444000 -0.065174 -0.055500
v -0.593177 -0.037529 -0.301642
v -0.444000 -0.065174 -0.055500
v -0.444000 -0.028122 -0.398590
v -0.444000 -0.028122 -0.398590
v -0.444000 -0.065174 -0.055500
v -0.444000 -0.077176 -0.055500
v -0.444000 -0.028122 -0.398590
v -0.444000 -0.077176 -0.055500
v -0.293102 -0.036957 -0.304481
v -0.293102 -0.036957 -0.304481
v -0.444000 -0.077176 -0.055500
v -0.444000 -0.062732 -0.055500
v -0.293102 -0.036957 -0.304481
v -0.444000 -0.062732 -0.055500
v -0.242499 -0.026192 -0.055500
v 0.444000 -0.007754 0.240375
v 0.613978 -0.000225 0.170140
v 0.578458 1.146775 0.207140
v 0.444000 -0.007754 0.240375
v 0.578458 1.146775 0.207140
v 0.408480 1.139246 0.277375
v 0.444000 0.000000 0.000000
v 0.613978 -0.000225 0.170140
v 0.444000 -0.007754 0.240375
v 0.408480 1.147000 0.037000
v 0.408480 1.139246 0.277375
v 0.578458 1.146775 0.207140
v 0.613978 -0.000225 0.170140
v 0.684385 0.007436 0.000240
v 0.648865 1.154436 0.037240
v 0.613978 -0.000225 0.170140
v 0.648865 1.154436 0.037240
v 0.578458 1.146775 0.207140
v 0.444000 0.000000 0.000000
v 0.684385 0.007436 0.000240
v 0.613978 -0.000225 0.170140
v 0.408480 1.147000 0.037000
v 0.578458 1.146775 0.207140
v 0.648865 1.154436 0.037240
v 0.684385 0.007436 0.000240
v 0.613978 0.010741 -0.169801
v 0.578458 1.157741 -0.132801
v 0.684385 0.007436 0.000240
v 0.578458 1.157741 -0.132801
v 0.648865 1.154436 0.037240
v 0.444000 0.000000 0.000000
v 0.613978 0.010741 -0.169801
v 0.684385 0.007436 0.000240
v 0.408480 1.147000 0.037000
v 0.648865 1.154436 0.037240
v 0.578458 1.157741 -0.132801
v 0.613978 0.010741 -0.169801
v 0.444000 0.007754 -0.240375
v 0.408480 1.154754 -0.203375
v 0.613978 0.010741 -0.169801
v 0.408480 1.154754 -0.203375
v 0.578458 1.157741 -0.132801
v 0.444000 0.000000 0.000000
v 0.444000 0.007754 -0.240375
v 0.613978 0.010741 -0.169801
v 0.408480 1.147000 0.037000
v 0.578458 1.157741 -0.132801
v 0.408480 1.154754 -0.203375
v 0.444000 0.007754 -0.240375
v 0.274022 0.000225 -0.170140
v 0.238502 1.147225 -0.133140
v 0.444000 0.007754 -0.240375
v 0.238502 1.147225 -0.133140
v 0.408480 1.154754 -0.203375
v 0.444000 0.000000 0.000000
v 0.274022 0.000225 -0.170140
v 0.444000 0.007754 -0.240375
v 0.408480 1.147000 0.037000
v 0.408480 1.154754 -0.203375
v 0.238502 1.147225 -0.133140
v 0.274022 0.000225 -0.170140
v 0.203615 -0.007436 -0.000240
v 0.168095 1.139564 0.036760
v 0.274022 0.000225 -0.170140
v 0.168095 1.139564 0.036760
v 0.238502 1.147225 -0.133140
v 0.444000 0.000000 0.000000
v 0.203615 -0.007436 -0.000240
v 0.274022 0.000225 -0.170140
v 0.408480 1.147000 0.037000
v 0.238502 1.147225 -0.133140
v 0.168095 1.139564 0.036760
v 0.203615 -0.007436 -0.000240
v 0.274022 -0.010741 0.169801
v 0.238502 1.136259 0.206801
v 0.203615 -0.007436 -0.000240
v 0.238502 1.136259 0.206801
v 0.168095 1.139564 0.036760
v 0.444000 0.000000 0.000000
v 0.274022 -0.010741 0.169801
v 0.203615 -0.007436 -0.000240
v 0.408480 1.147000 0.037000
v 0.168095 1.139564 0.036760
v 0.238502 1.136259 0.206801
v 0.274022 -0.010741 0.169801
v 0.444000 -0.007754 0.240375
v 0.408480 1.139246 0.277375
v 0.274022 -0.010741 0.169801
v 0.408480 1.139246 0.277375
v 0.238502 1.136259 0.206801
v 0.444000 0.000000 0.000000
v 0.444000 -0.007754 0.240375
v 0.274022 -0.010741 0.169801
v 0.408480 1.147000 0.037000
v 0.238502 1.136259 0.206801
v 0.408480 1.139246 0.277375
v 0.444000 0.372557 -0.055500
v 0.669493 0.328014 -0.055500
v 0.587283 0.318301 0.180917
v 0.444000 0.372557 -0.055500
v 0.587283 0.318301 0.180917
v 0.444000 0.362006 -0.055500
v 0.444000 0.362006 -0.055500
v 0.587283 0.318301 0.180917
v 0.444000 0.326583 0.291367
v 0.444000 0.362006 -0.055500
v 0.444000 0.326583 0.291367
v 0.444000 0.370858 -0.055500
v 0.444000 0.370858 -0.055500
v 0.444000 0.326583 0.291367
v 0.299210 0.316913 0.183404
v 0.444000 0.370858 -0.055500
v 0.299210 0.316913 0.183404
v 0.444000 0.360263 -0.055500
v 0.444000 0.360263 -0.055500
v 0.299210 0.316913 0.183404
v 0.232281 0.329711 -0.055500
v 0.444000 0.360263 -0.055500
v 0.232281 0.329711 -0.055500
v 0.444000 0.370536 -0.055500
v 0.444000 0.370536 -0.055500
v 0.232281 0.329711 -0.055500
v 0.288926 0.320033 -0.311372
v 0.444000 0.370536 -0.055500
v 0.288926 0.320033 -0.311372
v 0.444000 0.357188 -0.055500
v 0.444000 0.357188 -0.055500
v 0.288926 0.320033 -0.311372
v 0.444000 0.328280 -0.408354
v 0.444000 0.357188 -0.055500
v 0.444000 0.328280 -0.408354
v 0.444000 0.368750 -0.055500
v 0.444000 0.368750 -0.055500
v 0.444000 0.328280 -0.408354
v 0.606732 0.318610 -0.324008
v 0.444000 0.368750 -0.055500
v 0.606732 0.318610 -0.324008
v 0.444000 0.360930 -0.055500
v 0.444000 0.360930 -0.055500
v 0.606732 0.318610 -0.324008
v 0.659888 0.324445 -0.055500
v 0.444000 0.360930 -0.055500
v 0.659888 0.324445 -0.055500
v 0.444000 0.362660 -0.055500
v 0.669493 0.328014 -0.055500
v 0.775905 0.218702 -0.055500
v 0.694871 0.215420 0.358437
v 0.669493 0.328014 -0.055500
v 0.694871 0.215420 0.358437
v 0.587283 0.318301 0.180917
v 0.587283 0.318301 0.180917
v 0.694871 0.215420 0.358437
v 0.444000 0.219013 0.556131
v 0.587283 0.318301 0.180917
v 0.444000 0.219013 0.556131
v 0.444000 0.326583 0.291367
v 0.444000 0.326583 0.291367
v 0.444000 0.219013 0.556131
v 0.185592 0.215748 0.370873
v 0.444000 0.326583 0.291367
v 0.185592 0.215748 0.370873
v 0.299210 0.316913 0.183404
v 0.299210 0.316913 0.183404
v 0.185592 0.215748 0.370873
v 0.075737 0.218037 -0.055500
v 0.299210 0.316913 0.183404
v 0.075737 0.218037 -0.055500
v 0.232281 0.329711 -0.055500
v 0.232281 0.329711 -0.055500
v 0.075737 0.218037 -0.055500
v 0.212186 0.214769 -0.437993
v 0.232281 0.329711 -0.055500
v 0.212186 0.214769 -0.437993
v 0.288926 0.320033 -0.311372
v 0.288926 0.320033 -0.311372
v 0.212186 0.214769 -0.437993
v 0.444000 0.218375 -0.587729
v 0.288926 0.320033 -0.311372
v 0.444000 0.218375 -0.587729
v 0.444000 0.328280 -0.408354
v 0.444000 0.328280 -0.408354
v 0.444000 0.218375 -0.587729
v 0.683330 0.215110 -0.450395
v 0.444000 0.328280 -0.408354
v 0.683330 0.215110 -0.450395
v 0.606732 0.318610 -0.324008
v 0.606732 0.318610 -0.324008
v 0.683330 0.215110 -0.450395
v 0.763262 0.213024 -0.055500
v 0.606732 0.318610 -0.324008
v 0.763262 0.213024 -0.055500
v 0.659888 0.324445 -0.055500
v 0.775905 0.218702 -0.055500
v 0.806264 0.077946 -0.055500
v 0.674025 0.081647 0.324041
v 0.775905 0.218702 -0.055500
v 0.674025 0.081647 0.324041
v 0.694871 0.215420 0.358437
v 0.694871 0.215420 0.358437
v 0.674025 0.081647 0.324041
v 0.444000 0.077628 0.513237
v 0.694871 0.215420 0.358437
v 0.444000 0.077628 0.513237
v 0.444000 0.219013 0.556131
v 0.444000 0.219013 0.556131
v 0.444000 0.077628 0.513237
v 0.206425 0.081329 0.336499
v 0.444000 0.219013 0.556131
v 0.206425 0.081329 0.336499
v 0.185592 0.215748 0.370873
v 0.185592 0.215748 0.370873
v 0.206425 0.081329 0.336499
v 0.106126 0.077321 -0.055500
v 0.185592 0.215748 0.370873
v 0.106126 0.077321 -0.055500
v 0.075737 0.218037 -0.055500
v 0.075737 0.218037 -0.055500
v 0.106126 0.077321 -0.055500
v 0.191341 0.080165 -0.472387
v 0.075737 0.218037 -0.055500
v 0.191341 0.080165 -0.472387
v 0.212186 0.214769 -0.437993
v 0.212186 0.214769 -0.437993
v 0.191341 0.080165 -0.472387
v 0.444000 0.076977 -0.630523
v 0.212186 0.214769 -0.437993
v 0.444000 0.076977 -0.630523
v 0.444000 0.218375 -0.587729
v 0.444000 0.218375 -0.587729
v 0.444000 0.076977 -0.630523
v 0.704142 0.081535 -0.484735
v 0.444000 0.218375 -0.587729
v 0.704142 0.081535 -0.484735
v 0.683330 0.215110 -0.450395
v 0.683330 0.215110 -0.450395
v 0.704142 0.081535 -0.484735
v 0.789198 0.081902 -0.055500
v 0.683330 0.215110 -0.450395
v 0.789198 0.081902 -0.055500
v 0.763262 0.213024 -0.055500
v 0.806264 0.077946 -0.055500
v 0.649684 -0.022432 -0.055500
v 0.597879 -0.031812 0.198400
v 0.806264 0.077946 -0.055500
v 0.597879 -0.031812 0.198400
v 0.674025 0.081647 0.324041
v 0.674025 0.081647 0.324041
v 0.597879 -0.031812 0.198400
v 0.444000 -0.021005 0.323384
v 0.674025 0.081647 0.324041
v 0.444000 -0.021005 0.323384
v 0.444000 0.077628 0.513237
v 0.444000 0.077628 0.513237
v 0.444000 -0.021005 0.323384
v 0.285440 -0.030411 0.206124
v 0.444000 0.077628 0.513237
v 0.285440 -0.030411 0.206124
v 0.206425 0.081329 0.336499
v 0.206425 0.081329 0.336499
v 0.285440 -0.030411 0.206124
v 0.216957 -0.025190 -0.055500
v 0.206425 0.081329 0.336499
v 0.216957 -0.025190 -0.055500
v 0.106126 0.077321 -0.055500
v 0.106126 0.077321 -0.055500
v 0.216957 -0.025190 -0.055500
v 0.299569 -0.032343 -0.293811
v 0.106126 0.077321 -0.055500
v 0.299569 -0.032343 -0.293811
v 0.191341 0.080165 -0.472387
v 0.191341 0.080165 -0.472387
v 0.299569 -0.032343 -0.293811
v 0.444000 -0.023833 -0.383517
v 0.191341 0.080165 -0.472387
v 0.444000 -0.023833 -0.383517
v 0.444000 0.076977 -0.630523
v 0.444000 0.076977 -0.630523
v 0.444000 -0.023833 -0.383517
v 0.593059 -0.030995 -0.301447
v 0.444000 0.076977 -0.630523
v 0.593059 -0.030995 -0.301447
v 0.704142 0.081535 -0.484735
v 0.704142 0.081535 -0.484735
v 0.593059 -0.030995 -0.301447
v 0.640759 -0.036894 -0.055500
v 0.704142 0.081535 -0.484735
v 0.640759 -0.036894 -0.055500
v 0.789198 0.081902 -0.055500
v 0.649684 -0.022432 -0.055500
v 0.444000 -0.082776 -0.055500
v 0.444000 -0.070800 -0.055500
v 0.649684 -0.022432 -0.055500
v 0.444000 -0.070800 -0.055500
v 0.597879 -0.031812 0.198400
v 0.597879 -0.031812 0.198400
v 0.444000 -0.070800 -0.055500
v 0.444000 -0.081029 -0.055500
v 0.597879 -0.031812 0.198400
v 0.444000 -0.081029 -0.055500
v 0.444000 -0.021005 0.323384
v 0.444000 -0.021005 0.323384
v 0.444000 -0.081029 -0.055500
v 0.444000 -0.069052 -0.055500
v 0.444000 -0.021005 0.323384
v 0.444000 -0.069052 -0.055500
v 0.285440 -0.030411 0.206124
v 0.285440 -0.030411 0.206124
v 0.444000 -0.069052 -0.055500
v 0.444000 -0.079248 -0.055500
v 0.285440 -0.030411 0.206124
v 0.444000 -0.079248 -0.055500
v 0.216957 -0.025190 -0.055500
v 0.216957 -0.025190 -0.055500
v 0.444000 -0.079248 -0.055500
v 0.444000 -0.067272 -0.055500
v 0.216957 -0.025190 -0.055500
v 0.444000 -0.067272 -0.055500
v 0.299569 -0.032343 -0.293811
v 0.299569 -0.032343 -0.293811
v 0.444000 -0.067272 -0.055500
v 0.444000 -0.077587 -0.055500
v 0.299569 -0.032343 -0.293811
v 0.444000 -0.077587 -0.055500
v 0.444000 -0.023833 -0.383517
v 0.444000 -0.023833 -0.383517
v 0.444000 -0.077587 -0.055500
v 0.444000 -0.071161 -0.055500
v 0.444000 -0.023833 -0.383517
v 0.444000 -0.071161 -0.055500
v 0.593059 -0.030995 -0.301447
v 0.593059 -0.030995 -0.301447
v 0.444000 -0.071161 -0.055500
v 0.444000 -0.061823 -0.055500
v 0.593059 -0.030995 -0.301447
v 0.444000 -0.061823 -0.055500
v 0.640759 -0.036894 -0.055500
v 0.000000 3.459050 0.000000
v 0.339271 3.300805 0.000000
v 0.283553 3.359564 0.112550
v 0.000000 3.459050 0.000000
v 0.283553 3.359564 0.112550
v 0.000000 3.429527 0.000000
v 0.000000 3.429527 0.000000
v 0.283553 3.359564 0.112550
v 0.161182 3.309046 0.191934
v 0.000000 3.429527 0.000000
v 0.161182 3.309046 0.191934
v 0.000000 3.482195 0.000000
v 0.000000 3.482195 0.000000
v 0.161182 3.309046 0.191934
v 0.000000 3.361129 0.213463
v 0.000000 3.482195 0.000000
v 0.000000 3.361129 0.213463
v 0.000000 3.423997 0.000000
v 0.000000 3.423997 0.000000
v 0.000000 3.361129 0.213463
v -0.159154 3.290585 0.189518
v 0.000000 3.423997 0.000000
v -0.159154 3.290585 0.189518
v 0.000000 3.469438 0.000000
v 0.000000 3.469438 0.000000
v -0.159154 3.290585 0.189518
v -0.265398 3.349347 0.105344
v 0.000000 3.469438 0.000000
v -0.265398 3.349347 0.105344
v 0.000000 3.411243 0.000000
v 0.000000 3.411243 0.000000
v -0.265398 3.349347 0.105344
v -0.356197 3.298824 0.000000
v 0.000000 3.411243 0.000000
v -0.356197 3.298824 0.000000
v 0.000000 3.464132 0.000000
v 0.000000 3.464132 0.000000
v -0.356197 3.298824 0.000000
v -0.298195 3.351325 -0.118362
v 0.000000 3.464132 0.000000
v -0.298195 3.351325 -0.118362
v 0.000000 3.406161 0.000000
v 0.000000 3.406161 0.000000
v -0.298195 3.351325 -0.118362
v -0.162776 3.386738 -0.193831
v 0.000000 3.406161 0.000000
v -0.162776 3.386738 -0.193831
v 0.000000 3.394254 0.000000
v 0.000000 3.394254 0.000000
v -0.162776 3.386738 -0.193831
v -0.000000 3.339532 -0.215652
v 0.000000 3.394254 0.000000
v -0.000000 3.339532 -0.215652
v 0.000000 3.450731 0.000000
v 0.000000 3.450731 0.000000
v -0.000000 3.339532 -0.215652
v 0.154522 3.394979 -0.184002
v 0.000000 3.450731 0.000000
v 0.154522 3.394979 -0.184002
v 0.000000 3.388947 0.000000
v 0.000000 3.388947 0.000000
v 0.154522 3.394979 -0.184002
v 0.304464 3.341105 -0.120850
v 0.000000 3.388947 0.000000
v 0.304464 3.341105 -0.120850
v 0.000000 3.445224 0.000000
v 0.000000 3.445224 0.000000
v 0.304464 3.341105 -0.120850
v 0.359384 3.376521 -0.000000
v 0.000000 3.445224 0.000000
v 0.359384 3.376521 -0.000000
v 0.000000 3.376193 0.000000
v 0.339271 3.300805 0.000000
v 0.574261 3.102749 0.000000
v 0.570877 3.070418 0.226597
v 0.339271 3.300805 0.000000
v 0.570877 3.070418 0.226597
v 0.283553 3.359564 0.112550
v 0.283553 3.359564 0.112550
v 0.570877 3.070418 0.226597
v 0.321780 3.109056 0.383171
v 0.283553 3.359564 0.112550
v 0.321780 3.109056 0.383171
v 0.161182 3.309046 0.191934
v 0.161182 3.309046 0.191934
v 0.321780 3.109056 0.383171
v 0.000000 3.066547 0.431634
v 0.161182 3.309046 0.191934
v 0.000000 3.066547 0.431634
v 0.000000 3.361129 0.213463
v 0.000000 3.361129 0.213463
v 0.000000 3.066547 0.431634
v -0.317216 3.100312 0.377736
v 0.000000 3.361129 0.213463
v -0.317216 3.100312 0.377736
v -0.159154 3.290585 0.189518
v -0.159154 3.290585 0.189518
v -0.317216 3.100312 0.377736
v -0.535897 3.057845 0.212713
v -0.159154 3.290585 0.189518
v -0.535897 3.057845 0.212713
v -0.265398 3.349347 0.105344
v -0.265398 3.349347 0.105344
v -0.535897 3.057845 0.212713
v -0.605624 3.106620 0.000000
v -0.265398 3.349347 0.105344
v -0.605624 3.106620 0.000000
v -0.356197 3.298824 0.000000
v -0.356197 3.298824 0.000000
v -0.605624 3.106620 0.000000
v -0.510860 3.064113 -0.202775
v -0.356197 3.298824 0.000000
v -0.510860 3.064113 -0.202775
v -0.298195 3.351325 -0.118362
v -0.298195 3.351325 -0.118362
v -0.510860 3.064113 -0.202775
v -0.324726 3.087737 -0.386679
v -0.298195 3.351325 -0.118362
v -0.324726 3.087737 -0.386679
v -0.162776 3.386738 -0.193831
v -0.162776 3.386738 -0.193831
v -0.324726 3.087737 -0.386679
v -0.000000 3.136512 -0.435683
v -0.162776 3.386738 -0.193831
v -0.000000 3.136512 -0.435683
v -0.000000 3.339532 -0.215652
v -0.000000 3.339532 -0.215652
v -0.000000 3.136512 -0.435683
v 0.308701 3.094043 -0.367597
v -0.000000 3.339532 -0.215652
v 0.308701 3.094043 -0.367597
v 0.154522 3.394979 -0.184002
v 0.154522 3.394979 -0.184002
v 0.308701 3.094043 -0.367597
v 0.521151 3.132643 -0.206859
v 0.154522 3.394979 -0.184002
v 0.521151 3.132643 -0.206859
v 0.304464 3.341105 -0.120850
v 0.304464 3.341105 -0.120850
v 0.521151 3.132643 -0.206859
v 0.611513 3.085302 -0.000000
v 0.304464 3.341105 -0.120850
v 0.611513 3.085302 -0.000000
v 0.359384 3.376521 -0.000000
v 0.574261 3.102749 0.000000
v 0.792394 2.735702 0.000000
v 0.704110 2.710656 0.279481
v 0.574261 3.102749 0.000000
v 0.704110 2.710656 0.279481
v 0.570877 3.070418 0.226597
v 0.570877 3.070418 0.226597
v 0.704110 2.710656 0.279481
v 0.416857 2.733661 0.496387
v 0.570877 3.070418 0.226597
v 0.416857 2.733661 0.496387
v 0.321780 3.109056 0.383171
v 0.321780 3.109056 0.383171
v 0.416857 2.733661 0.496387
v 0.000000 2.711401 0.587251
v 0.321780 3.109056 0.383171
v 0.000000 2.711401 0.587251
v 0.000000 3.066547 0.431634
v 0.000000 3.066547 0.431634
v 0.000000 2.711401 0.587251
v -0.422134 2.737000 0.502671
v 0.000000 3.066547 0.431634
v -0.422134 2.737000 0.502671
v -0.317216 3.100312 0.377736
v -0.317216 3.100312 0.377736
v -0.422134 2.737000 0.502671
v -0.749064 2.717482 0.297325
v -0.317216 3.100312 0.377736
v -0.749064 2.717482 0.297325
v -0.535897 3.057845 0.212713
v -0.535897 3.057845 0.212713
v -0.749064 2.717482 0.297325
v -0.751251 2.734958 0.000000
v -0.535897 3.057845 0.212713
v -0.751251 2.734958 0.000000
v -0.605624 3.106620 0.000000
v -0.605624 3.106620 0.000000
v -0.751251 2.734958 0.000000
v -0.668324 2.712697 -0.265277
v -0.605624 3.106620 0.000000
v -0.668324 2.712697 -0.265277
v -0.510860 3.064113 -0.202775
v -0.510860 3.064113 -0.202775
v -0.668324 2.712697 -0.265277
v -0.412502 2.721883 -0.491201
v -0.510860 3.064113 -0.202775
v -0.412502 2.721883 -0.491201
v -0.324726 3.087737 -0.386679
v -0.324726 3.087737 -0.386679
v -0.412502 2.721883 -0.491201
v -0.000000 2.740729 -0.581250
v -0.324726 3.087737 -0.386679
v -0.000000 2.740729 -0.581250
v -0.000000 3.136512 -0.435683
v -0.000000 3.136512 -0.435683
v -0.000000 2.740729 -0.581250
v 0.433578 2.719841 -0.516298
v -0.000000 3.136512 -0.435683
v 0.433578 2.719841 -0.516298
v 0.308701 3.094043 -0.367597
v 0.308701 3.094043 -0.367597
v 0.433578 2.719841 -0.516298
v 0.655181 2.741470 -0.260060
v 0.308701 3.094043 -0.367597
v 0.655181 2.741470 -0.260060
v 0.521151 3.132643 -0.206859
v 0.521151 3.132643 -0.206859
v 0.655181 2.741470 -0.260060
v 0.742537 2.723179 -0.000000
v 0.521151 3.132643 -0.206859
v 0.742537 2.723179 -0.000000
v 0.611513 3.085302 -0.000000
v 0.792394 2.735702 0.000000
v 0.925259 2.294000 0.000000
v 0.705518 2.294000 0.280040
v 0.792394 2.735702 0.000000
v 0.705518 2.294000 0.280040
v 0.704110 2.710656 0.279481
v 0.704110 2.710656 0.279481
v 0.705518 2.294000 0.280040
v 0.413901 2.294000 0.492868
v 0.704110 2.710656 0.279481
v 0.413901 2.294000 0.492868
v 0.416857 2.733661 0.496387
v 0.416857 2.733661 0.496387
v 0.413901 2.294000 0.492868
v 0.000000 2.294000 0.590520
v 0.416857 2.733661 0.496387
v 0.000000 2.294000 0.590520
v 0.000000 2.711401 0.587251
v 0.000000 2.711401 0.587251
v 0.000000 2.294000 0.590520
v -0.418738 2.294000 0.498627
v 0.000000 2.711401 0.587251
v -0.418738 2.294000 0.498627
v -0.422134 2.737000 0.502671
v -0.422134 2.737000 0.502671
v -0.418738 2.294000 0.498627
v -0.752029 2.294000 0.298501
v -0.422134 2.737000 0.502671
v -0.752029 2.294000 0.298501
v -0.749064 2.717482 0.297325
v -0.749064 2.717482 0.297325
v -0.752029 2.294000 0.298501
v -0.880986 2.294000 0.000000
v -0.749064 2.717482 0.297325
v -0.880986 2.294000 0.000000
v -0.751251 2.734958 0.000000
v -0.751251 2.734958 0.000000
v -0.880986 2.294000 0.000000
v -0.789922 2.294000 -0.313542
v -0.751251 2.734958 0.000000
v -0.789922 2.294000 -0.313542
v -0.668324 2.712697 -0.265277
v -0.668324 2.712697 -0.265277
v -0.789922 2.294000 -0.313542
v -0.409186 2.294000 -0.487252
v -0.668324 2.712697 -0.265277
v -0.409186 2.294000 -0.487252
v -0.412502 2.721883 -0.491201
v -0.412502 2.721883 -0.491201
v -0.409186 2.294000 -0.487252
v -0.000000 2.294000 -0.584040
v -0.412502 2.721883 -0.491201
v -0.000000 2.294000 -0.584040
v -0.000000 2.740729 -0.581250
v -0.000000 2.740729 -0.581250
v -0.000000 2.294000 -0.584040
v 0.431044 2.294000 -0.513281
v -0.000000 2.740729 -0.581250
v 0.431044 2.294000 -0.513281
v 0.433578 2.719841 -0.516298
v 0.433578 2.719841 -0.516298
v 0.431044 2.294000 -0.513281
v 0.773380 2.294000 -0.306977
v 0.433578 2.719841 -0.516298
v 0.773380 2.294000 -0.306977
v 0.655181 2.741470 -0.260060
v 0.655181 2.741470 -0.260060
v 0.773380 2.294000 -0.306977
v 0.871555 2.294000 -0.000000
v 0.655181 2.741470 -0.260060
v 0.871555 2.294000 -0.000000
v 0.742537 2.723179 -0.000000
v 0.925259 2.294000 0.000000
v 0.790263 1.849725 0.000000
v 0.709509 1.880257 0.281624
v 0.925259 2.294000 0.000000
v 0.709509 1.880257 0.281624
v 0.705518 2.294000 0.280040
v 0.705518 2.294000 0.280040
v 0.709509 1.880257 0.281624
v 0.415743 1.857253 0.495060
v 0.705518 2.294000 0.280040
v 0.415743 1.857253 0.495060
v 0.413901 2.294000 0.492868
v 0.413901 2.294000 0.492868
v 0.415743 1.857253 0.495060
v 0.000000 1.879513 0.591425
v 0.413901 2.294000 0.492868
v 0.000000 1.879513 0.591425
v 0.000000 2.294000 0.590520
v 0.000000 2.294000 0.590520
v 0.000000 1.879513 0.591425
v -0.419146 1.853914 0.499113
v 0.000000 2.294000 0.590520
v -0.419146 1.853914 0.499113
v -0.418738 2.294000 0.498627
v -0.418738 2.294000 0.498627
v -0.419146 1.853914 0.499113
v -0.750771 1.873432 0.298002
v -0.418738 2.294000 0.498627
v -0.750771 1.873432 0.298002
v -0.752029 2.294000 0.298501
v -0.752029 2.294000 0.298501
v -0.750771 1.873432 0.298002
v -0.749280 1.850469 0.000000
v -0.752029 2.294000 0.298501
v -0.749280 1.850469 0.000000
v -0.880986 2.294000 0.000000
v -0.880986 2.294000 0.000000
v -0.749280 1.850469 0.000000
v -0.673805 1.872730 -0.267452
v -0.880986 2.294000 0.000000
v -0.673805 1.872730 -0.267452
v -0.789922 2.294000 -0.313542
v -0.789922 2.294000 -0.313542
v -0.673805 1.872730 -0.267452
v -0.411388 1.869034 -0.489875
v -0.789922 2.294000 -0.313542
v -0.411388 1.869034 -0.489875
v -0.409186 2.294000 -0.487252
v -0.409186 2.294000 -0.487252
v -0.411388 1.869034 -0.489875
v -0.000000 1.844700 -0.585425
v -0.409186 2.294000 -0.487252
v -0.000000 1.844700 -0.585425
v -0.000000 2.294000 -0.584040
v -0.000000 2.294000 -0.584040
v -0.000000 1.844700 -0.585425
v 0.432577 1.865588 -0.515106
v -0.000000 2.294000 -0.584040
v 0.432577 1.865588 -0.515106
v 0.431044 2.294000 -0.513281
v 0.431044 2.294000 -0.513281
v 0.432577 1.865588 -0.515106
v 0.660358 1.843956 -0.262115
v 0.431044 2.294000 -0.513281
v 0.660358 1.843956 -0.262115
v 0.773380 2.294000 -0.306977
v 0.773380 2.294000 -0.306977
v 0.660358 1.843956 -0.262115
v 0.740566 1.861908 -0.000000
v 0.773380 2.294000 -0.306977
v 0.740566 1.861908 -0.000000
v 0.871555 2.294000 -0.000000
v 0.790263 1.849725 0.000000
v 0.665232 1.516017 0.000000
v 0.492095 1.486260 0.195326
v 0.790263 1.849725 0.000000
v 0.492095 1.486260 0.195326
v 0.709509 1.880257 0.281624
v 0.709509 1.880257 0.281624
v 0.492095 1.486260 0.195326
v 0.291919 1.529928 0.347613
v 0.709509 1.880257 0.281624
v 0.291919 1.529928 0.347613
v 0.415743 1.857253 0.495060
v 0.415743 1.857253 0.495060
v 0.291919 1.529928 0.347613
v 0.000000 1.489954 0.420788
v 0.415743 1.857253 0.495060
v 0.000000 1.489954 0.420788
v 0.000000 1.879513 0.591425
v 0.000000 1.879513 0.591425
v 0.000000 1.489954 0.420788
v -0.299984 1.518372 0.357217
v 0.000000 1.879513 0.591425
v -0.299984 1.518372 0.357217
v -0.419146 1.853914 0.499113
v -0.419146 1.853914 0.499113
v -0.299984 1.518372 0.357217
v -0.522242 1.478401 0.207293
v -0.419146 1.853914 0.499113
v -0.522242 1.478401 0.207293
v -0.750771 1.873432 0.298002
v -0.750771 1.873432 0.298002
v -0.522242 1.478401 0.207293
v -0.621398 1.512007 0.000000
v -0.750771 1.873432 0.298002
v -0.621398 1.512007 0.000000
v -0.749280 1.850469 0.000000
v -0.749280 1.850469 0.000000
v -0.621398 1.512007 0.000000
v -0.562582 1.472352 -0.223305
v -0.749280 1.850469 0.000000
v -0.562582 1.472352 -0.223305
v -0.673805 1.872730 -0.267452
v -0.673805 1.872730 -0.267452
v -0.562582 1.472352 -0.223305
v -0.294862 1.470269 -0.351117
v -0.673805 1.872730 -0.267452
v -0.294862 1.470269 -0.351117
v -0.411388 1.869034 -0.489875
v -0.411388 1.869034 -0.489875
v -0.294862 1.470269 -0.351117
v -0.000000 1.501342 -0.407571
v -0.411388 1.869034 -0.489875
v -0.000000 1.501342 -0.407571
v -0.000000 1.844700 -0.585425
v -0.000000 1.844700 -0.585425
v -0.000000 1.501342 -0.407571
v 0.304031 1.463902 -0.362035
v -0.000000 1.844700 -0.585425
v 0.304031 1.463902 -0.362035
v 0.432577 1.865588 -0.515106
v 0.432577 1.865588 -0.515106
v 0.304031 1.463902 -0.362035
v 0.550997 1.505042 -0.218706
v 0.432577 1.865588 -0.515106
v 0.550997 1.505042 -0.218706
v 0.660358 1.843956 -0.262115
v 0.660358 1.843956 -0.262115
v 0.550997 1.505042 -0.218706
v 0.627282 1.452983 -0.000000
v 0.660358 1.843956 -0.262115
v 0.627282 1.452983 -0.000000
v 0.740566 1.861908 -0.000000
v 0.665232 1.516017 0.000000
v 0.330037 1.267497 0.000000
v 0.290078 1.195466 0.115140
v 0.665232 1.516017 0.000000
v 0.290078 1.195466 0.115140
v 0.492095 1.486260 0.195326
v 0.492095 1.486260 0.195326
v 0.290078 1.195466 0.115140
v 0.170047 1.246140 0.202490
v 0.492095 1.486260 0.195326
v 0.170047 1.246140 0.202490
v 0.291919 1.529928 0.347613
v 0.291919 1.529928 0.347613
v 0.170047 1.246140 0.202490
v 0.000000 1.193927 0.246685
v 0.291919 1.529928 0.347613
v 0.000000 1.193927 0.246685
v 0.000000 1.489954 0.420788
v 0.000000 1.489954 0.420788
v 0.000000 1.193927 0.246685
v -0.175670 1.264110 0.209185
v 0.000000 1.489954 0.420788
v -0.175670 1.264110 0.209185
v -0.299984 1.518372 0.357217
v -0.299984 1.518372 0.357217
v -0.175670 1.264110 0.209185
v -0.308722 1.205322 0.122540
v -0.299984 1.518372 0.357217
v -0.308722 1.205322 0.122540
v -0.522242 1.478401 0.207293
v -0.522242 1.478401 0.207293
v -0.308722 1.205322 0.122540
v -0.306174 1.269037 0.000000
v -0.522242 1.478401 0.207293
v -0.306174 1.269037 0.000000
v -0.621398 1.512007 0.000000
v -0.621398 1.512007 0.000000
v -0.306174 1.269037 0.000000
v -0.281369 1.217028 -0.111683
v -0.621398 1.512007 0.000000
v -0.281369 1.217028 -0.111683
v -0.562582 1.472352 -0.223305
v -0.562582 1.472352 -0.223305
v -0.281369 1.217028 -0.111683
v -0.171639 1.220985 -0.204385
v -0.562582 1.472352 -0.223305
v -0.171639 1.220985 -0.204385
v -0.294862 1.470269 -0.351117
v -0.294862 1.470269 -0.351117
v -0.171639 1.220985 -0.204385
v -0.000000 1.281387 -0.239529
v -0.294862 1.470269 -0.351117
v -0.000000 1.281387 -0.239529
v -0.000000 1.501342 -0.407571
v -0.000000 1.501342 -0.407571
v -0.000000 1.281387 -0.239529
v 0.177092 1.225914 -0.210879
v -0.000000 1.501342 -0.407571
v 0.177092 1.225914 -0.210879
v 0.304031 1.463902 -0.362035
v 0.304031 1.463902 -0.362035
v 0.177092 1.225914 -0.210879
v 0.275858 1.279871 -0.109496
v 0.304031 1.463902 -0.362035
v 0.275858 1.279871 -0.109496
v 0.550997 1.505042 -0.218706
v 0.550997 1.505042 -0.218706
v 0.275858 1.279871 -0.109496
v 0.309359 1.244708 -0.000000
v 0.550997 1.505042 -0.218706
v 0.309359 1.244708 -0.000000
v 0.627282 1.452983 -0.000000
v 0.330037 1.267497 0.000000
v 0.000000 1.156995 0.000000
v 0.000000 1.188335 0.000000
v 0.330037 1.267497 0.000000
v 0.000000 1.188335 0.000000
v 0.290078 1.195466 0.115140
v 0.290078 1.195466 0.115140
v 0.000000 1.188335 0.000000
v 0.000000 1.133766 0.000000
v 0.290078 1.195466 0.115140
v 0.000000 1.133766 0.000000
v 0.170047 1.246140 0.202490
v 0.170047 1.246140 0.202490
v 0.000000 1.133766 0.000000
v 0.000000 1.193839 0.000000
v 0.170047 1.246140 0.202490
v 0.000000 1.193839 0.000000
v 0.000000 1.193927 0.246685
v 0.000000 1.193927 0.246685
v 0.000000 1.193839 0.000000
v -0.000000 1.146044 0.000000
v 0.000000 1.193927 0.246685
v -0.000000 1.146044 0.000000
v -0.175670 1.264110 0.209185
v -0.175670 1.264110 0.209185
v -0.000000 1.146044 0.000000
v -0.000000 1.206175 0.000000
v -0.175670 1.264110 0.209185
v -0.000000 1.206175 0.000000
v -0.308722 1.205322 0.122540
v -0.308722 1.205322 0.122540
v -0.000000 1.206175 0.000000
v -0.000000 1.151491 0.000000
v -0.308722 1.205322 0.122540
v -0.000000 1.151491 0.000000
v -0.306174 1.269037 0.000000
v -0.306174 1.269037 0.000000
v -0.000000 1.151491 0.000000
v -0.000000 1.211567 -0.000000
v -0.306174 1.269037 0.000000
v -0.000000 1.211567 -0.000000
v -0.281369 1.217028 -0.111683
v -0.281369 1.217028 -0.111683
v -0.000000 1.211567 -0.000000
v -0.000000 1.163879 -0.000000
v -0.281369 1.217028 -0.111683
v -0.000000 1.163879 -0.000000
v -0.171639 1.220985 -0.204385
v -0.171639 1.220985 -0.204385
v -0.000000 1.163879 -0.000000
v -0.000000 1.109198 -0.000000
v -0.171639 1.220985 -0.204385
v -0.000000 1.109198 -0.000000
v -0.000000 1.281387 -0.239529
v -0.000000 1.281387 -0.239529
v -0.000000 1.109198 -0.000000
v 0.000000 1.169325 -0.000000
v -0.000000 1.281387 -0.239529
v 0.000000 1.169325 -0.000000
v 0.177092 1.225914 -0.210879
v 0.177092 1.225914 -0.210879
v 0.000000 1.169325 -0.000000
v 0.000000 1.114703 -0.000000
v 0.177092 1.225914 -0.210879
v 0.000000 1.114703 -0.000000
v 0.275858 1.279871 -0.109496
v 0.275858 1.279871 -0.109496
v 0.000000 1.114703 -0.000000
v 0.000000 1.182502 -0.000000
v 0.275858 1.279871 -0.109496
v 0.000000 1.182502 -0.000000
v 0.309359 1.244708 -0.000000
v 0.000000 4.175498 -0.037000
v 0.272129 4.074101 -0.037000
v 0.232164 4.108087 0.082931
v 0.000000 4.175498 -0.037000
v 0.232164 4.108087 0.082931
v 0.000000 4.142010 -0.037000
v 0.000000 4.142010 -0.037000
v 0.232164 4.108087 0.082931
v 0.140219 4.071225 0.180301
v 0.000000 4.142010 -0.037000
v 0.140219 4.071225 0.180301
v 0.000000 4.180793 -0.037000
v 0.000000 4.180793 -0.037000
v 0.140219 4.071225 0.180301
v 0.000000 4.105272 0.210050
v 0.000000 4.180793 -0.037000
v 0.000000 4.105272 0.210050
v 0.000000 4.142841 -0.037000
v 0.000000 4.142841 -0.037000
v 0.000000 4.105272 0.210050
v -0.128094 4.084394 0.161512
v 0.000000 4.142841 -0.037000
v -0.128094 4.084394 0.161512
v 0.000000 4.181935 -0.037000
v 0.000000 4.181935 -0.037000
v -0.128094 4.084394 0.161512
v -0.218415 4.118440 0.075828
v 0.000000 4.181935 -0.037000
v -0.218415 4.118440 0.075828
v 0.000000 4.148376 -0.037000
v 0.000000 4.148376 -0.037000
v -0.218415 4.118440 0.075828
v -0.264225 4.081338 -0.037000
v 0.000000 4.148376 -0.037000
v -0.264225 4.081338 -0.037000
v 0.000000 4.187436 -0.037000
v 0.000000 4.187436 -0.037000
v -0.264225 4.081338 -0.037000
v -0.225319 4.115308 -0.153395
v 0.000000 4.187436 -0.037000
v -0.225319 4.115308 -0.153395
v 0.000000 4.149554 -0.037000
v 0.000000 4.149554 -0.037000
v -0.225319 4.115308 -0.153395
v -0.130283 4.102424 -0.238903
v 0.000000 4.149554 -0.037000
v -0.130283 4.102424 -0.238903
v 0.000000 4.166263 -0.037000
v 0.000000 4.166263 -0.037000
v -0.130283 4.102424 -0.238903
v -0.000000 4.120171 -0.266569
v 0.000000 4.166263 -0.037000
v -0.000000 4.120171 -0.266569
v 0.000000 4.128379 -0.037000
v 0.000000 4.128379 -0.037000
v -0.000000 4.120171 -0.266569
v 0.139681 4.099547 -0.253467
v 0.000000 4.128379 -0.037000
v 0.139681 4.099547 -0.253467
v 0.000000 4.167713 -0.037000
v 0.000000 4.167713 -0.037000
v 0.139681 4.099547 -0.253467
v 0.229089 4.133340 -0.155342
v 0.000000 4.167713 -0.037000
v 0.229089 4.133340 -0.155342
v 0.000000 4.129486 -0.037000
v 0.000000 4.129486 -0.037000
v 0.229089 4.133340 -0.155342
v 0.245277 4.096475 -0.037000
v 0.000000 4.129486 -0.037000
v 0.245277 4.096475 -0.037000
v 0.000000 4.168856 -0.037000
v 0.272129 4.074101 -0.037000
v 0.447920 3.950125 -0.037000
v 0.398643 3.976153 0.168929
v 0.272129 4.074101 -0.037000
v 0.398643 3.976153 0.168929
v 0.232164 4.108087 0.082931
v 0.232164 4.108087 0.082931
v 0.398643 3.976153 0.168929
v 0.236136 3.947860 0.328947
v 0.232164 4.108087 0.082931
v 0.236136 3.947860 0.328947
v 0.140219 4.071225 0.180301
v 0.140219 4.071225 0.180301
v 0.236136 3.947860 0.328947
v 0.000000 3.970783 0.397186
v 0.140219 4.071225 0.180301
v 0.000000 3.970783 0.397186
v 0.000000 4.105272 0.210050
v 0.000000 4.105272 0.210050
v 0.000000 3.970783 0.397186
v -0.258549 3.942490 0.363682
v 0.000000 4.105272 0.210050
v -0.258549 3.942490 0.363682
v -0.128094 4.084394 0.161512
v -0.128094 4.084394 0.161512
v -0.258549 3.942490 0.363682
v -0.424099 3.968423 0.182080
v -0.128094 4.084394 0.161512
v -0.424099 3.968423 0.182080
v -0.218415 4.118440 0.075828
v -0.218415 4.118440 0.075828
v -0.424099 3.968423 0.182080
v -0.462519 3.940123 -0.037000
v -0.218415 4.118440 0.075828
v -0.462519 3.940123 -0.037000
v -0.264225 4.081338 -0.037000
v -0.264225 4.081338 -0.037000
v -0.462519 3.940123 -0.037000
v -0.445726 3.969270 -0.267252
v -0.264225 4.081338 -0.037000
v -0.445726 3.969270 -0.267252
v -0.225319 4.115308 -0.153395
v -0.225319 4.115308 -0.153395
v -0.445726 3.969270 -0.267252
v -0.258243 3.931411 -0.437207
v -0.225319 4.115308 -0.153395
v -0.258243 3.931411 -0.437207
v -0.130283 4.102424 -0.238903
v -0.130283 4.102424 -0.238903
v -0.258243 3.931411 -0.437207
v -0.000000 3.960548 -0.501283
v -0.130283 4.102424 -0.238903
v -0.000000 3.960548 -0.501283
v -0.000000 4.120171 -0.266569
v -0.000000 4.120171 -0.266569
v -0.000000 3.960548 -0.501283
v 0.240889 3.932255 -0.410313
v -0.000000 4.120171 -0.266569
v 0.240889 3.932255 -0.410313
v 0.139681 4.099547 -0.253467
v 0.139681 4.099547 -0.253467
v 0.240889 3.932255 -0.410313
v 0.402118 3.955081 -0.244725
v 0.139681 4.099547 -0.253467
v 0.402118 3.955081 -0.244725
v 0.229089 4.133340 -0.155342
v 0.229089 4.133340 -0.155342
v 0.402118 3.955081 -0.244725
v 0.497413 3.926787 -0.037000
v 0.229089 4.133340 -0.155342
v 0.497413 3.926787 -0.037000
v 0.245277 4.096475 -0.037000
v 0.447920 3.950125 -0.037000
v 0.639051 3.719156 -0.037000
v 0.567535 3.733243 0.256176
v 0.447920 3.950125 -0.037000
v 0.567535 3.733243 0.256176
v 0.398643 3.976153 0.168929
v 0.398643 3.976153 0.168929
v 0.567535 3.733243 0.256176
v 0.336088 3.721288 0.483846
v 0.398643 3.976153 0.168929
v 0.336088 3.721288 0.483846
v 0.236136 3.947860 0.328947
v 0.236136 3.947860 0.328947
v 0.336088 3.721288 0.483846
v 0.000000 3.735348 0.578286
v 0.236136 3.947860 0.328947
v 0.000000 3.735348 0.578286
v 0.000000 3.970783 0.397186
v 0.000000 3.970783 0.397186
v 0.000000 3.735348 0.578286
v -0.313301 3.723406 0.448532
v 0.000000 3.970783 0.397186
v -0.313301 3.723406 0.448532
v -0.258549 3.942490 0.363682
v -0.258549 3.942490 0.363682
v -0.313301 3.723406 0.448532
v -0.511776 3.737466 0.227371
v -0.258549 3.942490 0.363682
v -0.511776 3.737466 0.227371
v -0.424099 3.968423 0.182080
v -0.424099 3.968423 0.182080
v -0.511776 3.737466 0.227371
v -0.658939 3.725511 -0.037000
v -0.424099 3.968423 0.182080
v -0.658939 3.725511 -0.037000
v -0.462519 3.940123 -0.037000
v -0.462519 3.940123 -0.037000
v -0.658939 3.725511 -0.037000
v -0.539760 3.736236 -0.315827
v -0.462519 3.940123 -0.037000
v -0.539760 3.736236 -0.315827
v -0.445726 3.969270 -0.267252
v -0.445726 3.969270 -0.267252
v -0.539760 3.736236 -0.315827
v -0.310451 3.717408 -0.518115
v -0.445726 3.969270 -0.267252
v -0.310451 3.717408 -0.518115
v -0.258243 3.931411 -0.437207
v -0.258243 3.931411 -0.437207
v -0.310451 3.717408 -0.518115
v -0.000000 3.728132 -0.595533
v -0.258243 3.931411 -0.437207
v -0.000000 3.728132 -0.595533
v -0.000000 3.960548 -0.501283
v -0.000000 3.960548 -0.501283
v -0.000000 3.728132 -0.595533
v 0.339623 3.716177 -0.563323
v -0.000000 3.960548 -0.501283
v 0.339623 3.716177 -0.563323
v 0.240889 3.932255 -0.410313
v 0.240889 3.932255 -0.410313
v 0.339623 3.716177 -0.563323
v 0.568614 3.730237 -0.330733
v 0.240889 3.932255 -0.410313
v 0.568614 3.730237 -0.330733
v 0.402118 3.955081 -0.244725
v 0.402118 3.955081 -0.244725
v 0.568614 3.730237 -0.330733
v 0.600358 3.718296 -0.037000
v 0.402118 3.955081 -0.244725
v 0.600358 3.718296 -0.037000
v 0.497413 3.926787 -0.037000
v 0.639051 3.719156 -0.037000
v 0.642174 3.459500 -0.037000
v 0.571388 3.459500 0.258166
v 0.639051 3.719156 -0.037000
v 0.571388 3.459500 0.258166
v 0.567535 3.733243 0.256176
v 0.567535 3.733243 0.256176
v 0.571388 3.459500 0.258166
v 0.331317 3.459500 0.476452
v 0.567535 3.733243 0.256176
v 0.331317 3.459500 0.476452
v 0.336088 3.721288 0.483846
v 0.336088 3.721288 0.483846
v 0.331317 3.459500 0.476452
v 0.000000 3.459500 0.572276
v 0.336088 3.721288 0.483846
v 0.000000 3.459500 0.572276
v 0.000000 3.735348 0.578286
v 0.000000 3.735348 0.578286
v 0.000000 3.459500 0.572276
v -0.370031 3.459500 0.536448
v 0.000000 3.735348 0.578286
v -0.370031 3.459500 0.536448
v -0.313301 3.723406 0.448532
v -0.313301 3.723406 0.448532
v -0.370031 3.459500 0.536448
v -0.607317 3.459500 0.276726
v -0.313301 3.723406 0.448532
v -0.607317 3.459500 0.276726
v -0.511776 3.737466 0.227371
v -0.511776 3.737466 0.227371
v -0.607317 3.459500 0.276726
v -0.648760 3.459500 -0.037000
v -0.511776 3.737466 0.227371
v -0.648760 3.459500 -0.037000
v -0.658939 3.725511 -0.037000
v -0.658939 3.725511 -0.037000
v -0.648760 3.459500 -0.037000
v -0.625798 3.459500 -0.360272
v -0.658939 3.725511 -0.037000
v -0.625798 3.459500 -0.360272
v -0.539760 3.736236 -0.315827
v -0.539760 3.736236 -0.315827
v -0.625798 3.459500 -0.360272
v -0.360796 3.459500 -0.596137
v -0.539760 3.736236 -0.315827
v -0.360796 3.459500 -0.596137
v -0.310451 3.717408 -0.518115
v -0.310451 3.717408 -0.518115
v -0.360796 3.459500 -0.596137
v -0.000000 3.459500 -0.698252
v -0.310451 3.717408 -0.518115
v -0.000000 3.459500 -0.698252
v -0.000000 3.728132 -0.595533
v -0.000000 3.728132 -0.595533
v -0.000000 3.459500 -0.698252
v 0.343271 3.459500 -0.568977
v -0.000000 3.728132 -0.595533
v 0.343271 3.459500 -0.568977
v 0.339623 3.716177 -0.563323
v 0.339623 3.716177 -0.563323
v 0.343271 3.459500 -0.568977
v 0.561154 3.459500 -0.326879
v 0.339623 3.716177 -0.563323
v 0.561154 3.459500 -0.326879
v 0.568614 3.730237 -0.330733
v 0.568614 3.730237 -0.330733
v 0.561154 3.459500 -0.326879
v 0.712332 3.459500 -0.037000
v 0.568614 3.730237 -0.330733
v 0.712332 3.459500 -0.037000
v 0.600358 3.718296 -0.037000
v 0.642174 3.459500 -0.037000
v 0.647715 3.191506 -0.037000
v 0.569347 3.205584 0.257111
v 0.642174 3.459500 -0.037000
v 0.569347 3.205584 0.257111
v 0.571388 3.459500 0.258166
v 0.571388 3.459500 0.258166
v 0.569347 3.205584 0.257111
v 0.333278 3.190315 0.479490
v 0.571388 3.459500 0.258166
v 0.333278 3.190315 0.479490
v 0.331317 3.459500 0.476452
v 0.331317 3.459500 0.476452
v 0.333278 3.190315 0.479490
v 0.000000 3.204391 0.568809
v 0.331317 3.459500 0.476452
v 0.000000 3.204391 0.568809
v 0.000000 3.459500 0.572276
v 0.000000 3.459500 0.572276
v 0.000000 3.204391 0.568809
v -0.317125 3.189018 0.454459
v 0.000000 3.459500 0.572276
v -0.317125 3.189018 0.454459
v -0.370031 3.459500 0.536448
v -0.370031 3.459500 0.536448
v -0.317125 3.189018 0.454459
v -0.512601 3.203147 0.227798
v -0.370031 3.459500 0.536448
v -0.512601 3.203147 0.227798
v -0.607317 3.459500 0.276726
v -0.607317 3.459500 0.276726
v -0.512601 3.203147 0.227798
v -0.653801 3.187776 -0.037000
v -0.607317 3.459500 0.276726
v -0.653801 3.187776 -0.037000
v -0.648760 3.459500 -0.037000
v -0.648760 3.459500 -0.037000
v -0.653801 3.187776 -0.037000
v -0.529620 3.201847 -0.310589
v -0.648760 3.459500 -0.037000
v -0.529620 3.201847 -0.310589
v -0.625798 3.459500 -0.360272
v -0.625798 3.459500 -0.360272
v -0.529620 3.201847 -0.310589
v -0.306169 3.183033 -0.511480
v -0.625798 3.459500 -0.360272
v -0.306169 3.183033 -0.511480
v -0.360796 3.459500 -0.596137
v -0.360796 3.459500 -0.596137
v -0.306169 3.183033 -0.511480
v -0.000000 3.197110 -0.605100
v -0.360796 3.459500 -0.596137
v -0.000000 3.197110 -0.605100
v -0.000000 3.459500 -0.698252
v -0.000000 3.459500 -0.698252
v -0.000000 3.197110 -0.605100
v 0.341926 3.181841 -0.566892
v -0.000000 3.459500 -0.698252
v 0.341926 3.181841 -0.566892
v 0.343271 3.459500 -0.568977
v 0.343271 3.459500 -0.568977
v 0.341926 3.181841 -0.566892
v 0.566890 3.195865 -0.329842
v 0.343271 3.459500 -0.568977
v 0.566890 3.195865 -0.329842
v 0.561154 3.459500 -0.326879
v 0.561154 3.459500 -0.326879
v 0.566890 3.195865 -0.329842
v 0.608515 3.180597 -0.037000
v 0.561154 3.459500 -0.326879
v 0.608515 3.180597 -0.037000
v 0.712332 3.459500 -0.037000
v 0.647715 3.191506 -0.037000
v 0.480281 2.950299 -0.037000
v 0.405152 2.976328 0.172292
v 0.647715 3.191506 -0.037000
v 0.405152 2.976328 0.172292
v 0.569347 3.205584 0.257111
v 0.569347 3.205584 0.257111
v 0.405152 2.976328 0.172292
v 0.232440 2.954333 0.323219
v 0.569347 3.205584 0.257111
v 0.232440 2.954333 0.323219
v 0.333278 3.190315 0.479490
v 0.333278 3.190315 0.479490
v 0.232440 2.954333 0.323219
v 0.000000 2.977256 0.368222
v 0.333278 3.190315 0.479490
v 0.000000 2.977256 0.368222
v 0.000000 3.204391 0.568809
v 0.000000 3.204391 0.568809
v 0.000000 2.977256 0.368222
v -0.244852 2.942665 0.342454
v 0.000000 3.204391 0.568809
v -0.244852 2.942665 0.342454
v -0.317125 3.189018 0.454459
v -0.317125 3.189018 0.454459
v -0.244852 2.942665 0.342454
v -0.447819 2.968695 0.194333
v -0.317125 3.189018 0.454459
v -0.447819 2.968695 0.194333
v -0.512601 3.203147 0.227798
v -0.512601 3.203147 0.227798
v -0.447819 2.968695 0.194333
v -0.475001 2.946508 -0.037000
v -0.512601 3.203147 0.227798
v -0.475001 2.946508 -0.037000
v -0.653801 3.187776 -0.037000
v -0.653801 3.187776 -0.037000
v -0.475001 2.946508 -0.037000
v -0.435020 2.969429 -0.261721
v -0.653801 3.187776 -0.037000
v -0.435020 2.969429 -0.261721
v -0.529620 3.201847 -0.310589
v -0.529620 3.201847 -0.310589
v -0.435020 2.969429 -0.261721
v -0.252003 2.956438 -0.427537
v -0.529620 3.201847 -0.310589
v -0.252003 2.956438 -0.427537
v -0.306169 3.183033 -0.511480
v -0.306169 3.183033 -0.511480
v -0.252003 2.956438 -0.427537
v -0.000000 2.991788 -0.476876
v -0.306169 3.183033 -0.511480
v -0.000000 2.991788 -0.476876
v -0.000000 3.197110 -0.605100
v -0.000000 3.197110 -0.605100
v -0.000000 2.991788 -0.476876
v 0.224765 2.957366 -0.385325
v -0.000000 3.197110 -0.605100
v 0.224765 2.957366 -0.385325
v 0.341926 3.181841 -0.566892
v 0.341926 3.181841 -0.566892
v 0.224765 2.957366 -0.385325
v 0.412961 2.980095 -0.250326
v 0.341926 3.181841 -0.566892
v 0.412961 2.980095 -0.250326
v 0.566890 3.195865 -0.329842
v 0.566890 3.195865 -0.329842
v 0.412961 2.980095 -0.250326
v 0.509934 2.958127 -0.037000
v 0.566890 3.195865 -0.329842
v 0.509934 2.958127 -0.037000
v 0.608515 3.180597 -0.037000
v 0.480281 2.950299 -0.037000
v 0.282471 2.832972 -0.037000
v 0.238786 2.802031 0.086351
v 0.480281 2.950299 -0.037000
v 0.238786 2.802031 0.086351
v 0.405152 2.976328 0.172292
v 0.405152 2.976328 0.172292
v 0.238786 2.802031 0.086351
v 0.137065 2.837879 0.175414
v 0.405152 2.976328 0.172292
v 0.137065 2.837879 0.175414
v 0.232440 2.954333 0.323219
v 0.232440 2.954333 0.323219
v 0.137065 2.837879 0.175414
v 0.000000 2.806876 0.202456
v 0.232440 2.954333 0.323219
v 0.000000 2.806876 0.202456
v 0.000000 2.977256 0.368222
v 0.000000 2.977256 0.368222
v 0.000000 2.806876 0.202456
v -0.122250 2.842977 0.152454
v 0.000000 2.977256 0.368222
v -0.122250 2.842977 0.152454
v -0.244852 2.942665 0.342454
v -0.244852 2.942665 0.342454
v -0.122250 2.842977 0.152454
v -0.224605 2.811974 0.079026
v -0.244852 2.942665 0.342454
v -0.224605 2.811974 0.079026
v -0.447819 2.968695 0.194333
v -0.447819 2.968695 0.194333
v -0.224605 2.811974 0.079026
v -0.279614 2.848066 -0.037000
v -0.447819 2.968695 0.194333
v -0.279614 2.848066 -0.037000
v -0.475001 2.946508 -0.037000
v -0.475001 2.946508 -0.037000
v -0.279614 2.848066 -0.037000
v -0.217673 2.809022 -0.149445
v -0.475001 2.946508 -0.037000
v -0.217673 2.809022 -0.149445
v -0.435020 2.969429 -0.261721
v -0.435020 2.969429 -0.261721
v -0.217673 2.809022 -0.149445
v -0.125111 2.828501 -0.230889
v -0.435020 2.969429 -0.261721
v -0.125111 2.828501 -0.230889
v -0.252003 2.956438 -0.427537
v -0.252003 2.956438 -0.427537
v -0.125111 2.828501 -0.230889
v -0.000000 2.789444 -0.254907
v -0.252003 2.956438 -0.427537
v -0.000000 2.789444 -0.254907
v -0.000000 2.991788 -0.476876
v -0.000000 2.991788 -0.476876
v -0.000000 2.789444 -0.254907
v 0.131902 2.825798 -0.241412
v -0.000000 2.991788 -0.476876
v 0.131902 2.825798 -0.241412
v 0.224765 2.957366 -0.385325
v 0.224765 2.957366 -0.385325
v 0.131902 2.825798 -0.241412
v 0.241252 2.794542 -0.161625
v 0.224765 2.957366 -0.385325
v 0.241252 2.794542 -0.161625
v 0.412961 2.980095 -0.250326
v 0.412961 2.980095 -0.250326
v 0.241252 2.794542 -0.161625
v 0.255454 2.830895 -0.037000
v 0.412961 2.980095 -0.250326
v 0.255454 2.830895 -0.037000
v 0.509934 2.958127 -0.037000
v 0.282471 2.832972 -0.037000
v 0.000000 2.760898 -0.037000
v 0.000000 2.794423 -0.037000
v 0.282471 2.832972 -0.037000
v 0.000000 2.794423 -0.037000
v 0.238786 2.802031 0.086351
v 0.238786 2.802031 0.086351
v 0.000000 2.794423 -0.037000
v 0.000000 2.755484 -0.037000
v 0.238786 2.802031 0.086351
v 0.000000 2.755484 -0.037000
v 0.137065 2.837879 0.175414
v 0.137065 2.837879 0.175414
v 0.000000 2.755484 -0.037000
v 0.000000 2.793332 -0.037000
v 0.137065 2.837879 0.175414
v 0.000000 2.793332 -0.037000
v 0.000000 2.806876 0.202456
v 0.000000 2.806876 0.202456
v 0.000000 2.793332 -0.037000
v -0.000000 2.754429 -0.037000
v 0.000000 2.806876 0.202456
v -0.000000 2.754429 -0.037000
v -0.122250 2.842977 0.152454
v -0.122250 2.842977 0.152454
v -0.000000 2.754429 -0.037000
v -0.000000 2.787883 -0.037000
v -0.122250 2.842977 0.152454
v -0.000000 2.787883 -0.037000
v -0.224605 2.811974 0.079026
v -0.224605 2.811974 0.079026
v -0.000000 2.787883 -0.037000
v -0.000000 2.748955 -0.037000
v -0.224605 2.811974 0.079026
v -0.000000 2.748955 -0.037000
v -0.279614 2.848066 -0.037000
v -0.279614 2.848066 -0.037000
v -0.000000 2.748955 -0.037000
v -0.000000 2.786856 -0.037000
v -0.279614 2.848066 -0.037000
v -0.000000 2.786856 -0.037000
v -0.217673 2.809022 -0.149445
v -0.217673 2.809022 -0.149445
v -0.000000 2.786856 -0.037000
v -0.000000 2.735462 -0.037000
v -0.217673 2.809022 -0.149445
v -0.000000 2.735462 -0.037000
v -0.125111 2.828501 -0.230889
v -0.125111 2.828501 -0.230889
v -0.000000 2.735462 -0.037000
v -0.000000 2.773378 -0.037000
v -0.125111 2.828501 -0.230889
v -0.000000 2.773378 -0.037000
v -0.000000 2.789444 -0.254907
v -0.000000 2.789444 -0.254907
v -0.000000 2.773378 -0.037000
v 0.000000 2.733341 -0.037000
v -0.000000 2.789444 -0.254907
v 0.000000 2.733341 -0.037000
v 0.131902 2.825798 -0.241412
v 0.131902 2.825798 -0.241412
v 0.000000 2.733341 -0.037000
v 0.000000 2.772288 -0.037000
v 0.131902 2.825798 -0.241412
v 0.000000 2.772288 -0.037000
v 0.241252 2.794542 -0.161625
v 0.241252 2.794542 -0.161625
v 0.000000 2.772288 -0.037000
v 0.000000 2.732287 -0.037000
v 0.241252 2.794542 -0.161625
v 0.000000 2.732287 -0.037000
v 0.255454 2.830895 -0.037000
v -0.663090 2.701000 0.199548
v -0.798607 2.769990 0.165867
v -1.353607 1.733990 0.276867
v -0.663090 2.701000 0.199548
v -1.353607 1.733990 0.276867
v -1.218090 1.665000 0.310548
v -0.703000 2.701000 0.000000
v -0.798607 2.769990 0.165867
v -0.663090 2.701000 0.199548
v -1.258000 1.665000 0.111000
v -1.218090 1.665000 0.310548
v -1.353607 1.733990 0.276867
v -0.798607 2.769990 0.165867
v -0.878118 2.798566 0.035024
v -1.433118 1.762566 0.146024
v -0.798607 2.769990 0.165867
v -1.433118 1.762566 0.146024
v -1.353607 1.733990 0.276867
v -0.703000 2.701000 0.000000
v -0.878118 2.798566 0.035024
v -0.798607 2.769990 0.165867
v -1.258000 1.665000 0.111000
v -1.353607 1.733990 0.276867
v -1.433118 1.762566 0.146024
v -0.878118 2.798566 0.035024
v -0.855048 2.769990 -0.116336
v -1.410048 1.733990 -0.005336
v -0.878118 2.798566 0.035024
v -1.410048 1.733990 -0.005336
v -1.433118 1.762566 0.146024
v -0.703000 2.701000 0.000000
v -0.855048 2.769990 -0.116336
v -0.878118 2.798566 0.035024
v -1.258000 1.665000 0.111000
v -1.433118 1.762566 0.146024
v -1.410048 1.733990 -0.005336
v -0.855048 2.769990 -0.116336
v -0.742910 2.701000 -0.199548
v -1.297910 1.665000 -0.088548
v -0.855048 2.769990 -0.116336
v -1.297910 1.665000 -0.088548
v -1.410048 1.733990 -0.005336
v -0.703000 2.701000 0.000000
v -0.742910 2.701000 -0.199548
v -0.855048 2.769990 -0.116336
v -1.258000 1.665000 0.111000
v -1.410048 1.733990 -0.005336
v -1.297910 1.665000 -0.088548
v -0.742910 2.701000 -0.199548
v -0.607393 2.632010 -0.165867
v -1.162393 1.596010 -0.054867
v -0.742910 2.701000 -0.199548
v -1.162393 1.596010 -0.054867
v -1.297910 1.665000 -0.088548
v -0.703000 2.701000 0.000000
v -0.607393 2.632010 -0.165867
v -0.742910 2.701000 -0.199548
v -1.258000 1.665000 0.111000
v -1.297910 1.665000 -0.088548
v -1.162393 1.596010 -0.054867
v -0.607393 2.632010 -0.165867
v -0.527882 2.603434 -0.035024
v -1.082882 1.567434 0.075976
v -0.607393 2.632010 -0.165867
v -1.082882 1.567434 0.075976
v -1.162393 1.596010 -0.054867
v -0.703000 2.701000 0.000000
v -0.527882 2.603434 -0.035024
v -0.607393 2.632010 -0.165867
v -1.258000 1.665000 0.111000
v -1.162393 1.596010 -0.054867
v -1.082882 1.567434 0.075976
v -0.527882 2.603434 -0.035024
v -0.550952 2.632010 0.116336
v -1.105952 1.596010 0.227336
v -0.527882 2.603434 -0.035024
v -1.105952 1.596010 0.227336
v -1.082882 1.567434 0.075976
v -0.703000 2.701000 0.000000
v -0.550952 2.632010 0.116336
v -0.527882 2.603434 -0.035024
v -1.258000 1.665000 0.111000
v -1.082882 1.567434 0.075976
v -1.105952 1.596010 0.227336
v -0.550952 2.632010 0.116336
v -0.663090 2.701000 0.199548
v -1.218090 1.665000 0.310548
v -0.550952 2.632010 0.116336
v -1.218090 1.665000 0.310548
v -1.105952 1.596010 0.227336
v -0.703000 2.701000 0.000000
v -0.663090 2.701000 0.199548
v -0.550952 2.632010 0.116336
v -1.258000 1.665000 0.111000
v -1.105952 1.596010 0.227336
v -1.218090 1.665000 0.310548
v -0.354571 3.959000 0.128578
v -0.283381 4.024090 0.070927
v -0.745881 4.579090 0.126427
v -0.354571 3.959000 0.128578
v -0.745881 4.579090 0.126427
v -0.817071 4.514000 0.184078
v -0.370000 3.959000 0.000000
v -0.283381 4.024090 0.070927
v -0.354571 3.959000 0.128578
v -0.832500 4.514000 0.055500
v -0.817071 4.514000 0.184078
v -0.745881 4.579090 0.126427
v -0.283381 4.024090 0.070927
v -0.277417 4.040166 -0.040133
v -0.739917 4.595166 0.015367
v -0.283381 4.024090 0.070927
v -0.739917 4.595166 0.015367
v -0.745881 4.579090 0.126427
v -0.370000 3.959000 0.000000
v -0.277417 4.040166 -0.040133
v -0.283381 4.024090 0.070927
v -0.832500 4.514000 0.055500
v -0.745881 4.579090 0.126427
v -0.739917 4.595166 0.015367
v -0.277417 4.040166 -0.040133
v -0.341170 3.995122 -0.120972
v -0.803670 4.550122 -0.065472
v -0.277417 4.040166 -0.040133
v -0.803670 4.550122 -0.065472
v -0.739917 4.595166 0.015367
v -0.370000 3.959000 0.000000
v -0.341170 3.995122 -0.120972
v -0.277417 4.040166 -0.040133
v -0.832500 4.514000 0.055500
v -0.739917 4.595166 0.015367
v -0.803670 4.550122 -0.065472
v -0.341170 3.995122 -0.120972
v -0.426633 3.922878 -0.110717
v -0.889133 4.477878 -0.055217
v -0.341170 3.995122 -0.120972
v -0.889133 4.477878 -0.055217
v -0.803670 4.550122 -0.065472
v -0.370000 3.959000 0.000000
v -0.426633 3.922878 -0.110717
v -0.341170 3.995122 -0.120972
v -0.832500 4.514000 0.055500
v -0.803670 4.550122 -0.065472
v -0.889133 4.477878 -0.055217
v -0.426633 3.922878 -0.110717
v -0.469450 3.877834 -0.017089
v -0.931950 4.432834 0.038411
v -0.426633 3.922878 -0.110717
v -0.931950 4.432834 0.038411
v -0.889133 4.477878 -0.055217
v -0.370000 3.959000 0.000000
v -0.469450 3.877834 -0.017089
v -0.426633 3.922878 -0.110717
v -0.832500 4.514000 0.055500
v -0.889133 4.477878 -0.055217
v -0.931950 4.432834 0.038411
v -0.469450 3.877834 -0.017089
v -0.437379 3.893910 0.089407
v -0.899879 4.448910 0.144907
v -0.469450 3.877834 -0.017089
v -0.899879 4.448910 0.144907
v -0.931950 4.432834 0.038411
v -0.370000 3.959000 0.000000
v -0.437379 3.893910 0.089407
v -0.469450 3.877834 -0.017089
v -0.832500 4.514000 0.055500
v -0.931950 4.432834 0.038411
v -0.899879 4.448910 0.144907
v -0.437379 3.893910 0.089407
v -0.354571 3.959000 0.128578
v -0.817071 4.514000 0.184078
v -0.437379 3.893910 0.089407
v -0.817071 4.514000 0.184078
v -0.899879 4.448910 0.144907
v -0.370000 3.959000 0.000000
v -0.354571 3.959000 0.128578
v -0.437379 3.893910 0.089407
v -0.832500 4.514000 0.055500
v -0.899879 4.448910 0.144907
v -0.817071 4.514000 0.184078
v -0.259000 3.667997 -0.573500
v -0.195694 3.654267 -0.573500
v -0.220460 3.650853 -0.542746
v -0.259000 3.667997 -0.573500
v -0.220460 3.650853 -0.542746
v -0.259000 3.673328 -0.573500
v -0.259000 3.673328 -0.573500
v -0.220460 3.650853 -0.542746
v -0.272418 3.654399 -0.536089
v -0.259000 3.673328 -0.573500
v -0.272418 3.654399 -0.536089
v -0.259000 3.667536 -0.573500
v -0.259000 3.667536 -0.573500
v -0.272418 3.654399 -0.536089
v -0.311984 3.649960 -0.557263
v -0.259000 3.667536 -0.573500
v -0.311984 3.649960 -0.557263
v -0.259000 3.672842 -0.573500
v -0.259000 3.672842 -0.573500
v -0.311984 3.649960 -0.557263
v -0.310600 3.654020 -0.589313
v -0.259000 3.672842 -0.573500
v -0.310600 3.654020 -0.589313
v -0.259000 3.669594 -0.573500
v -0.259000 3.669594 -0.573500
v -0.310600 3.654020 -0.589313
v -0.272477 3.649577 -0.611075
v -0.259000 3.669594 -0.573500
v -0.272477 3.649577 -0.611075
v -0.259000 3.674925 -0.573500
v -0.259000 3.674925 -0.573500
v -0.272477 3.649577 -0.611075
v -0.225119 3.653186 -0.600536
v -0.259000 3.674925 -0.573500
v -0.225119 3.653186 -0.600536
v -0.259000 3.669212 -0.573500
v -0.259000 3.669212 -0.573500
v -0.225119 3.653186 -0.600536
v -0.201431 3.649776 -0.573500
v -0.259000 3.669212 -0.573500
v -0.201431 3.649776 -0.573500
v -0.259000 3.674541 -0.573500
v -0.195694 3.654267 -0.573500
v -0.164428 3.601213 -0.573500
v -0.201545 3.602463 -0.527653
v -0.195694 3.654267 -0.573500
v -0.201545 3.602463 -0.527653
v -0.220460 3.650853 -0.542746
v -0.220460 3.650853 -0.542746
v -0.201545 3.602463 -0.527653
v -0.278959 3.601066 -0.517853
v -0.220460 3.650853 -0.542746
v -0.278959 3.601066 -0.517853
v -0.272418 3.654399 -0.536089
v -0.272418 3.654399 -0.536089
v -0.278959 3.601066 -0.517853
v -0.337657 3.602712 -0.549395
v -0.272418 3.654399 -0.536089
v -0.337657 3.602712 -0.549395
v -0.311984 3.649960 -0.557263
v -0.311984 3.649960 -0.557263
v -0.337657 3.602712 -0.549395
v -0.349354 3.600529 -0.601189
v -0.311984 3.649960 -0.557263
v -0.349354 3.600529 -0.601189
v -0.310600 3.654020 -0.589313
v -0.310600 3.654020 -0.589313
v -0.349354 3.600529 -0.601189
v -0.279059 3.602172 -0.629426
v -0.310600 3.654020 -0.589313
v -0.279059 3.602172 -0.629426
v -0.272477 3.649577 -0.611075
v -0.272477 3.649577 -0.611075
v -0.279059 3.602172 -0.629426
v -0.199420 3.600812 -0.621043
v -0.272477 3.649577 -0.611075
v -0.199420 3.600812 -0.621043
v -0.225119 3.653186 -0.600536
v -0.225119 3.653186 -0.600536
v -0.199420 3.600812 -0.621043
v -0.158228 3.602064 -0.573500
v -0.225119 3.653186 -0.600536
v -0.158228 3.602064 -0.573500
v -0.201431 3.649776 -0.573500
v -0.164428 3.601213 -0.573500
v -0.158252 3.539486 -0.573500
v -0.197083 3.538034 -0.524092
v -0.164428 3.601213 -0.573500
v -0.197083 3.538034 -0.524092
v -0.201545 3.602463 -0.527653
v -0.201545 3.602463 -0.527653
v -0.197083 3.538034 -0.524092
v -0.280768 3.539437 -0.512809
v -0.201545 3.602463 -0.527653
v -0.280768 3.539437 -0.512809
v -0.278959 3.601066 -0.517853
v -0.278959 3.601066 -0.517853
v -0.280768 3.539437 -0.512809
v -0.345811 3.537986 -0.546896
v -0.278959 3.601066 -0.517853
v -0.345811 3.537986 -0.546896
v -0.337657 3.602712 -0.549395
v -0.337657 3.602712 -0.549395
v -0.345811 3.537986 -0.546896
v -0.340980 3.540765 -0.598623
v -0.337657 3.602712 -0.549395
v -0.340980 3.540765 -0.598623
v -0.349354 3.600529 -0.601189
v -0.349354 3.600529 -0.601189
v -0.340980 3.540765 -0.598623
v -0.280643 3.539314 -0.633841
v -0.349354 3.600529 -0.601189
v -0.280643 3.539314 -0.633841
v -0.279059 3.602172 -0.629426
v -0.279059 3.602172 -0.629426
v -0.280643 3.539314 -0.633841
v -0.204035 3.540680 -0.617361
v -0.279059 3.602172 -0.629426
v -0.204035 3.540680 -0.617361
v -0.199420 3.600812 -0.621043
v -0.199420 3.600812 -0.621043
v -0.204035 3.540680 -0.617361
v -0.164632 3.539232 -0.573500
v -0.199420 3.600812 -0.621043
v -0.164632 3.539232 -0.573500
v -0.158228 3.602064 -0.573500
v -0.158252 3.539486 -0.573500
v -0.201653 3.488547 -0.573500
v -0.222689 3.492465 -0.544525
v -0.158252 3.539486 -0.573500
v -0.222689 3.492465 -0.544525
v -0.197083 3.538034 -0.524092
v -0.197083 3.538034 -0.524092
v -0.222689 3.492465 -0.544525
v -0.271099 3.488936 -0.539767
v -0.197083 3.538034 -0.524092
v -0.271099 3.488936 -0.539767
v -0.280768 3.539437 -0.512809
v -0.280768 3.539437 -0.512809
v -0.271099 3.488936 -0.539767
v -0.308807 3.492854 -0.558236
v -0.280768 3.539437 -0.512809
v -0.308807 3.492854 -0.558236
v -0.345811 3.537986 -0.546896
v -0.345811 3.537986 -0.546896
v -0.308807 3.492854 -0.558236
v -0.316101 3.485209 -0.590999
v -0.345811 3.537986 -0.546896
v -0.316101 3.485209 -0.590999
v -0.340980 3.540765 -0.598623
v -0.340980 3.540765 -0.598623
v -0.316101 3.485209 -0.590999
v -0.271176 3.489127 -0.607449
v -0.340980 3.540765 -0.598623
v -0.271176 3.489127 -0.607449
v -0.280643 3.539314 -0.633841
v -0.280643 3.539314 -0.633841
v -0.271176 3.489127 -0.607449
v -0.221375 3.485469 -0.603524
v -0.280643 3.539314 -0.633841
v -0.221375 3.485469 -0.603524
v -0.204035 3.540680 -0.617361
v -0.204035 3.540680 -0.617361
v -0.221375 3.485469 -0.603524
v -0.197709 3.489394 -0.573500
v -0.204035 3.540680 -0.617361
v -0.197709 3.489394 -0.573500
v -0.164632 3.539232 -0.573500
v -0.201653 3.488547 -0.573500
v -0.259000 3.468253 -0.573500
v -0.259000 3.472462 -0.573500
v -0.201653 3.488547 -0.573500
v -0.259000 3.472462 -0.573500
v -0.222689 3.492465 -0.544525
v -0.222689 3.492465 -0.544525
v -0.259000 3.472462 -0.573500
v -0.259000 3.468080 -0.573500
v -0.222689 3.492465 -0.544525
v -0.259000 3.468080 -0.573500
v -0.271099 3.488936 -0.539767
v -0.271099 3.488936 -0.539767
v -0.259000 3.468080 -0.573500
v -0.259000 3.473581 -0.573500
v -0.271099 3.488936 -0.539767
v -0.259000 3.473581 -0.573500
v -0.308807 3.492854 -0.558236
v -0.308807 3.492854 -0.558236
v -0.259000 3.473581 -0.573500
v -0.259000 3.466020 -0.573500
v -0.308807 3.492854 -0.558236
v -0.259000 3.466020 -0.573500
v -0.316101 3.485209 -0.590999
v -0.316101 3.485209 -0.590999
v -0.259000 3.466020 -0.573500
v -0.259000 3.471500 -0.573500
v -0.316101 3.485209 -0.590999
v -0.259000 3.471500 -0.573500
v -0.271176 3.489127 -0.607449
v -0.271176 3.489127 -0.607449
v -0.259000 3.471500 -0.573500
v -0.259000 3.466999 -0.573500
v -0.271176 3.489127 -0.607449
v -0.259000 3.466999 -0.573500
v -0.221375 3.485469 -0.603524
v -0.221375 3.485469 -0.603524
v -0.259000 3.466999 -0.573500
v -0.259000 3.471211 -0.573500
v -0.221375 3.485469 -0.603524
v -0.259000 3.471211 -0.573500
v -0.197709 3.489394 -0.573500
v 0.742910 2.701000 -0.199548
v 0.855048 2.769990 -0.116336
v 1.410048 1.733990 -0.005336
v 0.742910 2.701000 -0.199548
v 1.410048 1.733990 -0.005336
v 1.297910 1.665000 -0.088548
v 0.703000 2.701000 0.000000
v 0.855048 2.769990 -0.116336
v 0.742910 2.701000 -0.199548
v 1.258000 1.665000 0.111000
v 1.297910 1.665000 -0.088548
v 1.410048 1.733990 -0.005336
v 0.855048 2.769990 -0.116336
v 0.878118 2.798566 0.035024
v 1.433118 1.762566 0.146024
v 0.855048 2.769990 -0.116336
v 1.433118 1.762566 0.146024
v 1.410048 1.733990 -0.005336
v 0.703000 2.701000 0.000000
v 0.878118 2.798566 0.035024
v 0.855048 2.769990 -0.116336
v 1.258000 1.665000 0.111000
v 1.410048 1.733990 -0.005336
v 1.433118 1.762566 0.146024
v 0.878118 2.798566 0.035024
v 0.798607 2.769990 0.165867
v 1.353607 1.733990 0.276867
v 0.878118 2.798566 0.035024
v 1.353607 1.733990 0.276867
v 1.433118 1.762566 0.146024
v 0.703000 2.701000 0.000000
v 0.798607 2.769990 0.165867
v 0.878118 2.798566 0.035024
v 1.258000 1.665000 0.111000
v 1.433118 1.762566 0.146024
v 1.353607 1.733990 0.276867
v 0.798607 2.769990 0.165867
v 0.663090 2.701000 0.199548
v 1.218090 1.665000 0.310548
v 0.798607 2.769990 0.165867
v 1.218090 1.665000 0.310548
v 1.353607 1.733990 0.276867
v 0.703000 2.701000 0.000000
v 0.663090 2.701000 0.199548
v 0.798607 2.769990 0.165867
v 1.258000 1.665000 0.111000
v 1.353607 1.733990 0.276867
v 1.218090 1.665000 0.310548
v 0.663090 2.701000 0.199548
v 0.550952 2.632010 0.116336
v 1.105952 1.596010 0.227336
v 0.663090 2.701000 0.199548
v 1.105952 1.596010 0.227336
v 1.218090 1.665000 0.310548
v 0.703000 2.701000 0.000000
v 0.550952 2.632010 0.116336
v 0.663090 2.701000 0.199548
v 1.258000 1.665000 0.111000
v 1.218090 1.665000 0.310548
v 1.105952 1.596010 0.227336
v 0.550952 2.632010 0.116336
v 0.527882 2.603434 -0.035024
v 1.082882 1.567434 0.075976
v 0.550952 2.632010 0.116336
v 1.082882 1.567434 0.075976
v 1.105952 1.596010 0.227336
v 0.703000 2.701000 0.000000
v 0.527882 2.603434 -0.035024
v 0.550952 2.632010 0.116336
v 1.258000 1.665000 0.111000
v 1.105952 1.596010 0.227336
v 1.082882 1.567434 0.075976
v 0.527882 2.603434 -0.035024
v 0.607393 2.632010 -0.165867
v 1.162393 1.596010 -0.054867
v 0.527882 2.603434 -0.035024
v 1.162393 1.596010 -0.054867
v 1.082882 1.567434 0.075976
v 0.703000 2.701000 0.000000
v 0.607393 2.632010 -0.165867
v 0.527882 2.603434 -0.035024
v 1.258000 1.665000 0.111000
v 1.082882 1.567434 0.075976
v 1.162393 1.596010 -0.054867
v 0.607393 2.632010 -0.165867
v 0.742910 2.701000 -0.199548
v 1.297910 1.665000 -0.088548
v 0.607393 2.632010 -0.165867
v 1.297910 1.665000 -0.088548
v 1.162393 1.596010 -0.054867
v 0.703000 2.701000 0.000000
v 0.742910 2.701000 -0.199548
v 0.607393 2.632010 -0.165867
v 1.258000 1.665000 0.111000
v 1.162393 1.596010 -0.054867
v 1.297910 1.665000 -0.088548
v 0.385429 3.959000 -0.128578
v 0.302621 4.024090 -0.089407
v 0.765121 4.579090 -0.033907
v 0.385429 3.959000 -0.128578
v 0.765121 4.579090 -0.033907
v 0.847929 4.514000 -0.073078
v 0.370000 3.959000 0.000000
v 0.302621 4.024090 -0.089407
v 0.385429 3.959000 -0.128578
v 0.832500 4.514000 0.055500
v 0.847929 4.514000 -0.073078
v 0.765121 4.579090 -0.033907
v 0.302621 4.024090 -0.089407
v 0.270550 4.040166 0.017089
v 0.733050 4.595166 0.072589
v 0.302621 4.024090 -0.089407
v 0.733050 4.595166 0.072589
v 0.765121 4.579090 -0.033907
v 0.370000 3.959000 0.000000
v 0.270550 4.040166 0.017089
v 0.302621 4.024090 -0.089407
v 0.832500 4.514000 0.055500
v 0.765121 4.579090 -0.033907
v 0.733050 4.595166 0.072589
v 0.270550 4.040166 0.017089
v 0.313367 3.995122 0.110717
v 0.775867 4.550122 0.166217
v 0.270550 4.040166 0.017089
v 0.775867 4.550122 0.166217
v 0.733050 4.595166 0.072589
v 0.370000 3.959000 0.000000
v 0.313367 3.995122 0.110717
v 0.270550 4.040166 0.017089
v 0.832500 4.514000 0.055500
v 0.733050 4.595166 0.072589
v 0.775867 4.550122 0.166217
v 0.313367 3.995122 0.110717
v 0.398830 3.922878 0.120972
v 0.861330 4.477878 0.176472
v 0.313367 3.995122 0.110717
v 0.861330 4.477878 0.176472
v 0.775867 4.550122 0.166217
v 0.370000 3.959000 0.000000
v 0.398830 3.922878 0.120972
v 0.313367 3.995122 0.110717
v 0.832500 4.514000 0.055500
v 0.775867 4.550122 0.166217
v 0.861330 4.477878 0.176472
v 0.398830 3.922878 0.120972
v 0.462583 3.877834 0.040133
v 0.925083 4.432834 0.095633
v 0.398830 3.922878 0.120972
v 0.925083 4.432834 0.095633
v 0.861330 4.477878 0.176472
v 0.370000 3.959000 0.000000
v 0.462583 3.877834 0.040133
v 0.398830 3.922878 0.120972
v 0.832500 4.514000 0.055500
v 0.861330 4.477878 0.176472
v 0.925083 4.432834 0.095633
v 0.462583 3.877834 0.040133
v 0.456619 3.893910 -0.070927
v 0.919119 4.448910 -0.015427
v 0.462583 3.877834 0.040133
v 0.919119 4.448910 -0.015427
v 0.925083 4.432834 0.095633
v 0.370000 3.959000 0.000000
v 0.456619 3.893910 -0.070927
v 0.462583 3.877834 0.040133
v 0.832500 4.514000 0.055500
v 0.925083 4.432834 0.095633
v 0.919119 4.448910 -0.015427
v 0.456619 3.893910 -0.070927
v 0.385429 3.959000 -0.128578
v 0.847929 4.514000 -0.073078
v 0.456619 3.893910 -0.070927
v 0.847929 4.514000 -0.073078
v 0.919119 4.448910 -0.015427
v 0.370000 3.959000 0.000000
v 0.385429 3.959000 -0.128578
v 0.456619 3.893910 -0.070927
v 0.832500 4.514000 0.055500
v 0.919119 4.448910 -0.015427
v 0.847929 4.514000 -0.073078
v 0.259000 3.673655 -0.573500
v 0.318126 3.652665 -0.573500
v 0.294936 3.655553 -0.544824
v 0.259000 3.673655 -0.573500
v 0.294936 3.655553 -0.544824
v 0.259000 3.674035 -0.573500
v 0.259000 3.674035 -0.573500
v 0.294936 3.655553 -0.544824
v 0.246510 3.650988 -0.538676
v 0.259000 3.674035 -0.573500
v 0.246510 3.650988 -0.538676
v 0.259000 3.669030 -0.573500
v 0.259000 3.669030 -0.573500
v 0.246510 3.650988 -0.538676
v 0.209888 3.655933 -0.558449
v 0.259000 3.669030 -0.573500
v 0.209888 3.655933 -0.558449
v 0.259000 3.674519 -0.573500
v 0.259000 3.674519 -0.573500
v 0.209888 3.655933 -0.558449
v 0.202607 3.652414 -0.590782
v 0.259000 3.674519 -0.573500
v 0.202607 3.652414 -0.590782
v 0.259000 3.672708 -0.573500
v 0.259000 3.672708 -0.573500
v 0.202607 3.652414 -0.590782
v 0.245408 3.648107 -0.611396
v 0.259000 3.672708 -0.573500
v 0.245408 3.648107 -0.611396
v 0.259000 3.668021 -0.573500
v 0.259000 3.668021 -0.573500
v 0.245408 3.648107 -0.611396
v 0.296168 3.652795 -0.603159
v 0.259000 3.668021 -0.573500
v 0.296168 3.652795 -0.603159
v 0.259000 3.673171 -0.573500
v 0.259000 3.673171 -0.573500
v 0.296168 3.652795 -0.603159
v 0.317125 3.648487 -0.573500
v 0.259000 3.673171 -0.573500
v 0.317125 3.648487 -0.573500
v 0.259000 3.668485 -0.573500
v 0.318126 3.652665 -0.573500
v 0.347273 3.601421 -0.573500
v 0.322795 3.600318 -0.522593
v 0.318126 3.652665 -0.573500
v 0.322795 3.600318 -0.522593
v 0.294936 3.655553 -0.544824
v 0.294936 3.655553 -0.544824
v 0.322795 3.600318 -0.522593
v 0.237414 3.601963 -0.513316
v 0.294936 3.655553 -0.544824
v 0.237414 3.601963 -0.513316
v 0.246510 3.650988 -0.538676
v 0.246510 3.650988 -0.538676
v 0.237414 3.601963 -0.513316
v 0.172901 3.600074 -0.547115
v 0.246510 3.650988 -0.538676
v 0.172901 3.600074 -0.547115
v 0.209888 3.655933 -0.558449
v 0.209888 3.655933 -0.558449
v 0.172901 3.600074 -0.547115
v 0.174200 3.601517 -0.599487
v 0.209888 3.655933 -0.558449
v 0.174200 3.601517 -0.599487
v 0.202607 3.652414 -0.590782
v 0.202607 3.652414 -0.590782
v 0.174200 3.601517 -0.599487
v 0.238376 3.603162 -0.631001
v 0.202607 3.652414 -0.590782
v 0.238376 3.603162 -0.631001
v 0.245408 3.648107 -0.611396
v 0.245408 3.648107 -0.611396
v 0.238376 3.603162 -0.631001
v 0.313472 3.601273 -0.616968
v 0.245408 3.648107 -0.611396
v 0.313472 3.601273 -0.616968
v 0.296168 3.652795 -0.603159
v 0.296168 3.652795 -0.603159
v 0.313472 3.601273 -0.616968
v 0.360409 3.602918 -0.573500
v 0.296168 3.652795 -0.603159
v 0.360409 3.602918 -0.573500
v 0.317125 3.648487 -0.573500
v 0.347273 3.601421 -0.573500
v 0.355381 3.540066 -0.573500
v 0.317588 3.540194 -0.526748
v 0.347273 3.601421 -0.573500
v 0.317588 3.540194 -0.526748
v 0.322795 3.600318 -0.522593
v 0.322795 3.600318 -0.522593
v 0.317588 3.540194 -0.526748
v 0.239055 3.538744 -0.517891
v 0.322795 3.600318 -0.522593
v 0.239055 3.538744 -0.517891
v 0.237414 3.601963 -0.513316
v 0.237414 3.601963 -0.513316
v 0.239055 3.538744 -0.517891
v 0.180201 3.540438 -0.549352
v 0.237414 3.601963 -0.513316
v 0.180201 3.540438 -0.549352
v 0.172901 3.600074 -0.547115
v 0.172901 3.600074 -0.547115
v 0.180201 3.540438 -0.549352
v 0.166683 3.539782 -0.601791
v 0.172901 3.600074 -0.547115
v 0.166683 3.539782 -0.601791
v 0.174200 3.601517 -0.599487
v 0.174200 3.601517 -0.599487
v 0.166683 3.539782 -0.601791
v 0.236734 3.538331 -0.635581
v 0.174200 3.601517 -0.599487
v 0.236734 3.538331 -0.635581
v 0.238376 3.603162 -0.631001
v 0.238376 3.603162 -0.631001
v 0.236734 3.538331 -0.635581
v 0.318678 3.540019 -0.621121
v 0.238376 3.603162 -0.631001
v 0.318678 3.540019 -0.621121
v 0.313472 3.601273 -0.616968
v 0.313472 3.601273 -0.616968
v 0.318678 3.540019 -0.621121
v 0.352301 3.538569 -0.573500
v 0.313472 3.601273 -0.616968
v 0.352301 3.538569 -0.573500
v 0.360409 3.602918 -0.573500
v 0.355381 3.540066 -0.573500
v 0.314337 3.492113 -0.573500
v 0.297043 3.489869 -0.543143
v 0.355381 3.540066 -0.573500
v 0.297043 3.489869 -0.543143
v 0.317588 3.540194 -0.526748
v 0.317588 3.540194 -0.526748
v 0.297043 3.489869 -0.543143
v 0.245758 3.485558 -0.536580
v 0.317588 3.540194 -0.526748
v 0.245758 3.485558 -0.536580
v 0.239055 3.538744 -0.517891
v 0.239055 3.538744 -0.517891
v 0.245758 3.485558 -0.536580
v 0.204310 3.489488 -0.556740
v 0.239055 3.538744 -0.517891
v 0.204310 3.489488 -0.556740
v 0.180201 3.540438 -0.549352
v 0.180201 3.540438 -0.549352
v 0.204310 3.489488 -0.556740
v 0.207815 3.492911 -0.589186
v 0.180201 3.540438 -0.549352
v 0.207815 3.492911 -0.589186
v 0.166683 3.539782 -0.601791
v 0.166683 3.539782 -0.601791
v 0.207815 3.492911 -0.589186
v 0.246161 3.488601 -0.609295
v 0.166683 3.539782 -0.601791
v 0.246161 3.488601 -0.609295
v 0.236734 3.538331 -0.635581
v 0.236734 3.538331 -0.635581
v 0.246161 3.488601 -0.609295
v 0.294039 3.492498 -0.601460
v 0.236734 3.538331 -0.635581
v 0.294039 3.492498 -0.601460
v 0.318678 3.540019 -0.621121
v 0.318678 3.540019 -0.621121
v 0.294039 3.492498 -0.601460
v 0.320876 3.488188 -0.573500
v 0.318678 3.540019 -0.621121
v 0.320876 3.488188 -0.573500
v 0.352301 3.538569 -0.573500
v 0.314337 3.492113 -0.573500
v 0.259000 3.465012 -0.573500
v 0.259000 3.469217 -0.573500
v 0.314337 3.492113 -0.573500
v 0.259000 3.469217 -0.573500
v 0.297043 3.489869 -0.543143
v 0.297043 3.489869 -0.543143
v 0.259000 3.469217 -0.573500
v 0.259000 3.474706 -0.573500
v 0.297043 3.489869 -0.543143
v 0.259000 3.474706 -0.573500
v 0.245758 3.485558 -0.536580
v 0.245758 3.485558 -0.536580
v 0.259000 3.474706 -0.573500
v 0.259000 3.468736 -0.573500
v 0.245758 3.485558 -0.536580
v 0.259000 3.468736 -0.573500
v 0.204310 3.489488 -0.556740
v 0.204310 3.489488 -0.556740
v 0.259000 3.468736 -0.573500
v 0.259000 3.465377 -0.573500
v 0.204310 3.489488 -0.556740
v 0.259000 3.465377 -0.573500
v 0.207815 3.492911 -0.589186
v 0.207815 3.492911 -0.589186
v 0.259000 3.465377 -0.573500
v 0.259000 3.470863 -0.573500
v 0.207815 3.492911 -0.589186
v 0.259000 3.470863 -0.573500
v 0.246161 3.488601 -0.609295
v 0.246161 3.488601 -0.609295
v 0.259000 3.470863 -0.573500
v 0.259000 3.464856 -0.573500
v 0.246161 3.488601 -0.609295
v 0.259000 3.464856 -0.573500
v 0.294039 3.492498 -0.601460
v 0.294039 3.492498 -0.601460
v 0.259000 3.464856 -0.573500
v 0.259000 3.470343 -0.573500
v 0.294039 3.492498 -0.601460
v 0.259000 3.470343 -0.573500
v 0.320876 3.488188 -0.573500
v -0.518000 2.442000 -0.619750
v -0.518000 2.521551 -0.581440
v 0.518000 2.521551 -0.581440
v -0.518000 2.442000 -0.619750
v 0.518000 2.521551 -0.581440
v 0.518000 2.442000 -0.619750
v -0.518000 2.442000 -0.518000
v -0.518000 2.521551 -0.581440
v -0.518000 2.442000 -0.619750
v 0.518000 2.442000 -0.518000
v 0.518000 2.442000 -0.619750
v 0.518000 2.521551 -0.581440
v -0.518000 2.521551 -0.581440
v -0.518000 2.541199 -0.495358
v 0.518000 2.541199 -0.495358
v -0.518000 2.521551 -0.581440
v 0.518000 2.541199 -0.495358
v 0.518000 2.521551 -0.581440
v -0.518000 2.442000 -0.518000
v -0.518000 2.541199 -0.495358
v -0.518000 2.521551 -0.581440
v 0.518000 2.442000 -0.518000
v 0.518000 2.521551 -0.581440
v 0.518000 2.541199 -0.495358
v -0.518000 2.541199 -0.495358
v -0.518000 2.486148 -0.426326
v 0.518000 2.486148 -0.426326
v -0.518000 2.541199 -0.495358
v 0.518000 2.486148 -0.426326
v 0.518000 2.541199 -0.495358
v -0.518000 2.442000 -0.518000
v -0.518000 2.486148 -0.426326
v -0.518000 2.541199 -0.495358
v 0.518000 2.442000 -0.518000
v 0.518000 2.541199 -0.495358
v 0.518000 2.486148 -0.426326
v -0.518000 2.486148 -0.426326
v -0.518000 2.397852 -0.426326
v 0.518000 2.397852 -0.426326
v -0.518000 2.486148 -0.426326
v 0.518000 2.397852 -0.426326
v 0.518000 2.486148 -0.426326
v -0.518000 2.442000 -0.518000
v -0.518000 2.397852 -0.426326
v -0.518000 2.486148 -0.426326
v 0.518000 2.442000 -0.518000
v 0.518000 2.486148 -0.426326
v 0.518000 2.397852 -0.426326
v -0.518000 2.397852 -0.426326
v -0.518000 2.342801 -0.495358
v 0.518000 2.342801 -0.495358
v -0.518000 2.397852 -0.426326
v 0.518000 2.342801 -0.495358
v 0.518000 2.397852 -0.426326
v -0.518000 2.442000 -0.518000
v -0.518000 2.342801 -0.495358
v -0.518000 2.397852 -0.426326
v 0.518000 2.442000 -0.518000
v 0.518000 2.397852 -0.426326
v 0.518000 2.342801 -0.495358
v -0.518000 2.342801 -0.495358
v -0.518000 2.362449 -0.581440
v 0.518000 2.362449 -0.581440
v -0.518000 2.342801 -0.495358
v 0.518000 2.362449 -0.581440
v 0.518000 2.342801 -0.495358
v -0.518000 2.442000 -0.518000
v -0.518000 2.362449 -0.581440
v -0.518000 2.342801 -0.495358
v 0.518000 2.442000 -0.518000
v 0.518000 2.342801 -0.495358
v 0.518000 2.362449 -0.581440
v -0.518000 2.362449 -0.581440
v -0.518000 2.442000 -0.619750
v 0.518000 2.442000 -0.619750
v -0.518000 2.362449 -0.581440
v 0.518000 2.442000 -0.619750
v 0.518000 2.362449 -0.581440
v -0.518000 2.442000 -0.518000
v -0.518000 2.442000 -0.619750
v -0.518000 2.362449 -0.581440
v 0.518000 2.442000 -0.518000
v 0.518000 2.362449 -0.581440
v 0.518000 2.442000 -0.619750
v -0.925000 2.997000 0.166500
v -0.842965 3.081448 0.117733
v -1.490465 3.710448 0.117733
v -0.925000 2.997000 0.166500
v -1.490465 3.710448 0.117733
v -1.572500 3.626000 0.166500
v -0.925000 2.997000 0.000000
v -0.842965 3.081448 0.117733
v -0.925000 2.997000 0.166500
v -1.572500 3.626000 0.000000
v -1.572500 3.626000 0.166500
v -1.490465 3.710448 0.117733
v -0.842965 3.081448 0.117733
v -0.808985 3.116427 0.000000
v -1.456485 3.745427 0.000000
v -0.842965 3.081448 0.117733
v -1.456485 3.745427 0.000000
v -1.490465 3.710448 0.117733
v -0.925000 2.997000 0.000000
v -0.808985 3.116427 0.000000
v -0.842965 3.081448 0.117733
v -1.572500 3.626000 0.000000
v -1.490465 3.710448 0.117733
v -1.456485 3.745427 0.000000
v -0.808985 3.116427 0.000000
v -0.842965 3.081448 -0.117733
v -1.490465 3.710448 -0.117733
v -0.808985 3.116427 0.000000
v -1.490465 3.710448 -0.117733
v -1.456485 3.745427 0.000000
v -0.925000 2.997000 0.000000
v -0.842965 3.081448 -0.117733
v -0.808985 3.116427 0.000000
v -1.572500 3.626000 0.000000
v -1.456485 3.745427 0.000000
v -1.490465 3.710448 -0.117733
v -0.842965 3.081448 -0.117733
v -0.925000 2.997000 -0.166500
v -1.572500 3.626000 -0.166500
v -0.842965 3.081448 -0.117733
v -1.572500 3.626000 -0.166500
v -1.490465 3.710448 -0.117733
v -0.925000 2.997000 0.000000
v -0.925000 2.997000 -0.166500
v -0.842965 3.081448 -0.117733
v -1.572500 3.626000 0.000000
v -1.490465 3.710448 -0.117733
v -1.572500 3.626000 -0.166500
v -0.925000 2.997000 -0.166500
v -1.007035 2.912552 -0.117733
v -1.654535 3.541552 -0.117733
v -0.925000 2.997000 -0.166500
v -1.654535 3.541552 -0.117733
v -1.572500 3.626000 -0.166500
v -0.925000 2.997000 0.000000
v -1.007035 2.912552 -0.117733
v -0.925000 2.997000 -0.166500
v -1.572500 3.626000 0.000000
v -1.572500 3.626000 -0.166500
v -1.654535 3.541552 -0.117733
v -1.007035 2.912552 -0.117733
v -1.041015 2.877573 -0.000000
v -1.688515 3.506573 -0.000000
v -1.007035 2.912552 -0.117733
v -1.688515 3.506573 -0.000000
v -1.654535 3.541552 -0.117733
v -0.925000 2.997000 0.000000
v -1.041015 2.877573 -0.000000
v -1.007035 2.912552 -0.117733
v -1.572500 3.626000 0.000000
v -1.654535 3.541552 -0.117733
v -1.688515 3.506573 -0.000000
v -1.041015 2.877573 -0.000000
v -1.007035 2.912552 0.117733
v -1.654535 3.541552 0.117733
v -1.041015 2.877573 -0.000000
v -1.654535 3.541552 0.117733
v -1.688515 3.506573 -0.000000
v -0.925000 2.997000 0.000000
v -1.007035 2.912552 0.117733
v -1.041015 2.877573 -0.000000
v -1.572500 3.626000 0.000000
v -1.688515 3.506573 -0.000000
v -1.654535 3.541552 0.117733
v -1.007035 2.912552 0.117733
v -0.925000 2.997000 0.166500
v -1.572500 3.626000 0.166500
v -1.007035 2.912552 0.117733
v -1.572500 3.626000 0.166500
v -1.654535 3.541552 0.117733
v -0.925000 2.997000 0.000000
v -0.925000 2.997000 0.166500
v -1.007035 2.912552 0.117733
v -1.572500 3.626000 0.000000
v -1.654535 3.541552 0.117733
v -1.572500 3.626000 0.166500
v 0.925000 2.997000 -0.166500
v 0.842965 3.081448 -0.117733
v 1.490465 3.710448 -0.117733
v 0.925000 2.997000 -0.166500
v 1.490465 3.710448 -0.117733
v 1.572500 3.626000 -0.166500
v 0.925000 2.997000 0.000000
v 0.842965 3.081448 -0.117733
v 0.925000 2.997000 -0.166500
v 1.572500 3.626000 0.000000
v 1.572500 3.626000 -0.166500
v 1.490465 3.710448 -0.117733
v 0.842965 3.081448 -0.117733
v 0.808985 3.116427 -0.000000
v 1.456485 3.745427 -0.000000
v 0.842965 3.081448 -0.117733
v 1.456485 3.745427 -0.000000
v 1.490465 3.710448 -0.117733
v 0.925000 2.997000 0.000000
v 0.808985 3.116427 -0.000000
v 0.842965 3.081448 -0.117733
v 1.572500 3.626000 0.000000
v 1.490465 3.710448 -0.117733
v 1.456485 3.745427 -0.000000
v 0.808985 3.116427 -0.000000
v 0.842965 3.081448 0.117733
v 1.490465 3.710448 0.117733
v 0.808985 3.116427 -0.000000
v 1.490465 3.710448 0.117733
v 1.456485 3.745427 -0.000000
v 0.925000 2.997000 0.000000
v 0.842965 3.081448 0.117733
v 0.808985 3.116427 -0.000000
v 1.572500 3.626000 0.000000
v 1.456485 3.745427 -0.000000
v 1.490465 3.710448 0.117733
v 0.842965 3.081448 0.117733
v 0.925000 2.997000 0.166500
v 1.572500 3.626000 0.166500
v 0.842965 3.081448 0.117733
v 1.572500 3.626000 0.166500
v 1.490465 3.710448 0.117733
v 0.925000 2.997000 0.000000
v 0.925000 2.997000 0.166500
v 0.842965 3.081448 0.117733
v 1.572500 3.626000 0.000000
v 1.490465 3.710448 0.117733
v 1.572500 3.626000 0.166500
v 0.925000 2.997000 0.166500
v 1.007035 2.912552 0.117733
v 1.654535 3.541552 0.117733
v 0.925000 2.997000 0.166500
v 1.654535 3.541552 0.117733
v 1.572500 3.626000 0.166500
v 0.925000 2.997000 0.000000
v 1.007035 2.912552 0.117733
v 0.925000 2.997000 0.166500
v 1.572500 3.626000 0.000000
v 1.572500 3.626000 0.166500
v 1.654535 3.541552 0.117733
v 1.007035 2.912552 0.117733
v 1.041015 2.877573 0.000000
v 1.688515 3.506573 0.000000
v 1.007035 2.912552 0.117733
v 1.688515 3.506573 0.000000
v 1.654535 3.541552 0.117733
v 0.925000 2.997000 0.000000
v 1.041015 2.877573 0.000000
v 1.007035 2.912552 0.117733
v 1.572500 3.626000 0.000000
v 1.654535 3.541552 0.117733
v 1.688515 3.506573 0.000000
v 1.041015 2.877573 0.000000
v 1.007035 2.912552 -0.117733
v 1.654535 3.541552 -0.117733
v 1.041015 2.877573 0.000000
v 1.654535 3.541552 -0.117733
v 1.688515 3.506573 0.000000
v 0.925000 2.997000 0.000000
v 1.007035 2.912552 -0.117733
v 1.041015 2.877573 0.000000
v 1.572500 3.626000 0.000000
v 1.688515 3.506573 0.000000
v 1.654535 3.541552 -0.117733
v 1.007035 2.912552 -0.117733
v 0.925000 2.997000 -0.166500
v 1.572500 3.626000 -0.166500
v 1.007035 2.912552 -0.117733
v 1.572500 3.626000 -0.166500
v 1.654535 3.541552 -0.117733
v 0.925000 2.997000 0.000000
v 0.925000 2.997000 -0.166500
v 1.007035 2.912552 -0.117733
v 1.572500 3.626000 0.000000
v 1.654535 3.541552 -0.117733
v 1.572500 3.626000 -0.166500
v -0.786250 2.257000 0.351500
v -0.786250 2.664000 0.351500
v 0.786250 2.664000 0.351500
v -0.786250 2.257000 0.351500
v 0.786250 2.664000 0.351500
v 0.786250 2.257000 0.351500
v -0.786250 2.257000 0.684500
v 0.786250 2.257000 0.684500
v 0.786250 2.664000 0.684500
v -0.786250 2.257000 0.684500
v 0.786250 2.664000 0.684500
v -0.786250 2.664000 0.684500
v -0.786250 2.257000 0.351500
v -0.786250 2.257000 0.684500
v -0.786250 2.664000 0.684500
v -0.786250 2.257000 0.351500
v -0.786250 2.664000 0.684500
v -0.786250 2.664000 0.351500
v 0.786250 2.257000 0.351500
v 0.786250 2.664000 0.351500
v 0.786250 2.664000 0.684500
v 0.786250 2.257000 0.351500
v 0.786250 2.664000 0.684500
v 0.786250 2.257000 0.684500
v -0.786250 2.664000 0.351500
v -0.786250 2.664000 0.684500
v 0.786250 2.664000 0.684500
v -0.786250 2.664000 0.351500
v 0.786250 2.664000 0.684500
v 0.786250 2.664000 0.351500
v -0.786250 2.257000 0.351500
v 0.786250 2.257000 0.351500
v 0.786250 2.257000 0.684500
v -0.786250 2.257000 0.351500
v 0.786250 2.257000 0.684500
v -0.786250 2.257000 0.684500
vt 0.000000 0.000000
vt 0.125000 0.000000
vt 0.125000 1.000000
vt 0.000000 0.000000
vt 0.125000 1.000000
vt 0.000000 1.000000
vt 0.000000 0.000000
vt 1.000000 0.000000
vt 1.000000 1.000000
vt 0.000000 0.000000
vt 1.000000 0.000000
vt 1.000000 1.000000
vt 0.125000 0.000000
vt 0.250000 0.000000
vt 0.250000 1.000000
vt 0.125000 0.000000
vt 0.250000 1.000000
vt 0.125000 1.000000
vt 0.000000 0.000000
vt 1.000000 0.000000
vt 1.000000 1.000000
vt 0.000000 0.000000
vt 1.000000 0.000000
vt 1.000000 1.000000
vt 0.250000 0.000000
vt 0.375000 0.000000
vt 0.375000 1.000000
vt 0.250000 0.000000
vt 0.375000 1.000000
vt 0.250000 1.000000
vt 0.000000 0.000000
vt 1.000000 0.000000
vt 1.000000 1.000000
vt 0.000000 0.000000
vt 1.000000 0.000000
vt 1.000000 1.000000
vt 0.375000 0.000000
vt 0.500000 0.000000
vt 0.500000 1.000000
vt 0.375000 0.000000
vt 0.500000 1.000000
vt 0.375000 1.000000
vt 0.000000 0.000000
vt 1.000000 0.000000
vt 1.000000 1.000000
vt 0.000000 0.000000
vt 1.000000 0.000000
vt 1.000000 1.000000
vt 0.500000 0.000000
vt 0.625000 0.000000
vt 0.625000 1.000000
vt 0.500000 0.000000
vt 0.625000 1.000000
vt 0.500000 1.000000
vt 0.000000 0.000000
vt 1.000000 0.000000
vt 1.000000 1.000000
vt 0.000000 0.000000
vt 1.000000 0.000000
vt 1.000000 1.000000
vt 0.625000 0.000000
vt 0.750000 0.000000
vt 0.750000 1.000000
vt 0.625000 0.000000
vt 0.750000 1.000000
vt 0.625000 1.000000
vt 0.000000 0.000000
vt 1.000000 0.000000
vt 1.000000 1.000000
vt 0.000000 0.000000
vt 1.000000 0.000000
vt 1.000000 1.000000
vt 0.750000 0.000000
vt 0.875000 0.000000
vt 0.875000 1.000000
vt 0.750000 0.000000
vt 0.875000 1.000000
vt 0.750000 1.000000
vt 0.000000 0.000000
vt 1.000000 0.000000
vt 1.000000 1.000000
vt 0.000000 0.000000
vt 1.000000 0.000000
vt 1.000000 1.000000
vt 0.875000 0.000000
vt 1.000000 0.000000
vt 1.000000 1.000000
vt 0.875000 0.000000
vt 1.000000 1.000000
vt 0.875000 1.000000
vt 0.000000 0.000000
vt 1.000000 0.000000
vt 1.000000 1.000000
vt 0.000000 0.000000
vt 1.000000 0.000000
vt 1.000000 1.000000
vt 0.000000 0.000000
vt 0.000000 0.200000
vt 0.125000 0.200000
vt 0.000000 0.000000
vt 0.125000 0.200000
vt 0.125000 0.000000
vt 0.125000 0.000000
vt 0.125000 0.200000
vt 0.250000 0.200000
vt 0.125000 0.000000
vt 0.250000 0.200000
vt 0.250000 0.000000
vt 0.250000 0.000000
vt 0.250000 0.200000
vt 0.375000 0.200000
vt 0.250000 0.000000
vt 0.375000 0.200000
vt 0.375000 0.000000
vt 0.375000 0.000000
vt 0.375000 0.200000
vt 0.500000 0.200000
vt 0.375000 0.000000
vt 0.500000 0.200000
vt 0.500000 0.000000
vt 0.500000 0.000000
vt 0.500000 0.200000
vt 0.625000 0.200000
vt 0.500000 0.000000
vt 0.625000 0.200000
vt 0.625000 0.000000
vt 0.625000 0.000000
vt 0.625000 0.200000
vt 0.750000 0.200000
vt 0.625000 0.000000
vt 0.750000 0.200000
vt 0.750000 0.000000
vt 0.750000 0.000000
vt 0.750000 0.200000
vt 0.875000 0.200000
vt 0.750000 0.000000
vt 0.875000 0.200000
vt 0.875000 0.000000
vt 0.875000 0.000000
vt 0.875000 0.200000
vt 1.000000 0.200000
vt 0.875000 0.000000
vt 1.000000 0.200000
vt 1.000000 0.000000
vt 0.000000 0.200000
vt 0.000000 0.400000
vt 0.125000 0.400000
vt 0.000000 0.200000
vt 0.125000 0.400000
vt 0.125000 0.200000
vt 0.125000 0.200000
vt 0.125000 0.400000
vt 0.250000 0.400000
vt 0.125000 0.200000
vt 0.250000 0.400000
vt 0.250000 0.200000
vt 0.250000 0.200000
vt 0.250000 0.400000
vt 0.375000 0.400000
vt 0.250000 0.200000
vt 0.375000 0.400000
vt 0.375000 0.200000
vt 0.375000 0.200000
vt 0.375000 0.400000
vt 0.500000 0.400000
vt 0.375000 0.200000
vt 0.500000 0.400000
vt 0.500000 0.200000
vt 0.500000 0.200000
vt 0.500000 0.400000
vt 0.625000 0.400000
vt 0.500000 0.200000
vt 0.625000 0.400000
vt 0.625000 0.200000
vt 0.625000 0.200000
vt 0.625000 0.400000
vt 0.750000 0.400000
vt 0.625000 0.200000
vt 0.750000 0.400000
vt 0.750000 0.200000
vt 0.750000 0.200000
vt 0.750000 0.400000
vt 0.875000 0.400000
vt 0.750000 0.200000
vt 0.875000 0.400000
vt 0.875000 0.200000
vt 0.875000 0.200000
vt 0.875000 0.400000
vt 1.000000 0.400000
vt 0.875000 0.200000
vt 1.000000 0.400000
vt 1.000000 0.200000
vt 0.000000 0.400000
vt 0.000000 0.600000
vt 0.125000 0.600000
vt 0.000000 0.400000
vt 0.125000 0.600000
vt 0.125000 0.400000
vt 0.125000 0.400000
vt 0.125000 0.600000
vt 0.250000 0.600000
vt 0.125000 0.400000
vt 0.250000 0.600000
vt 0.250000 0.400000
vt 0.250000 0.400000
vt 0.250000 0.600000
vt 0.375000 0.600000
vt 0.250000 0.400000
vt 0.375000 0.600000
vt 0.375000 0.400000
vt 0.375000 0.400000
vt 0.375000 0.600000
vt 0.500000 0.600000
vt 0.375000 0.400000
vt 0.500000 0.600000
vt 0.500000 0.400000
vt 0.500000 0.400000
vt 0.500000 0.600000
vt 0.625000 0.600000
vt 0.500000 0.400000
vt 0.625000 0.600000
vt 0.625000 0.400000
vt 0.625000 0.400000
vt 0.625000 0.600000
vt 0.750000 0.600000
vt 0.625000 0.400000
vt 0.750000 0.600000
vt 0.750000 0.400000
vt 0.750000 0.400000
vt 0.750000 0.600000
vt 0.875000 0.600000
vt 0.750000 0.400000
vt 0.875000 0.600000
vt 0.875000 0.400000
vt 0.875000 0.400000
vt 0.875000 0.600000
vt 1.000000 0.600000
vt 0.875000 0.400000
vt 1.000000 0.600000
vt 1.000000 0.400000
vt 0.000000 0.600000
vt 0.000000 0.800000
vt 0.125000 0.800000
vt 0.000000 0.600000
vt 0.125000 0.800000
vt 0.125000 0.600000
vt 0.125000 0.600000
vt 0.125000 0.800000
vt 0.250000 0.800000
vt 0.125000 0.600000
vt 0.250000 0.800000
vt 0.250000 0.600000
vt 0.250000 0.600000
vt 0.250000 0.800000
vt 0.375000 0.800000
vt 0.250000 0.600000
vt 0.375000 0.800000
vt 0.375000 0.600000
vt 0.375000 0.600000
vt 0.375000 0.800000
vt 0.500000 0.800000
vt 0.375000 0.600000
vt 0.500000 0.800000
vt 0.500000 0.600000
vt 0.500000 0.600000
vt 0.500000 0.800000
vt 0.625000 0.800000
vt 0.500000 0.600000
vt 0.625000 0.800000
vt 0.625000 0.600000
vt 0.625000 0.600000
vt 0.625000 0.800000
vt 0.750000 0.800000
vt 0.625000 0.600000
vt 0.750000 0.800000
vt 0.750000 0.600000
vt 0.750000 0.600000
vt 0.750000 0.800000
vt 0.875000 0.800000
vt 0.750000 0.600000
vt 0.875000 0.800000
vt 0.875000 0.600000
vt 0.875000 0.600000
vt 0.875000 0.800000
vt 1.000000 0.800000
vt 0.875000 0.600000
vt 1.000000 0.800000
vt 1.000000 0.600000
vt 0.000000 0.800000
vt 0.000000 1.000000
vt 0.125000 1.000000
vt 0.000000 0.800000
vt 0.125000 1.000000
vt 0.125000 0.800000
vt 0.125000 0.800000
vt 0.125000 1.000000
vt 0.250000 1.000000
vt 0.125000 0.800000
vt 0.250000 1.000000
vt 0.250000 0.800000
vt 0.250000 0.800000
vt 0.250000 1.000000
vt 0.375000 1.000000
vt 0.250000 0.800000
vt 0.375000 1.000000
vt 0.375000 0.800000
vt 0.375000 0.800000
vt 0.375000 1.000000
vt 0.500000 1.000000
vt 0.375000 0.800000
vt 0.500000 1.000000
vt 0.500000 0.800000
vt 0.500000 0.800000
vt 0.500000 1.000000
vt 0.625000 1.000000
vt 0.500000 0.800000
vt 0.625000 1.000000
vt 0.625000 0.800000
vt 0.625000 0.800000
vt 0.625000 1.000000
vt 0.750000 1.000000
vt 0.625000 0.800000
vt 0.750000 1.000000
vt 0.750000 0.800000
vt 0.750000 0.800000
vt 0.750000 1.000000
vt 0.875000 1.000000
vt 0.750000 0.800000
vt 0.875000 1.000000
vt 0.875000 0.800000
vt 0.875000 0.800000
vt 0.875000 1.000000
vt 1.000000 1.000000
vt 0.875000 0.800000
vt 1.000000 1.000000
vt 1.000000 0.800000
vt 0.000000 0.000000
vt 0.125000 0.000000
vt 0.125000 1.000000
vt 0.000000 0.000000
vt 0.125000 1.000000
vt 0.000000 1.000000
vt 0.000000 0.000000
vt 1.000000 0.000000
vt 1.000000 1.000000
vt 0.000000 0.000000
vt 1.000000 0.000000
vt 1.000000 1.000000
vt 0.125000 0.000000
vt 0.250000 0.000000
vt 0.250000 1.000000
vt 0.125000 0.000000
vt 0.250000 1.000000
vt 0.125000 1.000000
vt 0.000000 0.000000
vt 1.000000 0.000000
vt 1.000000 1.000000
vt 0.000000 0.000000
vt 1.000000 0.000000
vt 1.000000 1.000000
vt 0.250000 0.000000
vt 0.375000 0.000000
vt 0.375000 1.000000
vt 0.250000 0.000000
vt 0.375000 1.000000
vt 0.250000 1.000000
vt 0.000000 0.000000
vt 1.000000 0.000000
vt 1.000000 1.000000
vt 0.000000 0.000000
vt 1.000000 0.000000
vt 1.000000 1.000000
vt 0.375000 0.000000
vt 0.500000 0.000000
vt 0.500000 1.000000
vt 0.375000 0.000000
vt 0.500000 1.000000
vt 0.375000 1.000000
vt 0.000000 0.000000
vt 1.000000 0.000000
vt 1.000000 1.000000
vt 0.000000 0.000000
vt 1.000000 0.000000
vt 1.000000 1.000000
vt 0.500000 0.000000
vt 0.625000 0.000000
vt 0.625000 1.000000
vt 0.500000 0.000000
vt 0.625000 1.000000
vt 0.500000 1.000000
vt 0.000000 0.000000
vt 1.000000 0.000000
vt 1.000000 1.000000
vt 0.000000 0.000000
vt 1.000000 0.000000
vt 1.000000 1.000000
vt 0.625000 0.000000
vt 0.750000 0.000000
vt 0.750000 1.000000
vt 0.625000 0.000000
vt 0.750000 1.000000
vt 0.625000 1.000000
vt 0.000000 0.000000
vt 1.000000 0.000000
vt 1.000000 1.000000
vt 0.000000 0.000000
vt 1.000000 0.000000
vt 1.000000 1.000000
vt 0.750000 0.000000
vt 0.875000 0.000000
vt 0.875000 1.000000
vt 0.750000 0.000000
vt 0.875000 1.000000
vt 0.750000 1.000000
vt 0.000000 0.000000
vt 1.000000 0.000000
vt 1.000000 1.000000
vt 0.000000 0.000000
vt 1.000000 0.000000
vt 1.000000 1.000000
vt 0.875000 0.000000
vt 1.000000 0.000000
vt 1.000000 1.000000
vt 0.875000 0.000000
vt 1.000000 1.000000
vt 0.875000 1.000000
vt 0.000000 0.000000
vt 1.000000 0.000000
vt 1.000000 1.000000
vt 0.000000 0.000000
vt 1.000000 0.000000
vt 1.000000 1.000000
vt 0.000000 0.000000
vt 0.000000 0.200000
vt 0.125000 0.200000
vt 0.000000 0.000000
vt 0.125000 0.200000
vt 0.125000 0.000000
vt 0.125000 0.000000
vt 0.125000 0.200000
vt 0.250000 0.200000
vt 0.125000 0.000000
vt 0.250000 0.200000
vt 0.250000 0.000000
vt 0.250000 0.000000
vt 0.250000 0.200000
vt 0.375000 0.200000
vt 0.250000 0.000000
vt 0.375000 0.200000
vt 0.375000 0.000000
vt 0.375000 0.000000
vt 0.375000 0.200000
vt 0.500000 0.200000
vt 0.375000 0.000000
vt 0.500000 0.200000
vt 0.500000 0.000000
vt 0.500000 0.000000
vt 0.500000 0.200000
vt 0.625000 0.200000
vt 0.500000 0.000000
vt 0.625000 0.200000
vt 0.625000 0.000000
vt 0.625000 0.000000
vt 0.625000 0.200000
vt 0.750000 0.200000
vt 0.625000 0.000000
vt 0.750000 0.200000
vt 0.750000 0.000000
vt 0.750000 0.000000
vt 0.750000 0.200000
vt 0.875000 0.200000
vt 0.750000 0.000000
vt 0.875000 0.200000
vt 0.875000 0.000000
vt 0.875000 0.000000
vt 0.875000 0.200000
vt 1.000000 0.200000
vt 0.875000 0.000000
vt 1.000000 0.200000
vt 1.000000 0.000000
vt 0.000000 0.200000
vt 0.000000 0.400000
vt 0.125000 0.400000
vt 0.000000 0.200000
vt 0.125000 0.400000
vt 0.125000 0.200000
vt 0.125000 0.200000
vt 0.125000 0.400000
vt 0.250000 0.400000
vt 0.125000 0.200000
vt 0.250000 0.400000
vt 0.250000 0.200000
vt 0.250000 0.200000
vt 0.250000 0.400000
vt 0.375000 0.400000
vt 0.250000 0.200000
vt 0.375000 0.400000
vt 0.375000 0.200000
vt 0.375000 0.200000
vt 0.375000 0.400000
vt 0.500000 0.400000
vt 0.375000 0.200000
vt 0.500000 0.400000
vt 0.500000 0.200000
vt 0.500000 0.200000
vt 0.500000 0.400000
vt 0.625000 0.400000
vt 0.500000 0.200000
vt 0.625000 0.400000
vt 0.625000 0.200000
vt 0.625000 0.200000
vt 0.625000 0.400000
vt 0.750000 0.400000
vt 0.625000 0.200000
vt 0.750000 0.400000
vt 0.750000 0.200000
vt 0.750000 0.200000
vt 0.750000 0.400000
vt 0.875000 0.400000
vt 0.750000 0.200000
vt 0.875000 0.400000
vt 0.875000 0.200000
vt 0.875000 0.200000
vt 0.875000 0.400000
vt 1.000000 0.400000
vt 0.875000 0.200000
vt 1.000000 0.400000
vt 1.000000 0.200000
vt 0.000000 0.400000
vt 0.000000 0.600000
vt 0.125000 0.600000
vt 0.000000 0.400000
vt 0.125000 0.600000
vt 0.125000 0.400000
vt 0.125000 0.400000
vt 0.125000 0.600000
vt 0.250000 0.600000
vt 0.125000 0.400000
vt 0.250000 0.600000
vt 0.250000 0.400000
vt 0.250000 0.400000
vt 0.250000 0.600000
vt 0.375000 0.600000
vt 0.250000 0.400000
vt 0.375000 0.600000
vt 0.375000 0.400000
vt 0.375000 0.400000
vt 0.375000 0.600000
vt 0.500000 0.600000
vt 0.375000 0.400000
vt 0.500000 0.600000
vt 0.500000 0.400000
vt 0.500000 0.400000
vt 0.500000 0.600000
vt 0.625000 0.600000
vt 0.500000 0.400000
vt 0.625000 0.600000
vt 0.625000 0.400000
vt 0.625000 0.400000
vt 0.625000 0.600000
vt 0.750000 0.600000
vt 0.625000 0.400000
vt 0.750000 0.600000
vt 0.750000 0.400000
vt 0.750000 0.400000
vt 0.750000 0.600000
vt 0.875000 0.600000
vt 0.750000 0.400000
vt 0.875000 0.600000
vt 0.875000 0.400000
vt 0.875000 0.400000
vt 0.875000 0.600000
vt 1.000000 0.600000
vt 0.875000 0.400000
vt 1.000000 0.600000
vt 1.000000 0.400000
vt 0.000000 0.600000
vt 0.000000 0.800000
vt 0.125000 0.800000
vt 0.000000 0.600000
vt 0.125000 0.800000
vt 0.125000 0.600000
vt 0.125000 0.600000
vt 0.125000 0.800000
vt 0.250000 0.800000
vt 0.125000 0.600000
vt 0.250000 0.800000
vt 0.250000 0.600000
vt 0.250000 0.600000
vt 0.250000 0.800000
vt 0.375000 0.800000
vt 0.250000 0.600000
vt 0.375000 0.800000
vt 0.375000 0.600000
vt 0.375000 0.600000
vt 0.375000 0.800000
vt 0.500000 0.800000
vt 0.375000 0.600000
vt 0.500000 0.800000
vt 0.500000 0.600000
vt 0.500000 0.600000
vt 0.500000 0.800000
vt 0.625000 0.800000
vt 0.500000 0.600000
vt 0.625000 0.800000
vt 0.625000 0.600000
vt 0.625000 0.600000
vt 0.625000 0.800000
vt 0.750000 0.800000
vt 0.625000 0.600000
vt 0.750000 0.800000
vt 0.750000 0.600000
vt 0.750000 0.600000
vt 0.750000 0.800000
vt 0.875000 0.800000
vt 0.750000 0.600000
vt 0.875000 0.800000
vt 0.875000 0.600000
vt 0.875000 0.600000
vt 0.875000 0.800000
vt 1.000000 0.800000
vt 0.875000 0.600000
vt 1.000000 0.800000
vt 1.000000 0.600000
vt 0.000000 0.800000
vt 0.000000 1.000000
vt 0.125000 1.000000
vt 0.000000 0.800000
vt 0.125000 1.000000
vt 0.125000 0.800000
vt 0.125000 0.800000
vt 0.125000 1.000000
vt 0.250000 1.000000
vt 0.125000 0.800000
vt 0.250000 1.000000
vt 0.250000 0.800000
vt 0.250000 0.800000
vt 0.250000 1.000000
vt 0.375000 1.000000
vt 0.250000 0.800000
vt 0.375000 1.000000
vt 0.375000 0.800000
vt 0.375000 0.800000
vt 0.375000 1.000000
vt 0.500000 1.000000
vt 0.375000 0.800000
vt 0.500000 1.000000
vt 0.500000 0.800000
vt 0.500000 0.800000
vt 0.500000 1.000000
vt 0.625000 1.000000
vt 0.500000 0.800000
vt 0.625000 1.000000
vt 0.625000 0.800000
vt 0.625000 0.800000
vt 0.625000 1.000000
vt 0.750000 1.000000
vt 0.625000 0.800000
vt 0.750000 1.000000
vt 0.750000 0.800000
vt 0.750000 0.800000
vt 0.750000 1.000000
vt 0.875000 1.000000
vt 0.750000 0.800000
vt 0.875000 1.000000
vt 0.875000 0.800000
vt 0.875000 0.800000
vt 0.875000 1.000000
vt 1.000000 1.000000
vt 0.875000 0.800000
vt 1.000000 1.000000
vt 1.000000 0.800000
vt 0.000000 0.000000
vt 0.000000 0.125000
vt 0.083333 0.125000
vt 0.000000 0.000000
vt 0.083333 0.125000
vt 0.083333 0.000000
vt 0.083333 0.000000
vt 0.083333 0.125000
vt 0.166667 0.125000
vt 0.083333 0.000000
vt 0.166667 0.125000
vt 0.166667 0.000000
vt 0.166667 0.000000
vt 0.166667 0.125000
vt 0.250000 0.125000
vt 0.166667 0.000000
vt 0.250000 0.125000
vt 0.250000 0.000000
vt 0.250000 0.000000
vt 0.250000 0.125000
vt 0.333333 0.125000
vt 0.250000 0.000000
vt 0.333333 0.125000
vt 0.333333 0.000000
vt 0.333333 0.000000
vt 0.333333 0.125000
vt 0.416667 0.125000
vt 0.333333 0.000000
vt 0.416667 0.125000
vt 0.416667 0.000000
vt 0.416667 0.000000
vt 0.416667 0.125000
vt 0.500000 0.125000
vt 0.416667 0.000000
vt 0.500000 0.125000
vt 0.500000 0.000000
vt 0.500000 0.000000
vt 0.500000 0.125000
vt 0.583333 0.125000
vt 0.500000 0.000000
vt 0.583333 0.125000
vt 0.583333 0.000000
vt 0.583333 0.000000
vt 0.583333 0.125000
vt 0.666667 0.125000
vt 0.583333 0.000000
vt 0.666667 0.125000
vt 0.666667 0.000000
vt 0.666667 0.000000
vt 0.666667 0.125000
vt 0.750000 0.125000
vt 0.666667 0.000000
vt 0.750000 0.125000
vt 0.750000 0.000000
vt 0.750000 0.000000
vt 0.750000 0.125000
vt 0.833333 0.125000
vt 0.750000 0.000000
vt 0.833333 0.125000
vt 0.833333 0.000000
vt 0.833333 0.000000
vt 0.833333 0.125000
vt 0.916667 0.125000
vt 0.833333 0.000000
vt 0.916667 0.125000
vt 0.916667 0.000000
vt 0.916667 0.000000
vt 0.916667 0.125000
vt 1.000000 0.125000
vt 0.916667 0.000000
vt 1.000000 0.125000
vt 1.000000 0.000000
vt 0.000000 0.125000
vt 0.000000 0.250000
vt 0.083333 0.250000
vt 0.000000 0.125000
vt 0.083333 0.250000
vt 0.083333 0.125000
vt 0.083333 0.125000
vt 0.083333 0.250000
vt 0.166667 0.250000
vt 0.083333 0.125000
vt 0.166667 0.250000
vt 0.166667 0.125000
vt 0.166667 0.125000
vt 0.166667 0.250000
vt 0.250000 0.250000
vt 0.166667 0.125000
vt 0.250000 0.250000
vt 0.250000 0.125000
vt 0.250000 0.125000
vt 0.250000 0.250000
vt 0.333333 0.250000
vt 0.250000 0.125000
vt 0.333333 0.250000
vt 0.333333 0.125000
vt 0.333333 0.125000
vt 0.333333 0.250000
vt 0.416667 0.250000
vt 0.333333 0.125000
vt 0.416667 0.250000
vt 0.416667 0.125000
vt 0.416667 0.125000
vt 0.416667 0.250000
vt 0.500000 0.250000
vt 0.416667 0.125000
vt 0.500000 0.250000
vt 0.500000 0.125000
vt 0.500000 0.125000
vt 0.500000 0.250000
vt 0.583333 0.250000
vt 0.500000 0.125000
vt 0.583333 0.250000
vt 0.583333 0.125000
vt 0.583333 0.125000
vt 0.583333 0.250000
vt 0.666667 0.250000
vt 0.583333 0.125000
vt 0.666667 0.250000
vt 0.666667 0.125000
vt 0.666667 0.125000
vt 0.666667 0.250000
vt 0.750000 0.250000
vt 0.666667 0.125000
vt 0.750000 0.250000
vt 0.750000 0.125000
vt 0.750000 0.125000
vt 0.750000 0.250000
vt 0.833333 0.250000
vt 0.750000 0.125000
vt 0.833333 0.250000
vt 0.833333 0.125000
vt 0.833333 0.125000
vt 0.833333 0.250000
vt 0.916667 0.250000
vt 0.833333 0.125000
vt 0.916667 0.250000
vt 0.916667 0.125000
vt 0.916667 0.125000
vt 0.916667 0.250000
vt 1.000000 0.250000
vt 0.916667 0.125000
vt 1.000000 0.250000
vt 1.000000 0.125000
vt 0.000000 0.250000
vt 0.000000 0.375000
vt 0.083333 0.375000
vt 0.000000 0.250000
vt 0.083333 0.375000
vt 0.083333 0.250000
vt 0.083333 0.250000
vt 0.083333 0.375000
vt 0.166667 0.375000
vt 0.083333 0.250000
vt 0.166667 0.375000
vt 0.166667 0.250000
vt 0.166667 0.250000
vt 0.166667 0.375000
vt 0.250000 0.375000
vt 0.166667 0.250000
vt 0.250000 0.375000
vt 0.250000 0.250000
vt 0.250000 0.250000
vt 0.250000 0.375000
vt 0.333333 0.375000
vt 0.250000 0.250000
vt 0.333333 0.375000
vt 0.333333 0.250000
vt 0.333333 0.250000
vt 0.333333 0.375000
vt 0.416667 0.375000
vt 0.333333 0.250000
vt 0.416667 0.375000
vt 0.416667 0.250000
vt 0.416667 0.250000
vt 0.416667 0.375000
vt 0.500000 0.375000
vt 0.416667 0.250000
vt 0.500000 0.375000
vt 0.500000 0.250000
vt 0.500000 0.250000
vt 0.500000 0.375000
vt 0.583333 0.375000
vt 0.500000 0.250000
vt 0.583333 0.375000
vt 0.583333 0.250000
vt 0.583333 0.250000
vt 0.583333 0.375000
vt 0.666667 0.375000
vt 0.583333 0.250000
vt 0.666667 0.375000
vt 0.666667 0.250000
vt 0.666667 0.250000
vt 0.666667 0.375000
vt 0.750000 0.375000
vt 0.666667 0.250000
vt 0.750000 0.375000
vt 0.750000 0.250000
vt 0.750000 0.250000
vt 0.750000 0.375000
vt 0.833333 0.375000
vt 0.750000 0.250000
vt 0.833333 0.375000
vt 0.833333 0.250000
vt 0.833333 0.250000
vt 0.833333 0.375000
vt 0.916667 0.375000
vt 0.833333 0.250000
vt 0.916667 0.375000
vt 0.916667 0.250000
vt 0.916667 0.250000
vt 0.916667 0.375000
vt 1.000000 0.375000
vt 0.916667 0.250000
vt 1.000000 0.375000
vt 1.000000 0.250000
vt 0.000000 0.375000
vt 0.000000 0.500000
vt 0.083333 0.500000
vt 0.000000 0.375000
vt 0.083333 0.500000
vt 0.083333 0.375000
vt 0.083333 0.375000
vt 0.083333 0.500000
vt 0.166667 0.500000
vt 0.083333 0.375000
vt 0.166667 0.500000
vt 0.166667 0.375000
vt 0.166667 0.375000
vt 0.166667 0.500000
vt 0.250000 0.500000
vt 0.166667 0.375000
vt 0.250000 0.500000
vt 0.250000 0.375000
vt 0.250000 0.375000
vt 0.250000 0.500000
vt 0.333333 0.500000
vt 0.250000 0.375000
vt 0.333333 0.500000
vt 0.333333 0.375000
vt 0.333333 0.375000
vt 0.333333 0.500000
vt 0.416667 0.500000
vt 0.333333 0.375000
vt 0.416667 0.500000
vt 0.416667 0.375000
vt 0.416667 0.375000
vt 0.416667 0.500000
vt 0.500000 0.500000
vt 0.416667 0.375000
vt 0.500000 0.500000
vt 0.500000 0.375000
vt 0.500000 0.375000
vt 0.500000 0.500000
vt 0.583333 0.500000
vt 0.500000 0.375000
vt 0.583333 0.500000
vt 0.583333 0.375000
vt 0.583333 0.375000
vt 0.583333 0.500000
vt 0.666667 0.500000
vt 0.583333 0.375000
vt 0.666667 0.500000
vt 0.666667 0.375000
vt 0.666667 0.375000
vt 0.666667 0.500000
vt 0.750000 0.500000
vt 0.666667 0.375000
vt 0.750000 0.500000
vt 0.750000 0.375000
vt 0.750000 0.375000
vt 0.750000 0.500000
vt 0.833333 0.500000
vt 0.750000 0.375000
vt 0.833333 0.500000
vt 0.833333 0.375000
vt 0.833333 0.375000
vt 0.833333 0.500000
vt 0.916667 0.500000
vt 0.833333 0.375000
vt 0.916667 0.500000
vt 0.916667 0.375000
vt 0.916667 0.375000
vt 0.916667 0.500000
vt 1.000000 0.500000
vt 0.916667 0.375000
vt 1.000000 0.500000
vt 1.000000 0.375000
vt 0.000000 0.500000
vt 0.000000 0.625000
vt 0.083333 0.625000
vt 0.000000 0.500000
vt 0.083333 0.625000
vt 0.083333 0.500000
vt 0.083333 0.500000
vt 0.083333 0.625000
vt 0.166667 0.625000
vt 0.083333 0.500000
vt 0.166667 0.625000
vt 0.166667 0.500000
vt 0.166667 0.500000
vt 0.166667 0.625000
vt 0.250000 0.625000
vt 0.166667 0.500000
vt 0.250000 0.625000
vt 0.250000 0.500000
vt 0.250000 0.500000
vt 0.250000 0.625000
vt 0.333333 0.625000
vt 0.250000 0.500000
vt 0.333333 0.625000
vt 0.333333 0.500000
vt 0.333333 0.500000
vt 0.333333 0.625000
vt 0.416667 0.625000
vt 0.333333 0.500000
vt 0.416667 0.625000
vt 0.416667 0.500000
vt 0.416667 0.500000
vt 0.416667 0.625000
vt 0.500000 0.625000
vt 0.416667 0.500000
vt 0.500000 0.625000
vt 0.500000 0.500000
vt 0.500000 0.500000
vt 0.500000 0.625000
vt 0.583333 0.625000
vt 0.500000 0.500000
vt 0.583333 0.625000
vt 0.583333 0.500000
vt 0.583333 0.500000
vt 0.583333 0.625000
vt 0.666667 0.625000
vt 0.583333 0.500000
vt 0.666667 0.625000
vt 0.666667 0.500000
vt 0.666667 0.500000
vt 0.666667 0.625000
vt 0.750000 0.625000
vt 0.666667 0.500000
vt 0.750000 0.625000
vt 0.750000 0.500000
vt 0.750000 0.500000
vt 0.750000 0.625000
vt 0.833333 0.625000
vt 0.750000 0.500000
vt 0.833333 0.625000
vt 0.833333 0.500000
vt 0.833333 0.500000
vt 0.833333 0.625000
vt 0.916667 0.625000
vt 0.833333 0.500000
vt 0.916667 0.625000
vt 0.916667 0.500000
vt 0.916667 0.500000
vt 0.916667 0.625000
vt 1.000000 0.625000
vt 0.916667 0.500000
vt 1.000000 0.625000
vt 1.000000 0.500000
vt 0.000000 0.625000
vt 0.000000 0.750000
vt 0.083333 0.750000
vt 0.000000 0.625000
vt 0.083333 0.750000
vt 0.083333 0.625000
vt 0.083333 0.625000
vt 0.083333 0.750000
vt 0.166667 0.750000
vt 0.083333 0.625000
vt 0.166667 0.750000
vt 0.166667 0.625000
vt 0.166667 0.625000
vt 0.166667 0.750000
vt 0.250000 0.750000
vt 0.166667 0.625000
vt 0.250000 0.750000
vt 0.250000 0.625000
vt 0.250000 0.625000
vt 0.250000 0.750000
vt 0.333333 0.750000
vt 0.250000 0.625000
vt 0.333333 0.750000
vt 0.333333 0.625000
vt 0.333333 0.625000
vt 0.333333 0.750000
vt 0.416667 0.750000
vt 0.333333 0.625000
vt 0.416667 0.750000
vt 0.416667 0.625000
vt 0.416667 0.625000
vt 0.416667 0.750000
vt 0.500000 0.750000
vt 0.416667 0.625000
vt 0.500000 0.750000
vt 0.500000 0.625000
vt 0.500000 0.625000
vt 0.500000 0.750000
vt 0.583333 0.750000
vt 0.500000 0.625000
vt 0.583333 0.750000
vt 0.583333 0.625000
vt 0.583333 0.625000
vt 0.583333 0.750000
vt 0.666667 0.750000
vt 0.583333 0.625000
vt 0.666667 0.750000
vt 0.666667 0.625000
vt 0.666667 0.625000
vt 0.666667 0.750000
vt 0.750000 0.750000
vt 0.666667 0.625000
vt 0.750000 0.750000
vt 0.750000 0.625000
vt 0.750000 0.625000
vt 0.750000 0.750000
vt 0.833333 0.750000
vt 0.750000 0.625000
vt 0.833333 0.750000
vt 0.833333 0.625000
vt 0.833333 0.625000
vt 0.833333 0.750000
vt 0.916667 0.750000
vt 0.833333 0.625000
vt 0.916667 0.750000
vt 0.916667 0.625000
vt 0.916667 0.625000
vt 0.916667 0.750000
vt 1.000000 0.750000
vt 0.916667 0.625000
vt 1.000000 0.750000
vt 1.000000 0.625000
vt 0.000000 0.750000
vt 0.000000 0.875000
vt 0.083333 0.875000
vt 0.000000 0.750000
vt 0.083333 0.875000
vt 0.083333 0.750000
vt 0.083333 0.750000
vt 0.083333 0.875000
vt 0.166667 0.875000
vt 0.083333 0.750000
vt 0.166667 0.875000
vt 0.166667 0.750000
vt 0.166667 0.750000
vt 0.166667 0.875000
vt 0.250000 0.875000
vt 0.166667 0.750000
vt 0.250000 0.875000
vt 0.250000 0.750000
vt 0.250000 0.750000
vt 0.250000 0.875000
vt 0.333333 0.875000
vt 0.250000 0.750000
vt 0.333333 0.875000
vt 0.333333 0.750000
vt 0.333333 0.750000
vt 0.333333 0.875000
vt 0.416667 0.875000
vt 0.333333 0.750000
vt 0.416667 0.875000
vt 0.416667 0.750000
vt 0.416667 0.750000
vt 0.416667 0.875000
vt 0.500000 0.875000
vt 0.416667 0.750000
vt 0.500000 0.875000
vt 0.500000 0.750000
vt 0.500000 0.750000
vt 0.500000 0.875000
vt 0.583333 0.875000
vt 0.500000 0.750000
vt 0.583333 0.875000
vt 0.583333 0.750000
vt 0.583333 0.750000
vt 0.583333 0.875000
vt 0.666667 0.875000
vt 0.583333 0.750000
vt 0.666667 0.875000
vt 0.666667 0.750000
vt 0.666667 0.750000
vt 0.666667 0.875000
vt 0.750000 0.875000
vt 0.666667 0.750000
vt 0.750000 0.875000
vt 0.750000 0.750000
vt 0.750000 0.750000
vt 0.750000 0.875000
vt 0.833333 0.875000
vt 0.750000 0.750000
vt 0.833333 0.875000
vt 0.833333 0.750000
vt 0.833333 0.750000
vt 0.833333 0.875000
vt 0.916667 0.875000
vt 0.833333 0.750000
vt 0.916667 0.875000
vt 0.916667 0.750000
vt 0.916667 0.750000
vt 0.916667 0.875000
vt 1.000000 0.875000
vt 0.916667 0.750000
vt 1.000000 0.875000
vt 1.000000 0.750000
vt 0.000000 0.875000
vt 0.000000 1.000000
vt 0.083333 1.000000
vt 0.000000 0.875000
vt 0.083333 1.000000
vt 0.083333 0.875000
vt 0.083333 0.875000
vt 0.083333 1.000000
vt 0.166667 1.000000
vt 0.083333 0.875000
vt 0.166667 1.000000
vt 0.166667 0.875000
vt 0.166667 0.875000
vt 0.166667 1.000000
vt 0.250000 1.000000
vt 0.166667 0.875000
vt 0.250000 1.000000
vt 0.250000 0.875000
vt 0.250000 0.875000
vt 0.250000 1.000000
vt 0.333333 1.000000
vt 0.250000 0.875000
vt 0.333333 1.000000
vt 0.333333 0.875000
vt 0.333333 0.875000
vt 0.333333 1.000000
vt 0.416667 1.000000
vt 0.333333 0.875000
vt 0.416667 1.000000
vt 0.416667 0.875000
vt 0.416667 0.875000
vt 0.416667 1.000000
vt 0.500000 1.000000
vt 0.416667 0.875000
vt 0.500000 1.000000
vt 0.500000 0.875000
vt 0.500000 0.875000
vt 0.500000 1.000000
vt 0.583333 1.000000
vt 0.500000 0.875000
vt 0.583333 1.000000
vt 0.583333 0.875000
vt 0.583333 0.875000
vt 0.583333 1.000000
vt 0.666667 1.000000
vt 0.583333 0.875000
vt 0.666667 1.000000
vt 0.666667 0.875000
vt 0.666667 0.875000
vt 0.666667 1.000000
vt 0.750000 1.000000
vt 0.666667 0.875000
vt 0.750000 1.000000
vt 0.750000 0.875000
vt 0.750000 0.875000
vt 0.750000 1.000000
vt 0.833333 1.000000
vt 0.750000 0.875000
vt 0.833333 1.000000
vt 0.833333 0.875000
vt 0.833333 0.875000
vt 0.833333 1.000000
vt 0.916667 1.000000
vt 0.833333 0.875000
vt 0.916667 1.000000
vt 0.916667 0.875000
vt 0.916667 0.875000
vt 0.916667 1.000000
vt 1.000000 1.000000
vt 0.916667 0.875000
vt 1.000000 1.000000
vt 1.000000 0.875000
vt 0.000000 0.000000
vt 0.000000 0.125000
vt 0.083333 0.125000
vt 0.000000 0.000000
vt 0.083333 0.125000
vt 0.083333 0.000000
vt 0.083333 0.000000
vt 0.083333 0.125000
vt 0.166667 0.125000
vt 0.083333 0.000000
vt 0.166667 0.125000
vt 0.166667 0.000000
vt 0.166667 0.000000
vt 0.166667 0.125000
vt 0.250000 0.125000
vt 0.166667 0.000000
vt 0.250000 0.125000
vt 0.250000 0.000000
vt 0.250000 0.000000
vt 0.250000 0.125000
vt 0.333333 0.125000
vt 0.250000 0.000000
vt 0.333333 0.125000
vt 0.333333 0.000000
vt 0.333333 0.000000
vt 0.333333 0.125000
vt 0.416667 0.125000
vt 0.333333 0.000000
vt 0.416667 0.125000
vt 0.416667 0.000000
vt 0.416667 0.000000
vt 0.416667 0.125000
vt 0.500000 0.125000
vt 0.416667 0.000000
vt 0.500000 0.125000
vt 0.500000 0.000000
vt 0.500000 0.000000
vt 0.500000 0.125000
vt 0.583333 0.125000
vt 0.500000 0.000000
vt 0.583333 0.125000
vt 0.583333 0.000000
vt 0.583333 0.000000
vt 0.583333 0.125000
vt 0.666667 0.125000
vt 0.583333 0.000000
vt 0.666667 0.125000
vt 0.666667 0.000000
vt 0.666667 0.000000
vt 0.666667 0.125000
vt 0.750000 0.125000
vt 0.666667 0.000000
vt 0.750000 0.125000
vt 0.750000 0.000000
vt 0.750000 0.000000
vt 0.750000 0.125000
vt 0.833333 0.125000
vt 0.750000 0.000000
vt 0.833333 0.125000
vt 0.833333 0.000000
vt 0.833333 0.000000
vt 0.833333 0.125000
vt 0.916667 0.125000
vt 0.833333 0.000000
vt 0.916667 0.125000
vt 0.916667 0.000000
vt 0.916667 0.000000
vt 0.916667 0.125000
vt 1.000000 0.125000
vt 0.916667 0.000000
vt 1.000000 0.125000
vt 1.000000 0.000000
vt 0.000000 0.125000
vt 0.000000 0.250000
vt 0.083333 0.250000
vt 0.000000 0.125000
vt 0.083333 0.250000
vt 0.083333 0.125000
vt 0.083333 0.125000
vt 0.083333 0.250000
vt 0.166667 0.250000
vt 0.083333 0.125000
vt 0.166667 0.250000
vt 0.166667 0.125000
vt 0.166667 0.125000
vt 0.166667 0.250000
vt 0.250000 0.250000
vt 0.166667 0.125000
vt 0.250000 0.250000
vt 0.250000 0.125000
vt 0.250000 0.125000
vt 0.250000 0.250000
vt 0.333333 0.250000
vt 0.250000 0.125000
vt 0.333333 0.250000
vt 0.333333 0.125000
vt 0.333333 0.125000
vt 0.333333 0.250000
vt 0.416667 0.250000
vt 0.333333 0.125000
vt 0.416667 0.250000
vt 0.416667 0.125000
vt 0.416667 0.125000
vt 0.416667 0.250000
vt 0.500000 0.250000
vt 0.416667 0.125000
vt 0.500000 0.250000
vt 0.500000 0.125000
vt 0.500000 0.125000
vt 0.500000 0.250000
vt 0.583333 0.250000
vt 0.500000 0.125000
vt 0.583333 0.250000
vt 0.583333 0.125000
vt 0.583333 0.125000
vt 0.583333 0.250000
vt 0.666667 0.250000
vt 0.583333 0.125000
vt 0.666667 0.250000
vt 0.666667 0.125000
vt 0.666667 0.125000
vt 0.666667 0.250000
vt 0.750000 0.250000
vt 0.666667 0.125000
vt 0.750000 0.250000
vt 0.750000 0.125000
vt 0.750000 0.125000
vt 0.750000 0.250000
vt 0.833333 0.250000
vt 0.750000 0.125000
vt 0.833333 0.250000
vt 0.833333 0.125000
vt 0.833333 0.125000
vt 0.833333 0.250000
vt 0.916667 0.250000
vt 0.833333 0.125000
vt 0.916667 0.250000
vt 0.916667 0.125000
vt 0.916667 0.125000
vt 0.916667 0.250000
vt 1.000000 0.250000
vt 0.916667 0.125000
vt 1.000000 0.250000
vt 1.000000 0.125000
vt 0.000000 0.250000
vt 0.000000 0.375000
vt 0.083333 0.375000
vt 0.000000 0.250000
vt 0.083333 0.375000
vt 0.083333 0.250000
vt 0.083333 0.250000
vt 0.083333 0.375000
vt 0.166667 0.375000
vt 0.083333 0.250000
vt 0.166667 0.375000
vt 0.166667 0.250000
vt 0.166667 0.250000
vt 0.166667 0.375000
vt 0.250000 0.375000
vt 0.166667 0.250000
vt 0.250000 0.375000
vt 0.250000 0.250000
vt 0.250000 0.250000
vt 0.250000 0.375000
vt 0.333333 0.375000
vt 0.250000 0.250000
vt 0.333333 0.375000
vt 0.333333 0.250000
vt 0.333333 0.250000
vt 0.333333 0.375000
vt 0.416667 0.375000
vt 0.333333 0.250000
vt 0.416667 0.375000
vt 0.416667 0.250000
vt 0.416667 0.250000
vt 0.416667 0.375000
vt 0.500000 0.375000
vt 0.416667 0.250000
vt 0.500000 0.375000
vt 0.500000 0.250000
vt 0.500000 0.250000
vt 0.500000 0.375000
vt 0.583333 0.375000
vt 0.500000 0.250000
vt 0.583333 0.375000
vt 0.583333 0.250000
vt 0.583333 0.250000
vt 0.583333 0.375000
vt 0.666667 0.375000
vt 0.583333 0.250000
vt 0.666667 0.375000
vt 0.666667 0.250000
vt 0.666667 0.250000
vt 0.666667 0.375000
vt 0.750000 0.375000
vt 0.666667 0.250000
vt 0.750000 0.375000
vt 0.750000 0.250000
vt 0.750000 0.250000
vt 0.750000 0.375000
vt 0.833333 0.375000
vt 0.750000 0.250000
vt 0.833333 0.375000
vt 0.833333 0.250000
vt 0.833333 0.250000
vt 0.833333 0.375000
vt 0.916667 0.375000
vt 0.833333 0.250000
vt 0.916667 0.375000
vt 0.916667 0.250000
vt 0.916667 0.250000
vt 0.916667 0.375000
vt 1.000000 0.375000
vt 0.916667 0.250000
vt 1.000000 0.375000
vt 1.000000 0.250000
vt 0.000000 0.375000
vt 0.000000 0.500000
vt 0.083333 0.500000
vt 0.000000 0.375000
vt 0.083333 0.500000
vt 0.083333 0.375000
vt 0.083333 0.375000
vt 0.083333 0.500000
vt 0.166667 0.500000
vt 0.083333 0.375000
vt 0.166667 0.500000
vt 0.166667 0.375000
vt 0.166667 0.375000
vt 0.166667 0.500000
vt 0.250000 0.500000
vt 0.166667 0.375000
vt 0.250000 0.500000
vt 0.250000 0.375000
vt 0.250000 0.375000
vt 0.250000 0.500000
vt 0.333333 0.500000
vt 0.250000 0.375000
vt 0.333333 0.500000
vt 0.333333 0.375000
vt 0.333333 0.375000
vt 0.333333 0.500000
vt 0.416667 0.500000
vt 0.333333 0.375000
vt 0.416667 0.500000
vt 0.416667 0.375000
vt 0.416667 0.375000
vt 0.416667 0.500000
vt 0.500000 0.500000
vt 0.416667 0.375000
vt 0.500000 0.500000
vt 0.500000 0.375000
vt 0.500000 0.375000
vt 0.500000 0.500000
vt 0.583333 0.500000
vt 0.500000 0.375000
vt 0.583333 0.500000
vt 0.583333 0.375000
vt 0.583333 0.375000
vt 0.583333 0.500000
vt 0.666667 0.500000
vt 0.583333 0.375000
vt 0.666667 0.500000
vt 0.666667 0.375000
vt 0.666667 0.375000
vt 0.666667 0.500000
vt 0.750000 0.500000
vt 0.666667 0.375000
vt 0.750000 0.500000
vt 0.750000 0.375000
vt 0.750000 0.375000
vt 0.750000 0.500000
vt 0.833333 0.500000
vt 0.750000 0.375000
vt 0.833333 0.500000
vt 0.833333 0.375000
vt 0.833333 0.375000
vt 0.833333 0.500000
vt 0.916667 0.500000
vt 0.833333 0.375000
vt 0.916667 0.500000
vt 0.916667 0.375000
vt 0.916667 0.375000
vt 0.916667 0.500000
vt 1.000000 0.500000
vt 0.916667 0.375000
vt 1.000000 0.500000
vt 1.000000 0.375000
vt 0.000000 0.500000
vt 0.000000 0.625000
vt 0.083333 0.625000
vt 0.000000 0.500000
vt 0.083333 0.625000
vt 0.083333 0.500000
vt 0.083333 0.500000
vt 0.083333 0.625000
vt 0.166667 0.625000
vt 0.083333 0.500000
vt 0.166667 0.625000
vt 0.166667 0.500000
vt 0.166667 0.500000
vt 0.166667 0.625000
vt 0.250000 0.625000
vt 0.166667 0.500000
vt 0.250000 0.625000
vt 0.250000 0.500000
vt 0.250000 0.500000
vt 0.250000 0.625000
vt 0.333333 0.625000
vt 0.250000 0.500000
vt 0.333333 0.625000
vt 0.333333 0.500000
vt 0.333333 0.500000
vt 0.333333 0.625000
vt 0.416667 0.625000
vt 0.333333 0.500000
vt 0.416667 0.625000
vt 0.416667 0.500000
vt 0.416667 0.500000
vt 0.416667 0.625000
vt 0.500000 0.625000
vt 0.416667 0.500000
vt 0.500000 0.625000
vt 0.500000 0.500000
vt 0.500000 0.500000
vt 0.500000 0.625000
vt 0.583333 0.625000
vt 0.500000 0.500000
vt 0.583333 0.625000
vt 0.583333 0.500000
vt 0.583333 0.500000
vt 0.583333 0.625000
vt 0.666667 0.625000
vt 0.583333 0.500000
vt 0.666667 0.625000
vt 0.666667 0.500000
vt 0.666667 0.500000
vt 0.666667 0.625000
vt 0.750000 0.625000
vt 0.666667 0.500000
vt 0.750000 0.625000
vt 0.750000 0.500000
vt 0.750000 0.500000
vt 0.750000 0.625000
vt 0.833333 0.625000
vt 0.750000 0.500000
vt 0.833333 0.625000
vt 0.833333 0.500000
vt 0.833333 0.500000
vt 0.833333 0.625000
vt 0.916667 0.625000
vt 0.833333 0.500000
vt 0.916667 0.625000
vt 0.916667 0.500000
vt 0.916667 0.500000
vt 0.916667 0.625000
vt 1.000000 0.625000
vt 0.916667 0.500000
vt 1.000000 0.625000
vt 1.000000 0.500000
vt 0.000000 0.625000
vt 0.000000 0.750000
vt 0.083333 0.750000
vt 0.000000 0.625000
vt 0.083333 0.750000
vt 0.083333 0.625000
vt 0.083333 0.625000
vt 0.083333 0.750000
vt 0.166667 0.750000
vt 0.083333 0.625000
vt 0.166667 0.750000
vt 0.166667 0.625000
vt 0.166667 0.625000
vt 0.166667 0.750000
vt 0.250000 0.750000
vt 0.166667 0.625000
vt 0.250000 0.750000
vt 0.250000 0.625000
vt 0.250000 0.625000
vt 0.250000 0.750000
vt 0.333333 0.750000
vt 0.250000 0.625000
vt 0.333333 0.750000
vt 0.333333 0.625000
vt 0.333333 0.625000
vt 0.333333 0.750000
vt 0.416667 0.750000
vt 0.333333 0.625000
vt 0.416667 0.750000
vt 0.416667 0.625000
vt 0.416667 0.625000
vt 0.416667 0.750000
vt 0.500000 0.750000
vt 0.416667 0.625000
vt 0.500000 0.750000
vt 0.500000 0.625000
vt 0.500000 0.625000
vt 0.500000 0.750000
vt 0.583333 0.750000
vt 0.500000 0.625000
vt 0.583333 0.750000
vt 0.583333 0.625000
vt 0.583333 0.625000
vt 0.583333 0.750000
vt 0.666667 0.750000
vt 0.583333 0.625000
vt 0.666667 0.750000
vt 0.666667 0.625000
vt 0.666667 0.625000
vt 0.666667 0.750000
vt 0.750000 0.750000
vt 0.666667 0.625000
vt 0.750000 0.750000
vt 0.750000 0.625000
vt 0.750000 0.625000
vt 0.750000 0.750000
vt 0.833333 0.750000
vt 0.750000 0.625000
vt 0.833333 0.750000
vt 0.833333 0.625000
vt 0.833333 0.625000
vt 0.833333 0.750000
vt 0.916667 0.750000
vt 0.833333 0.625000
vt 0.916667 0.750000
vt 0.916667 0.625000
vt 0.916667 0.625000
vt 0.916667 0.750000
vt 1.000000 0.750000
vt 0.916667 0.625000
vt 1.000000 0.750000
vt 1.000000 0.625000
vt 0.000000 0.750000
vt 0.000000 0.875000
vt 0.083333 0.875000
vt 0.000000 0.750000
vt 0.083333 0.875000
vt 0.083333 0.750000
vt 0.083333 0.750000
vt 0.083333 0.875000
vt 0.166667 0.875000
vt 0.083333 0.750000
vt 0.166667 0.875000
vt 0.166667 0.750000
vt 0.166667 0.750000
vt 0.166667 0.875000
vt 0.250000 0.875000
vt 0.166667 0.750000
vt 0.250000 0.875000
vt 0.250000 0.750000
vt 0.250000 0.750000
vt 0.250000 0.875000
vt 0.333333 0.875000
vt 0.250000 0.750000
vt 0.333333 0.875000
vt 0.333333 0.750000
vt 0.333333 0.750000
vt 0.333333 0.875000
vt 0.416667 0.875000
vt 0.333333 0.750000
vt 0.416667 0.875000
vt 0.416667 0.750000
vt 0.416667 0.750000
vt 0.416667 0.875000
vt 0.500000 0.875000
vt 0.416667 0.750000
vt 0.500000 0.875000
vt 0.500000 0.750000
vt 0.500000 0.750000
vt 0.500000 0.875000
vt 0.583333 0.875000
vt 0.500000 0.750000
vt 0.583333 0.875000
vt 0.583333 0.750000
vt 0.583333 0.750000
vt 0.583333 0.875000
vt 0.666667 0.875000
vt 0.583333 0.750000
vt 0.666667 0.875000
vt 0.666667 0.750000
vt 0.666667 0.750000
vt 0.666667 0.875000
vt 0.750000 0.875000
vt 0.666667 0.750000
vt 0.750000 0.875000
vt 0.750000 0.750000
vt 0.750000 0.750000
vt 0.750000 0.875000
vt 0.833333 0.875000
vt 0.750000 0.750000
vt 0.833333 0.875000
vt 0.833333 0.750000
vt 0.833333 0.750000
vt 0.833333 0.875000
vt 0.916667 0.875000
vt 0.833333 0.750000
vt 0.916667 0.875000
vt 0.916667 0.750000
vt 0.916667 0.750000
vt 0.916667 0.875000
vt 1.000000 0.875000
vt 0.916667 0.750000
vt 1.000000 0.875000
vt 1.000000 0.750000
vt 0.000000 0.875000
vt 0.000000 1.000000
vt 0.083333 1.000000
vt 0.000000 0.875000
vt 0.083333 1.000000
vt 0.083333 0.875000
vt 0.083333 0.875000
vt 0.083333 1.000000
vt 0.166667 1.000000
vt 0.083333 0.875000
vt 0.166667 1.000000
vt 0.166667 0.875000
vt 0.166667 0.875000
vt 0.166667 1.000000
vt 0.250000 1.000000
vt 0.166667 0.875000
vt 0.250000 1.000000
vt 0.250000 0.875000
vt 0.250000 0.875000
vt 0.250000 1.000000
vt 0.333333 1.000000
vt 0.250000 0.875000
vt 0.333333 1.000000
vt 0.333333 0.875000
vt 0.333333 0.875000
vt 0.333333 1.000000
vt 0.416667 1.000000
vt 0.333333 0.875000
vt 0.416667 1.000000
vt 0.416667 0.875000
vt 0.416667 0.875000
vt 0.416667 1.000000
vt 0.500000 1.000000
vt 0.416667 0.875000
vt 0.500000 1.000000
vt 0.500000 0.875000
vt 0.500000 0.875000
vt 0.500000 1.000000
vt 0.583333 1.000000
vt 0.500000 0.875000
vt 0.583333 1.000000
vt 0.583333 0.875000
vt 0.583333 0.875000
vt 0.583333 1.000000
vt 0.666667 1.000000
vt 0.583333 0.875000
vt 0.666667 1.000000
vt 0.666667 0.875000
vt 0.666667 0.875000
vt 0.666667 1.000000
vt 0.750000 1.000000
vt 0.666667 0.875000
vt 0.750000 1.000000
vt 0.750000 0.875000
vt 0.750000 0.875000
vt 0.750000 1.000000
vt 0.833333 1.000000
vt 0.750000 0.875000
vt 0.833333 1.000000
vt 0.833333 0.875000
vt 0.833333 0.875000
vt 0.833333 1.000000
vt 0.916667 1.000000
vt 0.833333 0.875000
vt 0.916667 1.000000
vt 0.916667 0.875000
vt 0.916667 0.875000
vt 0.916667 1.000000
vt 1.000000 1.000000
vt 0.916667 0.875000
vt 1.000000 1.000000
vt 1.000000 0.875000
vt 0.000000 0.000000
vt 0.125000 0.000000
vt 0.125000 1.000000
vt 0.000000 0.000000
vt 0.125000 1.000000
vt 0.000000 1.000000
vt 0.000000 0.000000
vt 1.000000 0.000000
vt 1.000000 1.000000
vt 0.000000 0.000000
vt 1.000000 0.000000
vt 1.000000 1.000000
vt 0.125000 0.000000
vt 0.250000 0.000000
vt 0.250000 1.000000
vt 0.125000 0.000000
vt 0.250000 1.000000
vt 0.125000 1.000000
vt 0.000000 0.000000
vt 1.000000 0.000000
vt 1.000000 1.000000
vt 0.000000 0.000000
vt 1.000000 0.000000
vt 1.000000 1.000000
vt 0.250000 0.000000
vt 0.375000 0.000000
vt 0.375000 1.000000
vt 0.250000 0.000000
vt 0.375000 1.000000
vt 0.250000 1.000000
vt 0.000000 0.000000
vt 1.000000 0.000000
vt 1.000000 1.000000
vt 0.000000 0.000000
vt 1.000000 0.000000
vt 1.000000 1.000000
vt 0.375000 0.000000
vt 0.500000 0.000000
vt 0.500000 1.000000
vt 0.375000 0.000000
vt 0.500000 1.000000
vt 0.375000 1.000000
vt 0.000000 0.000000
vt 1.000000 0.000000
vt 1.000000 1.000000
vt 0.000000 0.000000
vt 1.000000 0.000000
vt 1.000000 1.000000
vt 0.500000 0.000000
vt 0.625000 0.000000
vt 0.625000 1.000000
vt 0.500000 0.000000
vt 0.625000 1.000000
vt 0.500000 1.000000
vt 0.000000 0.000000
vt 1.000000 0.000000
vt 1.000000 1.000000
vt 0.000000 0.000000
vt 1.000000 0.000000
vt 1.000000 1.000000
vt 0.625000 0.000000
vt 0.750000 0.000000
vt 0.750000 1.000000
vt 0.625000 0.000000
vt 0.750000 1.000000
vt 0.625000 1.000000
vt 0.000000 0.000000
vt 1.000000 0.000000
vt 1.000000 1.000000
vt 0.000000 0.000000
vt 1.000000 0.000000
vt 1.000000 1.000000
vt 0.750000 0.000000
vt 0.875000 0.000000
vt 0.875000 1.000000
vt 0.750000 0.000000
vt 0.875000 1.000000
vt 0.750000 1.000000
vt 0.000000 0.000000
vt 1.000000 0.000000
vt 1.000000 1.000000
vt 0.000000 0.000000
vt 1.000000 0.000000
vt 1.000000 1.000000
vt 0.875000 0.000000
vt 1.000000 0.000000
vt 1.000000 1.000000
vt 0.875000 0.000000
vt 1.000000 1.000000
vt 0.875000 1.000000
vt 0.000000 0.000000
vt 1.000000 0.000000
vt 1.000000 1.000000
vt 0.000000 0.000000
vt 1.000000 0.000000
vt 1.000000 1.000000
vt 0.000000 0.000000
vt 0.142857 0.000000
vt 0.142857 1.000000
vt 0.000000 0.000000
vt 0.142857 1.000000
vt 0.000000 1.000000
vt 0.000000 0.000000
vt 1.000000 0.000000
vt 1.000000 1.000000
vt 0.000000 0.000000
vt 1.000000 0.000000
vt 1.000000 1.000000
vt 0.142857 0.000000
vt 0.285714 0.000000
vt 0.285714 1.000000
vt 0.142857 0.000000
vt 0.285714 1.000000
vt 0.142857 1.000000
vt 0.000000 0.000000
vt 1.000000 0.000000
vt 1.000000 1.000000
vt 0.000000 0.000000
vt 1.000000 0.000000
vt 1.000000 1.000000
vt 0.285714 0.000000
vt 0.428571 0.000000
vt 0.428571 1.000000
vt 0.285714 0.000000
vt 0.428571 1.000000
vt 0.285714 1.000000
vt 0.000000 0.000000
vt 1.000000 0.000000
vt 1.000000 1.000000
vt 0.000000 0.000000
vt 1.000000 0.000000
vt 1.000000 1.000000
vt 0.428571 0.000000
vt 0.571429 0.000000
vt 0.571429 1.000000
vt 0.428571 0.000000
vt 0.571429 1.000000
vt 0.428571 1.000000
vt 0.000000 0.000000
vt 1.000000 0.000000
vt 1.000000 1.000000
vt 0.000000 0.000000
vt 1.000000 0.000000
vt 1.000000 1.000000
vt 0.571429 0.000000
vt 0.714286 0.000000
vt 0.714286 1.000000
vt 0.571429 0.000000
vt 0.714286 1.000000
vt 0.571429 1.000000
vt 0.000000 0.000000
vt 1.000000 0.000000
vt 1.000000 1.000000
vt 0.000000 0.000000
vt 1.000000 0.000000
vt 1.000000 1.000000
vt 0.714286 0.000000
vt 0.857143 0.000000
vt 0.857143 1.000000
vt 0.714286 0.000000
vt 0.857143 1.000000
vt 0.714286 1.000000
vt 0.000000 0.000000
vt 1.000000 0.000000
vt 1.000000 1.000000
vt 0.000000 0.000000
vt 1.000000 0.000000
vt 1.000000 1.000000
vt 0.857143 0.000000
vt 1.000000 0.000000
vt 1.000000 1.000000
vt 0.857143 0.000000
vt 1.000000 1.000000
vt 0.857143 1.000000
vt 0.000000 0.000000
vt 1.000000 0.000000
vt 1.000000 1.000000
vt 0.000000 0.000000
vt 1.000000 0.000000
vt 1.000000 1.000000
vt 0.000000 0.000000
vt 0.000000 0.200000
vt 0.142857 0.200000
vt 0.000000 0.000000
vt 0.142857 0.200000
vt 0.142857 0.000000
vt 0.142857 0.000000
vt 0.142857 0.200000
vt 0.285714 0.200000
vt 0.142857 0.000000
vt 0.285714 0.200000
vt 0.285714 0.000000
vt 0.285714 0.000000
vt 0.285714 0.200000
vt 0.428571 0.200000
vt 0.285714 0.000000
vt 0.428571 0.200000
vt 0.428571 0.000000
vt 0.428571 0.000000
vt 0.428571 0.200000
vt 0.571429 0.200000
vt 0.428571 0.000000
vt 0.571429 0.200000
vt 0.571429 0.000000
vt 0.571429 0.000000
vt 0.571429 0.200000
vt 0.714286 0.200000
vt 0.571429 0.000000
vt 0.714286 0.200000
vt 0.714286 0.000000
vt 0.714286 0.000000
vt 0.714286 0.200000
vt 0.857143 0.200000
vt 0.714286 0.000000
vt 0.857143 0.200000
vt 0.857143 0.000000
vt 0.857143 0.000000
vt 0.857143 0.200000
vt 1.000000 0.200000
vt 0.857143 0.000000
vt 1.000000 0.200000
vt 1.000000 0.000000
vt 0.000000 0.200000
vt 0.000000 0.400000
vt 0.142857 0.400000
vt 0.000000 0.200000
vt 0.142857 0.400000
vt 0.142857 0.200000
vt 0.142857 0.200000
vt 0.142857 0.400000
vt 0.285714 0.400000
vt 0.142857 0.200000
vt 0.285714 0.400000
vt 0.285714 0.200000
vt 0.285714 0.200000
vt 0.285714 0.400000
vt 0.428571 0.400000
vt 0.285714 0.200000
vt 0.428571 0.400000
vt 0.428571 0.200000
vt 0.428571 0.200000
vt 0.428571 0.400000
vt 0.571429 0.400000
vt 0.428571 0.200000
vt 0.571429 0.400000
vt 0.571429 0.200000
vt 0.571429 0.200000
vt 0.571429 0.400000
vt 0.714286 0.400000
vt 0.571429 0.200000
vt 0.714286 0.400000
vt 0.714286 0.200000
vt 0.714286 0.200000
vt 0.714286 0.400000
vt 0.857143 0.400000
vt 0.714286 0.200000
vt 0.857143 0.400000
vt 0.857143 0.200000
vt 0.857143 0.200000
vt 0.857143 0.400000
vt 1.000000 0.400000
vt 0.857143 0.200000
vt 1.000000 0.400000
vt 1.000000 0.200000
vt 0.000000 0.400000
vt 0.000000 0.600000
vt 0.142857 0.600000
vt 0.000000 0.400000
vt 0.142857 0.600000
vt 0.142857 0.400000
vt 0.142857 0.400000
vt 0.142857 0.600000
vt 0.285714 0.600000
vt 0.142857 0.400000
vt 0.285714 0.600000
vt 0.285714 0.400000
vt 0.285714 0.400000
vt 0.285714 0.600000
vt 0.428571 0.600000
vt 0.285714 0.400000
vt 0.428571 0.600000
vt 0.428571 0.400000
vt 0.428571 0.400000
vt 0.428571 0.600000
vt 0.571429 0.600000
vt 0.428571 0.400000
vt 0.571429 0.600000
vt 0.571429 0.400000
vt 0.571429 0.400000
vt 0.571429 0.600000
vt 0.714286 0.600000
vt 0.571429 0.400000
vt 0.714286 0.600000
vt 0.714286 0.400000
vt 0.714286 0.400000
vt 0.714286 0.600000
vt 0.857143 0.600000
vt 0.714286 0.400000
vt 0.857143 0.600000
vt 0.857143 0.400000
vt 0.857143 0.400000
vt 0.857143 0.600000
vt 1.000000 0.600000
vt 0.857143 0.400000
vt 1.000000 0.600000
vt 1.000000 0.400000
vt 0.000000 0.600000
vt 0.000000 0.800000
vt 0.142857 0.800000
vt 0.000000 0.600000
vt 0.142857 0.800000
vt 0.142857 0.600000
vt 0.142857 0.600000
vt 0.142857 0.800000
vt 0.285714 0.800000
vt 0.142857 0.600000
vt 0.285714 0.800000
vt 0.285714 0.600000
vt 0.285714 0.600000
vt 0.285714 0.800000
vt 0.428571 0.800000
vt 0.285714 0.600000
vt 0.428571 0.800000
vt 0.428571 0.600000
vt 0.428571 0.600000
vt 0.428571 0.800000
vt 0.571429 0.800000
vt 0.428571 0.600000
vt 0.571429 0.800000
vt 0.571429 0.600000
vt 0.571429 0.600000
vt 0.571429 0.800000
vt 0.714286 0.800000
vt 0.571429 0.600000
vt 0.714286 0.800000
vt 0.714286 0.600000
vt 0.714286 0.600000
vt 0.714286 0.800000
vt 0.857143 0.800000
vt 0.714286 0.600000
vt 0.857143 0.800000
vt 0.857143 0.600000
vt 0.857143 0.600000
vt 0.857143 0.800000
vt 1.000000 0.800000
vt 0.857143 0.600000
vt 1.000000 0.800000
vt 1.000000 0.600000
vt 0.000000 0.800000
vt 0.000000 1.000000
vt 0.142857 1.000000
vt 0.000000 0.800000
vt 0.142857 1.000000
vt 0.142857 0.800000
vt 0.142857 0.800000
vt 0.142857 1.000000
vt 0.285714 1.000000
vt 0.142857 0.800000
vt 0.285714 1.000000
vt 0.285714 0.800000
vt 0.285714 0.800000
vt 0.285714 1.000000
vt 0.428571 1.000000
vt 0.285714 0.800000
vt 0.428571 1.000000
vt 0.428571 0.800000
vt 0.428571 0.800000
vt 0.428571 1.000000
vt 0.571429 1.000000
vt 0.428571 0.800000
vt 0.571429 1.000000
vt 0.571429 0.800000
vt 0.571429 0.800000
vt 0.571429 1.000000
vt 0.714286 1.000000
vt 0.571429 0.800000
vt 0.714286 1.000000
vt 0.714286 0.800000
vt 0.714286 0.800000
vt 0.714286 1.000000
vt 0.857143 1.000000
vt 0.714286 0.800000
vt 0.857143 1.000000
vt 0.857143 0.800000
vt 0.857143 0.800000
vt 0.857143 1.000000
vt 1.000000 1.000000
vt 0.857143 0.800000
vt 1.000000 1.000000
vt 1.000000 0.800000
vt 0.000000 0.000000
vt 0.125000 0.000000
vt 0.125000 1.000000
vt 0.000000 0.000000
vt 0.125000 1.000000
vt 0.000000 1.000000
vt 0.000000 0.000000
vt 1.000000 0.000000
vt 1.000000 1.000000
vt 0.000000 0.000000
vt 1.000000 0.000000
vt 1.000000 1.000000
vt 0.125000 0.000000
vt 0.250000 0.000000
vt 0.250000 1.000000
vt 0.125000 0.000000
vt 0.250000 1.000000
vt 0.125000 1.000000
vt 0.000000 0.000000
vt 1.000000 0.000000
vt 1.000000 1.000000
vt 0.000000 0.000000
vt 1.000000 0.000000
vt 1.000000 1.000000
vt 0.250000 0.000000
vt 0.375000 0.000000
vt 0.375000 1.000000
vt 0.250000 0.000000
vt 0.375000 1.000000
vt 0.250000 1.000000
vt 0.000000 0.000000
vt 1.000000 0.000000
vt 1.000000 1.000000
vt 0.000000 0.000000
vt 1.000000 0.000000
vt 1.000000 1.000000
vt 0.375000 0.000000
vt 0.500000 0.000000
vt 0.500000 1.000000
vt 0.375000 0.000000
vt 0.500000 1.000000
vt 0.375000 1.000000
vt 0.000000 0.000000
vt 1.000000 0.000000
vt 1.000000 1.000000
vt 0.000000 0.000000
vt 1.000000 0.000000
vt 1.000000 1.000000
vt 0.500000 0.000000
vt 0.625000 0.000000
vt 0.625000 1.000000
vt 0.500000 0.000000
vt 0.625000 1.000000
vt 0.500000 1.000000
vt 0.000000 0.000000
vt 1.000000 0.000000
vt 1.000000 1.000000
vt 0.000000 0.000000
vt 1.000000 0.000000
vt 1.000000 1.000000
vt 0.625000 0.000000
vt 0.750000 0.000000
vt 0.750000 1.000000
vt 0.625000 0.000000
vt 0.750000 1.000000
vt 0.625000 1.000000
vt 0.000000 0.000000
vt 1.000000 0.000000
vt 1.000000 1.000000
vt 0.000000 0.000000
vt 1.000000 0.000000
vt 1.000000 1.000000
vt 0.750000 0.000000
vt 0.875000 0.000000
vt 0.875000 1.000000
vt 0.750000 0.000000
vt 0.875000 1.000000
vt 0.750000 1.000000
vt 0.000000 0.000000
vt 1.000000 0.000000
vt 1.000000 1.000000
vt 0.000000 0.000000
vt 1.000000 0.000000
vt 1.000000 1.000000
vt 0.875000 0.000000
vt 1.000000 0.000000
vt 1.000000 1.000000
vt 0.875000 0.000000
vt 1.000000 1.000000
vt 0.875000 1.000000
vt 0.000000 0.000000
vt 1.000000 0.000000
vt 1.000000 1.000000
vt 0.000000 0.000000
vt 1.000000 0.000000
vt 1.000000 1.000000
vt 0.000000 0.000000
vt 0.142857 0.000000
vt 0.142857 1.000000
vt 0.000000 0.000000
vt 0.142857 1.000000
vt 0.000000 1.000000
vt 0.000000 0.000000
vt 1.000000 0.000000
vt 1.000000 1.000000
vt 0.000000 0.000000
vt 1.000000 0.000000
vt 1.000000 1.000000
vt 0.142857 0.000000
vt 0.285714 0.000000
vt 0.285714 1.000000
vt 0.142857 0.000000
vt 0.285714 1.000000
vt 0.142857 1.000000
vt 0.000000 0.000000
vt 1.000000 0.000000
vt 1.000000 1.000000
vt 0.000000 0.000000
vt 1.000000 0.000000
vt 1.000000 1.000000
vt 0.285714 0.000000
vt 0.428571 0.000000
vt 0.428571 1.000000
vt 0.285714 0.000000
vt 0.428571 1.000000
vt 0.285714 1.000000
vt 0.000000 0.000000
vt 1.000000 0.000000
vt 1.000000 1.000000
vt 0.000000 0.000000
vt 1.000000 0.000000
vt 1.000000 1.000000
vt 0.428571 0.000000
vt 0.571429 0.000000
vt 0.571429 1.000000
vt 0.428571 0.000000
vt 0.571429 1.000000
vt 0.428571 1.000000
vt 0.000000 0.000000
vt 1.000000 0.000000
vt 1.000000 1.000000
vt 0.000000 0.000000
vt 1.000000 0.000000
vt 1.000000 1.000000
vt 0.571429 0.000000
vt 0.714286 0.000000
vt 0.714286 1.000000
vt 0.571429 0.000000
vt 0.714286 1.000000
vt 0.571429 1.000000
vt 0.000000 0.000000
vt 1.000000 0.000000
vt 1.000000 1.000000
vt 0.000000 0.000000
vt 1.000000 0.000000
vt 1.000000 1.000000
vt 0.714286 0.000000
vt 0.857143 0.000000
vt 0.857143 1.000000
vt 0.714286 0.000000
vt 0.857143 1.000000
vt 0.714286 1.000000
vt 0.000000 0.000000
vt 1.000000 0.000000
vt 1.000000 1.000000
vt 0.000000 0.000000
vt 1.000000 0.000000
vt 1.000000 1.000000
vt 0.857143 0.000000
vt 1.000000 0.000000
vt 1.000000 1.000000
vt 0.857143 0.000000
vt 1.000000 1.000000
vt 0.857143 1.000000
vt 0.000000 0.000000
vt 1.000000 0.000000
vt 1.000000 1.000000
vt 0.000000 0.000000
vt 1.000000 0.000000
vt 1.000000 1.000000
vt 0.000000 0.000000
vt 0.000000 0.200000
vt 0.142857 0.200000
vt 0.000000 0.000000
vt 0.142857 0.200000
vt 0.142857 0.000000
vt 0.142857 0.000000
vt 0.142857 0.200000
vt 0.285714 0.200000
vt 0.142857 0.000000
vt 0.285714 0.200000
vt 0.285714 0.000000
vt 0.285714 0.000000
vt 0.285714 0.200000
vt 0.428571 0.200000
vt 0.285714 0.000000
vt 0.428571 0.200000
vt 0.428571 0.000000
vt 0.428571 0.000000
vt 0.428571 0.200000
vt 0.571429 0.200000
vt 0.428571 0.000000
vt 0.571429 0.200000
vt 0.571429 0.000000
vt 0.571429 0.000000
vt 0.571429 0.200000
vt 0.714286 0.200000
vt 0.571429 0.000000
vt 0.714286 0.200000
vt 0.714286 0.000000
vt 0.714286 0.000000
vt 0.714286 0.200000
vt 0.857143 0.200000
vt 0.714286 0.000000
vt 0.857143 0.200000
vt 0.857143 0.000000
vt 0.857143 0.000000
vt 0.857143 0.200000
vt 1.000000 0.200000
vt 0.857143 0.000000
vt 1.000000 0.200000
vt 1.000000 0.000000
vt 0.000000 0.200000
vt 0.000000 0.400000
vt 0.142857 0.400000
vt 0.000000 0.200000
vt 0.142857 0.400000
vt 0.142857 0.200000
vt 0.142857 0.200000
vt 0.142857 0.400000
vt 0.285714 0.400000
vt 0.142857 0.200000
vt 0.285714 0.400000
vt 0.285714 0.200000
vt 0.285714 0.200000
vt 0.285714 0.400000
vt 0.428571 0.400000
vt 0.285714 0.200000
vt 0.428571 0.400000
vt 0.428571 0.200000
vt 0.428571 0.200000
vt 0.428571 0.400000
vt 0.571429 0.400000
vt 0.428571 0.200000
vt 0.571429 0.400000
vt 0.571429 0.200000
vt 0.571429 0.200000
vt 0.571429 0.400000
vt 0.714286 0.400000
vt 0.571429 0.200000
vt 0.714286 0.400000
vt 0.714286 0.200000
vt 0.714286 0.200000
vt 0.714286 0.400000
vt 0.857143 0.400000
vt 0.714286 0.200000
vt 0.857143 0.400000
vt 0.857143 0.200000
vt 0.857143 0.200000
vt 0.857143 0.400000
vt 1.000000 0.400000
vt 0.857143 0.200000
vt 1.000000 0.400000
vt 1.000000 0.200000
vt 0.000000 0.400000
vt 0.000000 0.600000
vt 0.142857 0.600000
vt 0.000000 0.400000
vt 0.142857 0.600000
vt 0.142857 0.400000
vt 0.142857 0.400000
vt 0.142857 0.600000
vt 0.285714 0.600000
vt 0.142857 0.400000
vt 0.285714 0.600000
vt 0.285714 0.400000
vt 0.285714 0.400000
vt 0.285714 0.600000
vt 0.428571 0.600000
vt 0.285714 0.400000
vt 0.428571 0.600000
vt 0.428571 0.400000
vt 0.428571 0.400000
vt 0.428571 0.600000
vt 0.571429 0.600000
vt 0.428571 0.400000
vt 0.571429 0.600000
vt 0.571429 0.400000
vt 0.571429 0.400000
vt 0.571429 0.600000
vt 0.714286 0.600000
vt 0.571429 0.400000
vt 0.714286 0.600000
vt 0.714286 0.400000
vt 0.714286 0.400000
vt 0.714286 0.600000
vt 0.857143 0.600000
vt 0.714286 0.400000
vt 0.857143 0.600000
vt 0.857143 0.400000
vt 0.857143 0.400000
vt 0.857143 0.600000
vt 1.000000 0.600000
vt 0.857143 0.400000
vt 1.000000 0.600000
vt 1.000000 0.400000
vt 0.000000 0.600000
vt 0.000000 0.800000
vt 0.142857 0.800000
vt 0.000000 0.600000
vt 0.142857 0.800000
vt 0.142857 0.600000
vt 0.142857 0.600000
vt 0.142857 0.800000
vt 0.285714 0.800000
vt 0.142857 0.600000
vt 0.285714 0.800000
vt 0.285714 0.600000
vt 0.285714 0.600000
vt 0.285714 0.800000
vt 0.428571 0.800000
vt 0.285714 0.600000
vt 0.428571 0.800000
vt 0.428571 0.600000
vt 0.428571 0.600000
vt 0.428571 0.800000
vt 0.571429 0.800000
vt 0.428571 0.600000
vt 0.571429 0.800000
vt 0.571429 0.600000
vt 0.571429 0.600000
vt 0.571429 0.800000
vt 0.714286 0.800000
vt 0.571429 0.600000
vt 0.714286 0.800000
vt 0.714286 0.600000
vt 0.714286 0.600000
vt 0.714286 0.800000
vt 0.857143 0.800000
vt 0.714286 0.600000
vt 0.857143 0.800000
vt 0.857143 0.600000
vt 0.857143 0.600000
vt 0.857143 0.800000
vt 1.000000 0.800000
vt 0.857143 0.600000
vt 1.000000 0.800000
vt 1.000000 0.600000
vt 0.000000 0.800000
vt 0.000000 1.000000
vt 0.142857 1.000000
vt 0.000000 0.800000
vt 0.142857 1.000000
vt 0.142857 0.800000
vt 0.142857 0.800000
vt 0.142857 1.000000
vt 0.285714 1.000000
vt 0.142857 0.800000
vt 0.285714 1.000000
vt 0.285714 0.800000
vt 0.285714 0.800000
vt 0.285714 1.000000
vt 0.428571 1.000000
vt 0.285714 0.800000
vt 0.428571 1.000000
vt 0.428571 0.800000
vt 0.428571 0.800000
vt 0.428571 1.000000
vt 0.571429 1.000000
vt 0.428571 0.800000
vt 0.571429 1.000000
vt 0.571429 0.800000
vt 0.571429 0.800000
vt 0.571429 1.000000
vt 0.714286 1.000000
vt 0.571429 0.800000
vt 0.714286 1.000000
vt 0.714286 0.800000
vt 0.714286 0.800000
vt 0.714286 1.000000
vt 0.857143 1.000000
vt 0.714286 0.800000
vt 0.857143 1.000000
vt 0.857143 0.800000
vt 0.857143 0.800000
vt 0.857143 1.000000
vt 1.000000 1.000000
vt 0.857143 0.800000
vt 1.000000 1.000000
vt 1.000000 0.800000
vt 0.000000 0.000000
vt 0.142857 0.000000
vt 0.142857 1.000000
vt 0.000000 0.000000
vt 0.142857 1.000000
vt 0.000000 1.000000
vt 0.000000 0.000000
vt 1.000000 0.000000
vt 1.000000 1.000000
vt 0.000000 0.000000
vt 1.000000 0.000000
vt 1.000000 1.000000
vt 0.142857 0.000000
vt 0.285714 0.000000
vt 0.285714 1.000000
vt 0.142857 0.000000
vt 0.285714 1.000000
vt 0.142857 1.000000
vt 0.000000 0.000000
vt 1.000000 0.000000
vt 1.000000 1.000000
vt 0.000000 0.000000
vt 1.000000 0.000000
vt 1.000000 1.000000
vt 0.285714 0.000000
vt 0.428571 0.000000
vt 0.428571 1.000000
vt 0.285714 0.000000
vt 0.428571 1.000000
vt 0.285714 1.000000
vt 0.000000 0.000000
vt 1.000000 0.000000
vt 1.000000 1.000000
vt 0.000000 0.000000
vt 1.000000 0.000000
vt 1.000000 1.000000
vt 0.428571 0.000000
vt 0.571429 0.000000
vt 0.571429 1.000000
vt 0.428571 0.000000
vt 0.571429 1.000000
vt 0.428571 1.000000
vt 0.000000 0.000000
vt 1.000000 0.000000
vt 1.000000 1.000000
vt 0.000000 0.000000
vt 1.000000 0.000000
vt 1.000000 1.000000
vt 0.571429 0.000000
vt 0.714286 0.000000
vt 0.714286 1.000000
vt 0.571429 0.000000
vt 0.714286 1.000000
vt 0.571429 1.000000
vt 0.000000 0.000000
vt 1.000000 0.000000
vt 1.000000 1.000000
vt 0.000000 0.000000
vt 1.000000 0.000000
vt 1.000000 1.000000
vt 0.714286 0.000000
vt 0.857143 0.000000
vt 0.857143 1.000000
vt 0.714286 0.000000
vt 0.857143 1.000000
vt 0.714286 1.000000
vt 0.000000 0.000000
vt 1.000000 0.000000
vt 1.000000 1.000000
vt 0.000000 0.000000
vt 1.000000 0.000000
vt 1.000000 1.000000
vt 0.857143 0.000000
vt 1.000000 0.000000
vt 1.000000 1.000000
vt 0.857143 0.000000
vt 1.000000 1.000000
vt 0.857143 1.000000
vt 0.000000 0.000000
vt 1.000000 0.000000
vt 1.000000 1.000000
vt 0.000000 0.000000
vt 1.000000 0.000000
vt 1.000000 1.000000
vt 0.000000 0.000000
vt 0.125000 0.000000
vt 0.125000 1.000000
vt 0.000000 0.000000
vt 0.125000 1.000000
vt 0.000000 1.000000
vt 0.000000 0.000000
vt 1.000000 0.000000
vt 1.000000 1.000000
vt 0.000000 0.000000
vt 1.000000 0.000000
vt 1.000000 1.000000
vt 0.125000 0.000000
vt 0.250000 0.000000
vt 0.250000 1.000000
vt 0.125000 0.000000
vt 0.250000 1.000000
vt 0.125000 1.000000
vt 0.000000 0.000000
vt 1.000000 0.000000
vt 1.000000 1.000000
vt 0.000000 0.000000
vt 1.000000 0.000000
vt 1.000000 1.000000
vt 0.250000 0.000000
vt 0.375000 0.000000
vt 0.375000 1.000000
vt 0.250000 0.000000
vt 0.375000 1.000000
vt 0.250000 1.000000
vt 0.000000 0.000000
vt 1.000000 0.000000
vt 1.000000 1.000000
vt 0.000000 0.000000
vt 1.000000 0.000000
vt 1.000000 1.000000
vt 0.375000 0.000000
vt 0.500000 0.000000
vt 0.500000 1.000000
vt 0.375000 0.000000
vt 0.500000 1.000000
vt 0.375000 1.000000
vt 0.000000 0.000000
vt 1.000000 0.000000
vt 1.000000 1.000000
vt 0.000000 0.000000
vt 1.000000 0.000000
vt 1.000000 1.000000
vt 0.500000 0.000000
vt 0.625000 0.000000
vt 0.625000 1.000000
vt 0.500000 0.000000
vt 0.625000 1.000000
vt 0.500000 1.000000
vt 0.000000 0.000000
vt 1.000000 0.000000
vt 1.000000 1.000000
vt 0.000000 0.000000
vt 1.000000 0.000000
vt 1.000000 1.000000
vt 0.625000 0.000000
vt 0.750000 0.000000
vt 0.750000 1.000000
vt 0.625000 0.000000
vt 0.750000 1.000000
vt 0.625000 1.000000
vt 0.000000 0.000000
vt 1.000000 0.000000
vt 1.000000 1.000000
vt 0.000000 0.000000
vt 1.000000 0.000000
vt 1.000000 1.000000
vt 0.750000 0.000000
vt 0.875000 0.000000
vt 0.875000 1.000000
vt 0.750000 0.000000
vt 0.875000 1.000000
vt 0.750000 1.000000
vt 0.000000 0.000000
vt 1.000000 0.000000
vt 1.000000 1.000000
vt 0.000000 0.000000
vt 1.000000 0.000000
vt 1.000000 1.000000
vt 0.875000 0.000000
vt 1.000000 0.000000
vt 1.000000 1.000000
vt 0.875000 0.000000
vt 1.000000 1.000000
vt 0.875000 1.000000
vt 0.000000 0.000000
vt 1.000000 0.000000
vt 1.000000 1.000000
vt 0.000000 0.000000
vt 1.000000 0.000000
vt 1.000000 1.000000
vt 0.000000 0.000000
vt 0.125000 0.000000
vt 0.125000 1.000000
vt 0.000000 0.000000
vt 0.125000 1.000000
vt 0.000000 1.000000
vt 0.000000 0.000000
vt 1.000000 0.000000
vt 1.000000 1.000000
vt 0.000000 0.000000
vt 1.000000 0.000000
vt 1.000000 1.000000
vt 0.125000 0.000000
vt 0.250000 0.000000
vt 0.250000 1.000000
vt 0.125000 0.000000
vt 0.250000 1.000000
vt 0.125000 1.000000
vt 0.000000 0.000000
vt 1.000000 0.000000
vt 1.000000 1.000000
vt 0.000000 0.000000
vt 1.000000 0.000000
vt 1.000000 1.000000
vt 0.250000 0.000000
vt 0.375000 0.000000
vt 0.375000 1.000000
vt 0.250000 0.000000
vt 0.375000 1.000000
vt 0.250000 1.000000
vt 0.000000 0.000000
vt 1.000000 0.000000
vt 1.000000 1.000000
vt 0.000000 0.000000
vt 1.000000 0.000000
vt 1.000000 1.000000
vt 0.375000 0.000000
vt 0.500000 0.000000
vt 0.500000 1.000000
vt 0.375000 0.000000
vt 0.500000 1.000000
vt 0.375000 1.000000
vt 0.000000 0.000000
vt 1.000000 0.000000
vt 1.000000 1.000000
vt 0.000000 0.000000
vt 1.000000 0.000000
vt 1.000000 1.000000
vt 0.500000 0.000000
vt 0.625000 0.000000
vt 0.625000 1.000000
vt 0.500000 0.000000
vt 0.625000 1.000000
vt 0.500000 1.000000
vt 0.000000 0.000000
vt 1.000000 0.000000
vt 1.000000 1.000000
vt 0.000000 0.000000
vt 1.000000 0.000000
vt 1.000000 1.000000
vt 0.625000 0.000000
vt 0.750000 0.000000
vt 0.750000 1.000000
vt 0.625000 0.000000
vt 0.750000 1.000000
vt 0.625000 1.000000
vt 0.000000 0.000000
vt 1.000000 0.000000
vt 1.000000 1.000000
vt 0.000000 0.000000
vt 1.000000 0.000000
vt 1.000000 1.000000
vt 0.750000 0.000000
vt 0.875000 0.000000
vt 0.875000 1.000000
vt 0.750000 0.000000
vt 0.875000 1.000000
vt 0.750000 1.000000
vt 0.000000 0.000000
vt 1.000000 0.000000
vt 1.000000 1.000000
vt 0.000000 0.000000
vt 1.000000 0.000000
vt 1.000000 1.000000
vt 0.875000 0.000000
vt 1.000000 0.000000
vt 1.000000 1.000000
vt 0.875000 0.000000
vt 1.000000 1.000000
vt 0.875000 1.000000
vt 0.000000 0.000000
vt 1.000000 0.000000
vt 1.000000 1.000000
vt 0.000000 0.000000
vt 1.000000 0.000000
vt 1.000000 1.000000
vt 0.000000 0.000000
vt 1.000000 0.000000
vt 1.000000 1.000000
vt 0.000000 0.000000
vt 1.000000 1.000000
vt 0.000000 1.000000
vt 0.000000 0.000000
vt 1.000000 0.000000
vt 1.000000 1.000000
vt 0.000000 0.000000
vt 1.000000 1.000000
vt 0.000000 1.000000
vt 0.000000 0.000000
vt 1.000000 0.000000
vt 1.000000 1.000000
vt 0.000000 0.000000
vt 1.000000 1.000000
vt 0.000000 1.000000
vt 0.000000 0.000000
vt 1.000000 0.000000
vt 1.000000 1.000000
vt 0.000000 0.000000
vt 1.000000 1.000000
vt 0.000000 1.000000
vt 0.000000 0.000000
vt 1.000000 0.000000
vt 1.000000 1.000000
vt 0.000000 0.000000
vt 1.000000 1.000000
vt 0.000000 1.000000
vt 0.000000 0.000000
vt 1.000000 0.000000
vt 1.000000 1.000000
vt 0.000000 0.000000
vt 1.000000 1.000000
vt 0.000000 1.000000
vn 0.000000 -0.032241 0.999480
vn 0.706768 -0.044662 0.706034
vn 0.706768 -0.044662 0.706034
vn 0.000000 -0.032241 0.999480
vn 0.706768 -0.044662 0.706034
vn 0.000000 -0.032241 0.999480
vn -0.030937 -0.999002 -0.032226
vn -0.030937 -0.999002 -0.032226
vn -0.030937 -0.999002 -0.032226
vn 0.030937 0.999002 0.032226
vn 0.030937 0.999002 0.032226
vn 0.030937 0.999002 0.032226
vn 0.706768 -0.044662 0.706034
vn 0.999521 -0.030921 -0.000997
vn 0.999521 -0.030921 -0.000997
vn 0.706768 -0.044662 0.706034
vn 0.999521 -0.030921 -0.000997
vn 0.706768 -0.044662 0.706034
vn -0.030937 -0.999002 -0.032226
vn -0.030937 -0.999002 -0.032226
vn -0.030937 -0.999002 -0.032226
vn 0.030937 0.999002 0.032226
vn 0.030937 0.999002 0.032226
vn 0.030937 0.999002 0.032226
vn 0.999521 -0.030921 -0.000997
vn 0.706768 0.000934 -0.707444
vn 0.706768 0.000934 -0.707444
vn 0.999521 -0.030921 -0.000997
vn 0.706768 0.000934 -0.707444
vn 0.999521 -0.030921 -0.000997
vn -0.030937 -0.999002 -0.032226
vn -0.030937 -0.999002 -0.032226
vn -0.030937 -0.999002 -0.032226
vn 0.030937 0.999002 0.032226
vn 0.030937 0.999002 0.032226
vn 0.030937 0.999002 0.032226
vn 0.706768 0.000934 -0.707444
vn 0.000000 0.032241 -0.999480
vn 0.000000 0.032241 -0.999480
vn 0.706768 0.000934 -0.707444
vn 0.000000 0.032241 -0.999480
vn 0.706768 0.000934 -0.707444
vn -0.030937 -0.999002 -0.032226
vn -0.030937 -0.999002 -0.032226
vn -0.030937 -0.999002 -0.032226
vn 0.030937 0.999002 0.032226
vn 0.030937 0.999002 0.032226
vn 0.030937 0.999002 0.032226
vn 0.000000 0.032241 -0.999480
vn -0.706768 0.044662 -0.706034
vn -0.706768 0.044662 -0.706034
vn 0.000000 0.032241 -0.999480
vn -0.706768 0.044662 -0.706034
vn 0.000000 0.032241 -0.999480
vn -0.030937 -0.999002 -0.032226
vn -0.030937 -0.999002 -0.032226
vn -0.030937 -0.999002 -0.032226
vn 0.030937 0.999002 0.032226
vn 0.030937 0.999002 0.032226
vn 0.030937 0.999002 0.032226
vn -0.706768 0.044662 -0.706034
vn -0.999521 0.030921 0.000997
vn -0.999521 0.030921 0.000997
vn -0.706768 0.044662 -0.706034
vn -0.999521 0.030921 0.000997
vn -0.706768 0.044662 -0.706034
vn -0.030937 -0.999002 -0.032226
vn -0.030937 -0.999002 -0.032226
vn -0.030937 -0.999002 -0.032226
vn 0.030937 0.999002 0.032226
vn 0.030937 0.999002 0.032226
vn 0.030937 0.999002 0.032226
vn -0.999521 0.030921 0.000997
vn -0.706768 -0.000934 0.707444
vn -0.706768 -0.000934 0.707444
vn -0.999521 0.030921 0.000997
vn -0.706768 -0.000934 0.707444
vn -0.999521 0.030921 0.000997
vn -0.030937 -0.999002 -0.032226
vn -0.030937 -0.999002 -0.032226
vn -0.030937 -0.999002 -0.032226
vn 0.030937 0.999002 0.032226
vn 0.030937 0.999002 0.032226
vn 0.030937 0.999002 0.032226
vn -0.706768 -0.000934 0.707444
vn 0.000000 -0.032241 0.999480
vn 0.000000 -0.032241 0.999480
vn -0.706768 -0.000934 0.707444
vn 0.000000 -0.032241 0.999480
vn -0.706768 -0.000934 0.707444
vn -0.030937 -0.999002 -0.032226
vn -0.030937 -0.999002 -0.032226
vn -0.030937 -0.999002 -0.032226
vn 0.030937 0.999002 0.032226
vn 0.030937 0.999002 0.032226
vn 0.030937 0.999002 0.032226
vn 0.000000 1.000000 0.000000
vn 0.400339 0.916367 0.000000
vn 0.279394 0.945128 0.169329
vn 0.000000 1.000000 0.000000
vn 0.279394 0.945128 0.169329
vn 0.000000 1.000000 0.000000
vn 0.000000 1.000000 0.000000
vn 0.279394 0.945128 0.169329
vn 0.000000 0.964814 0.262932
vn 0.000000 1.000000 0.000000
vn 0.000000 0.964814 0.262932
vn 0.000000 1.000000 0.000000
vn 0.000000 1.000000 0.000000
vn 0.000000 0.964814 0.262932
vn -0.295398 0.938450 0.179029
vn 0.000000 1.000000 0.000000
vn -0.295398 0.938450 0.179029
vn 0.000000 1.000000 0.000000
vn 0.000000 1.000000 0.000000
vn -0.295398 0.938450 0.179029
vn -0.398435 0.917197 0.000000
vn 0.000000 1.000000 0.000000
vn -0.398435 0.917197 0.000000
vn 0.000000 1.000000 0.000000
vn 0.000000 1.000000 0.000000
vn -0.398435 0.917197 0.000000
vn -0.302431 0.935382 -0.183291
vn 0.000000 1.000000 0.000000
vn -0.302431 0.935382 -0.183291
vn 0.000000 1.000000 0.000000
vn 0.000000 1.000000 0.000000
vn -0.302431 0.935382 -0.183291
vn -0.000000 0.965220 -0.261439
vn 0.000000 1.000000 0.000000
vn -0.000000 0.965220 -0.261439
vn 0.000000 1.000000 0.000000
vn 0.000000 1.000000 0.000000
vn -0.000000 0.965220 -0.261439
vn 0.278286 0.945575 -0.168658
vn 0.000000 1.000000 0.000000
vn 0.278286 0.945575 -0.168658
vn 0.000000 1.000000 0.000000
vn 0.000000 1.000000 0.000000
vn 0.278286 0.945575 -0.168658
vn 0.386330 0.922361 -0.000000
vn 0.000000 1.000000 0.000000
vn 0.386330 0.922361 -0.000000
vn 0.000000 1.000000 0.000000
vn 0.400339 0.916367 0.000000
vn 0.885128 0.465348 0.000000
vn 0.733283 0.514581 0.444414
vn 0.400339 0.916367 0.000000
vn 0.733283 0.514581 0.444414
vn 0.279394 0.945128 0.169329
vn 0.279394 0.945128 0.169329
vn 0.733283 0.514581 0.444414
vn 0.000000 0.702600 0.711585
vn 0.279394 0.945128 0.169329
vn 0.000000 0.702600 0.711585
vn 0.000000 0.964814 0.262932
vn 0.000000 0.964814 0.262932
vn 0.000000 0.702600 0.711585
vn -0.713073 0.552050 0.432166
vn 0.000000 0.964814 0.262932
vn -0.713073 0.552050 0.432166
vn -0.295398 0.938450 0.179029
vn -0.295398 0.938450 0.179029
vn -0.713073 0.552050 0.432166
vn -0.873043 0.487644 0.000000
vn -0.295398 0.938450 0.179029
vn -0.873043 0.487644 0.000000
vn -0.398435 0.917197 0.000000
vn -0.398435 0.917197 0.000000
vn -0.873043 0.487644 0.000000
vn -0.696152 0.580830 -0.421910
vn -0.398435 0.917197 0.000000
vn -0.696152 0.580830 -0.421910
vn -0.302431 0.935382 -0.183291
vn -0.302431 0.935382 -0.183291
vn -0.696152 0.580830 -0.421910
vn -0.000000 0.668669 -0.743560
vn -0.302431 0.935382 -0.183291
vn -0.000000 0.668669 -0.743560
vn -0.000000 0.965220 -0.261439
vn -0.000000 0.965220 -0.261439
vn -0.000000 0.668669 -0.743560
vn 0.713361 0.551542 -0.432340
vn -0.000000 0.965220 -0.261439
vn 0.713361 0.551542 -0.432340
vn 0.278286 0.945575 -0.168658
vn 0.278286 0.945575 -0.168658
vn 0.713361 0.551542 -0.432340
vn 0.863939 0.503597 -0.000000
vn 0.278286 0.945575 -0.168658
vn 0.863939 0.503597 -0.000000
vn 0.386330 0.922361 -0.000000
vn 0.885128 0.465348 0.000000
vn 0.864762 -0.502182 0.000000
vn 0.714935 -0.548748 0.433294
vn 0.885128 0.465348 0.000000
vn 0.714935 -0.548748 0.433294
vn 0.733283 0.514581 0.444414
vn 0.733283 0.514581 0.444414
vn 0.714935 -0.548748 0.433294
vn 0.000000 -0.681421 0.731892
vn 0.733283 0.514581 0.444414
vn 0.000000 -0.681421 0.731892
vn 0.000000 0.702600 0.711585
vn 0.000000 0.702600 0.711585
vn 0.000000 -0.681421 0.731892
vn -0.730327 -0.520296 0.442622
vn 0.000000 0.702600 0.711585
vn -0.730327 -0.520296 0.442622
vn -0.713073 0.552050 0.432166
vn -0.713073 0.552050 0.432166
vn -0.730327 -0.520296 0.442622
vn -0.889083 -0.457747 0.000000
vn -0.713073 0.552050 0.432166
vn -0.889083 -0.457747 0.000000
vn -0.873043 0.487644 0.000000
vn -0.873043 0.487644 0.000000
vn -0.889083 -0.457747 0.000000
vn -0.720385 -0.538914 -0.436597
vn -0.873043 0.487644 0.000000
vn -0.720385 -0.538914 -0.436597
vn -0.696152 0.580830 -0.421910
vn -0.696152 0.580830 -0.421910
vn -0.720385 -0.538914 -0.436597
vn -0.000000 -0.631688 -0.775223
vn -0.696152 0.580830 -0.421910
vn -0.000000 -0.631688 -0.775223
vn -0.000000 0.668669 -0.743560
vn -0.000000 0.668669 -0.743560
vn -0.000000 -0.631688 -0.775223
vn 0.699841 -0.574737 -0.424146
vn -0.000000 0.668669 -0.743560
vn 0.699841 -0.574737 -0.424146
vn 0.713361 0.551542 -0.432340
vn 0.713361 0.551542 -0.432340
vn 0.699841 -0.574737 -0.424146
vn 0.889442 -0.457049 -0.000000
vn 0.713361 0.551542 -0.432340
vn 0.889442 -0.457049 -0.000000
vn 0.863939 0.503597 -0.000000
vn 0.864762 -0.502182 0.000000
vn 0.414058 -0.910251 0.000000
vn 0.311467 -0.931319 0.188768
vn 0.864762 -0.502182 0.000000
vn 0.311467 -0.931319 0.188768
vn 0.714935 -0.548748 0.433294
vn 0.714935 -0.548748 0.433294
vn 0.311467 -0.931319 0.188768
vn 0.000000 -0.970633 0.240565
vn 0.714935 -0.548748 0.433294
vn 0.000000 -0.970633 0.240565
vn 0.000000 -0.681421 0.731892
vn 0.000000 -0.681421 0.731892
vn 0.000000 -0.970633 0.240565
vn -0.294157 -0.938983 0.178277
vn 0.000000 -0.681421 0.731892
vn -0.294157 -0.938983 0.178277
vn -0.730327 -0.520296 0.442622
vn -0.730327 -0.520296 0.442622
vn -0.294157 -0.938983 0.178277
vn -0.371794 -0.928315 0.000000
vn -0.730327 -0.520296 0.442622
vn -0.371794 -0.928315 0.000000
vn -0.889083 -0.457747 0.000000
vn -0.889083 -0.457747 0.000000
vn -0.371794 -0.928315 0.000000
vn -0.274183 -0.947212 -0.166171
vn -0.889083 -0.457747 0.000000
vn -0.274183 -0.947212 -0.166171
vn -0.720385 -0.538914 -0.436597
vn -0.720385 -0.538914 -0.436597
vn -0.274183 -0.947212 -0.166171
vn -0.000000 -0.968388 -0.249447
vn -0.720385 -0.538914 -0.436597
vn -0.000000 -0.968388 -0.249447
vn -0.000000 -0.631688 -0.775223
vn -0.000000 -0.631688 -0.775223
vn -0.000000 -0.968388 -0.249447
vn 0.277782 -0.945777 -0.168353
vn -0.000000 -0.631688 -0.775223
vn 0.277782 -0.945777 -0.168353
vn 0.699841 -0.574737 -0.424146
vn 0.699841 -0.574737 -0.424146
vn 0.277782 -0.945777 -0.168353
vn 0.384436 -0.923152 -0.000000
vn 0.699841 -0.574737 -0.424146
vn 0.384436 -0.923152 -0.000000
vn 0.889442 -0.457049 -0.000000
vn 0.414058 -0.910251 0.000000
vn 0.000000 -1.000000 0.000000
vn 0.000000 -1.000000 0.000000
vn 0.414058 -0.910251 0.000000
vn 0.000000 -1.000000 0.000000
vn 0.311467 -0.931319 0.188768
vn 0.311467 -0.931319 0.188768
vn 0.000000 -1.000000 0.000000
vn 0.000000 -1.000000 0.000000
vn 0.311467 -0.931319 0.188768
vn 0.000000 -1.000000 0.000000
vn 0.000000 -0.970633 0.240565
vn 0.000000 -0.970633 0.240565
vn 0.000000 -1.000000 0.000000
vn -0.000000 -1.000000 0.000000
vn 0.000000 -0.970633 0.240565
vn -0.000000 -1.000000 0.000000
vn -0.294157 -0.938983 0.178277
vn -0.294157 -0.938983 0.178277
vn -0.000000 -1.000000 0.000000
vn -0.000000 -1.000000 0.000000
vn -0.294157 -0.938983 0.178277
vn -0.000000 -1.000000 0.000000
vn -0.371794 -0.928315 0.000000
vn -0.371794 -0.928315 0.000000
vn -0.000000 -1.000000 0.000000
vn -0.000000 -1.000000 -0.000000
vn -0.371794 -0.928315 0.000000
vn -0.000000 -1.000000 -0.000000
vn -0.274183 -0.947212 -0.166171
vn -0.274183 -0.947212 -0.166171
vn -0.000000 -1.000000 -0.000000
vn -0.000000 -1.000000 -0.000000
vn -0.274183 -0.947212 -0.166171
vn -0.000000 -1.000000 -0.000000
vn -0.000000 -0.968388 -0.249447
vn -0.000000 -0.968388 -0.249447
vn -0.000000 -1.000000 -0.000000
vn 0.000000 -1.000000 -0.000000
vn -0.000000 -0.968388 -0.249447
vn 0.000000 -1.000000 -0.000000
vn 0.277782 -0.945777 -0.168353
vn 0.277782 -0.945777 -0.168353
vn 0.000000 -1.000000 -0.000000
vn 0.000000 -1.000000 -0.000000
vn 0.277782 -0.945777 -0.168353
vn 0.000000 -1.000000 -0.000000
vn 0.384436 -0.923152 -0.000000
vn 0.000000 -0.032241 0.999480
vn 0.706768 -0.000934 0.707444
vn 0.706768 -0.000934 0.707444
vn 0.000000 -0.032241 0.999480
vn 0.706768 -0.000934 0.707444
vn 0.000000 -0.032241 0.999480
vn 0.030937 -0.999002 -0.032226
vn 0.030937 -0.999002 -0.032226
vn 0.030937 -0.999002 -0.032226
vn -0.030937 0.999002 0.032226
vn -0.030937 0.999002 0.032226
vn -0.030937 0.999002 0.032226
vn 0.706768 -0.000934 0.707444
vn 0.999521 0.030921 0.000997
vn 0.999521 0.030921 0.000997
vn 0.706768 -0.000934 0.707444
vn 0.999521 0.030921 0.000997
vn 0.706768 -0.000934 0.707444
vn 0.030937 -0.999002 -0.032226
vn 0.030937 -0.999002 -0.032226
vn 0.030937 -0.999002 -0.032226
vn -0.030937 0.999002 0.032226
vn -0.030937 0.999002 0.032226
vn -0.030937 0.999002 0.032226
vn 0.999521 0.030921 0.000997
vn 0.706768 0.044662 -0.706034
vn 0.706768 0.044662 -0.706034
vn 0.999521 0.030921 0.000997
vn 0.706768 0.044662 -0.706034
vn 0.999521 0.030921 0.000997
vn 0.030937 -0.999002 -0.032226
vn 0.030937 -0.999002 -0.032226
vn 0.030937 -0.999002 -0.032226
vn -0.030937 0.999002 0.032226
vn -0.030937 0.999002 0.032226
vn -0.030937 0.999002 0.032226
vn 0.706768 0.044662 -0.706034
vn 0.000000 0.032241 -0.999480
vn 0.000000 0.032241 -0.999480
vn 0.706768 0.044662 -0.706034
vn 0.000000 0.032241 -0.999480
vn 0.706768 0.044662 -0.706034
vn 0.030937 -0.999002 -0.032226
vn 0.030937 -0.999002 -0.032226
vn 0.030937 -0.999002 -0.032226
vn -0.030937 0.999002 0.032226
vn -0.030937 0.999002 0.032226
vn -0.030937 0.999002 0.032226
vn 0.000000 0.032241 -0.999480
vn -0.706768 0.000934 -0.707444
vn -0.706768 0.000934 -0.707444
vn 0.000000 0.032241 -0.999480
vn -0.706768 0.000934 -0.707444
vn 0.000000 0.032241 -0.999480
vn 0.030937 -0.999002 -0.032226
vn 0.030937 -0.999002 -0.032226
vn 0.030937 -0.999002 -0.032226
vn -0.030937 0.999002 0.032226
vn -0.030937 0.999002 0.032226
vn -0.030937 0.999002 0.032226
vn -0.706768 0.000934 -0.707444
vn -0.999521 -0.030921 -0.000997
vn -0.999521 -0.030921 -0.000997
vn -0.706768 0.000934 -0.707444
vn -0.999521 -0.030921 -0.000997
vn -0.706768 0.000934 -0.707444
vn 0.030937 -0.999002 -0.032226
vn 0.030937 -0.999002 -0.032226
vn 0.030937 -0.999002 -0.032226
vn -0.030937 0.999002 0.032226
vn -0.030937 0.999002 0.032226
vn -0.030937 0.999002 0.032226
vn -0.999521 -0.030921 -0.000997
vn -0.706768 -0.044662 0.706034
vn -0.706768 -0.044662 0.706034
vn -0.999521 -0.030921 -0.000997
vn -0.706768 -0.044662 0.706034
vn -0.999521 -0.030921 -0.000997
vn 0.030937 -0.999002 -0.032226
vn 0.030937 -0.999002 -0.032226
vn 0.030937 -0.999002 -0.032226
vn -0.030937 0.999002 0.032226
vn -0.030937 0.999002 0.032226
vn -0.030937 0.999002 0.032226
vn -0.706768 -0.044662 0.706034
vn 0.000000 -0.032241 0.999480
vn 0.000000 -0.032241 0.999480
vn -0.706768 -0.044662 0.706034
vn 0.000000 -0.032241 0.999480
vn -0.706768 -0.044662 0.706034
vn 0.030937 -0.999002 -0.032226
vn 0.030937 -0.999002 -0.032226
vn 0.030937 -0.999002 -0.032226
vn -0.030937 0.999002 0.032226
vn -0.030937 0.999002 0.032226
vn -0.030937 0.999002 0.032226
vn 0.000000 1.000000 0.000000
vn 0.411085 0.911597 0.000000
vn 0.285510 0.942625 0.173036
vn 0.000000 1.000000 0.000000
vn 0.285510 0.942625 0.173036
vn 0.000000 1.000000 0.000000
vn 0.000000 1.000000 0.000000
vn 0.285510 0.942625 0.173036
vn 0.000000 0.968564 0.248763
vn 0.000000 1.000000 0.000000
vn 0.000000 0.968564 0.248763
vn 0.000000 1.000000 0.000000
vn 0.000000 1.000000 0.000000
vn 0.000000 0.968564 0.248763
vn -0.290269 0.940636 0.175921
vn 0.000000 1.000000 0.000000
vn -0.290269 0.940636 0.175921
vn 0.000000 1.000000 0.000000
vn 0.000000 1.000000 0.000000
vn -0.290269 0.940636 0.175921
vn -0.386802 0.922163 0.000000
vn 0.000000 1.000000 0.000000
vn -0.386802 0.922163 0.000000
vn 0.000000 1.000000 0.000000
vn 0.000000 1.000000 0.000000
vn -0.386802 0.922163 0.000000
vn -0.303402 0.934952 -0.183880
vn 0.000000 1.000000 0.000000
vn -0.303402 0.934952 -0.183880
vn 0.000000 1.000000 0.000000
vn 0.000000 1.000000 0.000000
vn -0.303402 0.934952 -0.183880
vn -0.000000 0.968102 -0.250556
vn 0.000000 1.000000 0.000000
vn -0.000000 0.968102 -0.250556
vn 0.000000 1.000000 0.000000
vn 0.000000 1.000000 0.000000
vn -0.000000 0.968102 -0.250556
vn 0.318650 0.927991 -0.193121
vn 0.000000 1.000000 0.000000
vn 0.318650 0.927991 -0.193121
vn 0.000000 1.000000 0.000000
vn 0.000000 1.000000 0.000000
vn 0.318650 0.927991 -0.193121
vn 0.403104 0.915154 -0.000000
vn 0.000000 1.000000 0.000000
vn 0.403104 0.915154 -0.000000
vn 0.000000 1.000000 0.000000
vn 0.411085 0.911597 0.000000
vn 0.860621 0.509246 0.000000
vn 0.720826 0.538107 0.436864
vn 0.411085 0.911597 0.000000
vn 0.720826 0.538107 0.436864
vn 0.285510 0.942625 0.173036
vn 0.285510 0.942625 0.173036
vn 0.720826 0.538107 0.436864
vn 0.000000 0.659795 0.751445
vn 0.285510 0.942625 0.173036
vn 0.000000 0.659795 0.751445
vn 0.000000 0.968564 0.248763
vn 0.000000 0.968564 0.248763
vn 0.000000 0.659795 0.751445
vn -0.725920 0.528661 0.439952
vn 0.000000 0.968564 0.248763
vn -0.725920 0.528661 0.439952
vn -0.290269 0.940636 0.175921
vn -0.290269 0.940636 0.175921
vn -0.725920 0.528661 0.439952
vn -0.884200 0.467108 0.000000
vn -0.290269 0.940636 0.175921
vn -0.884200 0.467108 0.000000
vn -0.386802 0.922163 0.000000
vn -0.386802 0.922163 0.000000
vn -0.884200 0.467108 0.000000
vn -0.705796 0.564693 -0.427755
vn -0.386802 0.922163 0.000000
vn -0.705796 0.564693 -0.427755
vn -0.303402 0.934952 -0.183880
vn -0.303402 0.934952 -0.183880
vn -0.705796 0.564693 -0.427755
vn -0.000000 0.707092 -0.707121
vn -0.303402 0.934952 -0.183880
vn -0.000000 0.707092 -0.707121
vn -0.000000 0.968102 -0.250556
vn -0.000000 0.968102 -0.250556
vn -0.000000 0.707092 -0.707121
vn 0.711747 0.554386 -0.431362
vn -0.000000 0.968102 -0.250556
vn 0.711747 0.554386 -0.431362
vn 0.318650 0.927991 -0.193121
vn 0.318650 0.927991 -0.193121
vn 0.711747 0.554386 -0.431362
vn 0.870363 0.492411 -0.000000
vn 0.318650 0.927991 -0.193121
vn 0.870363 0.492411 -0.000000
vn 0.403104 0.915154 -0.000000
vn 0.860621 0.509246 0.000000
vn 0.880948 -0.473214 0.000000
vn 0.705458 -0.565270 0.427550
vn 0.860621 0.509246 0.000000
vn 0.705458 -0.565270 0.427550
vn 0.720826 0.538107 0.436864
vn 0.720826 0.538107 0.436864
vn 0.705458 -0.565270 0.427550
vn 0.000000 -0.683253 0.730182
vn 0.720826 0.538107 0.436864
vn 0.000000 -0.683253 0.730182
vn 0.000000 0.659795 0.751445
vn 0.000000 0.659795 0.751445
vn 0.000000 -0.683253 0.730182
vn -0.711573 -0.554690 0.431256
vn 0.000000 0.659795 0.751445
vn -0.711573 -0.554690 0.431256
vn -0.725920 0.528661 0.439952
vn -0.725920 0.528661 0.439952
vn -0.711573 -0.554690 0.431256
vn -0.864628 -0.502413 0.000000
vn -0.725920 0.528661 0.439952
vn -0.864628 -0.502413 0.000000
vn -0.884200 0.467108 0.000000
vn -0.884200 0.467108 0.000000
vn -0.864628 -0.502413 0.000000
vn -0.721027 -0.537738 -0.436986
vn -0.884200 0.467108 0.000000
vn -0.721027 -0.537738 -0.436986
vn -0.705796 0.564693 -0.427755
vn -0.705796 0.564693 -0.427755
vn -0.721027 -0.537738 -0.436986
vn -0.000000 -0.682607 -0.730786
vn -0.705796 0.564693 -0.427755
vn -0.000000 -0.682607 -0.730786
vn -0.000000 0.707092 -0.707121
vn -0.000000 0.707092 -0.707121
vn -0.000000 -0.682607 -0.730786
vn 0.731079 -0.518849 -0.443078
vn -0.000000 0.707092 -0.707121
vn 0.731079 -0.518849 -0.443078
vn 0.711747 0.554386 -0.431362
vn 0.711747 0.554386 -0.431362
vn 0.731079 -0.518849 -0.443078
vn 0.882883 -0.469594 -0.000000
vn 0.711747 0.554386 -0.431362
vn 0.882883 -0.469594 -0.000000
vn 0.870363 0.492411 -0.000000
vn 0.880948 -0.473214 0.000000
vn 0.398480 -0.917177 0.000000
vn 0.289845 -0.940814 0.175664
vn 0.880948 -0.473214 0.000000
vn 0.289845 -0.940814 0.175664
vn 0.705458 -0.565270 0.427550
vn 0.705458 -0.565270 0.427550
vn 0.289845 -0.940814 0.175664
vn 0.000000 -0.958760 0.284218
vn 0.705458 -0.565270 0.427550
vn 0.000000 -0.958760 0.284218
vn 0.000000 -0.683253 0.730182
vn 0.000000 -0.683253 0.730182
vn 0.000000 -0.958760 0.284218
vn -0.299660 -0.936601 0.181612
vn 0.000000 -0.683253 0.730182
vn -0.299660 -0.936601 0.181612
vn -0.711573 -0.554690 0.431256
vn -0.711573 -0.554690 0.431256
vn -0.299660 -0.936601 0.181612
vn -0.426799 -0.904346 0.000000
vn -0.711573 -0.554690 0.431256
vn -0.426799 -0.904346 0.000000
vn -0.864628 -0.502413 0.000000
vn -0.864628 -0.502413 0.000000
vn -0.426799 -0.904346 0.000000
vn -0.273205 -0.947598 -0.165579
vn -0.864628 -0.502413 0.000000
vn -0.273205 -0.947598 -0.165579
vn -0.721027 -0.537738 -0.436986
vn -0.721027 -0.537738 -0.436986
vn -0.273205 -0.947598 -0.165579
vn -0.000000 -0.969588 -0.244744
vn -0.721027 -0.537738 -0.436986
vn -0.000000 -0.969588 -0.244744
vn -0.000000 -0.682607 -0.730786
vn -0.000000 -0.682607 -0.730786
vn -0.000000 -0.969588 -0.244744
vn 0.282913 -0.943695 -0.171462
vn -0.000000 -0.682607 -0.730786
vn 0.282913 -0.943695 -0.171462
vn 0.731079 -0.518849 -0.443078
vn 0.731079 -0.518849 -0.443078
vn 0.282913 -0.943695 -0.171462
vn 0.357748 -0.933818 -0.000000
vn 0.731079 -0.518849 -0.443078
vn 0.357748 -0.933818 -0.000000
vn 0.882883 -0.469594 -0.000000
vn 0.398480 -0.917177 0.000000
vn 0.000000 -1.000000 0.000000
vn 0.000000 -1.000000 0.000000
vn 0.398480 -0.917177 0.000000
vn 0.000000 -1.000000 0.000000
vn 0.289845 -0.940814 0.175664
vn 0.289845 -0.940814 0.175664
vn 0.000000 -1.000000 0.000000
vn 0.000000 -1.000000 0.000000
vn 0.289845 -0.940814 0.175664
vn 0.000000 -1.000000 0.000000
vn 0.000000 -0.958760 0.284218
vn 0.000000 -0.958760 0.284218
vn 0.000000 -1.000000 0.000000
vn -0.000000 -1.000000 0.000000
vn 0.000000 -0.958760 0.284218
vn -0.000000 -1.000000 0.000000
vn -0.299660 -0.936601 0.181612
vn -0.299660 -0.936601 0.181612
vn -0.000000 -1.000000 0.000000
vn -0.000000 -1.000000 0.000000
vn -0.299660 -0.936601 0.181612
vn -0.000000 -1.000000 0.000000
vn -0.426799 -0.904346 0.000000
vn -0.426799 -0.904346 0.000000
vn -0.000000 -1.000000 0.000000
vn -0.000000 -1.000000 -0.000000
vn -0.426799 -0.904346 0.000000
vn -0.000000 -1.000000 -0.000000
vn -0.273205 -0.947598 -0.165579
vn -0.273205 -0.947598 -0.165579
vn -0.000000 -1.000000 -0.000000
vn -0.000000 -1.000000 -0.000000
vn -0.273205 -0.947598 -0.165579
vn -0.000000 -1.000000 -0.000000
vn -0.000000 -0.969588 -0.244744
vn -0.000000 -0.969588 -0.244744
vn -0.000000 -1.000000 -0.000000
vn 0.000000 -1.000000 -0.000000
vn -0.000000 -0.969588 -0.244744
vn 0.000000 -1.000000 -0.000000
vn 0.282913 -0.943695 -0.171462
vn 0.282913 -0.943695 -0.171462
vn 0.000000 -1.000000 -0.000000
vn 0.000000 -1.000000 -0.000000
vn 0.282913 -0.943695 -0.171462
vn 0.000000 -1.000000 -0.000000
vn 0.357748 -0.933818 -0.000000
vn 0.000000 1.000000 0.000000
vn 0.490072 0.871682 0.000000
vn 0.384089 0.865122 0.322551
vn 0.000000 1.000000 0.000000
vn 0.384089 0.865122 0.322551
vn 0.000000 1.000000 0.000000
vn 0.000000 1.000000 0.000000
vn 0.384089 0.865122 0.322551
vn 0.215193 0.812262 0.542147
vn 0.000000 1.000000 0.000000
vn 0.215193 0.812262 0.542147
vn 0.000000 1.000000 0.000000
vn 0.000000 1.000000 0.000000
vn 0.215193 0.812262 0.542147
vn 0.000000 0.816887 0.576798
vn 0.000000 1.000000 0.000000
vn 0.000000 0.816887 0.576798
vn 0.000000 1.000000 0.000000
vn 0.000000 1.000000 0.000000
vn 0.000000 0.816887 0.576798
vn -0.216001 0.810685 0.544182
vn 0.000000 1.000000 0.000000
vn -0.216001 0.810685 0.544182
vn 0.000000 1.000000 0.000000
vn 0.000000 1.000000 0.000000
vn -0.216001 0.810685 0.544182
vn -0.367959 0.876996 0.309006
vn 0.000000 1.000000 0.000000
vn -0.367959 0.876996 0.309006
vn 0.000000 1.000000 0.000000
vn 0.000000 1.000000 0.000000
vn -0.367959 0.876996 0.309006
vn -0.509060 0.860731 0.000000
vn 0.000000 1.000000 0.000000
vn -0.509060 0.860731 0.000000
vn 0.000000 1.000000 0.000000
vn 0.000000 1.000000 0.000000
vn -0.509060 0.860731 0.000000
vn -0.400903 0.852015 -0.336671
vn 0.000000 1.000000 0.000000
vn -0.400903 0.852015 -0.336671
vn 0.000000 1.000000 0.000000
vn 0.000000 1.000000 0.000000
vn -0.400903 0.852015 -0.336671
vn -0.206121 0.829368 -0.519290
vn 0.000000 1.000000 0.000000
vn -0.206121 0.829368 -0.519290
vn 0.000000 1.000000 0.000000
vn 0.000000 1.000000 0.000000
vn -0.206121 0.829368 -0.519290
vn -0.000000 0.808431 -0.588591
vn 0.000000 1.000000 0.000000
vn -0.000000 0.808431 -0.588591
vn 0.000000 1.000000 0.000000
vn 0.000000 1.000000 0.000000
vn -0.000000 0.808431 -0.588591
vn 0.197700 0.844297 -0.498074
vn 0.000000 1.000000 0.000000
vn 0.197700 0.844297 -0.498074
vn 0.000000 1.000000 0.000000
vn 0.000000 1.000000 0.000000
vn 0.197700 0.844297 -0.498074
vn 0.409808 0.844760 -0.344149
vn 0.000000 1.000000 0.000000
vn 0.409808 0.844760 -0.344149
vn 0.000000 1.000000 0.000000
vn 0.000000 1.000000 0.000000
vn 0.409808 0.844760 -0.344149
vn 0.484529 0.874775 -0.000000
vn 0.000000 1.000000 0.000000
vn 0.484529 0.874775 -0.000000
vn 0.000000 1.000000 0.000000
vn 0.490072 0.871682 0.000000
vn 0.764153 0.645036 0.000000
vn 0.649604 0.529543 0.545526
vn 0.490072 0.871682 0.000000
vn 0.649604 0.529543 0.545526
vn 0.384089 0.865122 0.322551
vn 0.384089 0.865122 0.322551
vn 0.649604 0.529543 0.545526
vn 0.321878 0.488673 0.810921
vn 0.384089 0.865122 0.322551
vn 0.321878 0.488673 0.810921
vn 0.215193 0.812262 0.542147
vn 0.215193 0.812262 0.542147
vn 0.321878 0.488673 0.810921
vn 0.000000 0.452240 0.891896
vn 0.215193 0.812262 0.542147
vn 0.000000 0.452240 0.891896
vn 0.000000 0.816887 0.576798
vn 0.000000 0.816887 0.576798
vn 0.000000 0.452240 0.891896
vn -0.321608 0.489975 0.810242
vn 0.000000 0.816887 0.576798
vn -0.321608 0.489975 0.810242
vn -0.216001 0.810685 0.544182
vn -0.216001 0.810685 0.544182
vn -0.321608 0.489975 0.810242
vn -0.640828 0.547475 0.538156
vn -0.216001 0.810685 0.544182
vn -0.640828 0.547475 0.538156
vn -0.367959 0.876996 0.309006
vn -0.367959 0.876996 0.309006
vn -0.640828 0.547475 0.538156
vn -0.779256 0.626706 0.000000
vn -0.367959 0.876996 0.309006
vn -0.779256 0.626706 0.000000
vn -0.509060 0.860731 0.000000
vn -0.509060 0.860731 0.000000
vn -0.779256 0.626706 0.000000
vn -0.629737 0.568998 -0.528842
vn -0.509060 0.860731 0.000000
vn -0.629737 0.568998 -0.528842
vn -0.400903 0.852015 -0.336671
vn -0.400903 0.852015 -0.336671
vn -0.629737 0.568998 -0.528842
vn -0.324553 0.475493 -0.817662
vn -0.400903 0.852015 -0.336671
vn -0.324553 0.475493 -0.817662
vn -0.206121 0.829368 -0.519290
vn -0.206121 0.829368 -0.519290
vn -0.324553 0.475493 -0.817662
vn -0.000000 0.480460 -0.877016
vn -0.206121 0.829368 -0.519290
vn -0.000000 0.480460 -0.877016
vn -0.000000 0.808431 -0.588591
vn -0.000000 0.808431 -0.588591
vn -0.000000 0.480460 -0.877016
vn 0.320091 0.497219 -0.806421
vn -0.000000 0.808431 -0.588591
vn 0.320091 0.497219 -0.806421
vn 0.197700 0.844297 -0.498074
vn 0.197700 0.844297 -0.498074
vn 0.320091 0.497219 -0.806421
vn 0.615978 0.594125 -0.517287
vn 0.197700 0.844297 -0.498074
vn 0.615978 0.594125 -0.517287
vn 0.409808 0.844760 -0.344149
vn 0.409808 0.844760 -0.344149
vn 0.615978 0.594125 -0.517287
vn 0.790187 0.612866 -0.000000
vn 0.409808 0.844760 -0.344149
vn 0.790187 0.612866 -0.000000
vn 0.484529 0.874775 -0.000000
vn 0.764153 0.645036 0.000000
vn 0.948463 0.316889 0.000000
vn 0.739013 0.262113 0.620610
vn 0.764153 0.645036 0.000000
vn 0.739013 0.262113 0.620610
vn 0.649604 0.529543 0.545526
vn 0.649604 0.529543 0.545526
vn 0.739013 0.262113 0.620610
vn 0.359286 0.227128 0.905166
vn 0.649604 0.529543 0.545526
vn 0.359286 0.227128 0.905166
vn 0.321878 0.488673 0.810921
vn 0.321878 0.488673 0.810921
vn 0.359286 0.227128 0.905166
vn 0.000000 0.197398 0.980323
vn 0.321878 0.488673 0.810921
vn 0.000000 0.197398 0.980323
vn 0.000000 0.452240 0.891896
vn 0.000000 0.452240 0.891896
vn 0.000000 0.197398 0.980323
vn -0.359379 0.226050 0.905400
vn 0.000000 0.452240 0.891896
vn -0.359379 0.226050 0.905400
vn -0.321608 0.489975 0.810242
vn -0.321608 0.489975 0.810242
vn -0.359379 0.226050 0.905400
vn -0.741238 0.251172 0.622478
vn -0.321608 0.489975 0.810242
vn -0.741238 0.251172 0.622478
vn -0.640828 0.547475 0.538156
vn -0.640828 0.547475 0.538156
vn -0.741238 0.251172 0.622478
vn -0.943324 0.331873 0.000000
vn -0.640828 0.547475 0.538156
vn -0.943324 0.331873 0.000000
vn -0.779256 0.626706 0.000000
vn -0.779256 0.626706 0.000000
vn -0.943324 0.331873 0.000000
vn -0.735964 0.276355 -0.618049
vn -0.779256 0.626706 0.000000
vn -0.735964 0.276355 -0.618049
vn -0.629737 0.568998 -0.528842
vn -0.629737 0.568998 -0.528842
vn -0.735964 0.276355 -0.618049
vn -0.359590 0.223566 -0.905932
vn -0.629737 0.568998 -0.528842
vn -0.359590 0.223566 -0.905932
vn -0.324553 0.475493 -0.817662
vn -0.324553 0.475493 -0.817662
vn -0.359590 0.223566 -0.905932
vn -0.000000 0.212749 -0.977107
vn -0.324553 0.475493 -0.817662
vn -0.000000 0.212749 -0.977107
vn -0.000000 0.480460 -0.877016
vn -0.000000 0.480460 -0.877016
vn -0.000000 0.212749 -0.977107
vn 0.360524 0.212233 -0.908284
vn -0.000000 0.480460 -0.877016
vn 0.360524 0.212233 -0.908284
vn 0.320091 0.497219 -0.806421
vn 0.320091 0.497219 -0.806421
vn 0.360524 0.212233 -0.908284
vn 0.730724 0.299127 -0.613649
vn 0.320091 0.497219 -0.806421
vn 0.730724 0.299127 -0.613649
vn 0.615978 0.594125 -0.517287
vn 0.615978 0.594125 -0.517287
vn 0.730724 0.299127 -0.613649
vn 0.944905 0.327346 -0.000000
vn 0.615978 0.594125 -0.517287
vn 0.944905 0.327346 -0.000000
vn 0.790187 0.612866 -0.000000
vn 0.948463 0.316889 0.000000
vn 1.000000 0.000000 0.000000
vn 0.765787 0.000000 0.643094
vn 0.948463 0.316889 0.000000
vn 0.765787 0.000000 0.643094
vn 0.739013 0.262113 0.620610
vn 0.739013 0.262113 0.620610
vn 0.765787 0.000000 0.643094
vn 0.368928 0.000000 0.929458
vn 0.739013 0.262113 0.620610
vn 0.368928 0.000000 0.929458
vn 0.359286 0.227128 0.905166
vn 0.359286 0.227128 0.905166
vn 0.368928 0.000000 0.929458
vn 0.000000 0.000000 1.000000
vn 0.359286 0.227128 0.905166
vn 0.000000 0.000000 1.000000
vn 0.000000 0.197398 0.980323
vn 0.000000 0.197398 0.980323
vn 0.000000 0.000000 1.000000
vn -0.368928 0.000000 0.929458
vn 0.000000 0.197398 0.980323
vn -0.368928 0.000000 0.929458
vn -0.359379 0.226050 0.905400
vn -0.359379 0.226050 0.905400
vn -0.368928 0.000000 0.929458
vn -0.765787 0.000000 0.643094
vn -0.359379 0.226050 0.905400
vn -0.765787 0.000000 0.643094
vn -0.741238 0.251172 0.622478
vn -0.741238 0.251172 0.622478
vn -0.765787 0.000000 0.643094
vn -1.000000 0.000000 0.000000
vn -0.741238 0.251172 0.622478
vn -1.000000 0.000000 0.000000
vn -0.943324 0.331873 0.000000
vn -0.943324 0.331873 0.000000
vn -1.000000 0.000000 0.000000
vn -0.765787 0.000000 -0.643094
vn -0.943324 0.331873 0.000000
vn -0.765787 0.000000 -0.643094
vn -0.735964 0.276355 -0.618049
vn -0.735964 0.276355 -0.618049
vn -0.765787 0.000000 -0.643094
vn -0.368928 0.000000 -0.929458
vn -0.735964 0.276355 -0.618049
vn -0.368928 0.000000 -0.929458
vn -0.359590 0.223566 -0.905932
vn -0.359590 0.223566 -0.905932
vn -0.368928 0.000000 -0.929458
vn -0.000000 0.000000 -1.000000
vn -0.359590 0.223566 -0.905932
vn -0.000000 0.000000 -1.000000
vn -0.000000 0.212749 -0.977107
vn -0.000000 0.212749 -0.977107
vn -0.000000 0.000000 -1.000000
vn 0.368928 0.000000 -0.929458
vn -0.000000 0.212749 -0.977107
vn 0.368928 0.000000 -0.929458
vn 0.360524 0.212233 -0.908284
vn 0.360524 0.212233 -0.908284
vn 0.368928 0.000000 -0.929458
vn 0.765787 0.000000 -0.643094
vn 0.360524 0.212233 -0.908284
vn 0.765787 0.000000 -0.643094
vn 0.730724 0.299127 -0.613649
vn 0.730724 0.299127 -0.613649
vn 0.765787 0.000000 -0.643094
vn 1.000000 0.000000 -0.000000
vn 0.730724 0.299127 -0.613649
vn 1.000000 0.000000 -0.000000
vn 0.944905 0.327346 -0.000000
vn 1.000000 0.000000 0.000000
vn 0.947647 -0.319320 0.000000
vn 0.739747 -0.258556 0.621227
vn 1.000000 0.000000 0.000000
vn 0.739747 -0.258556 0.621227
vn 0.765787 0.000000 0.643094
vn 0.765787 0.000000 0.643094
vn 0.739747 -0.258556 0.621227
vn 0.359360 -0.226273 0.905351
vn 0.765787 0.000000 0.643094
vn 0.359360 -0.226273 0.905351
vn 0.368928 0.000000 0.929458
vn 0.368928 0.000000 0.929458
vn 0.359360 -0.226273 0.905351
vn 0.000000 -0.194742 0.980854
vn 0.368928 0.000000 0.929458
vn 0.000000 -0.194742 0.980854
vn 0.000000 0.000000 1.000000
vn 0.000000 0.000000 1.000000
vn 0.000000 -0.194742 0.980854
vn -0.359369 -0.226158 0.905376
vn 0.000000 0.000000 1.000000
vn -0.359369 -0.226158 0.905376
vn -0.368928 0.000000 0.929458
vn -0.368928 0.000000 0.929458
vn -0.359369 -0.226158 0.905376
vn -0.741663 -0.249020 0.622836
vn -0.368928 0.000000 0.929458
vn -0.741663 -0.249020 0.622836
vn -0.765787 0.000000 0.643094
vn -0.765787 0.000000 0.643094
vn -0.741663 -0.249020 0.622836
vn -0.942440 -0.334374 0.000000
vn -0.765787 0.000000 0.643094
vn -0.942440 -0.334374 0.000000
vn -1.000000 0.000000 0.000000
vn -1.000000 0.000000 0.000000
vn -0.942440 -0.334374 0.000000
vn -0.736078 -0.275835 -0.618145
vn -1.000000 0.000000 0.000000
vn -0.736078 -0.275835 -0.618145
vn -0.765787 0.000000 -0.643094
vn -0.765787 0.000000 -0.643094
vn -0.736078 -0.275835 -0.618145
vn -0.359664 -0.222689 -0.906119
vn -0.765787 0.000000 -0.643094
vn -0.359664 -0.222689 -0.906119
vn -0.368928 0.000000 -0.929458
vn -0.368928 0.000000 -0.929458
vn -0.359664 -0.222689 -0.906119
vn -0.000000 -0.212461 -0.977170
vn -0.368928 0.000000 -0.929458
vn -0.000000 -0.212461 -0.977170
vn -0.000000 0.000000 -1.000000
vn -0.000000 0.000000 -1.000000
vn -0.000000 -0.212461 -0.977170
vn 0.360387 -0.213928 -0.907941
vn -0.000000 0.000000 -1.000000
vn 0.360387 -0.213928 -0.907941
vn 0.368928 0.000000 -0.929458
vn 0.368928 0.000000 -0.929458
vn 0.360387 -0.213928 -0.907941
vn 0.730864 -0.298546 -0.613766
vn 0.368928 0.000000 -0.929458
vn 0.730864 -0.298546 -0.613766
vn 0.765787 0.000000 -0.643094
vn 0.765787 0.000000 -0.643094
vn 0.730864 -0.298546 -0.613766
vn 0.943943 -0.330109 -0.000000
vn 0.765787 0.000000 -0.643094
vn 0.943943 -0.330109 -0.000000
vn 1.000000 0.000000 -0.000000
vn 0.947647 -0.319320 0.000000
vn 0.818861 -0.573992 0.000000
vn 0.611628 -0.601741 0.513634
vn 0.947647 -0.319320 0.000000
vn 0.611628 -0.601741 0.513634
vn 0.739747 -0.258556 0.621227
vn 0.739747 -0.258556 0.621227
vn 0.611628 -0.601741 0.513634
vn 0.319303 -0.500927 0.804436
vn 0.739747 -0.258556 0.621227
vn 0.319303 -0.500927 0.804436
vn 0.359360 -0.226273 0.905351
vn 0.359360 -0.226273 0.905351
vn 0.319303 -0.500927 0.804436
vn 0.000000 -0.476054 0.879416
vn 0.359360 -0.226273 0.905351
vn 0.000000 -0.476054 0.879416
vn 0.000000 -0.194742 0.980854
vn 0.000000 -0.194742 0.980854
vn 0.000000 -0.476054 0.879416
vn -0.320277 -0.496340 0.806889
vn 0.000000 -0.194742 0.980854
vn -0.320277 -0.496340 0.806889
vn -0.359369 -0.226158 0.905376
vn -0.359369 -0.226158 0.905376
vn -0.320277 -0.496340 0.806889
vn -0.622399 -0.582603 0.522679
vn -0.359369 -0.226158 0.905376
vn -0.622399 -0.582603 0.522679
vn -0.741663 -0.249020 0.622836
vn -0.741663 -0.249020 0.622836
vn -0.622399 -0.582603 0.522679
vn -0.798357 -0.602184 0.000000
vn -0.741663 -0.249020 0.622836
vn -0.798357 -0.602184 0.000000
vn -0.942440 -0.334374 0.000000
vn -0.942440 -0.334374 0.000000
vn -0.798357 -0.602184 0.000000
vn -0.636087 -0.556822 -0.534175
vn -0.942440 -0.334374 0.000000
vn -0.636087 -0.556822 -0.534175
vn -0.736078 -0.275835 -0.618145
vn -0.736078 -0.275835 -0.618145
vn -0.636087 -0.556822 -0.534175
vn -0.313870 -0.525552 -0.790747
vn -0.736078 -0.275835 -0.618145
vn -0.313870 -0.525552 -0.790747
vn -0.359664 -0.222689 -0.906119
vn -0.359664 -0.222689 -0.906119
vn -0.313870 -0.525552 -0.790747
vn -0.000000 -0.482570 -0.875858
vn -0.359664 -0.222689 -0.906119
vn -0.000000 -0.482570 -0.875858
vn -0.000000 -0.212461 -0.977170
vn -0.000000 -0.212461 -0.977170
vn -0.000000 -0.482570 -0.875858
vn 0.315830 -0.516851 -0.795686
vn -0.000000 -0.212461 -0.977170
vn 0.315830 -0.516851 -0.795686
vn 0.360387 -0.213928 -0.907941
vn 0.360387 -0.213928 -0.907941
vn 0.315830 -0.516851 -0.795686
vn 0.639949 -0.549224 -0.537418
vn 0.360387 -0.213928 -0.907941
vn 0.639949 -0.549224 -0.537418
vn 0.730864 -0.298546 -0.613766
vn 0.730864 -0.298546 -0.613766
vn 0.639949 -0.549224 -0.537418
vn 0.779497 -0.626406 -0.000000
vn 0.730864 -0.298546 -0.613766
vn 0.779497 -0.626406 -0.000000
vn 0.943943 -0.330109 -0.000000
vn 0.818861 -0.573992 0.000000
vn 0.472703 -0.881222 0.000000
vn 0.381873 -0.866794 0.320690
vn 0.818861 -0.573992 0.000000
vn 0.381873 -0.866794 0.320690
vn 0.611628 -0.601741 0.513634
vn 0.611628 -0.601741 0.513634
vn 0.381873 -0.866794 0.320690
vn 0.218277 -0.806194 0.549915
vn 0.611628 -0.601741 0.513634
vn 0.218277 -0.806194 0.549915
vn 0.319303 -0.500927 0.804436
vn 0.319303 -0.500927 0.804436
vn 0.218277 -0.806194 0.549915
vn 0.000000 -0.784091 0.620646
vn 0.319303 -0.500927 0.804436
vn 0.000000 -0.784091 0.620646
vn 0.000000 -0.476054 0.879416
vn 0.000000 -0.476054 0.879416
vn 0.000000 -0.784091 0.620646
vn -0.225333 -0.791803 0.567691
vn 0.000000 -0.476054 0.879416
vn -0.225333 -0.791803 0.567691
vn -0.320277 -0.496340 0.806889
vn -0.320277 -0.496340 0.806889
vn -0.225333 -0.791803 0.567691
vn -0.402496 -0.850733 0.338009
vn -0.320277 -0.496340 0.806889
vn -0.402496 -0.850733 0.338009
vn -0.622399 -0.582603 0.522679
vn -0.622399 -0.582603 0.522679
vn -0.402496 -0.850733 0.338009
vn -0.446054 -0.895006 0.000000
vn -0.622399 -0.582603 0.522679
vn -0.446054 -0.895006 0.000000
vn -0.798357 -0.602184 0.000000
vn -0.798357 -0.602184 0.000000
vn -0.446054 -0.895006 0.000000
vn -0.378818 -0.869076 -0.318125
vn -0.798357 -0.602184 0.000000
vn -0.378818 -0.869076 -0.318125
vn -0.636087 -0.556822 -0.534175
vn -0.636087 -0.556822 -0.534175
vn -0.378818 -0.869076 -0.318125
vn -0.216232 -0.810232 -0.544763
vn -0.636087 -0.556822 -0.534175
vn -0.216232 -0.810232 -0.544763
vn -0.313870 -0.525552 -0.790747
vn -0.313870 -0.525552 -0.790747
vn -0.216232 -0.810232 -0.544763
vn -0.000000 -0.767603 -0.640926
vn -0.313870 -0.525552 -0.790747
vn -0.000000 -0.767603 -0.640926
vn -0.000000 -0.482570 -0.875858
vn -0.000000 -0.482570 -0.875858
vn -0.000000 -0.767603 -0.640926
vn 0.221321 -0.800072 -0.557585
vn -0.000000 -0.482570 -0.875858
vn 0.221321 -0.800072 -0.557585
vn 0.315830 -0.516851 -0.795686
vn 0.315830 -0.516851 -0.795686
vn 0.221321 -0.800072 -0.557585
vn 0.390419 -0.860277 -0.327867
vn 0.315830 -0.516851 -0.795686
vn 0.390419 -0.860277 -0.327867
vn 0.639949 -0.549224 -0.537418
vn 0.639949 -0.549224 -0.537418
vn 0.390419 -0.860277 -0.327867
vn 0.441382 -0.897320 -0.000000
vn 0.639949 -0.549224 -0.537418
vn 0.441382 -0.897320 -0.000000
vn 0.779497 -0.626406 -0.000000
vn 0.472703 -0.881222 0.000000
vn 0.000000 -1.000000 0.000000
vn 0.000000 -1.000000 0.000000
vn 0.472703 -0.881222 0.000000
vn 0.000000 -1.000000 0.000000
vn 0.381873 -0.866794 0.320690
vn 0.381873 -0.866794 0.320690
vn 0.000000 -1.000000 0.000000
vn 0.000000 -1.000000 0.000000
vn 0.381873 -0.866794 0.320690
vn 0.000000 -1.000000 0.000000
vn 0.218277 -0.806194 0.549915
vn 0.218277 -0.806194 0.549915
vn 0.000000 -1.000000 0.000000
vn 0.000000 -1.000000 0.000000
vn 0.218277 -0.806194 0.549915
vn 0.000000 -1.000000 0.000000
vn 0.000000 -0.784091 0.620646
vn 0.000000 -0.784091 0.620646
vn 0.000000 -1.000000 0.000000
vn -0.000000 -1.000000 0.000000
vn 0.000000 -0.784091 0.620646
vn -0.000000 -1.000000 0.000000
vn -0.225333 -0.791803 0.567691
vn -0.225333 -0.791803 0.567691
vn -0.000000 -1.000000 0.000000
vn -0.000000 -1.000000 0.000000
vn -0.225333 -0.791803 0.567691
vn -0.000000 -1.000000 0.000000
vn -0.402496 -0.850733 0.338009
vn -0.402496 -0.850733 0.338009
vn -0.000000 -1.000000 0.000000
vn -0.000000 -1.000000 0.000000
vn -0.402496 -0.850733 0.338009
vn -0.000000 -1.000000 0.000000
vn -0.446054 -0.895006 0.000000
vn -0.446054 -0.895006 0.000000
vn -0.000000 -1.000000 0.000000
vn -0.000000 -1.000000 -0.000000
vn -0.446054 -0.895006 0.000000
vn -0.000000 -1.000000 -0.000000
vn -0.378818 -0.869076 -0.318125
vn -0.378818 -0.869076 -0.318125
vn -0.000000 -1.000000 -0.000000
vn -0.000000 -1.000000 -0.000000
vn -0.378818 -0.869076 -0.318125
vn -0.000000 -1.000000 -0.000000
vn -0.216232 -0.810232 -0.544763
vn -0.216232 -0.810232 -0.544763
vn -0.000000 -1.000000 -0.000000
vn -0.000000 -1.000000 -0.000000
vn -0.216232 -0.810232 -0.544763
vn -0.000000 -1.000000 -0.000000
vn -0.000000 -0.767603 -0.640926
vn -0.000000 -0.767603 -0.640926
vn -0.000000 -1.000000 -0.000000
vn 0.000000 -1.000000 -0.000000
vn -0.000000 -0.767603 -0.640926
vn 0.000000 -1.000000 -0.000000
vn 0.221321 -0.800072 -0.557585
vn 0.221321 -0.800072 -0.557585
vn 0.000000 -1.000000 -0.000000
vn 0.000000 -1.000000 -0.000000
vn 0.221321 -0.800072 -0.557585
vn 0.000000 -1.000000 -0.000000
vn 0.390419 -0.860277 -0.327867
vn 0.390419 -0.860277 -0.327867
vn 0.000000 -1.000000 -0.000000
vn 0.000000 -1.000000 -0.000000
vn 0.390419 -0.860277 -0.327867
vn 0.000000 -1.000000 -0.000000
vn 0.441382 -0.897320 -0.000000
vn 0.000000 1.000000 0.000000
vn 0.404862 0.914378 0.000000
vn 0.329316 0.919997 0.212499
vn 0.000000 1.000000 0.000000
vn 0.329316 0.919997 0.212499
vn 0.000000 1.000000 0.000000
vn 0.000000 1.000000 0.000000
vn 0.329316 0.919997 0.212499
vn 0.205066 0.894630 0.396970
vn 0.000000 1.000000 0.000000
vn 0.205066 0.894630 0.396970
vn 0.000000 1.000000 0.000000
vn 0.000000 1.000000 0.000000
vn 0.205066 0.894630 0.396970
vn 0.000000 0.902269 0.431173
vn 0.000000 1.000000 0.000000
vn 0.000000 0.902269 0.431173
vn 0.000000 1.000000 0.000000
vn 0.000000 1.000000 0.000000
vn 0.000000 0.902269 0.431173
vn -0.187166 0.913068 0.362320
vn 0.000000 1.000000 0.000000
vn -0.187166 0.913068 0.362320
vn 0.000000 1.000000 0.000000
vn 0.000000 1.000000 0.000000
vn -0.187166 0.913068 0.362320
vn -0.308340 0.930236 0.198964
vn 0.000000 1.000000 0.000000
vn -0.308340 0.930236 0.198964
vn 0.000000 1.000000 0.000000
vn 0.000000 1.000000 0.000000
vn -0.308340 0.930236 0.198964
vn -0.391070 0.920361 0.000000
vn 0.000000 1.000000 0.000000
vn -0.391070 0.920361 0.000000
vn 0.000000 1.000000 0.000000
vn 0.000000 1.000000 0.000000
vn -0.391070 0.920361 0.000000
vn -0.318017 0.925611 -0.205208
vn 0.000000 1.000000 0.000000
vn -0.318017 0.925611 -0.205208
vn 0.000000 1.000000 0.000000
vn 0.000000 1.000000 0.000000
vn -0.318017 0.925611 -0.205208
vn -0.185376 0.914800 -0.358854
vn 0.000000 1.000000 0.000000
vn -0.185376 0.914800 -0.358854
vn 0.000000 1.000000 0.000000
vn 0.000000 1.000000 0.000000
vn -0.185376 0.914800 -0.358854
vn -0.000000 0.917316 -0.398159
vn 0.000000 1.000000 0.000000
vn -0.000000 0.917316 -0.398159
vn 0.000000 1.000000 0.000000
vn 0.000000 1.000000 0.000000
vn -0.000000 0.917316 -0.398159
vn 0.197088 0.903102 -0.381528
vn 0.000000 1.000000 0.000000
vn 0.197088 0.903102 -0.381528
vn 0.000000 1.000000 0.000000
vn 0.000000 1.000000 0.000000
vn 0.197088 0.903102 -0.381528
vn 0.315156 0.926995 -0.203362
vn 0.000000 1.000000 0.000000
vn 0.315156 0.926995 -0.203362
vn 0.000000 1.000000 0.000000
vn 0.000000 1.000000 0.000000
vn 0.315156 0.926995 -0.203362
vn 0.359345 0.933205 -0.000000
vn 0.000000 1.000000 0.000000
vn 0.359345 0.933205 -0.000000
vn 0.000000 1.000000 0.000000
vn 0.404862 0.914378 0.000000
vn 0.674235 0.738517 0.000000
vn 0.568322 0.736563 0.366723
vn 0.404862 0.914378 0.000000
vn 0.568322 0.736563 0.366723
vn 0.329316 0.919997 0.212499
vn 0.329316 0.919997 0.212499
vn 0.568322 0.736563 0.366723
vn 0.332879 0.688438 0.644395
vn 0.329316 0.919997 0.212499
vn 0.332879 0.688438 0.644395
vn 0.205066 0.894630 0.396970
vn 0.205066 0.894630 0.396970
vn 0.332879 0.688438 0.644395
vn 0.000000 0.685955 0.727644
vn 0.205066 0.894630 0.396970
vn 0.000000 0.685955 0.727644
vn 0.000000 0.902269 0.431173
vn 0.000000 0.902269 0.431173
vn 0.000000 0.685955 0.727644
vn -0.348428 0.650889 0.674494
vn 0.000000 0.902269 0.431173
vn -0.348428 0.650889 0.674494
vn -0.187166 0.913068 0.362320
vn -0.187166 0.913068 0.362320
vn -0.348428 0.650889 0.674494
vn -0.591685 0.710027 0.381799
vn -0.187166 0.913068 0.362320
vn -0.591685 0.710027 0.381799
vn -0.308340 0.930236 0.198964
vn -0.308340 0.930236 0.198964
vn -0.591685 0.710027 0.381799
vn -0.693406 0.720547 0.000000
vn -0.308340 0.930236 0.198964
vn -0.693406 0.720547 0.000000
vn -0.391070 0.920361 0.000000
vn -0.391070 0.920361 0.000000
vn -0.693406 0.720547 0.000000
vn -0.605850 0.692901 -0.390939
vn -0.391070 0.920361 0.000000
vn -0.605850 0.692901 -0.390939
vn -0.318017 0.925611 -0.205208
vn -0.318017 0.925611 -0.205208
vn -0.605850 0.692901 -0.390939
vn -0.351652 0.642605 -0.680735
vn -0.318017 0.925611 -0.205208
vn -0.351652 0.642605 -0.680735
vn -0.185376 0.914800 -0.358854
vn -0.185376 0.914800 -0.358854
vn -0.351652 0.642605 -0.680735
vn -0.000000 0.653754 -0.756707
vn -0.185376 0.914800 -0.358854
vn -0.000000 0.653754 -0.756707
vn -0.000000 0.917316 -0.398159
vn -0.000000 0.917316 -0.398159
vn -0.000000 0.653754 -0.756707
vn 0.341018 0.669260 -0.660150
vn -0.000000 0.917316 -0.398159
vn 0.341018 0.669260 -0.660150
vn 0.197088 0.903102 -0.381528
vn 0.197088 0.903102 -0.381528
vn 0.341018 0.669260 -0.660150
vn 0.583683 0.719347 -0.376636
vn 0.197088 0.903102 -0.381528
vn 0.583683 0.719347 -0.376636
vn 0.315156 0.926995 -0.203362
vn 0.315156 0.926995 -0.203362
vn 0.583683 0.719347 -0.376636
vn 0.728834 0.684691 -0.000000
vn 0.315156 0.926995 -0.203362
vn 0.728834 0.684691 -0.000000
vn 0.359345 0.933205 -0.000000
vn 0.674235 0.738517 0.000000
vn 0.926446 0.376429 0.000000
vn 0.778729 0.375609 0.502493
vn 0.674235 0.738517 0.000000
vn 0.778729 0.375609 0.502493
vn 0.568322 0.736563 0.366723
vn 0.568322 0.736563 0.366723
vn 0.778729 0.375609 0.502493
vn 0.432171 0.336629 0.836606
vn 0.568322 0.736563 0.366723
vn 0.432171 0.336629 0.836606
vn 0.332879 0.688438 0.644395
vn 0.332879 0.688438 0.644395
vn 0.432171 0.336629 0.836606
vn 0.000000 0.337809 0.941215
vn 0.332879 0.688438 0.644395
vn 0.000000 0.337809 0.941215
vn 0.000000 0.685955 0.727644
vn 0.000000 0.685955 0.727644
vn 0.000000 0.337809 0.941215
vn -0.428080 0.360589 0.828687
vn 0.000000 0.685955 0.727644
vn -0.428080 0.360589 0.828687
vn -0.348428 0.650889 0.674494
vn -0.348428 0.650889 0.674494
vn -0.428080 0.360589 0.828687
vn -0.764411 0.415182 0.493254
vn -0.348428 0.650889 0.674494
vn -0.764411 0.415182 0.493254
vn -0.591685 0.710027 0.381799
vn -0.591685 0.710027 0.381799
vn -0.764411 0.415182 0.493254
vn -0.927290 0.374344 0.000000
vn -0.591685 0.710027 0.381799
vn -0.927290 0.374344 0.000000
vn -0.693406 0.720547 0.000000
vn -0.693406 0.720547 0.000000
vn -0.927290 0.374344 0.000000
vn -0.771691 0.395647 -0.497952
vn -0.693406 0.720547 0.000000
vn -0.771691 0.395647 -0.497952
vn -0.605850 0.692901 -0.390939
vn -0.605850 0.692901 -0.390939
vn -0.771691 0.395647 -0.497952
vn -0.428843 0.356263 -0.830163
vn -0.605850 0.692901 -0.390939
vn -0.428843 0.356263 -0.830163
vn -0.351652 0.642605 -0.680735
vn -0.351652 0.642605 -0.680735
vn -0.428843 0.356263 -0.830163
vn -0.000000 0.359319 -0.933215
vn -0.351652 0.642605 -0.680735
vn -0.000000 0.359319 -0.933215
vn -0.000000 0.653754 -0.756707
vn -0.000000 0.653754 -0.756707
vn -0.000000 0.359319 -0.933215
vn 0.433612 0.327711 -0.839396
vn -0.000000 0.653754 -0.756707
vn 0.433612 0.327711 -0.839396
vn 0.341018 0.669260 -0.660150
vn 0.341018 0.669260 -0.660150
vn 0.433612 0.327711 -0.839396
vn 0.780136 0.371450 -0.503401
vn 0.341018 0.669260 -0.660150
vn 0.780136 0.371450 -0.503401
vn 0.583683 0.719347 -0.376636
vn 0.583683 0.719347 -0.376636
vn 0.780136 0.371450 -0.503401
vn 0.918313 0.395856 -0.000000
vn 0.583683 0.719347 -0.376636
vn 0.918313 0.395856 -0.000000
vn 0.728834 0.684691 -0.000000
vn 0.926446 0.376429 0.000000
vn 1.000000 0.000000 0.000000
vn 0.840254 0.000000 0.542194
vn 0.926446 0.376429 0.000000
vn 0.840254 0.000000 0.542194
vn 0.778729 0.375609 0.502493
vn 0.778729 0.375609 0.502493
vn 0.840254 0.000000 0.542194
vn 0.458957 0.000000 0.888459
vn 0.778729 0.375609 0.502493
vn 0.458957 0.000000 0.888459
vn 0.432171 0.336629 0.836606
vn 0.432171 0.336629 0.836606
vn 0.458957 0.000000 0.888459
vn 0.000000 0.000000 1.000000
vn 0.432171 0.336629 0.836606
vn 0.000000 0.000000 1.000000
vn 0.000000 0.337809 0.941215
vn 0.000000 0.337809 0.941215
vn 0.000000 0.000000 1.000000
vn -0.458957 0.000000 0.888459
vn 0.000000 0.337809 0.941215
vn -0.458957 0.000000 0.888459
vn -0.428080 0.360589 0.828687
vn -0.428080 0.360589 0.828687
vn -0.458957 0.000000 0.888459
vn -0.840254 0.000000 0.542194
vn -0.428080 0.360589 0.828687
vn -0.840254 0.000000 0.542194
vn -0.764411 0.415182 0.493254
vn -0.764411 0.415182 0.493254
vn -0.840254 0.000000 0.542194
vn -1.000000 0.000000 0.000000
vn -0.764411 0.415182 0.493254
vn -1.000000 0.000000 0.000000
vn -0.927290 0.374344 0.000000
vn -0.927290 0.374344 0.000000
vn -1.000000 0.000000 0.000000
vn -0.840254 0.000000 -0.542194
vn -0.927290 0.374344 0.000000
vn -0.840254 0.000000 -0.542194
vn -0.771691 0.395647 -0.497952
vn -0.771691 0.395647 -0.497952
vn -0.840254 0.000000 -0.542194
vn -0.458957 0.000000 -0.888459
vn -0.771691 0.395647 -0.497952
vn -0.458957 0.000000 -0.888459
vn -0.428843 0.356263 -0.830163
vn -0.428843 0.356263 -0.830163
vn -0.458957 0.000000 -0.888459
vn -0.000000 0.000000 -1.000000
vn -0.428843 0.356263 -0.830163
vn -0.000000 0.000000 -1.000000
vn -0.000000 0.359319 -0.933215
vn -0.000000 0.359319 -0.933215
vn -0.000000 0.000000 -1.000000
vn 0.458957 0.000000 -0.888459
vn -0.000000 0.359319 -0.933215
vn 0.458957 0.000000 -0.888459
vn 0.433612 0.327711 -0.839396
vn 0.433612 0.327711 -0.839396
vn 0.458957 0.000000 -0.888459
vn 0.840254 0.000000 -0.542194
vn 0.433612 0.327711 -0.839396
vn 0.840254 0.000000 -0.542194
vn 0.780136 0.371450 -0.503401
vn 0.780136 0.371450 -0.503401
vn 0.840254 0.000000 -0.542194
vn 1.000000 0.000000 -0.000000
vn 0.780136 0.371450 -0.503401
vn 1.000000 0.000000 -0.000000
vn 0.918313 0.395856 -0.000000
vn 1.000000 0.000000 0.000000
vn 0.924030 -0.382319 0.000000
vn 0.786823 -0.350905 0.507716
vn 1.000000 0.000000 0.000000
vn 0.786823 -0.350905 0.507716
vn 0.840254 0.000000 0.542194
vn 0.840254 0.000000 0.542194
vn 0.786823 -0.350905 0.507716
vn 0.430341 -0.347582 0.833063
vn 0.840254 0.000000 0.542194
vn 0.430341 -0.347582 0.833063
vn 0.458957 0.000000 0.888459
vn 0.458957 0.000000 0.888459
vn 0.430341 -0.347582 0.833063
vn 0.000000 -0.319453 0.947602
vn 0.458957 0.000000 0.888459
vn 0.000000 -0.319453 0.947602
vn 0.000000 0.000000 1.000000
vn 0.000000 0.000000 1.000000
vn 0.000000 -0.319453 0.947602
vn -0.427379 -0.364519 0.827329
vn 0.000000 0.000000 1.000000
vn -0.427379 -0.364519 0.827329
vn -0.458957 0.000000 0.888459
vn -0.458957 0.000000 0.888459
vn -0.427379 -0.364519 0.827329
vn -0.774640 -0.387400 0.499855
vn -0.458957 0.000000 0.888459
vn -0.774640 -0.387400 0.499855
vn -0.840254 0.000000 0.542194
vn -0.840254 0.000000 0.542194
vn -0.774640 -0.387400 0.499855
vn -0.923424 -0.383781 0.000000
vn -0.840254 0.000000 0.542194
vn -0.923424 -0.383781 0.000000
vn -1.000000 0.000000 0.000000
vn -1.000000 0.000000 0.000000
vn -0.923424 -0.383781 0.000000
vn -0.777781 -0.378380 -0.501882
vn -1.000000 0.000000 0.000000
vn -0.777781 -0.378380 -0.501882
vn -0.840254 0.000000 -0.542194
vn -0.840254 0.000000 -0.542194
vn -0.777781 -0.378380 -0.501882
vn -0.423988 -0.382855 -0.820765
vn -0.840254 0.000000 -0.542194
vn -0.423988 -0.382855 -0.820765
vn -0.458957 0.000000 -0.888459
vn -0.458957 0.000000 -0.888459
vn -0.423988 -0.382855 -0.820765
vn -0.000000 -0.346806 -0.937937
vn -0.458957 0.000000 -0.888459
vn -0.000000 -0.346806 -0.937937
vn -0.000000 0.000000 -1.000000
vn -0.000000 0.000000 -1.000000
vn -0.000000 -0.346806 -0.937937
vn 0.430060 -0.349228 -0.832519
vn -0.000000 0.000000 -1.000000
vn 0.430060 -0.349228 -0.832519
vn 0.458957 0.000000 -0.888459
vn 0.458957 0.000000 -0.888459
vn 0.430060 -0.349228 -0.832519
vn 0.782623 -0.363963 -0.505006
vn 0.458957 0.000000 -0.888459
vn 0.782623 -0.363963 -0.505006
vn 0.840254 0.000000 -0.542194
vn 0.840254 0.000000 -0.542194
vn 0.782623 -0.363963 -0.505006
vn 0.909065 -0.416655 -0.000000
vn 0.840254 0.000000 -0.542194
vn 0.909065 -0.416655 -0.000000
vn 1.000000 0.000000 -0.000000
vn 0.924030 -0.382319 0.000000
vn 0.686147 -0.727463 0.000000
vn 0.593536 -0.707835 0.382994
vn 0.924030 -0.382319 0.000000
vn 0.593536 -0.707835 0.382994
vn 0.786823 -0.350905 0.507716
vn 0.786823 -0.350905 0.507716
vn 0.593536 -0.707835 0.382994
vn 0.324944 -0.706207 0.629033
vn 0.786823 -0.350905 0.507716
vn 0.324944 -0.706207 0.629033
vn 0.430341 -0.347582 0.833063
vn 0.430341 -0.347582 0.833063
vn 0.324944 -0.706207 0.629033
vn 0.000000 -0.689783 0.724016
vn 0.430341 -0.347582 0.833063
vn 0.000000 -0.689783 0.724016
vn 0.000000 -0.319453 0.947602
vn 0.000000 -0.319453 0.947602
vn 0.000000 -0.689783 0.724016
vn -0.329638 -0.695802 0.638121
vn 0.000000 -0.319453 0.947602
vn -0.329638 -0.695802 0.638121
vn -0.427379 -0.364519 0.827329
vn -0.427379 -0.364519 0.827329
vn -0.329638 -0.695802 0.638121
vn -0.618089 -0.677419 0.398836
vn -0.427379 -0.364519 0.827329
vn -0.618089 -0.677419 0.398836
vn -0.774640 -0.387400 0.499855
vn -0.774640 -0.387400 0.499855
vn -0.618089 -0.677419 0.398836
vn -0.679415 -0.733754 0.000000
vn -0.774640 -0.387400 0.499855
vn -0.679415 -0.733754 0.000000
vn -0.923424 -0.383781 0.000000
vn -0.923424 -0.383781 0.000000
vn -0.679415 -0.733754 0.000000
vn -0.610223 -0.687445 -0.393761
vn -0.923424 -0.383781 0.000000
vn -0.610223 -0.687445 -0.393761
vn -0.777781 -0.378380 -0.501882
vn -0.777781 -0.378380 -0.501882
vn -0.610223 -0.687445 -0.393761
vn -0.338402 -0.675535 -0.655085
vn -0.777781 -0.378380 -0.501882
vn -0.338402 -0.675535 -0.655085
vn -0.423988 -0.382855 -0.820765
vn -0.423988 -0.382855 -0.820765
vn -0.338402 -0.675535 -0.655085
vn -0.000000 -0.648185 -0.761483
vn -0.423988 -0.382855 -0.820765
vn -0.000000 -0.648185 -0.761483
vn -0.000000 -0.346806 -0.937937
vn -0.000000 -0.346806 -0.937937
vn -0.000000 -0.648185 -0.761483
vn 0.320448 -0.715894 -0.620330
vn -0.000000 -0.346806 -0.937937
vn 0.320448 -0.715894 -0.620330
vn 0.430060 -0.349228 -0.832519
vn 0.430060 -0.349228 -0.832519
vn 0.320448 -0.715894 -0.620330
vn 0.601487 -0.698264 -0.388124
vn 0.430060 -0.349228 -0.832519
vn 0.601487 -0.698264 -0.388124
vn 0.782623 -0.363963 -0.505006
vn 0.782623 -0.363963 -0.505006
vn 0.601487 -0.698264 -0.388124
vn 0.713067 -0.701096 -0.000000
vn 0.782623 -0.363963 -0.505006
vn 0.713067 -0.701096 -0.000000
vn 0.909065 -0.416655 -0.000000
vn 0.686147 -0.727463 0.000000
vn 0.411010 -0.911631 0.000000
vn 0.333380 -0.917922 0.215121
vn 0.686147 -0.727463 0.000000
vn 0.333380 -0.917922 0.215121
vn 0.593536 -0.707835 0.382994
vn 0.593536 -0.707835 0.382994
vn 0.333380 -0.917922 0.215121
vn 0.198749 -0.901372 0.384743
vn 0.593536 -0.707835 0.382994
vn 0.198749 -0.901372 0.384743
vn 0.324944 -0.706207 0.629033
vn 0.324944 -0.706207 0.629033
vn 0.198749 -0.901372 0.384743
vn 0.000000 -0.909068 0.416648
vn 0.324944 -0.706207 0.629033
vn 0.000000 -0.909068 0.416648
vn 0.000000 -0.689783 0.724016
vn 0.000000 -0.689783 0.724016
vn 0.000000 -0.909068 0.416648
vn -0.182026 -0.917988 0.352371
vn 0.000000 -0.689783 0.724016
vn -0.182026 -0.917988 0.352371
vn -0.329638 -0.695802 0.638121
vn -0.329638 -0.695802 0.638121
vn -0.182026 -0.917988 0.352371
vn -0.320621 -0.924337 0.206889
vn -0.329638 -0.695802 0.638121
vn -0.320621 -0.924337 0.206889
vn -0.618089 -0.677419 0.398836
vn -0.618089 -0.677419 0.398836
vn -0.320621 -0.924337 0.206889
vn -0.415884 -0.909418 0.000000
vn -0.618089 -0.677419 0.398836
vn -0.415884 -0.909418 0.000000
vn -0.679415 -0.733754 0.000000
vn -0.679415 -0.733754 0.000000
vn -0.415884 -0.909418 0.000000
vn -0.310888 -0.929034 -0.200608
vn -0.679415 -0.733754 0.000000
vn -0.310888 -0.929034 -0.200608
vn -0.610223 -0.687445 -0.393761
vn -0.610223 -0.687445 -0.393761
vn -0.310888 -0.929034 -0.200608
vn -0.182016 -0.917997 -0.352351
vn -0.610223 -0.687445 -0.393761
vn -0.182016 -0.917997 -0.352351
vn -0.338402 -0.675535 -0.655085
vn -0.338402 -0.675535 -0.655085
vn -0.182016 -0.917997 -0.352351
vn -0.000000 -0.926474 -0.376359
vn -0.338402 -0.675535 -0.655085
vn -0.000000 -0.926474 -0.376359
vn -0.000000 -0.648185 -0.761483
vn -0.000000 -0.648185 -0.761483
vn -0.000000 -0.926474 -0.376359
vn 0.189562 -0.910719 -0.366958
vn -0.000000 -0.648185 -0.761483
vn 0.189562 -0.910719 -0.366958
vn 0.320448 -0.715894 -0.620330
vn 0.320448 -0.715894 -0.620330
vn 0.189562 -0.910719 -0.366958
vn 0.333084 -0.918074 -0.214930
vn 0.320448 -0.715894 -0.620330
vn 0.333084 -0.918074 -0.214930
vn 0.601487 -0.698264 -0.388124
vn 0.601487 -0.698264 -0.388124
vn 0.333084 -0.918074 -0.214930
vn 0.376482 -0.926424 -0.000000
vn 0.601487 -0.698264 -0.388124
vn 0.376482 -0.926424 -0.000000
vn 0.713067 -0.701096 -0.000000
vn 0.411010 -0.911631 0.000000
vn 0.000000 -1.000000 0.000000
vn 0.000000 -1.000000 0.000000
vn 0.411010 -0.911631 0.000000
vn 0.000000 -1.000000 0.000000
vn 0.333380 -0.917922 0.215121
vn 0.333380 -0.917922 0.215121
vn 0.000000 -1.000000 0.000000
vn 0.000000 -1.000000 0.000000
vn 0.333380 -0.917922 0.215121
vn 0.000000 -1.000000 0.000000
vn 0.198749 -0.901372 0.384743
vn 0.198749 -0.901372 0.384743
vn 0.000000 -1.000000 0.000000
vn 0.000000 -1.000000 0.000000
vn 0.198749 -0.901372 0.384743
vn 0.000000 -1.000000 0.000000
vn 0.000000 -0.909068 0.416648
vn 0.000000 -0.909068 0.416648
vn 0.000000 -1.000000 0.000000
vn -0.000000 -1.000000 0.000000
vn 0.000000 -0.909068 0.416648
vn -0.000000 -1.000000 0.000000
vn -0.182026 -0.917988 0.352371
vn -0.182026 -0.917988 0.352371
vn -0.000000 -1.000000 0.000000
vn -0.000000 -1.000000 0.000000
vn -0.182026 -0.917988 0.352371
vn -0.000000 -1.000000 0.000000
vn -0.320621 -0.924337 0.206889
vn -0.320621 -0.924337 0.206889
vn -0.000000 -1.000000 0.000000
vn -0.000000 -1.000000 0.000000
vn -0.320621 -0.924337 0.206889
vn -0.000000 -1.000000 0.000000
vn -0.415884 -0.909418 0.000000
vn -0.415884 -0.909418 0.000000
vn -0.000000 -1.000000 0.000000
vn -0.000000 -1.000000 -0.000000
vn -0.415884 -0.909418 0.000000
vn -0.000000 -1.000000 -0.000000
vn -0.310888 -0.929034 -0.200608
vn -0.310888 -0.929034 -0.200608
vn -0.000000 -1.000000 -0.000000
vn -0.000000 -1.000000 -0.000000
vn -0.310888 -0.929034 -0.200608
vn -0.000000 -1.000000 -0.000000
vn -0.182016 -0.917997 -0.352351
vn -0.182016 -0.917997 -0.352351
vn -0.000000 -1.000000 -0.000000
vn -0.000000 -1.000000 -0.000000
vn -0.182016 -0.917997 -0.352351
vn -0.000000 -1.000000 -0.000000
vn -0.000000 -0.926474 -0.376359
vn -0.000000 -0.926474 -0.376359
vn -0.000000 -1.000000 -0.000000
vn 0.000000 -1.000000 -0.000000
vn -0.000000 -0.926474 -0.376359
vn 0.000000 -1.000000 -0.000000
vn 0.189562 -0.910719 -0.366958
vn 0.189562 -0.910719 -0.366958
vn 0.000000 -1.000000 -0.000000
vn 0.000000 -1.000000 -0.000000
vn 0.189562 -0.910719 -0.366958
vn 0.000000 -1.000000 -0.000000
vn 0.333084 -0.918074 -0.214930
vn 0.333084 -0.918074 -0.214930
vn 0.000000 -1.000000 -0.000000
vn 0.000000 -1.000000 -0.000000
vn 0.333084 -0.918074 -0.214930
vn 0.000000 -1.000000 -0.000000
vn 0.376482 -0.926424 -0.000000
vn 0.196116 0.000000 0.980581
vn -0.469814 0.339015 0.815073
vn -0.469814 0.339015 0.815073
vn 0.196116 0.000000 0.980581
vn -0.469814 0.339015 0.815073
vn 0.196116 0.000000 0.980581
vn 0.470129 0.877575 -0.094026
vn 0.470129 0.877575 -0.094026
vn 0.470129 0.877575 -0.094026
vn -0.470129 -0.877575 0.094026
vn -0.470129 -0.877575 0.094026
vn -0.470129 -0.877575 0.094026
vn -0.469814 0.339015 0.815073
vn -0.860533 0.479440 0.172107
vn -0.860533 0.479440 0.172107
vn -0.469814 0.339015 0.815073
vn -0.860533 0.479440 0.172107
vn -0.469814 0.339015 0.815073
vn 0.470129 0.877575 -0.094026
vn 0.470129 0.877575 -0.094026
vn 0.470129 0.877575 -0.094026
vn -0.470129 -0.877575 0.094026
vn -0.470129 -0.877575 0.094026
vn -0.470129 -0.877575 0.094026
vn -0.860533 0.479440 0.172107
vn -0.747164 0.339015 -0.571678
vn -0.747164 0.339015 -0.571678
vn -0.860533 0.479440 0.172107
vn -0.747164 0.339015 -0.571678
vn -0.860533 0.479440 0.172107
vn 0.470129 0.877575 -0.094026
vn 0.470129 0.877575 -0.094026
vn 0.470129 0.877575 -0.094026
vn -0.470129 -0.877575 0.094026
vn -0.470129 -0.877575 0.094026
vn -0.470129 -0.877575 0.094026
vn -0.747164 0.339015 -0.571678
vn -0.196116 0.000000 -0.980581
vn -0.196116 0.000000 -0.980581
vn -0.747164 0.339015 -0.571678
vn -0.196116 0.000000 -0.980581
vn -0.747164 0.339015 -0.571678
vn 0.470129 0.877575 -0.094026
vn 0.470129 0.877575 -0.094026
vn 0.470129 0.877575 -0.094026
vn -0.470129 -0.877575 0.094026
vn -0.470129 -0.877575 0.094026
vn -0.470129 -0.877575 0.094026
vn -0.196116 0.000000 -0.980581
vn 0.469814 -0.339015 -0.815073
vn 0.469814 -0.339015 -0.815073
vn -0.196116 0.000000 -0.980581
vn 0.469814 -0.339015 -0.815073
vn -0.196116 0.000000 -0.980581
vn 0.470129 0.877575 -0.094026
vn 0.470129 0.877575 -0.094026
vn 0.470129 0.877575 -0.094026
vn -0.470129 -0.877575 0.094026
vn -0.470129 -0.877575 0.094026
vn -0.470129 -0.877575 0.094026
vn 0.469814 -0.339015 -0.815073
vn 0.860533 -0.479440 -0.172107
vn 0.860533 -0.479440 -0.172107
vn 0.469814 -0.339015 -0.815073
vn 0.860533 -0.479440 -0.172107
vn 0.469814 -0.339015 -0.815073
vn 0.470129 0.877575 -0.094026
vn 0.470129 0.877575 -0.094026
vn 0.470129 0.877575 -0.094026
vn -0.470129 -0.877575 0.094026
vn -0.470129 -0.877575 0.094026
vn -0.470129 -0.877575 0.094026
vn 0.860533 -0.479440 -0.172107
vn 0.747164 -0.339015 0.571678
vn 0.747164 -0.339015 0.571678
vn 0.860533 -0.479440 -0.172107
vn 0.747164 -0.339015 0.571678
vn 0.860533 -0.479440 -0.172107
vn 0.470129 0.877575 -0.094026
vn 0.470129 0.877575 -0.094026
vn 0.470129 0.877575 -0.094026
vn -0.470129 -0.877575 0.094026
vn -0.470129 -0.877575 0.094026
vn -0.470129 -0.877575 0.094026
vn 0.747164 -0.339015 0.571678
vn 0.196116 0.000000 0.980581
vn 0.196116 0.000000 0.980581
vn 0.747164 -0.339015 0.571678
vn 0.196116 0.000000 0.980581
vn 0.747164 -0.339015 0.571678
vn 0.470129 0.877575 -0.094026
vn 0.470129 0.877575 -0.094026
vn 0.470129 0.877575 -0.094026
vn -0.470129 -0.877575 0.094026
vn -0.470129 -0.877575 0.094026
vn -0.470129 -0.877575 0.094026
vn 0.119145 0.000000 0.992877
vn 0.668875 0.502626 0.547698
vn 0.668875 0.502626 0.547698
vn 0.119145 0.000000 0.992877
vn 0.668875 0.502626 0.547698
vn 0.119145 0.000000 0.992877
vn 0.638304 -0.765964 -0.076596
vn 0.638304 -0.765964 -0.076596
vn 0.638304 -0.765964 -0.076596
vn -0.638304 0.765964 0.076596
vn -0.638304 0.765964 0.076596
vn -0.638304 0.765964 0.076596
vn 0.668875 0.502626 0.547698
vn 0.714928 0.626765 -0.309909
vn 0.714928 0.626765 -0.309909
vn 0.668875 0.502626 0.547698
vn 0.714928 0.626765 -0.309909
vn 0.668875 0.502626 0.547698
vn 0.638304 -0.765964 -0.076596
vn 0.638304 -0.765964 -0.076596
vn 0.638304 -0.765964 -0.076596
vn -0.638304 0.765964 0.076596
vn -0.638304 0.765964 0.076596
vn -0.638304 0.765964 0.076596
vn 0.714928 0.626765 -0.309909
vn 0.222626 0.278936 -0.934148
vn 0.222626 0.278936 -0.934148
vn 0.714928 0.626765 -0.309909
vn 0.222626 0.278936 -0.934148
vn 0.714928 0.626765 -0.309909
vn 0.638304 -0.765964 -0.076596
vn 0.638304 -0.765964 -0.076596
vn 0.638304 -0.765964 -0.076596
vn -0.638304 0.765964 0.076596
vn -0.638304 0.765964 0.076596
vn -0.638304 0.765964 0.076596
vn 0.222626 0.278936 -0.934148
vn -0.437318 -0.278936 -0.854954
vn -0.437318 -0.278936 -0.854954
vn 0.222626 0.278936 -0.934148
vn -0.437318 -0.278936 -0.854954
vn 0.222626 0.278936 -0.934148
vn 0.638304 -0.765964 -0.076596
vn 0.638304 -0.765964 -0.076596
vn 0.638304 -0.765964 -0.076596
vn -0.638304 0.765964 0.076596
vn -0.638304 0.765964 0.076596
vn -0.638304 0.765964 0.076596
vn -0.437318 -0.278936 -0.854954
vn -0.767953 -0.626765 -0.131963
vn -0.767953 -0.626765 -0.131963
vn -0.437318 -0.278936 -0.854954
vn -0.767953 -0.626765 -0.131963
vn -0.437318 -0.278936 -0.854954
vn 0.638304 -0.765964 -0.076596
vn 0.638304 -0.765964 -0.076596
vn 0.638304 -0.765964 -0.076596
vn -0.638304 0.765964 0.076596
vn -0.638304 0.765964 0.076596
vn -0.638304 0.765964 0.076596
vn -0.767953 -0.626765 -0.131963
vn -0.520303 -0.502626 0.690399
vn -0.520303 -0.502626 0.690399
vn -0.767953 -0.626765 -0.131963
vn -0.520303 -0.502626 0.690399
vn -0.767953 -0.626765 -0.131963
vn 0.638304 -0.765964 -0.076596
vn 0.638304 -0.765964 -0.076596
vn 0.638304 -0.765964 -0.076596
vn -0.638304 0.765964 0.076596
vn -0.638304 0.765964 0.076596
vn -0.638304 0.765964 0.076596
vn -0.520303 -0.502626 0.690399
vn 0.119145 0.000000 0.992877
vn 0.119145 0.000000 0.992877
vn -0.520303 -0.502626 0.690399
vn 0.119145 0.000000 0.992877
vn -0.520303 -0.502626 0.690399
vn 0.638304 -0.765964 -0.076596
vn 0.638304 -0.765964 -0.076596
vn 0.638304 -0.765964 -0.076596
vn -0.638304 0.765964 0.076596
vn -0.638304 0.765964 0.076596
vn -0.638304 0.765964 0.076596
vn 0.000000 1.000000 0.000000
vn 0.602928 0.797795 0.000000
vn 0.329156 0.686271 0.648605
vn 0.000000 1.000000 0.000000
vn 0.329156 0.686271 0.648605
vn 0.000000 1.000000 0.000000
vn 0.000000 1.000000 0.000000
vn 0.329156 0.686271 0.648605
vn -0.106907 0.668443 0.736040
vn 0.000000 1.000000 0.000000
vn -0.106907 0.668443 0.736040
vn 0.000000 1.000000 0.000000
vn 0.000000 1.000000 0.000000
vn -0.106907 0.668443 0.736040
vn -0.511524 0.767135 0.387101
vn 0.000000 1.000000 0.000000
vn -0.511524 0.767135 0.387101
vn 0.000000 1.000000 0.000000
vn 0.000000 1.000000 0.000000
vn -0.511524 0.767135 0.387101
vn -0.488380 0.790500 -0.369587
vn 0.000000 1.000000 0.000000
vn -0.488380 0.790500 -0.369587
vn 0.000000 1.000000 0.000000
vn 0.000000 1.000000 0.000000
vn -0.488380 0.790500 -0.369587
vn -0.109877 0.644712 -0.756488
vn 0.000000 1.000000 0.000000
vn -0.109877 0.644712 -0.756488
vn 0.000000 1.000000 0.000000
vn 0.000000 1.000000 0.000000
vn -0.109877 0.644712 -0.756488
vn 0.303743 0.741285 -0.598529
vn 0.000000 1.000000 0.000000
vn 0.303743 0.741285 -0.598529
vn 0.000000 1.000000 0.000000
vn 0.000000 1.000000 0.000000
vn 0.303743 0.741285 -0.598529
vn 0.587595 0.809155 -0.000000
vn 0.000000 1.000000 0.000000
vn 0.587595 0.809155 -0.000000
vn 0.000000 1.000000 0.000000
vn 0.602928 0.797795 0.000000
vn 0.951103 0.308875 0.000000
vn 0.438850 0.244142 0.864757
vn 0.602928 0.797795 0.000000
vn 0.438850 0.244142 0.864757
vn 0.329156 0.686271 0.648605
vn 0.329156 0.686271 0.648605
vn 0.438850 0.244142 0.864757
vn -0.140377 0.214983 0.966476
vn 0.329156 0.686271 0.648605
vn -0.140377 0.214983 0.966476
vn -0.106907 0.668443 0.736040
vn -0.106907 0.668443 0.736040
vn -0.140377 0.214983 0.966476
vn -0.758012 0.310423 0.573633
vn -0.106907 0.668443 0.736040
vn -0.758012 0.310423 0.573633
vn -0.511524 0.767135 0.387101
vn -0.511524 0.767135 0.387101
vn -0.758012 0.310423 0.573633
vn -0.770797 0.256172 -0.583308
vn -0.511524 0.767135 0.387101
vn -0.770797 0.256172 -0.583308
vn -0.488380 0.790500 -0.369587
vn -0.488380 0.790500 -0.369587
vn -0.770797 0.256172 -0.583308
vn -0.140173 0.221329 -0.965073
vn -0.488380 0.790500 -0.369587
vn -0.140173 0.221329 -0.965073
vn -0.109877 0.644712 -0.756488
vn -0.109877 0.644712 -0.756488
vn -0.140173 0.221329 -0.965073
vn 0.441006 0.224369 -0.869006
vn -0.109877 0.644712 -0.756488
vn 0.441006 0.224369 -0.869006
vn 0.303743 0.741285 -0.598529
vn 0.303743 0.741285 -0.598529
vn 0.441006 0.224369 -0.869006
vn 0.954283 0.298905 -0.000000
vn 0.303743 0.741285 -0.598529
vn 0.954283 0.298905 -0.000000
vn 0.587595 0.809155 -0.000000
vn 0.951103 0.308875 0.000000
vn 0.955739 -0.294217 0.000000
vn 0.440317 -0.230880 0.867649
vn 0.951103 0.308875 0.000000
vn 0.440317 -0.230880 0.867649
vn 0.438850 0.244142 0.864757
vn 0.438850 0.244142 0.864757
vn 0.440317 -0.230880 0.867649
vn -0.140806 -0.200928 0.969434
vn 0.438850 0.244142 0.864757
vn -0.140806 -0.200928 0.969434
vn -0.140377 0.214983 0.966476
vn -0.140377 0.214983 0.966476
vn -0.140806 -0.200928 0.969434
vn -0.764057 -0.286167 0.578208
vn -0.140377 0.214983 0.966476
vn -0.764057 -0.286167 0.578208
vn -0.758012 0.310423 0.573633
vn -0.758012 0.310423 0.573633
vn -0.764057 -0.286167 0.578208
vn -0.766009 -0.277840 -0.579685
vn -0.758012 0.310423 0.573633
vn -0.766009 -0.277840 -0.579685
vn -0.770797 0.256172 -0.583308
vn -0.770797 0.256172 -0.583308
vn -0.766009 -0.277840 -0.579685
vn -0.140750 -0.202817 -0.969048
vn -0.770797 0.256172 -0.583308
vn -0.140750 -0.202817 -0.969048
vn -0.140173 0.221329 -0.965073
vn -0.140173 0.221329 -0.965073
vn -0.140750 -0.202817 -0.969048
vn 0.439492 -0.238434 -0.866023
vn -0.140173 0.221329 -0.965073
vn 0.439492 -0.238434 -0.866023
vn 0.441006 0.224369 -0.869006
vn 0.441006 0.224369 -0.869006
vn 0.439492 -0.238434 -0.866023
vn 0.949248 -0.314529 -0.000000
vn 0.441006 0.224369 -0.869006
vn 0.949248 -0.314529 -0.000000
vn 0.954283 0.298905 -0.000000
vn 0.955739 -0.294217 0.000000
vn 0.573332 -0.819323 0.000000
vn 0.324417 -0.697203 0.639266
vn 0.955739 -0.294217 0.000000
vn 0.324417 -0.697203 0.639266
vn 0.440317 -0.230880 0.867649
vn 0.440317 -0.230880 0.867649
vn 0.324417 -0.697203 0.639266
vn -0.103226 -0.695884 0.710697
vn 0.440317 -0.230880 0.867649
vn -0.103226 -0.695884 0.710697
vn -0.140806 -0.200928 0.969434
vn -0.140806 -0.200928 0.969434
vn -0.103226 -0.695884 0.710697
vn -0.499814 -0.779180 0.378239
vn -0.140806 -0.200928 0.969434
vn -0.499814 -0.779180 0.378239
vn -0.764057 -0.286167 0.578208
vn -0.764057 -0.286167 0.578208
vn -0.499814 -0.779180 0.378239
vn -0.512735 -0.765862 -0.388018
vn -0.764057 -0.286167 0.578208
vn -0.512735 -0.765862 -0.388018
vn -0.766009 -0.277840 -0.579685
vn -0.766009 -0.277840 -0.579685
vn -0.512735 -0.765862 -0.388018
vn -0.103660 -0.692750 -0.713689
vn -0.766009 -0.277840 -0.579685
vn -0.103660 -0.692750 -0.713689
vn -0.140750 -0.202817 -0.969048
vn -0.140750 -0.202817 -0.969048
vn -0.103660 -0.692750 -0.713689
vn 0.316382 -0.715005 -0.623434
vn -0.140750 -0.202817 -0.969048
vn 0.316382 -0.715005 -0.623434
vn 0.439492 -0.238434 -0.866023
vn 0.439492 -0.238434 -0.866023
vn 0.316382 -0.715005 -0.623434
vn 0.602903 -0.797814 -0.000000
vn 0.439492 -0.238434 -0.866023
vn 0.602903 -0.797814 -0.000000
vn 0.949248 -0.314529 -0.000000
vn 0.573332 -0.819323 0.000000
vn 0.000000 -1.000000 0.000000
vn 0.000000 -1.000000 0.000000
vn 0.573332 -0.819323 0.000000
vn 0.000000 -1.000000 0.000000
vn 0.324417 -0.697203 0.639266
vn 0.324417 -0.697203 0.639266
vn 0.000000 -1.000000 0.000000
vn -0.000000 -1.000000 0.000000
vn 0.324417 -0.697203 0.639266
vn -0.000000 -1.000000 0.000000
vn -0.103226 -0.695884 0.710697
vn -0.103226 -0.695884 0.710697
vn -0.000000 -1.000000 0.000000
vn -0.000000 -1.000000 0.000000
vn -0.103226 -0.695884 0.710697
vn -0.000000 -1.000000 0.000000
vn -0.499814 -0.779180 0.378239
vn -0.499814 -0.779180 0.378239
vn -0.000000 -1.000000 0.000000
vn -0.000000 -1.000000 -0.000000
vn -0.499814 -0.779180 0.378239
vn -0.000000 -1.000000 -0.000000
vn -0.512735 -0.765862 -0.388018
vn -0.512735 -0.765862 -0.388018
vn -0.000000 -1.000000 -0.000000
vn -0.000000 -1.000000 -0.000000
vn -0.512735 -0.765862 -0.388018
vn -0.000000 -1.000000 -0.000000
vn -0.103660 -0.692750 -0.713689
vn -0.103660 -0.692750 -0.713689
vn -0.000000 -1.000000 -0.000000
vn 0.000000 -1.000000 -0.000000
vn -0.103660 -0.692750 -0.713689
vn 0.000000 -1.000000 -0.000000
vn 0.316382 -0.715005 -0.623434
vn 0.316382 -0.715005 -0.623434
vn 0.000000 -1.000000 -0.000000
vn 0.000000 -1.000000 -0.000000
vn 0.316382 -0.715005 -0.623434
vn 0.000000 -1.000000 -0.000000
vn 0.602903 -0.797814 -0.000000
vn 0.196116 0.000000 -0.980581
vn 0.747164 0.339015 -0.571678
vn 0.747164 0.339015 -0.571678
vn 0.196116 0.000000 -0.980581
vn 0.747164 0.339015 -0.571678
vn 0.196116 0.000000 -0.980581
vn -0.470129 0.877575 -0.094026
vn -0.470129 0.877575 -0.094026
vn -0.470129 0.877575 -0.094026
vn 0.470129 -0.877575 0.094026
vn 0.470129 -0.877575 0.094026
vn 0.470129 -0.877575 0.094026
vn 0.747164 0.339015 -0.571678
vn 0.860533 0.479440 0.172107
vn 0.860533 0.479440 0.172107
vn 0.747164 0.339015 -0.571678
vn 0.860533 0.479440 0.172107
vn 0.747164 0.339015 -0.571678
vn -0.470129 0.877575 -0.094026
vn -0.470129 0.877575 -0.094026
vn -0.470129 0.877575 -0.094026
vn 0.470129 -0.877575 0.094026
vn 0.470129 -0.877575 0.094026
vn 0.470129 -0.877575 0.094026
vn 0.860533 0.479440 0.172107
vn 0.469814 0.339015 0.815073
vn 0.469814 0.339015 0.815073
vn 0.860533 0.479440 0.172107
vn 0.469814 0.339015 0.815073
vn 0.860533 0.479440 0.172107
vn -0.470129 0.877575 -0.094026
vn -0.470129 0.877575 -0.094026
vn -0.470129 0.877575 -0.094026
vn 0.470129 -0.877575 0.094026
vn 0.470129 -0.877575 0.094026
vn 0.470129 -0.877575 0.094026
vn 0.469814 0.339015 0.815073
vn -0.196116 0.000000 0.980581
vn -0.196116 0.000000 0.980581
vn 0.469814 0.339015 0.815073
vn -0.196116 0.000000 0.980581
vn 0.469814 0.339015 0.815073
vn -0.470129 0.877575 -0.094026
vn -0.470129 0.877575 -0.094026
vn -0.470129 0.877575 -0.094026
vn 0.470129 -0.877575 0.094026
vn 0.470129 -0.877575 0.094026
vn 0.470129 -0.877575 0.094026
vn -0.196116 0.000000 0.980581
vn -0.747164 -0.339015 0.571678
vn -0.747164 -0.339015 0.571678
vn -0.196116 0.000000 0.980581
vn -0.747164 -0.339015 0.571678
vn -0.196116 0.000000 0.980581
vn -0.470129 0.877575 -0.094026
vn -0.470129 0.877575 -0.094026
vn -0.470129 0.877575 -0.094026
vn 0.470129 -0.877575 0.094026
vn 0.470129 -0.877575 0.094026
vn 0.470129 -0.877575 0.094026
vn -0.747164 -0.339015 0.571678
vn -0.860533 -0.479440 -0.172107
vn -0.860533 -0.479440 -0.172107
vn -0.747164 -0.339015 0.571678
vn -0.860533 -0.479440 -0.172107
vn -0.747164 -0.339015 0.571678
vn -0.470129 0.877575 -0.094026
vn -0.470129 0.877575 -0.094026
vn -0.470129 0.877575 -0.094026
vn 0.470129 -0.877575 0.094026
vn 0.470129 -0.877575 0.094026
vn 0.470129 -0.877575 0.094026
vn -0.860533 -0.479440 -0.172107
vn -0.469814 -0.339015 -0.815073
vn -0.469814 -0.339015 -0.815073
vn -0.860533 -0.479440 -0.172107
vn -0.469814 -0.339015 -0.815073
vn -0.860533 -0.479440 -0.172107
vn -0.470129 0.877575 -0.094026
vn -0.470129 0.877575 -0.094026
vn -0.470129 0.877575 -0.094026
vn 0.470129 -0.877575 0.094026
vn 0.470129 -0.877575 0.094026
vn 0.470129 -0.877575 0.094026
vn -0.469814 -0.339015 -0.815073
vn 0.196116 0.000000 -0.980581
vn 0.196116 0.000000 -0.980581
vn -0.469814 -0.339015 -0.815073
vn 0.196116 0.000000 -0.980581
vn -0.469814 -0.339015 -0.815073
vn -0.470129 0.877575 -0.094026
vn -0.470129 0.877575 -0.094026
vn -0.470129 0.877575 -0.094026
vn 0.470129 -0.877575 0.094026
vn 0.470129 -0.877575 0.094026
vn 0.470129 -0.877575 0.094026
vn 0.119145 0.000000 -0.992877
vn -0.520303 0.502626 -0.690399
vn -0.520303 0.502626 -0.690399
vn 0.119145 0.000000 -0.992877
vn -0.520303 0.502626 -0.690399
vn 0.119145 0.000000 -0.992877
vn -0.638304 -0.765964 -0.076596
vn -0.638304 -0.765964 -0.076596
vn -0.638304 -0.765964 -0.076596
vn 0.638304 0.765964 0.076596
vn 0.638304 0.765964 0.076596
vn 0.638304 0.765964 0.076596
vn -0.520303 0.502626 -0.690399
vn -0.767953 0.626765 0.131963
vn -0.767953 0.626765 0.131963
vn -0.520303 0.502626 -0.690399
vn -0.767953 0.626765 0.131963
vn -0.520303 0.502626 -0.690399
vn -0.638304 -0.765964 -0.076596
vn -0.638304 -0.765964 -0.076596
vn -0.638304 -0.765964 -0.076596
vn 0.638304 0.765964 0.076596
vn 0.638304 0.765964 0.076596
vn 0.638304 0.765964 0.076596
vn -0.767953 0.626765 0.131963
vn -0.437318 0.278936 0.854954
vn -0.437318 0.278936 0.854954
vn -0.767953 0.626765 0.131963
vn -0.437318 0.278936 0.854954
vn -0.767953 0.626765 0.131963
vn -0.638304 -0.765964 -0.076596
vn -0.638304 -0.765964 -0.076596
vn -0.638304 -0.765964 -0.076596
vn 0.638304 0.765964 0.076596
vn 0.638304 0.765964 0.076596
vn 0.638304 0.765964 0.076596
vn -0.437318 0.278936 0.854954
vn 0.222626 -0.278936 0.934148
vn 0.222626 -0.278936 0.934148
vn -0.437318 0.278936 0.854954
vn 0.222626 -0.278936 0.934148
vn -0.437318 0.278936 0.854954
vn -0.638304 -0.765964 -0.076596
vn -0.638304 -0.765964 -0.076596
vn -0.638304 -0.765964 -0.076596
vn 0.638304 0.765964 0.076596
vn 0.638304 0.765964 0.076596
vn 0.638304 0.765964 0.076596
vn 0.222626 -0.278936 0.934148
vn 0.714928 -0.626765 0.309909
vn 0.714928 -0.626765 0.309909
vn 0.222626 -0.278936 0.934148
vn 0.714928 -0.626765 0.309909
vn 0.222626 -0.278936 0.934148
vn -0.638304 -0.765964 -0.076596
vn -0.638304 -0.765964 -0.076596
vn -0.638304 -0.765964 -0.076596
vn 0.638304 0.765964 0.076596
vn 0.638304 0.765964 0.076596
vn 0.638304 0.765964 0.076596
vn 0.714928 -0.626765 0.309909
vn 0.668875 -0.502626 -0.547698
vn 0.668875 -0.502626 -0.547698
vn 0.714928 -0.626765 0.309909
vn 0.668875 -0.502626 -0.547698
vn 0.714928 -0.626765 0.309909
vn -0.638304 -0.765964 -0.076596
vn -0.638304 -0.765964 -0.076596
vn -0.638304 -0.765964 -0.076596
vn 0.638304 0.765964 0.076596
vn 0.638304 0.765964 0.076596
vn 0.638304 0.765964 0.076596
vn 0.668875 -0.502626 -0.547698
vn 0.119145 0.000000 -0.992877
vn 0.119145 0.000000 -0.992877
vn 0.668875 -0.502626 -0.547698
vn 0.119145 0.000000 -0.992877
vn 0.668875 -0.502626 -0.547698
vn -0.638304 -0.765964 -0.076596
vn -0.638304 -0.765964 -0.076596
vn -0.638304 -0.765964 -0.076596
vn 0.638304 0.765964 0.076596
vn 0.638304 0.765964 0.076596
vn 0.638304 0.765964 0.076596
vn 0.000000 1.000000 0.000000
vn 0.584093 0.811687 0.000000
vn 0.308835 0.730941 0.608562
vn 0.000000 1.000000 0.000000
vn 0.308835 0.730941 0.608562
vn 0.000000 1.000000 0.000000
vn 0.000000 1.000000 0.000000
vn 0.308835 0.730941 0.608562
vn -0.105452 0.679537 0.726023
vn 0.000000 1.000000 0.000000
vn -0.105452 0.679537 0.726023
vn 0.000000 1.000000 0.000000
vn 0.000000 1.000000 0.000000
vn -0.105452 0.679537 0.726023
vn -0.466315 0.811184 0.352889
vn 0.000000 1.000000 0.000000
vn -0.466315 0.811184 0.352889
vn 0.000000 1.000000 0.000000
vn 0.000000 1.000000 0.000000
vn -0.466315 0.811184 0.352889
vn -0.521102 0.756929 -0.394349
vn 0.000000 1.000000 0.000000
vn -0.521102 0.756929 -0.394349
vn 0.000000 1.000000 0.000000
vn 0.000000 1.000000 0.000000
vn -0.521102 0.756929 -0.394349
vn -0.111110 0.634398 -0.764980
vn 0.000000 1.000000 0.000000
vn -0.111110 0.634398 -0.764980
vn 0.000000 1.000000 0.000000
vn 0.000000 1.000000 0.000000
vn -0.111110 0.634398 -0.764980
vn 0.319678 0.707812 -0.629928
vn 0.000000 1.000000 0.000000
vn 0.319678 0.707812 -0.629928
vn 0.000000 1.000000 0.000000
vn 0.000000 1.000000 0.000000
vn 0.319678 0.707812 -0.629928
vn 0.597592 0.801801 -0.000000
vn 0.000000 1.000000 0.000000
vn 0.597592 0.801801 -0.000000
vn 0.000000 1.000000 0.000000
vn 0.584093 0.811687 0.000000
vn 0.943774 0.330593 0.000000
vn 0.442748 0.206941 0.872439
vn 0.584093 0.811687 0.000000
vn 0.442748 0.206941 0.872439
vn 0.308835 0.730941 0.608562
vn 0.308835 0.730941 0.608562
vn 0.442748 0.206941 0.872439
vn -0.140683 0.205057 0.968586
vn 0.308835 0.730941 0.608562
vn -0.140683 0.205057 0.968586
vn -0.105452 0.679537 0.726023
vn -0.105452 0.679537 0.726023
vn -0.140683 0.205057 0.968586
vn -0.769078 0.264171 0.582007
vn -0.105452 0.679537 0.726023
vn -0.769078 0.264171 0.582007
vn -0.466315 0.811184 0.352889
vn -0.466315 0.811184 0.352889
vn -0.769078 0.264171 0.582007
vn -0.765509 0.280000 -0.579307
vn -0.466315 0.811184 0.352889
vn -0.765509 0.280000 -0.579307
vn -0.521102 0.756929 -0.394349
vn -0.521102 0.756929 -0.394349
vn -0.765509 0.280000 -0.579307
vn -0.140152 0.221958 -0.964931
vn -0.521102 0.756929 -0.394349
vn -0.140152 0.221958 -0.964931
vn -0.111110 0.634398 -0.764980
vn -0.111110 0.634398 -0.764980
vn -0.140152 0.221958 -0.964931
vn 0.438442 0.247691 -0.863954
vn -0.111110 0.634398 -0.764980
vn 0.438442 0.247691 -0.863954
vn 0.319678 0.707812 -0.629928
vn 0.319678 0.707812 -0.629928
vn 0.438442 0.247691 -0.863954
vn 0.952513 0.304497 -0.000000
vn 0.319678 0.707812 -0.629928
vn 0.952513 0.304497 -0.000000
vn 0.597592 0.801801 -0.000000
vn 0.943774 0.330593 0.000000
vn 0.953590 -0.301108 0.000000
vn 0.440633 -0.227923 0.868271
vn 0.943774 0.330593 0.000000
vn 0.440633 -0.227923 0.868271
vn 0.442748 0.206941 0.872439
vn 0.442748 0.206941 0.872439
vn 0.440633 -0.227923 0.868271
vn -0.140115 -0.223084 0.964677
vn 0.442748 0.206941 0.872439
vn -0.140115 -0.223084 0.964677
vn -0.140683 0.205057 0.968586
vn -0.140683 0.205057 0.968586
vn -0.140115 -0.223084 0.964677
vn -0.762886 -0.291041 0.577322
vn -0.140683 0.205057 0.968586
vn -0.762886 -0.291041 0.577322
vn -0.769078 0.264171 0.582007
vn -0.769078 0.264171 0.582007
vn -0.762886 -0.291041 0.577322
vn -0.770735 -0.256461 -0.583262
vn -0.769078 0.264171 0.582007
vn -0.770735 -0.256461 -0.583262
vn -0.765509 0.280000 -0.579307
vn -0.765509 0.280000 -0.579307
vn -0.770735 -0.256461 -0.583262
vn -0.140735 -0.203321 -0.968945
vn -0.765509 0.280000 -0.579307
vn -0.140735 -0.203321 -0.968945
vn -0.140152 0.221958 -0.964931
vn -0.140152 0.221958 -0.964931
vn -0.140735 -0.203321 -0.968945
vn 0.440919 -0.225201 -0.868835
vn -0.140152 0.221958 -0.964931
vn 0.440919 -0.225201 -0.868835
vn 0.438442 0.247691 -0.863954
vn 0.438442 0.247691 -0.863954
vn 0.440919 -0.225201 -0.868835
vn 0.946127 -0.323797 -0.000000
vn 0.438442 0.247691 -0.863954
vn 0.946127 -0.323797 -0.000000
vn 0.952513 0.304497 -0.000000
vn 0.953590 -0.301108 0.000000
vn 0.576722 -0.816940 0.000000
vn 0.326596 -0.692217 0.643561
vn 0.953590 -0.301108 0.000000
vn 0.326596 -0.692217 0.643561
vn 0.440633 -0.227923 0.868271
vn 0.440633 -0.227923 0.868271
vn 0.326596 -0.692217 0.643561
vn -0.105674 -0.677862 0.727555
vn 0.440633 -0.227923 0.868271
vn -0.105674 -0.677862 0.727555
vn -0.140115 -0.223084 0.964677
vn -0.140115 -0.223084 0.964677
vn -0.105674 -0.677862 0.727555
vn -0.515239 -0.763215 0.389913
vn -0.140115 -0.223084 0.964677
vn -0.515239 -0.763215 0.389913
vn -0.762886 -0.291041 0.577322
vn -0.762886 -0.291041 0.577322
vn -0.515239 -0.763215 0.389913
vn -0.508296 -0.770502 -0.384658
vn -0.762886 -0.291041 0.577322
vn -0.508296 -0.770502 -0.384658
vn -0.770735 -0.256461 -0.583262
vn -0.770735 -0.256461 -0.583262
vn -0.508296 -0.770502 -0.384658
vn -0.105943 -0.675829 -0.729405
vn -0.770735 -0.256461 -0.583262
vn -0.105943 -0.675829 -0.729405
vn -0.140735 -0.203321 -0.968945
vn -0.140735 -0.203321 -0.968945
vn -0.105943 -0.675829 -0.729405
vn 0.318808 -0.709724 -0.628214
vn -0.140735 -0.203321 -0.968945
vn 0.318808 -0.709724 -0.628214
vn 0.440919 -0.225201 -0.868835
vn 0.440919 -0.225201 -0.868835
vn 0.318808 -0.709724 -0.628214
vn 0.600883 -0.799337 -0.000000
vn 0.440919 -0.225201 -0.868835
vn 0.600883 -0.799337 -0.000000
vn 0.946127 -0.323797 -0.000000
vn 0.576722 -0.816940 0.000000
vn 0.000000 -1.000000 0.000000
vn 0.000000 -1.000000 0.000000
vn 0.576722 -0.816940 0.000000
vn 0.000000 -1.000000 0.000000
vn 0.326596 -0.692217 0.643561
vn 0.326596 -0.692217 0.643561
vn 0.000000 -1.000000 0.000000
vn -0.000000 -1.000000 0.000000
vn 0.326596 -0.692217 0.643561
vn -0.000000 -1.000000 0.000000
vn -0.105674 -0.677862 0.727555
vn -0.105674 -0.677862 0.727555
vn -0.000000 -1.000000 0.000000
vn -0.000000 -1.000000 0.000000
vn -0.105674 -0.677862 0.727555
vn -0.000000 -1.000000 0.000000
vn -0.515239 -0.763215 0.389913
vn -0.515239 -0.763215 0.389913
vn -0.000000 -1.000000 0.000000
vn -0.000000 -1.000000 -0.000000
vn -0.515239 -0.763215 0.389913
vn -0.000000 -1.000000 -0.000000
vn -0.508296 -0.770502 -0.384658
vn -0.508296 -0.770502 -0.384658
vn -0.000000 -1.000000 -0.000000
vn -0.000000 -1.000000 -0.000000
vn -0.508296 -0.770502 -0.384658
vn -0.000000 -1.000000 -0.000000
vn -0.105943 -0.675829 -0.729405
vn -0.105943 -0.675829 -0.729405
vn -0.000000 -1.000000 -0.000000
vn 0.000000 -1.000000 -0.000000
vn -0.105943 -0.675829 -0.729405
vn 0.000000 -1.000000 -0.000000
vn 0.318808 -0.709724 -0.628214
vn 0.318808 -0.709724 -0.628214
vn 0.000000 -1.000000 -0.000000
vn 0.000000 -1.000000 -0.000000
vn 0.318808 -0.709724 -0.628214
vn 0.000000 -1.000000 -0.000000
vn 0.600883 -0.799337 -0.000000
vn 0.000000 0.000000 -1.000000
vn 0.000000 0.781831 -0.623490
vn 0.000000 0.781831 -0.623490
vn 0.000000 0.000000 -1.000000
vn 0.000000 0.781831 -0.623490
vn 0.000000 0.000000 -1.000000
vn -1.000000 0.000000 0.000000
vn -1.000000 0.000000 0.000000
vn -1.000000 0.000000 0.000000
vn 1.000000 0.000000 0.000000
vn 1.000000 0.000000 0.000000
vn 1.000000 0.000000 0.000000
vn 0.000000 0.781831 -0.623490
vn 0.000000 0.974928 0.222521
vn 0.000000 0.974928 0.222521
vn 0.000000 0.781831 -0.623490
vn 0.000000 0.974928 0.222521
vn 0.000000 0.781831 -0.623490
vn -1.000000 0.000000 0.000000
vn -1.000000 0.000000 0.000000
vn -1.000000 0.000000 0.000000
vn 1.000000 0.000000 0.000000
vn 1.000000 0.000000 0.000000
vn 1.000000 0.000000 0.000000
vn 0.000000 0.974928 0.222521
vn 0.000000 0.433884 0.900969
vn 0.000000 0.433884 0.900969
vn 0.000000 0.974928 0.222521
vn 0.000000 0.433884 0.900969
vn 0.000000 0.974928 0.222521
vn -1.000000 0.000000 0.000000
vn -1.000000 0.000000 0.000000
vn -1.000000 0.000000 0.000000
vn 1.000000 0.000000 0.000000
vn 1.000000 0.000000 0.000000
vn 1.000000 0.000000 0.000000
vn 0.000000 0.433884 0.900969
vn 0.000000 -0.433884 0.900969
vn 0.000000 -0.433884 0.900969
vn 0.000000 0.433884 0.900969
vn 0.000000 -0.433884 0.900969
vn 0.000000 0.433884 0.900969
vn -1.000000 0.000000 0.000000
vn -1.000000 0.000000 0.000000
vn -1.000000 0.000000 0.000000
vn 1.000000 0.000000 0.000000
vn 1.000000 0.000000 0.000000
vn 1.000000 0.000000 0.000000
vn 0.000000 -0.433884 0.900969
vn 0.000000 -0.974928 0.222521
vn 0.000000 -0.974928 0.222521
vn 0.000000 -0.433884 0.900969
vn 0.000000 -0.974928 0.222521
vn 0.000000 -0.433884 0.900969
vn -1.000000 0.000000 0.000000
vn -1.000000 0.000000 0.000000
vn -1.000000 0.000000 0.000000
vn 1.000000 0.000000 0.000000
vn 1.000000 0.000000 0.000000
vn 1.000000 0.000000 0.000000
vn 0.000000 -0.974928 0.222521
vn 0.000000 -0.781831 -0.623490
vn 0.000000 -0.781831 -0.623490
vn 0.000000 -0.974928 0.222521
vn 0.000000 -0.781831 -0.623490
vn 0.000000 -0.974928 0.222521
vn -1.000000 0.000000 0.000000
vn -1.000000 0.000000 0.000000
vn -1.000000 0.000000 0.000000
vn 1.000000 0.000000 0.000000
vn 1.000000 0.000000 0.000000
vn 1.000000 0.000000 0.000000
vn 0.000000 -0.781831 -0.623490
vn 0.000000 0.000000 -1.000000
vn 0.000000 0.000000 -1.000000
vn 0.000000 -0.781831 -0.623490
vn 0.000000 0.000000 -1.000000
vn 0.000000 -0.781831 -0.623490
vn -1.000000 0.000000 0.000000
vn -1.000000 0.000000 0.000000
vn -1.000000 0.000000 0.000000
vn 1.000000 0.000000 0.000000
vn 1.000000 0.000000 0.000000
vn 1.000000 0.000000 0.000000
vn 0.000000 0.000000 1.000000
vn 0.492702 0.507193 0.707107
vn 0.492702 0.507193 0.707107
vn 0.000000 0.000000 1.000000
vn 0.492702 0.507193 0.707107
vn 0.000000 0.000000 1.000000
vn 0.717279 -0.696786 0.000000
vn 0.717279 -0.696786 0.000000
vn 0.717279 -0.696786 0.000000
vn -0.717279 0.696786 0.000000
vn -0.717279 0.696786 0.000000
vn -0.717279 0.696786 0.000000
vn 0.492702 0.507193 0.707107
vn 0.696786 0.717279 0.000000
vn 0.696786 0.717279 0.000000
vn 0.492702 0.507193 0.707107
vn 0.696786 0.717279 0.000000
vn 0.492702 0.507193 0.707107
vn 0.717279 -0.696786 0.000000
vn 0.717279 -0.696786 0.000000
vn 0.717279 -0.696786 0.000000
vn -0.717279 0.696786 0.000000
vn -0.717279 0.696786 0.000000
vn -0.717279 0.696786 0.000000
vn 0.696786 0.717279 0.000000
vn 0.492702 0.507193 -0.707107
vn 0.492702 0.507193 -0.707107
vn 0.696786 0.717279 0.000000
vn 0.492702 0.507193 -0.707107
vn 0.696786 0.717279 0.000000
vn 0.717279 -0.696786 -0.000000
vn 0.717279 -0.696786 -0.000000
vn 0.717279 -0.696786 -0.000000
vn -0.717279 0.696786 -0.000000
vn -0.717279 0.696786 -0.000000
vn -0.717279 0.696786 -0.000000
vn 0.492702 0.507193 -0.707107
vn 0.000000 0.000000 -1.000000
vn 0.000000 0.000000 -1.000000
vn 0.492702 0.507193 -0.707107
vn 0.000000 0.000000 -1.000000
vn 0.492702 0.507193 -0.707107
vn 0.717279 -0.696786 0.000000
vn 0.717279 -0.696786 0.000000
vn 0.717279 -0.696786 0.000000
vn -0.717279 0.696786 0.000000
vn -0.717279 0.696786 0.000000
vn -0.717279 0.696786 0.000000
vn 0.000000 0.000000 -1.000000
vn -0.492702 -0.507193 -0.707107
vn -0.492702 -0.507193 -0.707107
vn 0.000000 0.000000 -1.000000
vn -0.492702 -0.507193 -0.707107
vn 0.000000 0.000000 -1.000000
vn 0.717279 -0.696786 0.000000
vn 0.717279 -0.696786 0.000000
vn 0.717279 -0.696786 0.000000
vn -0.717279 0.696786 0.000000
vn -0.717279 0.696786 0.000000
vn -0.717279 0.696786 0.000000
vn -0.492702 -0.507193 -0.707107
vn -0.696786 -0.717279 -0.000000
vn -0.696786 -0.717279 -0.000000
vn -0.492702 -0.507193 -0.707107
vn -0.696786 -0.717279 -0.000000
vn -0.492702 -0.507193 -0.707107
vn 0.717279 -0.696786 -0.000000
vn 0.717279 -0.696786 -0.000000
vn 0.717279 -0.696786 -0.000000
vn -0.717279 0.696786 0.000000
vn -0.717279 0.696786 0.000000
vn -0.717279 0.696786 0.000000
vn -0.696786 -0.717279 -0.000000
vn -0.492702 -0.507193 0.707107
vn -0.492702 -0.507193 0.707107
vn -0.696786 -0.717279 -0.000000
vn -0.492702 -0.507193 0.707107
vn -0.696786 -0.717279 -0.000000
vn 0.717279 -0.696786 0.000000
vn 0.717279 -0.696786 0.000000
vn 0.717279 -0.696786 0.000000
vn -0.717279 0.696786 -0.000000
vn -0.717279 0.696786 -0.000000
vn -0.717279 0.696786 -0.000000
vn -0.492702 -0.507193 0.707107
vn 0.000000 0.000000 1.000000
vn 0.000000 0.000000 1.000000
vn -0.492702 -0.507193 0.707107
vn 0.000000 0.000000 1.000000
vn -0.492702 -0.507193 0.707107
vn 0.717279 -0.696786 0.000000
vn 0.717279 -0.696786 0.000000
vn 0.717279 -0.696786 0.000000
vn -0.717279 0.696786 0.000000
vn -0.717279 0.696786 0.000000
vn -0.717279 0.696786 0.000000
vn 0.000000 0.000000 -1.000000
vn -0.492702 0.507193 -0.707107
vn -0.492702 0.507193 -0.707107
vn 0.000000 0.000000 -1.000000
vn -0.492702 0.507193 -0.707107
vn 0.000000 0.000000 -1.000000
vn -0.717279 -0.696786 0.000000
vn -0.717279 -0.696786 0.000000
vn -0.717279 -0.696786 0.000000
vn 0.717279 0.696786 0.000000
vn 0.717279 0.696786 0.000000
vn 0.717279 0.696786 0.000000
vn -0.492702 0.507193 -0.707107
vn -0.696786 0.717279 -0.000000
vn -0.696786 0.717279 -0.000000
vn -0.492702 0.507193 -0.707107
vn -0.696786 0.717279 -0.000000
vn -0.492702 0.507193 -0.707107
vn -0.717279 -0.696786 -0.000000
vn -0.717279 -0.696786 -0.000000
vn -0.717279 -0.696786 -0.000000
vn 0.717279 0.696786 -0.000000
vn 0.717279 0.696786 -0.000000
vn 0.717279 0.696786 -0.000000
vn -0.696786 0.717279 -0.000000
vn -0.492702 0.507193 0.707107
vn -0.492702 0.507193 0.707107
vn -0.696786 0.717279 -0.000000
vn -0.492702 0.507193 0.707107
vn -0.696786 0.717279 -0.000000
vn -0.717279 -0.696786 0.000000
vn -0.717279 -0.696786 0.000000
vn -0.717279 -0.696786 0.000000
vn 0.717279 0.696786 0.000000
vn 0.717279 0.696786 0.000000
vn 0.717279 0.696786 0.000000
vn -0.492702 0.507193 0.707107
vn 0.000000 0.000000 1.000000
vn 0.000000 0.000000 1.000000
vn -0.492702 0.507193 0.707107
vn 0.000000 0.000000 1.000000
vn -0.492702 0.507193 0.707107
vn -0.717279 -0.696786 0.000000
vn -0.717279 -0.696786 0.000000
vn -0.717279 -0.696786 0.000000
vn 0.717279 0.696786 0.000000
vn 0.717279 0.696786 0.000000
vn 0.717279 0.696786 0.000000
vn 0.000000 0.000000 1.000000
vn 0.492702 -0.507193 0.707107
vn 0.492702 -0.507193 0.707107
vn 0.000000 0.000000 1.000000
vn 0.492702 -0.507193 0.707107
vn 0.000000 0.000000 1.000000
vn -0.717279 -0.696786 0.000000
vn -0.717279 -0.696786 0.000000
vn -0.717279 -0.696786 0.000000
vn 0.717279 0.696786 0.000000
vn 0.717279 0.696786 0.000000
vn 0.717279 0.696786 0.000000
vn 0.492702 -0.507193 0.707107
vn 0.696786 -0.717279 0.000000
vn 0.696786 -0.717279 0.000000
vn 0.492702 -0.507193 0.707107
vn 0.696786 -0.717279 0.000000
vn 0.492702 -0.507193 0.707107
vn -0.717279 -0.696786 0.000000
vn -0.717279 -0.696786 0.000000
vn -0.717279 -0.696786 0.000000
vn 0.717279 0.696786 -0.000000
vn 0.717279 0.696786 -0.000000
vn 0.717279 0.696786 -0.000000
vn 0.696786 -0.717279 0.000000
vn 0.492702 -0.507193 -0.707107
vn 0.492702 -0.507193 -0.707107
vn 0.696786 -0.717279 0.000000
vn 0.492702 -0.507193 -0.707107
vn 0.696786 -0.717279 0.000000
vn -0.717279 -0.696786 -0.000000
vn -0.717279 -0.696786 -0.000000
vn -0.717279 -0.696786 -0.000000
vn 0.717279 0.696786 0.000000
vn 0.717279 0.696786 0.000000
vn 0.717279 0.696786 0.000000
vn 0.492702 -0.507193 -0.707107
vn 0.000000 0.000000 -1.000000
vn 0.000000 0.000000 -1.000000
vn 0.492702 -0.507193 -0.707107
vn 0.000000 0.000000 -1.000000
vn 0.492702 -0.507193 -0.707107
vn -0.717279 -0.696786 0.000000
vn -0.717279 -0.696786 0.000000
vn -0.717279 -0.696786 0.000000
vn 0.717279 0.696786 0.000000
vn 0.717279 0.696786 0.000000
vn 0.717279 0.696786 0.000000
vn 0.000000 0.000000 -1.000000
vn 0.000000 0.000000 -1.000000
vn 0.000000 0.000000 -1.000000
vn 0.000000 0.000000 -1.000000
vn 0.000000 0.000000 -1.000000
vn 0.000000 0.000000 -1.000000
vn 0.000000 0.000000 1.000000
vn 0.000000 0.000000 1.000000
vn 0.000000 0.000000 1.000000
vn 0.000000 0.000000 1.000000
vn 0.000000 0.000000 1.000000
vn 0.000000 0.000000 1.000000
vn -1.000000 0.000000 0.000000
vn -1.000000 0.000000 0.000000
vn -1.000000 0.000000 0.000000
vn -1.000000 0.000000 0.000000
vn -1.000000 0.000000 0.000000
vn -1.000000 0.000000 0.000000
vn 1.000000 0.000000 0.000000
vn 1.000000 0.000000 0.000000
vn 1.000000 0.000000 0.000000
vn 1.000000 0.000000 0.000000
vn 1.000000 0.000000 0.000000
vn 1.000000 0.000000 0.000000
vn 0.000000 1.000000 0.000000
vn 0.000000 1.000000 0.000000
vn 0.000000 1.000000 0.000000
vn 0.000000 1.000000 0.000000
vn 0.000000 1.000000 0.000000
vn 0.000000 1.000000 0.000000
vn 0.000000 -1.000000 0.000000
vn 0.000000 -1.000000 0.000000
vn 0.000000 -1.000000 0.000000
vn 0.000000 -1.000000 0.000000
vn 0.000000 -1.000000 0.000000
vn 0.000000 -1.000000 0.000000
usemtl monster_hide
f 1/1/1 2/2/2 3/3/3
f 4/4/4 5/5/5 6/6/6
f 7/7/7 8/8/8 9/9/9
f 10/10/10 11/11/11 12/12/12
f 13/13/13 14/14/14 15/15/15
f 16/16/16 17/17/17 18/18/18
f 19/19/19 20/20/20 21/21/21
f 22/22/22 23/23/23 24/24/24
f 25/25/25 26/26/26 27/27/27
f 28/28/28 29/29/29 30/30/30
f 31/31/31 32/32/32 33/33/33
f 34/34/34 35/35/35 36/36/36
f 37/37/37 38/38/38 39/39/39
f 40/40/40 41/41/41 42/42/42
f 43/43/43 44/44/44 45/45/45
f 46/46/46 47/47/47 48/48/48
f 49/49/49 50/50/50 51/51/51
f 52/52/52 53/53/53 54/54/54
f 55/55/55 56/56/56 57/57/57
f 58/58/58 59/59/59 60/60/60
f 61/61/61 62/62/62 63/63/63
f 64/64/64 65/65/65 66/66/66
f 67/67/67 68/68/68 69/69/69
f 70/70/70 71/71/71 72/72/72
f 73/73/73 74/74/74 75/75/75
f 76/76/76 77/77/77 78/78/78
f 79/79/79 80/80/80 81/81/81
f 82/82/82 83/83/83 84/84/84
f 85/85/85 86/86/86 87/87/87
f 88/88/88 89/89/89 90/90/90
f 91/91/91 92/92/92 93/93/93
f 94/94/94 95/95/95 96/96/96
f 97/97/97 98/98/98 99/99/99
f 100/100/100 101/101/101 102/102/102
f 103/103/103 104/104/104 105/105/105
f 106/106/106 107/107/107 108/108/108
f 109/109/109 110/110/110 111/111/111
f 112/112/112 113/113/113 114/114/114
f 115/115/115 116/116/116 117/117/117
f 118/118/118 119/119/119 120/120/120
f 121/121/121 122/122/122 123/123/123
f 124/124/124 125/125/125 126/126/126
f 127/127/127 128/128/128 129/129/129
f 130/130/130 131/131/131 132/132/132
f 133/133/133 134/134/134 135/135/135
f 136/136/136 137/137/137 138/138/138
f 139/139/139 140/140/140 141/141/141
f 142/142/142 143/143/143 144/144/144
f 145/145/145 146/146/146 147/147/147
f 148/148/148 149/149/149 150/150/150
f 151/151/151 152/152/152 153/153/153
f 154/154/154 155/155/155 156/156/156
f 157/157/157 158/158/158 159/159/159
f 160/160/160 161/161/161 162/162/162
f 163/163/163 164/164/164 165/165/165
f 166/166/166 167/167/167 168/168/168
f 169/169/169 170/170/170 171/171/171
f 172/172/172 173/173/173 174/174/174
f 175/175/175 176/176/176 177/177/177
f 178/178/178 179/179/179 180/180/180
f 181/181/181 182/182/182 183/183/183
f 184/184/184 185/185/185 186/186/186
f 187/187/187 188/188/188 189/189/189
f 190/190/190 191/191/191 192/192/192
f 193/193/193 194/194/194 195/195/195
f 196/196/196 197/197/197 198/198/198
f 199/199/199 200/200/200 201/201/201
f 202/202/202 203/203/203 204/204/204
f 205/205/205 206/206/206 207/207/207
f 208/208/208 209/209/209 210/210/210
f 211/211/211 212/212/212 213/213/213
f 214/214/214 215/215/215 216/216/216
f 217/217/217 218/218/218 219/219/219
f 220/220/220 221/221/221 222/222/222
f 223/223/223 224/224/224 225/225/225
f 226/226/226 227/227/227 228/228/228
f 229/229/229 230/230/230 231/231/231
f 232/232/232 233/233/233 234/234/234
f 235/235/235 236/236/236 237/237/237
f 238/238/238 239/239/239 240/240/240
f 241/241/241 242/242/242 243/243/243
f 244/244/244 245/245/245 246/246/246
f 247/247/247 248/248/248 249/249/249
f 250/250/250 251/251/251 252/252/252
f 253/253/253 254/254/254 255/255/255
f 256/256/256 257/257/257 258/258/258
f 259/259/259 260/260/260 261/261/261
f 262/262/262 263/263/263 264/264/264
f 265/265/265 266/266/266 267/267/267
f 268/268/268 269/269/269 270/270/270
f 271/271/271 272/272/272 273/273/273
f 274/274/274 275/275/275 276/276/276
f 277/277/277 278/278/278 279/279/279
f 280/280/280 281/281/281 282/282/282
f 283/283/283 284/284/284 285/285/285
f 286/286/286 287/287/287 288/288/288
f 289/289/289 290/290/290 291/291/291
f 292/292/292 293/293/293 294/294/294
f 295/295/295 296/296/296 297/297/297
f 298/298/298 299/299/299 300/300/300
f 301/301/301 302/302/302 303/303/303
f 304/304/304 305/305/305 306/306/306
f 307/307/307 308/308/308 309/309/309
f 310/310/310 311/311/311 312/312/312
f 313/313/313 314/314/314 315/315/315
f 316/316/316 317/317/317 318/318/318
f 319/319/319 320/320/320 321/321/321
f 322/322/322 323/323/323 324/324/324
f 325/325/325 326/326/326 327/327/327
f 328/328/328 329/329/329 330/330/330
f 331/331/331 332/332/332 333/333/333
f 334/334/334 335/335/335 336/336/336
f 337/337/337 338/338/338 339/339/339
f 340/340/340 341/341/341 342/342/342
f 343/343/343 344/344/344 345/345/345
f 346/346/346 347/347/347 348/348/348
f 349/349/349 350/350/350 351/351/351
f 352/352/352 353/353/353 354/354/354
f 355/355/355 356/356/356 357/357/357
f 358/358/358 359/359/359 360/360/360
f 361/361/361 362/362/362 363/363/363
f 364/364/364 365/365/365 366/366/366
f 367/367/367 368/368/368 369/369/369
f 370/370/370 371/371/371 372/372/372
f 373/373/373 374/374/374 375/375/375
f 376/376/376 377/377/377 378/378/378
f 379/379/379 380/380/380 381/381/381
f 382/382/382 383/383/383 384/384/384
f 385/385/385 386/386/386 387/387/387
f 388/388/388 389/389/389 390/390/390
f 391/391/391 392/392/392 393/393/393
f 394/394/394 395/395/395 396/396/396
f 397/397/397 398/398/398 399/399/399
f 400/400/400 401/401/401 402/402/402
f 403/403/403 404/404/404 405/405/405
f 406/406/406 407/407/407 408/408/408
f 409/409/409 410/410/410 411/411/411
f 412/412/412 413/413/413 414/414/414
f 415/415/415 416/416/416 417/417/417
f 418/418/418 419/419/419 420/420/420
f 421/421/421 422/422/422 423/423/423
f 424/424/424 425/425/425 426/426/426
f 427/427/427 428/428/428 429/429/429
f 430/430/430 431/431/431 432/432/432
f 433/433/433 434/434/434 435/435/435
f 436/436/436 437/437/437 438/438/438
f 439/439/439 440/440/440 441/441/441
f 442/442/442 443/443/443 444/444/444
f 445/445/445 446/446/446 447/447/447
f 448/448/448 449/449/449 450/450/450
f 451/451/451 452/452/452 453/453/453
f 454/454/454 455/455/455 456/456/456
f 457/457/457 458/458/458 459/459/459
f 460/460/460 461/461/461 462/462/462
f 463/463/463 464/464/464 465/465/465
f 466/466/466 467/467/467 468/468/468
f 469/469/469 470/470/470 471/471/471
f 472/472/472 473/473/473 474/474/474
f 475/475/475 476/476/476 477/477/477
f 478/478/478 479/479/479 480/480/480
f 481/481/481 482/482/482 483/483/483
f 484/484/484 485/485/485 486/486/486
f 487/487/487 488/488/488 489/489/489
f 490/490/490 491/491/491 492/492/492
f 493/493/493 494/494/494 495/495/495
f 496/496/496 497/497/497 498/498/498
f 499/499/499 500/500/500 501/501/501
f 502/502/502 503/503/503 504/504/504
f 505/505/505 506/506/506 507/507/507
f 508/508/508 509/509/509 510/510/510
f 511/511/511 512/512/512 513/513/513
f 514/514/514 515/515/515 516/516/516
f 517/517/517 518/518/518 519/519/519
f 520/520/520 521/521/521 522/522/522
f 523/523/523 524/524/524 525/525/525
f 526/526/526 527/527/527 528/528/528
f 529/529/529 530/530/530 531/531/531
f 532/532/532 533/533/533 534/534/534
f 535/535/535 536/536/536 537/537/537
f 538/538/538 539/539/539 540/540/540
f 541/541/541 542/542/542 543/543/543
f 544/544/544 545/545/545 546/546/546
f 547/547/547 548/548/548 549/549/549
f 550/550/550 551/551/551 552/552/552
f 553/553/553 554/554/554 555/555/555
f 556/556/556 557/557/557 558/558/558
f 559/559/559 560/560/560 561/561/561
f 562/562/562 563/563/563 564/564/564
f 565/565/565 566/566/566 567/567/567
f 568/568/568 569/569/569 570/570/570
f 571/571/571 572/572/572 573/573/573
f 574/574/574 575/575/575 576/576/576
f 577/577/577 578/578/578 579/579/579
f 580/580/580 581/581/581 582/582/582
f 583/583/583 584/584/584 585/585/585
f 586/586/586 587/587/587 588/588/588
f 589/589/589 590/590/590 591/591/591
f 592/592/592 593/593/593 594/594/594
f 595/595/595 596/596/596 597/597/597
f 598/598/598 599/599/599 600/600/600
f 601/601/601 602/602/602 603/603/603
f 604/604/604 605/605/605 606/606/606
f 607/607/607 608/608/608 609/609/609
f 610/610/610 611/611/611 612/612/612
f 613/613/613 614/614/614 615/615/615
f 616/616/616 617/617/617 618/618/618
f 619/619/619 620/620/620 621/621/621
f 622/622/622 623/623/623 624/624/624
f 625/625/625 626/626/626 627/627/627
f 628/628/628 629/629/629 630/630/630
f 631/631/631 632/632/632 633/633/633
f 634/634/634 635/635/635 636/636/636
f 637/637/637 638/638/638 639/639/639
f 640/640/640 641/641/641 642/642/642
f 643/643/643 644/644/644 645/645/645
f 646/646/646 647/647/647 648/648/648
f 649/649/649 650/650/650 651/651/651
f 652/652/652 653/653/653 654/654/654
f 655/655/655 656/656/656 657/657/657
f 658/658/658 659/659/659 660/660/660
f 661/661/661 662/662/662 663/663/663
f 664/664/664 665/665/665 666/666/666
f 667/667/667 668/668/668 669/669/669
f 670/670/670 671/671/671 672/672/672
usemtl monster_boss
f 673/673/673 674/674/674 675/675/675
f 676/676/676 677/677/677 678/678/678
f 679/679/679 680/680/680 681/681/681
f 682/682/682 683/683/683 684/684/684
f 685/685/685 686/686/686 687/687/687
f 688/688/688 689/689/689 690/690/690
f 691/691/691 692/692/692 693/693/693
f 694/694/694 695/695/695 696/696/696
f 697/697/697 698/698/698 699/699/699
f 700/700/700 701/701/701 702/702/702
f 703/703/703 704/704/704 705/705/705
f 706/706/706 707/707/707 708/708/708
f 709/709/709 710/710/710 711/711/711
f 712/712/712 713/713/713 714/714/714
f 715/715/715 716/716/716 717/717/717
f 718/718/718 719/719/719 720/720/720
f 721/721/721 722/722/722 723/723/723
f 724/724/724 725/725/725 726/726/726
f 727/727/727 728/728/728 729/729/729
f 730/730/730 731/731/731 732/732/732
f 733/733/733 734/734/734 735/735/735
f 736/736/736 737/737/737 738/738/738
f 739/739/739 740/740/740 741/741/741
f 742/742/742 743/743/743 744/744/744
f 745/745/745 746/746/746 747/747/747
f 748/748/748 749/749/749 750/750/750
f 751/751/751 752/752/752 753/753/753
f 754/754/754 755/755/755 756/756/756
f 757/757/757 758/758/758 759/759/759
f 760/760/760 761/761/761 762/762/762
f 763/763/763 764/764/764 765/765/765
f 766/766/766 767/767/767 768/768/768
f 769/769/769 770/770/770 771/771/771
f 772/772/772 773/773/773 774/774/774
f 775/775/775 776/776/776 777/777/777
f 778/778/778 779/779/779 780/780/780
f 781/781/781 782/782/782 783/783/783
f 784/784/784 785/785/785 786/786/786
f 787/787/787 788/788/788 789/789/789
f 790/790/790 791/791/791 792/792/792
f 793/793/793 794/794/794 795/795/795
f 796/796/796 797/797/797 798/798/798
f 799/799/799 800/800/800 801/801/801
f 802/802/802 803/803/803 804/804/804
f 805/805/805 806/806/806 807/807/807
f 808/808/808 809/809/809 810/810/810
f 811/811/811 812/812/812 813/813/813
f 814/814/814 815/815/815 816/816/816
f 817/817/817 818/818/818 819/819/819
f 820/820/820 821/821/821 822/822/822
f 823/823/823 824/824/824 825/825/825
f 826/826/826 827/827/827 828/828/828
f 829/829/829 830/830/830 831/831/831
f 832/832/832 833/833/833 834/834/834
f 835/835/835 836/836/836 837/837/837
f 838/838/838 839/839/839 840/840/840
f 841/841/841 842/842/842 843/843/843
f 844/844/844 845/845/845 846/846/846
f 847/847/847 848/848/848 849/849/849
f 850/850/850 851/851/851 852/852/852
f 853/853/853 854/854/854 855/855/855
f 856/856/856 857/857/857 858/858/858
f 859/859/859 860/860/860 861/861/861
f 862/862/862 863/863/863 864/864/864
f 865/865/865 866/866/866 867/867/867
f 868/868/868 869/869/869 870/870/870
f 871/871/871 872/872/872 873/873/873
f 874/874/874 875/875/875 876/876/876
f 877/877/877 878/878/878 879/879/879
f 880/880/880 881/881/881 882/882/882
f 883/883/883 884/884/884 885/885/885
f 886/886/886 887/887/887 888/888/888
f 889/889/889 890/890/890 891/891/891
f 892/892/892 893/893/893 894/894/894
f 895/895/895 896/896/896 897/897/897
f 898/898/898 899/899/899 900/900/900
f 901/901/901 902/902/902 903/903/903
f 904/904/904 905/905/905 906/906/906
f 907/907/907 908/908/908 909/909/909
f 910/910/910 911/911/911 912/912/912
f 913/913/913 914/914/914 915/915/915
f 916/916/916 917/917/917 918/918/918
f 919/919/919 920/920/920 921/921/921
f 922/922/922 923/923/923 924/924/924
f 925/925/925 926/926/926 927/927/927
f 928/928/928 929/929/929 930/930/930
f 931/931/931 932/932/932 933/933/933
f 934/934/934 935/935/935 936/936/936
f 937/937/937 938/938/938 939/939/939
f 940/940/940 941/941/941 942/942/942
f 943/943/943 944/944/944 945/945/945
f 946/946/946 947/947/947 948/948/948
f 949/949/949 950/950/950 951/951/951
f 952/952/952 953/953/953 954/954/954
f 955/955/955 956/956/956 957/957/957
f 958/958/958 959/959/959 960/960/960
f 961/961/961 962/962/962 963/963/963
f 964/964/964 965/965/965 966/966/966
f 967/967/967 968/968/968 969/969/969
f 970/970/970 971/971/971 972/972/972
f 973/973/973 974/974/974 975/975/975
f 976/976/976 977/977/977 978/978/978
f 979/979/979 980/980/980 981/981/981
f 982/982/982 983/983/983 984/984/984
f 985/985/985 986/986/986 987/987/987
f 988/988/988 989/989/989 990/990/990
f 991/991/991 992/992/992 993/993/993
f 994/994/994 995/995/995 996/996/996
f 997/997/997 998/998/998 999/999/999
f 1000/1000/1000 1001/1001/1001 1002/1002/1002
f 1003/1003/1003 1004/1004/1004 1005/1005/1005
f 1006/1006/1006 1007/1007/1007 1008/1008/1008
f 1009/1009/1009 1010/1010/1010 1011/1011/1011
f 1012/1012/1012 1013/1013/1013 1014/1014/1014
f 1015/1015/1015 1016/1016/1016 1017/1017/1017
f 1018/1018/1018 1019/1019/1019 1020/1020/1020
f 1021/1021/1021 1022/1022/1022 1023/1023/1023
f 1024/1024/1024 1025/1025/1025 1026/1026/1026
f 1027/1027/1027 1028/1028/1028 1029/1029/1029
f 1030/1030/1030 1031/1031/1031 1032/1032/1032
f 1033/1033/1033 1034/1034/1034 1035/1035/1035
f 1036/1036/1036 1037/1037/1037 1038/1038/1038
f 1039/1039/1039 1040/1040/1040 1041/1041/1041
f 1042/1042/1042 1043/1043/1043 1044/1044/1044
f 1045/1045/1045 1046/1046/1046 1047/1047/1047
f 1048/1048/1048 1049/1049/1049 1050/1050/1050
f 1051/1051/1051 1052/1052/1052 1053/1053/1053
f 1054/1054/1054 1055/1055/1055 1056/1056/1056
f 1057/1057/1057 1058/1058/1058 1059/1059/1059
f 1060/1060/1060 1061/1061/1061 1062/1062/1062
f 1063/1063/1063 1064/1064/1064 1065/1065/1065
f 1066/1066/1066 1067/1067/1067 1068/1068/1068
f 1069/1069/1069 1070/1070/1070 1071/1071/1071
f 1072/1072/1072 1073/1073/1073 1074/1074/1074
f 1075/1075/1075 1076/1076/1076 1077/1077/1077
f 1078/1078/1078 1079/1079/1079 1080/1080/1080
f 1081/1081/1081 1082/1082/1082 1083/1083/1083
f 1084/1084/1084 1085/1085/1085 1086/1086/1086
f 1087/1087/1087 1088/1088/1088 1089/1089/1089
f 1090/1090/1090 1091/1091/1091 1092/1092/1092
f 1093/1093/1093 1094/1094/1094 1095/1095/1095
f 1096/1096/1096 1097/1097/1097 1098/1098/1098
f 1099/1099/1099 1100/1100/1100 1101/1101/1101
f 1102/1102/1102 1103/1103/1103 1104/1104/1104
f 1105/1105/1105 1106/1106/1106 1107/1107/1107
f 1108/1108/1108 1109/1109/1109 1110/1110/1110
f 1111/1111/1111 1112/1112/1112 1113/1113/1113
f 1114/1114/1114 1115/1115/1115 1116/1116/1116
f 1117/1117/1117 1118/1118/1118 1119/1119/1119
f 1120/1120/1120 1121/1121/1121 1122/1122/1122
f 1123/1123/1123 1124/1124/1124 1125/1125/1125
f 1126/1126/1126 1127/1127/1127 1128/1128/1128
f 1129/1129/1129 1130/1130/1130 1131/1131/1131
f 1132/1132/1132 1133/1133/1133 1134/1134/1134
f 1135/1135/1135 1136/1136/1136 1137/1137/1137
f 1138/1138/1138 1139/1139/1139 1140/1140/1140
f 1141/1141/1141 1142/1142/1142 1143/1143/1143
f 1144/1144/1144 1145/1145/1145 1146/1146/1146
f 1147/1147/1147 1148/1148/1148 1149/1149/1149
f 1150/1150/1150 1151/1151/1151 1152/1152/1152
f 1153/1153/1153 1154/1154/1154 1155/1155/1155
f 1156/1156/1156 1157/1157/1157 1158/1158/1158
f 1159/1159/1159 1160/1160/1160 1161/1161/1161
f 1162/1162/1162 1163/1163/1163 1164/1164/1164
f 1165/1165/1165 1166/1166/1166 1167/1167/1167
f 1168/1168/1168 1169/1169/1169 1170/1170/1170
f 1171/1171/1171 1172/1172/1172 1173/1173/1173
f 1174/1174/1174 1175/1175/1175 1176/1176/1176
f 1177/1177/1177 1178/1178/1178 1179/1179/1179
f 1180/1180/1180 1181/1181/1181 1182/1182/1182
f 1183/1183/1183 1184/1184/1184 1185/1185/1185
f 1186/1186/1186 1187/1187/1187 1188/1188/1188
f 1189/1189/1189 1190/1190/1190 1191/1191/1191
f 1192/1192/1192 1193/1193/1193 1194/1194/1194
f 1195/1195/1195 1196/1196/1196 1197/1197/1197
f 1198/1198/1198 1199/1199/1199 1200/1200/1200
f 1201/1201/1201 1202/1202/1202 1203/1203/1203
f 1204/1204/1204 1205/1205/1205 1206/1206/1206
f 1207/1207/1207 1208/1208/1208 1209/1209/1209
f 1210/1210/1210 1211/1211/1211 1212/1212/1212
f 1213/1213/1213 1214/1214/1214 1215/1215/1215
f 1216/1216/1216 1217/1217/1217 1218/1218/1218
f 1219/1219/1219 1220/1220/1220 1221/1221/1221
f 1222/1222/1222 1223/1223/1223 1224/1224/1224
f 1225/1225/1225 1226/1226/1226 1227/1227/1227
f 1228/1228/1228 1229/1229/1229 1230/1230/1230
f 1231/1231/1231 1232/1232/1232 1233/1233/1233
f 1234/1234/1234 1235/1235/1235 1236/1236/1236
f 1237/1237/1237 1238/1238/1238 1239/1239/1239
f 1240/1240/1240 1241/1241/1241 1242/1242/1242
f 1243/1243/1243 1244/1244/1244 1245/1245/1245
f 1246/1246/1246 1247/1247/1247 1248/1248/1248
f 1249/1249/1249 1250/1250/1250 1251/1251/1251
f 1252/1252/1252 1253/1253/1253 1254/1254/1254
f 1255/1255/1255 1256/1256/1256 1257/1257/1257
f 1258/1258/1258 1259/1259/1259 1260/1260/1260
f 1261/1261/1261 1262/1262/1262 1263/1263/1263
f 1264/1264/1264 1265/1265/1265 1266/1266/1266
f 1267/1267/1267 1268/1268/1268 1269/1269/1269
f 1270/1270/1270 1271/1271/1271 1272/1272/1272
f 1273/1273/1273 1274/1274/1274 1275/1275/1275
f 1276/1276/1276 1277/1277/1277 1278/1278/1278
f 1279/1279/1279 1280/1280/1280 1281/1281/1281
f 1282/1282/1282 1283/1283/1283 1284/1284/1284
f 1285/1285/1285 1286/1286/1286 1287/1287/1287
f 1288/1288/1288 1289/1289/1289 1290/1290/1290
f 1291/1291/1291 1292/1292/1292 1293/1293/1293
f 1294/1294/1294 1295/1295/1295 1296/1296/1296
f 1297/1297/1297 1298/1298/1298 1299/1299/1299
f 1300/1300/1300 1301/1301/1301 1302/1302/1302
f 1303/1303/1303 1304/1304/1304 1305/1305/1305
f 1306/1306/1306 1307/1307/1307 1308/1308/1308
f 1309/1309/1309 1310/1310/1310 1311/1311/1311
f 1312/1312/1312 1313/1313/1313 1314/1314/1314
f 1315/1315/1315 1316/1316/1316 1317/1317/1317
f 1318/1318/1318 1319/1319/1319 1320/1320/1320
f 1321/1321/1321 1322/1322/1322 1323/1323/1323
f 1324/1324/1324 1325/1325/1325 1326/1326/1326
f 1327/1327/1327 1328/1328/1328 1329/1329/1329
f 1330/1330/1330 1331/1331/1331 1332/1332/1332
f 1333/1333/1333 1334/1334/1334 1335/1335/1335
f 1336/1336/1336 1337/1337/1337 1338/1338/1338
f 1339/1339/1339 1340/1340/1340 1341/1341/1341
f 1342/1342/1342 1343/1343/1343 1344/1344/1344
f 1345/1345/1345 1346/1346/1346 1347/1347/1347
f 1348/1348/1348 1349/1349/1349 1350/1350/1350
f 1351/1351/1351 1352/1352/1352 1353/1353/1353
f 1354/1354/1354 1355/1355/1355 1356/1356/1356
f 1357/1357/1357 1358/1358/1358 1359/1359/1359
f 1360/1360/1360 1361/1361/1361 1362/1362/1362
f 1363/1363/1363 1364/1364/1364 1365/1365/1365
f 1366/1366/1366 1367/1367/1367 1368/1368/1368
f 1369/1369/1369 1370/1370/1370 1371/1371/1371
f 1372/1372/1372 1373/1373/1373 1374/1374/1374
f 1375/1375/1375 1376/1376/1376 1377/1377/1377
f 1378/1378/1378 1379/1379/1379 1380/1380/1380
f 1381/1381/1381 1382/1382/1382 1383/1383/1383
f 1384/1384/1384 1385/1385/1385 1386/1386/1386
f 1387/1387/1387 1388/1388/1388 1389/1389/1389
f 1390/1390/1390 1391/1391/1391 1392/1392/1392
f 1393/1393/1393 1394/1394/1394 1395/1395/1395
f 1396/1396/1396 1397/1397/1397 1398/1398/1398
f 1399/1399/1399 1400/1400/1400 1401/1401/1401
f 1402/1402/1402 1403/1403/1403 1404/1404/1404
f 1405/1405/1405 1406/1406/1406 1407/1407/1407
f 1408/1408/1408 1409/1409/1409 1410/1410/1410
f 1411/1411/1411 1412/1412/1412 1413/1413/1413
f 1414/1414/1414 1415/1415/1415 1416/1416/1416
f 1417/1417/1417 1418/1418/1418 1419/1419/1419
f 1420/1420/1420 1421/1421/1421 1422/1422/1422
f 1423/1423/1423 1424/1424/1424 1425/1425/1425
f 1426/1426/1426 1427/1427/1427 1428/1428/1428
f 1429/1429/1429 1430/1430/1430 1431/1431/1431
f 1432/1432/1432 1433/1433/1433 1434/1434/1434
f 1435/1435/1435 1436/1436/1436 1437/1437/1437
f 1438/1438/1438 1439/1439/1439 1440/1440/1440
f 1441/1441/1441 1442/1442/1442 1443/1443/1443
f 1444/1444/1444 1445/1445/1445 1446/1446/1446
f 1447/1447/1447 1448/1448/1448 1449/1449/1449
f 1450/1450/1450 1451/1451/1451 1452/1452/1452
f 1453/1453/1453 1454/1454/1454 1455/1455/1455
f 1456/1456/1456 1457/1457/1457 1458/1458/1458
f 1459/1459/1459 1460/1460/1460 1461/1461/1461
f 1462/1462/1462 1463/1463/1463 1464/1464/1464
f 1465/1465/1465 1466/1466/1466 1467/1467/1467
f 1468/1468/1468 1469/1469/1469 1470/1470/1470
f 1471/1471/1471 1472/1472/1472 1473/1473/1473
f 1474/1474/1474 1475/1475/1475 1476/1476/1476
f 1477/1477/1477 1478/1478/1478 1479/1479/1479
f 1480/1480/1480 1481/1481/1481 1482/1482/1482
f 1483/1483/1483 1484/1484/1484 1485/1485/1485
f 1486/1486/1486 1487/1487/1487 1488/1488/1488
f 1489/1489/1489 1490/1490/1490 1491/1491/1491
f 1492/1492/1492 1493/1493/1493 1494/1494/1494
f 1495/1495/1495 1496/1496/1496 1497/1497/1497
f 1498/1498/1498 1499/1499/1499 1500/1500/1500
f 1501/1501/1501 1502/1502/1502 1503/1503/1503
f 1504/1504/1504 1505/1505/1505 1506/1506/1506
f 1507/1507/1507 1508/1508/1508 1509/1509/1509
f 1510/1510/1510 1511/1511/1511 1512/1512/1512
f 1513/1513/1513 1514/1514/1514 1515/1515/1515
f 1516/1516/1516 1517/1517/1517 1518/1518/1518
f 1519/1519/1519 1520/1520/1520 1521/1521/1521
f 1522/1522/1522 1523/1523/1523 1524/1524/1524
f 1525/1525/1525 1526/1526/1526 1527/1527/1527
f 1528/1528/1528 1529/1529/1529 1530/1530/1530
f 1531/1531/1531 1532/1532/1532 1533/1533/1533
f 1534/1534/1534 1535/1535/1535 1536/1536/1536
f 1537/1537/1537 1538/1538/1538 1539/1539/1539
f 1540/1540/1540 1541/1541/1541 1542/1542/1542
f 1543/1543/1543 1544/1544/1544 1545/1545/1545
f 1546/1546/1546 1547/1547/1547 1548/1548/1548
f 1549/1549/1549 1550/1550/1550 1551/1551/1551
f 1552/1552/1552 1553/1553/1553 1554/1554/1554
f 1555/1555/1555 1556/1556/1556 1557/1557/1557
f 1558/1558/1558 1559/1559/1559 1560/1560/1560
f 1561/1561/1561 1562/1562/1562 1563/1563/1563
f 1564/1564/1564 1565/1565/1565 1566/1566/1566
f 1567/1567/1567 1568/1568/1568 1569/1569/1569
f 1570/1570/1570 1571/1571/1571 1572/1572/1572
f 1573/1573/1573 1574/1574/1574 1575/1575/1575
f 1576/1576/1576 1577/1577/1577 1578/1578/1578
f 1579/1579/1579 1580/1580/1580 1581/1581/1581
f 1582/1582/1582 1583/1583/1583 1584/1584/1584
f 1585/1585/1585 1586/1586/1586 1587/1587/1587
f 1588/1588/1588 1589/1589/1589 1590/1590/1590
f 1591/1591/1591 1592/1592/1592 1593/1593/1593
f 1594/1594/1594 1595/1595/1595 1596/1596/1596
f 1597/1597/1597 1598/1598/1598 1599/1599/1599
f 1600/1600/1600 1601/1601/1601 1602/1602/1602
f 1603/1603/1603 1604/1604/1604 1605/1605/1605
f 1606/1606/1606 1607/1607/1607 1608/1608/1608
f 1609/1609/1609 1610/1610/1610 1611/1611/1611
f 1612/1612/1612 1613/1613/1613 1614/1614/1614
f 1615/1615/1615 1616/1616/1616 1617/1617/1617
f 1618/1618/1618 1619/1619/1619 1620/1620/1620
f 1621/1621/1621 1622/1622/1622 1623/1623/1623
f 1624/1624/1624 1625/1625/1625 1626/1626/1626
f 1627/1627/1627 1628/1628/1628 1629/1629/1629
f 1630/1630/1630 1631/1631/1631 1632/1632/1632
f 1633/1633/1633 1634/1634/1634 1635/1635/1635
f 1636/1636/1636 1637/1637/1637 1638/1638/1638
f 1639/1639/1639 1640/1640/1640 1641/1641/1641
f 1642/1642/1642 1643/1643/1643 1644/1644/1644
f 1645/1645/1645 1646/1646/1646 1647/1647/1647
f 1648/1648/1648 1649/1649/1649 1650/1650/1650
f 1651/1651/1651 1652/1652/1652 1653/1653/1653
f 1654/1654/1654 1655/1655/1655 1656/1656/1656
f 1657/1657/1657 1658/1658/1658 1659/1659/1659
f 1660/1660/1660 1661/1661/1661 1662/1662/1662
f 1663/1663/1663 1664/1664/1664 1665/1665/1665
f 1666/1666/1666 1667/1667/1667 1668/1668/1668
f 1669/1669/1669 1670/1670/1670 1671/1671/1671
f 1672/1672/1672 1673/1673/1673 1674/1674/1674
f 1675/1675/1675 1676/1676/1676 1677/1677/1677
f 1678/1678/1678 1679/1679/1679 1680/1680/1680
f 1681/1681/1681 1682/1682/1682 1683/1683/1683
f 1684/1684/1684 1685/1685/1685 1686/1686/1686
f 1687/1687/1687 1688/1688/1688 1689/1689/1689
f 1690/1690/1690 1691/1691/1691 1692/1692/1692
f 1693/1693/1693 1694/1694/1694 1695/1695/1695
f 1696/1696/1696 1697/1697/1697 1698/1698/1698
f 1699/1699/1699 1700/1700/1700 1701/1701/1701
f 1702/1702/1702 1703/1703/1703 1704/1704/1704
f 1705/1705/1705 1706/1706/1706 1707/1707/1707
f 1708/1708/1708 1709/1709/1709 1710/1710/1710
f 1711/1711/1711 1712/1712/1712 1713/1713/1713
f 1714/1714/1714 1715/1715/1715 1716/1716/1716
f 1717/1717/1717 1718/1718/1718 1719/1719/1719
f 1720/1720/1720 1721/1721/1721 1722/1722/1722
f 1723/1723/1723 1724/1724/1724 1725/1725/1725
f 1726/1726/1726 1727/1727/1727 1728/1728/1728
f 1729/1729/1729 1730/1730/1730 1731/1731/1731
f 1732/1732/1732 1733/1733/1733 1734/1734/1734
f 1735/1735/1735 1736/1736/1736 1737/1737/1737
f 1738/1738/1738 1739/1739/1739 1740/1740/1740
f 1741/1741/1741 1742/1742/1742 1743/1743/1743
f 1744/1744/1744 1745/1745/1745 1746/1746/1746
f 1747/1747/1747 1748/1748/1748 1749/1749/1749
f 1750/1750/1750 1751/1751/1751 1752/1752/1752
f 1753/1753/1753 1754/1754/1754 1755/1755/1755
f 1756/1756/1756 1757/1757/1757 1758/1758/1758
f 1759/1759/1759 1760/1760/1760 1761/1761/1761
f 1762/1762/1762 1763/1763/1763 1764/1764/1764
f 1765/1765/1765 1766/1766/1766 1767/1767/1767
f 1768/1768/1768 1769/1769/1769 1770/1770/1770
f 1771/1771/1771 1772/1772/1772 1773/1773/1773
f 1774/1774/1774 1775/1775/1775 1776/1776/1776
f 1777/1777/1777 1778/1778/1778 1779/1779/1779
f 1780/1780/1780 1781/1781/1781 1782/1782/1782
f 1783/1783/1783 1784/1784/1784 1785/1785/1785
f 1786/1786/1786 1787/1787/1787 1788/1788/1788
f 1789/1789/1789 1790/1790/1790 1791/1791/1791
f 1792/1792/1792 1793/1793/1793 1794/1794/1794
f 1795/1795/1795 1796/1796/1796 1797/1797/1797
f 1798/1798/1798 1799/1799/1799 1800/1800/1800
f 1801/1801/1801 1802/1802/1802 1803/1803/1803
f 1804/1804/1804 1805/1805/1805 1806/1806/1806
f 1807/1807/1807 1808/1808/1808 1809/1809/1809
f 1810/1810/1810 1811/1811/1811 1812/1812/1812
f 1813/1813/1813 1814/1814/1814 1815/1815/1815
f 1816/1816/1816 1817/1817/1817 1818/1818/1818
f 1819/1819/1819 1820/1820/1820 1821/1821/1821
f 1822/1822/1822 1823/1823/1823 1824/1824/1824
f 1825/1825/1825 1826/1826/1826 1827/1827/1827
f 1828/1828/1828 1829/1829/1829 1830/1830/1830
f 1831/1831/1831 1832/1832/1832 1833/1833/1833
f 1834/1834/1834 1835/1835/1835 1836/1836/1836
f 1837/1837/1837 1838/1838/1838 1839/1839/1839
f 1840/1840/1840 1841/1841/1841 1842/1842/1842
f 1843/1843/1843 1844/1844/1844 1845/1845/1845
f 1846/1846/1846 1847/1847/1847 1848/1848/1848
f 1849/1849/1849 1850/1850/1850 1851/1851/1851
f 1852/1852/1852 1853/1853/1853 1854/1854/1854
f 1855/1855/1855 1856/1856/1856 1857/1857/1857
f 1858/1858/1858 1859/1859/1859 1860/1860/1860
f 1861/1861/1861 1862/1862/1862 1863/1863/1863
f 1864/1864/1864 1865/1865/1865 1866/1866/1866
f 1867/1867/1867 1868/1868/1868 1869/1869/1869
f 1870/1870/1870 1871/1871/1871 1872/1872/1872
f 1873/1873/1873 1874/1874/1874 1875/1875/1875
f 1876/1876/1876 1877/1877/1877 1878/1878/1878
f 1879/1879/1879 1880/1880/1880 1881/1881/1881
f 1882/1882/1882 1883/1883/1883 1884/1884/1884
f 1885/1885/1885 1886/1886/1886 1887/1887/1887
f 1888/1888/1888 1889/1889/1889 1890/1890/1890
f 1891/1891/1891 1892/1892/1892 1893/1893/1893
f 1894/1894/1894 1895/1895/1895 1896/1896/1896
f 1897/1897/1897 1898/1898/1898 1899/1899/1899
f 1900/1900/1900 1901/1901/1901 1902/1902/1902
f 1903/1903/1903 1904/1904/1904 1905/1905/1905
f 1906/1906/1906 1907/1907/1907 1908/1908/1908
f 1909/1909/1909 1910/1910/1910 1911/1911/1911
f 1912/1912/1912 1913/1913/1913 1914/1914/1914
f 1915/1915/1915 1916/1916/1916 1917/1917/1917
f 1918/1918/1918 1919/1919/1919 1920/1920/1920
usemtl monster_bone
f 1921/1921/1921 1922/1922/1922 1923/1923/1923
f 1924/1924/1924 1925/1925/1925 1926/1926/1926
f 1927/1927/1927 1928/1928/1928 1929/1929/1929
f 1930/1930/1930 1931/1931/1931 1932/1932/1932
f 1933/1933/1933 1934/1934/1934 1935/1935/1935
f 1936/1936/1936 1937/1937/1937 1938/1938/1938
f 1939/1939/1939 1940/1940/1940 1941/1941/1941
f 1942/1942/1942 1943/1943/1943 1944/1944/1944
f 1945/1945/1945 1946/1946/1946 1947/1947/1947
f 1948/1948/1948 1949/1949/1949 1950/1950/1950
f 1951/1951/1951 1952/1952/1952 1953/1953/1953
f 1954/1954/1954 1955/1955/1955 1956/1956/1956
f 1957/1957/1957 1958/1958/1958 1959/1959/1959
f 1960/1960/1960 1961/1961/1961 1962/1962/1962
f 1963/1963/1963 1964/1964/1964 1965/1965/1965
f 1966/1966/1966 1967/1967/1967 1968/1968/1968
f 1969/1969/1969 1970/1970/1970 1971/1971/1971
f 1972/1972/1972 1973/1973/1973 1974/1974/1974
f 1975/1975/1975 1976/1976/1976 1977/1977/1977
f 1978/1978/1978 1979/1979/1979 1980/1980/1980
f 1981/1981/1981 1982/1982/1982 1983/1983/1983
f 1984/1984/1984 1985/1985/1985 1986/1986/1986
f 1987/1987/1987 1988/1988/1988 1989/1989/1989
f 1990/1990/1990 1991/1991/1991 1992/1992/1992
f 1993/1993/1993 1994/1994/1994 1995/1995/1995
f 1996/1996/1996 1997/1997/1997 1998/1998/1998
f 1999/1999/1999 2000/2000/2000 2001/2001/2001
f 2002/2002/2002 2003/2003/2003 2004/2004/2004
usemtl monster_eye
f 2005/2005/2005 2006/2006/2006 2007/2007/2007
f 2008/2008/2008 2009/2009/2009 2010/2010/2010
f 2011/2011/2011 2012/2012/2012 2013/2013/2013
f 2014/2014/2014 2015/2015/2015 2016/2016/2016
f 2017/2017/2017 2018/2018/2018 2019/2019/2019
f 2020/2020/2020 2021/2021/2021 2022/2022/2022
f 2023/2023/2023 2024/2024/2024 2025/2025/2025
f 2026/2026/2026 2027/2027/2027 2028/2028/2028
f 2029/2029/2029 2030/2030/2030 2031/2031/2031
f 2032/2032/2032 2033/2033/2033 2034/2034/2034
f 2035/2035/2035 2036/2036/2036 2037/2037/2037
f 2038/2038/2038 2039/2039/2039 2040/2040/2040
f 2041/2041/2041 2042/2042/2042 2043/2043/2043
f 2044/2044/2044 2045/2045/2045 2046/2046/2046
f 2047/2047/2047 2048/2048/2048 2049/2049/2049
f 2050/2050/2050 2051/2051/2051 2052/2052/2052
f 2053/2053/2053 2054/2054/2054 2055/2055/2055
f 2056/2056/2056 2057/2057/2057 2058/2058/2058
f 2059/2059/2059 2060/2060/2060 2061/2061/2061
f 2062/2062/2062 2063/2063/2063 2064/2064/2064
f 2065/2065/2065 2066/2066/2066 2067/2067/2067
f 2068/2068/2068 2069/2069/2069 2070/2070/2070
f 2071/2071/2071 2072/2072/2072 2073/2073/2073
f 2074/2074/2074 2075/2075/2075 2076/2076/2076
f 2077/2077/2077 2078/2078/2078 2079/2079/2079
f 2080/2080/2080 2081/2081/2081 2082/2082/2082
f 2083/2083/2083 2084/2084/2084 2085/2085/2085
f 2086/2086/2086 2087/2087/2087 2088/2088/2088
f 2089/2089/2089 2090/2090/2090 2091/2091/2091
f 2092/2092/2092 2093/2093/2093 2094/2094/2094
f 2095/2095/2095 2096/2096/2096 2097/2097/2097
f 2098/2098/2098 2099/2099/2099 2100/2100/2100
f 2101/2101/2101 2102/2102/2102 2103/2103/2103
f 2104/2104/2104 2105/2105/2105 2106/2106/2106
f 2107/2107/2107 2108/2108/2108 2109/2109/2109
f 2110/2110/2110 2111/2111/2111 2112/2112/2112
f 2113/2113/2113 2114/2114/2114 2115/2115/2115
f 2116/2116/2116 2117/2117/2117 2118/2118/2118
f 2119/2119/2119 2120/2120/2120 2121/2121/2121
f 2122/2122/2122 2123/2123/2123 2124/2124/2124
f 2125/2125/2125 2126/2126/2126 2127/2127/2127
f 2128/2128/2128 2129/2129/2129 2130/2130/2130
f 2131/2131/2131 2132/2132/2132 2133/2133/2133
f 2134/2134/2134 2135/2135/2135 2136/2136/2136
f 2137/2137/2137 2138/2138/2138 2139/2139/2139
f 2140/2140/2140 2141/2141/2141 2142/2142/2142
f 2143/2143/2143 2144/2144/2144 2145/2145/2145
f 2146/2146/2146 2147/2147/2147 2148/2148/2148
f 2149/2149/2149 2150/2150/2150 2151/2151/2151
f 2152/2152/2152 2153/2153/2153 2154/2154/2154
f 2155/2155/2155 2156/2156/2156 2157/2157/2157
f 2158/2158/2158 2159/2159/2159 2160/2160/2160
f 2161/2161/2161 2162/2162/2162 2163/2163/2163
f 2164/2164/2164 2165/2165/2165 2166/2166/2166
f 2167/2167/2167 2168/2168/2168 2169/2169/2169
f 2170/2170/2170 2171/2171/2171 2172/2172/2172
f 2173/2173/2173 2174/2174/2174 2175/2175/2175
f 2176/2176/2176 2177/2177/2177 2178/2178/2178
f 2179/2179/2179 2180/2180/2180 2181/2181/2181
f 2182/2182/2182 2183/2183/2183 2184/2184/2184
f 2185/2185/2185 2186/2186/2186 2187/2187/2187
f 2188/2188/2188 2189/2189/2189 2190/2190/2190
f 2191/2191/2191 2192/2192/2192 2193/2193/2193
f 2194/2194/2194 2195/2195/2195 2196/2196/2196
f 2197/2197/2197 2198/2198/2198 2199/2199/2199
f 2200/2200/2200 2201/2201/2201 2202/2202/2202
f 2203/2203/2203 2204/2204/2204 2205/2205/2205
f 2206/2206/2206 2207/2207/2207 2208/2208/2208
f 2209/2209/2209 2210/2210/2210 2211/2211/2211
f 2212/2212/2212 2213/2213/2213 2214/2214/2214
usemtl monster_boss
f 2215/2215/2215 2216/2216/2216 2217/2217/2217
f 2218/2218/2218 2219/2219/2219 2220/2220/2220
f 2221/2221/2221 2222/2222/2222 2223/2223/2223
f 2224/2224/2224 2225/2225/2225 2226/2226/2226
f 2227/2227/2227 2228/2228/2228 2229/2229/2229
f 2230/2230/2230 2231/2231/2231 2232/2232/2232
f 2233/2233/2233 2234/2234/2234 2235/2235/2235
f 2236/2236/2236 2237/2237/2237 2238/2238/2238
f 2239/2239/2239 2240/2240/2240 2241/2241/2241
f 2242/2242/2242 2243/2243/2243 2244/2244/2244
f 2245/2245/2245 2246/2246/2246 2247/2247/2247
f 2248/2248/2248 2249/2249/2249 2250/2250/2250
f 2251/2251/2251 2252/2252/2252 2253/2253/2253
f 2254/2254/2254 2255/2255/2255 2256/2256/2256
f 2257/2257/2257 2258/2258/2258 2259/2259/2259
f 2260/2260/2260 2261/2261/2261 2262/2262/2262
f 2263/2263/2263 2264/2264/2264 2265/2265/2265
f 2266/2266/2266 2267/2267/2267 2268/2268/2268
f 2269/2269/2269 2270/2270/2270 2271/2271/2271
f 2272/2272/2272 2273/2273/2273 2274/2274/2274
f 2275/2275/2275 2276/2276/2276 2277/2277/2277
f 2278/2278/2278 2279/2279/2279 2280/2280/2280
f 2281/2281/2281 2282/2282/2282 2283/2283/2283
f 2284/2284/2284 2285/2285/2285 2286/2286/2286
f 2287/2287/2287 2288/2288/2288 2289/2289/2289
f 2290/2290/2290 2291/2291/2291 2292/2292/2292
f 2293/2293/2293 2294/2294/2294 2295/2295/2295
f 2296/2296/2296 2297/2297/2297 2298/2298/2298
f 2299/2299/2299 2300/2300/2300 2301/2301/2301
f 2302/2302/2302 2303/2303/2303 2304/2304/2304
f 2305/2305/2305 2306/2306/2306 2307/2307/2307
f 2308/2308/2308 2309/2309/2309 2310/2310/2310
usemtl monster_bone
f 2311/2311/2311 2312/2312/2312 2313/2313/2313
f 2314/2314/2314 2315/2315/2315 2316/2316/2316
f 2317/2317/2317 2318/2318/2318 2319/2319/2319
f 2320/2320/2320 2321/2321/2321 2322/2322/2322
f 2323/2323/2323 2324/2324/2324 2325/2325/2325
f 2326/2326/2326 2327/2327/2327 2328/2328/2328
f 2329/2329/2329 2330/2330/2330 2331/2331/2331
f 2332/2332/2332 2333/2333/2333 2334/2334/2334
f 2335/2335/2335 2336/2336/2336 2337/2337/2337
f 2338/2338/2338 2339/2339/2339 2340/2340/2340
f 2341/2341/2341 2342/2342/2342 2343/2343/2343
f 2344/2344/2344 2345/2345/2345 2346/2346/2346
f 2347/2347/2347 2348/2348/2348 2349/2349/2349
f 2350/2350/2350 2351/2351/2351 2352/2352/2352
f 2353/2353/2353 2354/2354/2354 2355/2355/2355
f 2356/2356/2356 2357/2357/2357 2358/2358/2358
f 2359/2359/2359 2360/2360/2360 2361/2361/2361
f 2362/2362/2362 2363/2363/2363 2364/2364/2364
f 2365/2365/2365 2366/2366/2366 2367/2367/2367
f 2368/2368/2368 2369/2369/2369 2370/2370/2370
f 2371/2371/2371 2372/2372/2372 2373/2373/2373
f 2374/2374/2374 2375/2375/2375 2376/2376/2376
f 2377/2377/2377 2378/2378/2378 2379/2379/2379
f 2380/2380/2380 2381/2381/2381 2382/2382/2382
f 2383/2383/2383 2384/2384/2384 2385/2385/2385
f 2386/2386/2386 2387/2387/2387 2388/2388/2388
f 2389/2389/2389 2390/2390/2390 2391/2391/2391
f 2392/2392/2392 2393/2393/2393 2394/2394/2394
usemtl monster_eye
f 2395/2395/2395 2396/2396/2396 2397/2397/2397
f 2398/2398/2398 2399/2399/2399 2400/2400/2400
f 2401/2401/2401 2402/2402/2402 2403/2403/2403
f 2404/2404/2404 2405/2405/2405 2406/2406/2406
f 2407/2407/2407 2408/2408/2408 2409/2409/2409
f 2410/2410/2410 2411/2411/2411 2412/2412/2412
f 2413/2413/2413 2414/2414/2414 2415/2415/2415
f 2416/2416/2416 2417/2417/2417 2418/2418/2418
f 2419/2419/2419 2420/2420/2420 2421/2421/2421
f 2422/2422/2422 2423/2423/2423 2424/2424/2424
f 2425/2425/2425 2426/2426/2426 2427/2427/2427
f 2428/2428/2428 2429/2429/2429 2430/2430/2430
f 2431/2431/2431 2432/2432/2432 2433/2433/2433
f 2434/2434/2434 2435/2435/2435 2436/2436/2436
f 2437/2437/2437 2438/2438/2438 2439/2439/2439
f 2440/2440/2440 2441/2441/2441 2442/2442/2442
f 2443/2443/2443 2444/2444/2444 2445/2445/2445
f 2446/2446/2446 2447/2447/2447 2448/2448/2448
f 2449/2449/2449 2450/2450/2450 2451/2451/2451
f 2452/2452/2452 2453/2453/2453 2454/2454/2454
f 2455/2455/2455 2456/2456/2456 2457/2457/2457
f 2458/2458/2458 2459/2459/2459 2460/2460/2460
f 2461/2461/2461 2462/2462/2462 2463/2463/2463
f 2464/2464/2464 2465/2465/2465 2466/2466/2466
f 2467/2467/2467 2468/2468/2468 2469/2469/2469
f 2470/2470/2470 2471/2471/2471 2472/2472/2472
f 2473/2473/2473 2474/2474/2474 2475/2475/2475
f 2476/2476/2476 2477/2477/2477 2478/2478/2478
f 2479/2479/2479 2480/2480/2480 2481/2481/2481
f 2482/2482/2482 2483/2483/2483 2484/2484/2484
f 2485/2485/2485 2486/2486/2486 2487/2487/2487
f 2488/2488/2488 2489/2489/2489 2490/2490/2490
f 2491/2491/2491 2492/2492/2492 2493/2493/2493
f 2494/2494/2494 2495/2495/2495 2496/2496/2496
f 2497/2497/2497 2498/2498/2498 2499/2499/2499
f 2500/2500/2500 2501/2501/2501 2502/2502/2502
f 2503/2503/2503 2504/2504/2504 2505/2505/2505
f 2506/2506/2506 2507/2507/2507 2508/2508/2508
f 2509/2509/2509 2510/2510/2510 2511/2511/2511
f 2512/2512/2512 2513/2513/2513 2514/2514/2514
f 2515/2515/2515 2516/2516/2516 2517/2517/2517
f 2518/2518/2518 2519/2519/2519 2520/2520/2520
f 2521/2521/2521 2522/2522/2522 2523/2523/2523
f 2524/2524/2524 2525/2525/2525 2526/2526/2526
f 2527/2527/2527 2528/2528/2528 2529/2529/2529
f 2530/2530/2530 2531/2531/2531 2532/2532/2532
f 2533/2533/2533 2534/2534/2534 2535/2535/2535
f 2536/2536/2536 2537/2537/2537 2538/2538/2538
f 2539/2539/2539 2540/2540/2540 2541/2541/2541
f 2542/2542/2542 2543/2543/2543 2544/2544/2544
f 2545/2545/2545 2546/2546/2546 2547/2547/2547
f 2548/2548/2548 2549/2549/2549 2550/2550/2550
f 2551/2551/2551 2552/2552/2552 2553/2553/2553
f 2554/2554/2554 2555/2555/2555 2556/2556/2556
f 2557/2557/2557 2558/2558/2558 2559/2559/2559
f 2560/2560/2560 2561/2561/2561 2562/2562/2562
f 2563/2563/2563 2564/2564/2564 2565/2565/2565
f 2566/2566/2566 2567/2567/2567 2568/2568/2568
f 2569/2569/2569 2570/2570/2570 2571/2571/2571
f 2572/2572/2572 2573/2573/2573 2574/2574/2574
f 2575/2575/2575 2576/2576/2576 2577/2577/2577
f 2578/2578/2578 2579/2579/2579 2580/2580/2580
f 2581/2581/2581 2582/2582/2582 2583/2583/2583
f 2584/2584/2584 2585/2585/2585 2586/2586/2586
f 2587/2587/2587 2588/2588/2588 2589/2589/2589
f 2590/2590/2590 2591/2591/2591 2592/2592/2592
f 2593/2593/2593 2594/2594/2594 2595/2595/2595
f 2596/2596/2596 2597/2597/2597 2598/2598/2598
f 2599/2599/2599 2600/2600/2600 2601/2601/2601
f 2602/2602/2602 2603/2603/2603 2604/2604/2604
usemtl monster_bone
f 2605/2605/2605 2606/2606/2606 2607/2607/2607
f 2608/2608/2608 2609/2609/2609 2610/2610/2610
f 2611/2611/2611 2612/2612/2612 2613/2613/2613
f 2614/2614/2614 2615/2615/2615 2616/2616/2616
f 2617/2617/2617 2618/2618/2618 2619/2619/2619
f 2620/2620/2620 2621/2621/2621 2622/2622/2622
f 2623/2623/2623 2624/2624/2624 2625/2625/2625
f 2626/2626/2626 2627/2627/2627 2628/2628/2628
f 2629/2629/2629 2630/2630/2630 2631/2631/2631
f 2632/2632/2632 2633/2633/2633 2634/2634/2634
f 2635/2635/2635 2636/2636/2636 2637/2637/2637
f 2638/2638/2638 2639/2639/2639 2640/2640/2640
f 2641/2641/2641 2642/2642/2642 2643/2643/2643
f 2644/2644/2644 2645/2645/2645 2646/2646/2646
f 2647/2647/2647 2648/2648/2648 2649/2649/2649
f 2650/2650/2650 2651/2651/2651 2652/2652/2652
f 2653/2653/2653 2654/2654/2654 2655/2655/2655
f 2656/2656/2656 2657/2657/2657 2658/2658/2658
f 2659/2659/2659 2660/2660/2660 2661/2661/2661
f 2662/2662/2662 2663/2663/2663 2664/2664/2664
f 2665/2665/2665 2666/2666/2666 2667/2667/2667
f 2668/2668/2668 2669/2669/2669 2670/2670/2670
f 2671/2671/2671 2672/2672/2672 2673/2673/2673
f 2674/2674/2674 2675/2675/2675 2676/2676/2676
f 2677/2677/2677 2678/2678/2678 2679/2679/2679
f 2680/2680/2680 2681/2681/2681 2682/2682/2682
f 2683/2683/2683 2684/2684/2684 2685/2685/2685
f 2686/2686/2686 2687/2687/2687 2688/2688/2688
f 2689/2689/2689 2690/2690/2690 2691/2691/2691
f 2692/2692/2692 2693/2693/2693 2694/2694/2694
f 2695/2695/2695 2696/2696/2696 2697/2697/2697
f 2698/2698/2698 2699/2699/2699 2700/2700/2700
f 2701/2701/2701 2702/2702/2702 2703/2703/2703
f 2704/2704/2704 2705/2705/2705 2706/2706/2706
f 2707/2707/2707 2708/2708/2708 2709/2709/2709
f 2710/2710/2710 2711/2711/2711 2712/2712/2712
f 2713/2713/2713 2714/2714/2714 2715/2715/2715
f 2716/2716/2716 2717/2717/2717 2718/2718/2718
f 2719/2719/2719 2720/2720/2720 2721/2721/2721
f 2722/2722/2722 2723/2723/2723 2724/2724/2724
f 2725/2725/2725 2726/2726/2726 2727/2727/2727
f 2728/2728/2728 2729/2729/2729 2730/2730/2730
f 2731/2731/2731 2732/2732/2732 2733/2733/2733
f 2734/2734/2734 2735/2735/2735 2736/2736/2736
f 2737/2737/2737 2738/2738/2738 2739/2739/2739
f 2740/2740/2740 2741/2741/2741 2742/2742/2742
f 2743/2743/2743 2744/2744/2744 2745/2745/2745
f 2746/2746/2746 2747/2747/2747 2748/2748/2748
f 2749/2749/2749 2750/2750/2750 2751/2751/2751
f 2752/2752/2752 2753/2753/2753 2754/2754/2754
f 2755/2755/2755 2756/2756/2756 2757/2757/2757
f 2758/2758/2758 2759/2759/2759 2760/2760/2760
f 2761/2761/2761 2762/2762/2762 2763/2763/2763
f 2764/2764/2764 2765/2765/2765 2766/2766/2766
f 2767/2767/2767 2768/2768/2768 2769/2769/2769
f 2770/2770/2770 2771/2771/2771 2772/2772/2772
f 2773/2773/2773 2774/2774/2774 2775/2775/2775
f 2776/2776/2776 2777/2777/2777 2778/2778/2778
f 2779/2779/2779 2780/2780/2780 2781/2781/2781
f 2782/2782/2782 2783/2783/2783 2784/2784/2784
f 2785/2785/2785 2786/2786/2786 2787/2787/2787
f 2788/2788/2788 2789/2789/2789 2790/2790/2790
f 2791/2791/2791 2792/2792/2792 2793/2793/2793
f 2794/2794/2794 2795/2795/2795 2796/2796/2796
f 2797/2797/2797 2798/2798/2798 2799/2799/2799
f 2800/2800/2800 2801/2801/2801 2802/2802/2802
f 2803/2803/2803 2804/2804/2804 2805/2805/2805
f 2806/2806/2806 2807/2807/2807 2808/2808/2808
f 2809/2809/2809 2810/2810/2810 2811/2811/2811
f 2812/2812/2812 2813/2813/2813 2814/2814/2814
f 2815/2815/2815 2816/2816/2816 2817/2817/2817
f 2818/2818/2818 2819/2819/2819 2820/2820/2820
f 2821/2821/2821 2822/2822/2822 2823/2823/2823
f 2824/2824/2824 2825/2825/2825 2826/2826/2826
f 2827/2827/2827 2828/2828/2828 2829/2829/2829
f 2830/2830/2830 2831/2831/2831 2832/2832/2832
f 2833/2833/2833 2834/2834/2834 2835/2835/2835
f 2836/2836/2836 2837/2837/2837 2838/2838/2838
f 2839/2839/2839 2840/2840/2840 2841/2841/2841
f 2842/2842/2842 2843/2843/2843 2844/2844/2844
f 2845/2845/2845 2846/2846/2846 2847/2847/2847
f 2848/2848/2848 2849/2849/2849 2850/2850/2850
f 2851/2851/2851 2852/2852/2852 2853/2853/2853
f 2854/2854/2854 2855/2855/2855 2856/2856/2856
f 2857/2857/2857 2858/2858/2858 2859/2859/2859
f 2860/2860/2860 2861/2861/2861 2862/2862/2862
f 2863/2863/2863 2864/2864/2864 2865/2865/2865
f 2866/2866/2866 2867/2867/2867 2868/2868/2868
f 2869/2869/2869 2870/2870/2870 2871/2871/2871
f 2872/2872/2872 2873/2873/2873 2874/2874/2874
f 2875/2875/2875 2876/2876/2876 2877/2877/2877
f 2878/2878/2878 2879/2879/2879 2880/2880/2880
usemtl metal
f 2881/2881/2881 2882/2882/2882 2883/2883/2883
f 2884/2884/2884 2885/2885/2885 2886/2886/2886
f 2887/2887/2887 2888/2888/2888 2889/2889/2889
f 2890/2890/2890 2891/2891/2891 2892/2892/2892
f 2893/2893/2893 2894/2894/2894 2895/2895/2895
f 2896/2896/2896 2897/2897/2897 2898/2898/2898
f 2899/2899/2899 2900/2900/2900 2901/2901/2901
f 2902/2902/2902 2903/2903/2903 2904/2904/2904
f 2905/2905/2905 2906/2906/2906 2907/2907/2907
f 2908/2908/2908 2909/2909/2909 2910/2910/2910
f 2911/2911/2911 2912/2912/2912 2913/2913/2913
f 2914/2914/2914 2915/2915/2915 2916/2916/2916
