# Deterministic Story World v3 asset: StoryMonster_Minion
# Triangles: 896
mtllib story_world_v3.mtl
o StoryMonster_Minion
s 1
v -0.240000 -0.004191 0.129932
v -0.148120 -0.005806 0.091784
v -0.128920 0.614194 0.111784
v -0.240000 -0.004191 0.129932
v -0.128920 0.614194 0.111784
v -0.220800 0.615809 0.149932
v -0.240000 0.000000 0.000000
v -0.148120 -0.005806 0.091784
v -0.240000 -0.004191 0.129932
v -0.220800 0.620000 0.020000
v -0.220800 0.615809 0.149932
v -0.128920 0.614194 0.111784
v -0.148120 -0.005806 0.091784
v -0.110062 -0.004020 -0.000130
v -0.090862 0.615980 0.019870
v -0.148120 -0.005806 0.091784
v -0.090862 0.615980 0.019870
v -0.128920 0.614194 0.111784
v -0.240000 0.000000 0.000000
v -0.110062 -0.004020 -0.000130
v -0.148120 -0.005806 0.091784
v -0.220800 0.620000 0.020000
v -0.128920 0.614194 0.111784
v -0.090862 0.615980 0.019870
v -0.110062 -0.004020 -0.000130
v -0.148120 0.000121 -0.091968
v -0.128920 0.620121 -0.071968
v -0.110062 -0.004020 -0.000130
v -0.128920 0.620121 -0.071968
v -0.090862 0.615980 0.019870
v -0.240000 0.000000 0.000000
v -0.148120 0.000121 -0.091968
v -0.110062 -0.004020 -0.000130
v -0.220800 0.620000 0.020000
v -0.090862 0.615980 0.019870
v -0.128920 0.620121 -0.071968
v -0.148120 0.000121 -0.091968
v -0.240000 0.004191 -0.129932
v -0.220800 0.624191 -0.109932
v -0.148120 0.000121 -0.091968
v -0.220800 0.624191 -0.109932
v -0.128920 0.620121 -0.071968
v -0.240000 0.000000 0.000000
v -0.240000 0.004191 -0.129932
v -0.148120 0.000121 -0.091968
v -0.220800 0.620000 0.020000
v -0.128920 0.620121 -0.071968
v -0.220800 0.624191 -0.109932
v -0.240000 0.004191 -0.129932
v -0.331880 0.005806 -0.091784
v -0.312680 0.625806 -0.071784
v -0.240000 0.004191 -0.129932
v -0.312680 0.625806 -0.071784
v -0.220800 0.624191 -0.109932
v -0.240000 0.000000 0.000000
v -0.331880 0.005806 -0.091784
v -0.240000 0.004191 -0.129932
v -0.220800 0.620000 0.020000
v -0.220800 0.624191 -0.109932
v -0.312680 0.625806 -0.071784
v -0.331880 0.005806 -0.091784
v -0.369938 0.004020 0.000130
v -0.350738 0.624020 0.020130
v -0.331880 0.005806 -0.091784
v -0.350738 0.624020 0.020130
v -0.312680 0.625806 -0.071784
v -0.240000 0.000000 0.000000
v -0.369938 0.004020 0.000130
v -0.331880 0.005806 -0.091784
v -0.220800 0.620000 0.020000
v -0.312680 0.625806 -0.071784
v -0.350738 0.624020 0.020130
v -0.369938 0.004020 0.000130
v -0.331880 -0.000121 0.091968
v -0.312680 0.619879 0.111968
v -0.369938 0.004020 0.000130
v -0.312680 0.619879 0.111968
v -0.350738 0.624020 0.020130
v -0.240000 0.000000 0.000000
v -0.331880 -0.000121 0.091968
v -0.369938 0.004020 0.000130
v -0.220800 0.620000 0.020000
v -0.350738 0.624020 0.020130
v -0.312680 0.619879 0.111968
v -0.331880 -0.000121 0.091968
v -0.240000 -0.004191 0.129932
v -0.220800 0.615809 0.149932
v -0.331880 -0.000121 0.091968
v -0.220800 0.615809 0.149932
v -0.312680 0.619879 0.111968
v -0.240000 0.000000 0.000000
v -0.240000 -0.004191 0.129932
v -0.331880 -0.000121 0.091968
v -0.220800 0.620000 0.020000
v -0.312680 0.619879 0.111968
v -0.220800 0.615809 0.149932
v -0.240000 0.194219 -0.030000
v -0.115553 0.175735 -0.030000
v -0.154073 0.180215 0.111779
v -0.240000 0.194219 -0.030000
v -0.154073 0.180215 0.111779
v -0.240000 0.199008 -0.030000
v -0.240000 0.199008 -0.030000
v -0.154073 0.180215 0.111779
v -0.240000 0.175269 0.161757
v -0.240000 0.199008 -0.030000
v -0.240000 0.175269 0.161757
v -0.240000 0.192875 -0.030000
v -0.240000 0.192875 -0.030000
v -0.240000 0.175269 0.161757
v -0.320073 0.180048 0.102121
v -0.240000 0.192875 -0.030000
v -0.320073 0.180048 0.102121
v -0.240000 0.199528 -0.030000
v -0.240000 0.199528 -0.030000
v -0.320073 0.180048 0.102121
v -0.352640 0.172391 -0.030000
v -0.240000 0.199528 -0.030000
v -0.352640 0.172391 -0.030000
v -0.240000 0.198317 -0.030000
v -0.240000 0.198317 -0.030000
v -0.352640 0.172391 -0.030000
v -0.317579 0.177156 -0.158006
v -0.240000 0.198317 -0.030000
v -0.317579 0.177156 -0.158006
v -0.240000 0.204231 -0.030000
v -0.240000 0.204231 -0.030000
v -0.317579 0.177156 -0.158006
v -0.240000 0.171925 -0.233033
v -0.240000 0.204231 -0.030000
v -0.240000 0.171925 -0.233033
v -0.240000 0.198509 -0.030000
v -0.240000 0.198509 -0.030000
v -0.240000 0.171925 -0.233033
v -0.155078 0.176704 -0.170121
v -0.240000 0.198509 -0.030000
v -0.155078 0.176704 -0.170121
v -0.240000 0.203673 -0.030000
v -0.240000 0.203673 -0.030000
v -0.155078 0.176704 -0.170121
v -0.129538 0.171474 -0.030000
v -0.240000 0.203673 -0.030000
v -0.129538 0.171474 -0.030000
v -0.240000 0.197950 -0.030000
v -0.115553 0.175735 -0.030000
v -0.054071 0.117849 -0.030000
v -0.111902 0.116084 0.181361
v -0.115553 0.175735 -0.030000
v -0.111902 0.116084 0.181361
v -0.154073 0.180215 0.111779
v -0.154073 0.180215 0.111779
v -0.111902 0.116084 0.181361
v -0.240000 0.117889 0.254722
v -0.154073 0.180215 0.111779
v -0.240000 0.117889 0.254722
v -0.240000 0.175269 0.161757
v -0.240000 0.175269 0.161757
v -0.240000 0.117889 0.254722
v -0.380173 0.116238 0.201286
v -0.240000 0.175269 0.161757
v -0.380173 0.116238 0.201286
v -0.320073 0.180048 0.102121
v -0.320073 0.180048 0.102121
v -0.380173 0.116238 0.201286
v -0.437244 0.117253 -0.030000
v -0.320073 0.180048 0.102121
v -0.437244 0.117253 -0.030000
v -0.352640 0.172391 -0.030000
v -0.352640 0.172391 -0.030000
v -0.437244 0.117253 -0.030000
v -0.376098 0.115365 -0.254561
v -0.352640 0.172391 -0.030000
v -0.376098 0.115365 -0.254561
v -0.317579 0.177156 -0.158006
v -0.317579 0.177156 -0.158006
v -0.376098 0.115365 -0.254561
v -0.240000 0.117307 -0.333844
v -0.317579 0.177156 -0.158006
v -0.240000 0.117307 -0.333844
v -0.240000 0.171925 -0.233033
v -0.240000 0.171925 -0.233033
v -0.240000 0.117307 -0.333844
v -0.113179 0.115656 -0.239255
v -0.240000 0.171925 -0.233033
v -0.113179 0.115656 -0.239255
v -0.155078 0.176704 -0.170121
v -0.155078 0.176704 -0.170121
v -0.113179 0.115656 -0.239255
v -0.046778 0.117598 -0.030000
v -0.155078 0.176704 -0.170121
v -0.046778 0.117598 -0.030000
v -0.129538 0.171474 -0.030000
v -0.054071 0.117849 -0.030000
v -0.041950 0.044583 -0.030000
v -0.101990 0.042412 0.197717
v -0.054071 0.117849 -0.030000
v -0.101990 0.042412 0.197717
v -0.111902 0.116084 0.181361
v -0.111902 0.116084 0.181361
v -0.101990 0.042412 0.197717
v -0.240000 0.044311 0.281022
v -0.111902 0.116084 0.181361
v -0.240000 0.044311 0.281022
v -0.240000 0.117889 0.254722
v -0.240000 0.117889 0.254722
v -0.240000 0.044311 0.281022
v -0.371256 0.042486 0.186572
v -0.240000 0.117889 0.254722
v -0.371256 0.042486 0.186572
v -0.380173 0.116238 0.201286
v -0.380173 0.116238 0.201286
v -0.371256 0.042486 0.186572
v -0.418946 0.044022 -0.030000
v -0.380173 0.116238 0.201286
v -0.418946 0.044022 -0.030000
v -0.437244 0.117253 -0.030000
v -0.437244 0.117253 -0.030000
v -0.418946 0.044022 -0.030000
v -0.364504 0.042200 -0.235431
v -0.437244 0.117253 -0.030000
v -0.364504 0.042200 -0.235431
v -0.376098 0.115365 -0.254561
v -0.376098 0.115365 -0.254561
v -0.364504 0.042200 -0.235431
v -0.240000 0.044199 -0.360898
v -0.376098 0.115365 -0.254561
v -0.240000 0.044199 -0.360898
v -0.240000 0.117307 -0.333844
v -0.240000 0.117307 -0.333844
v -0.240000 0.044199 -0.360898
v -0.100226 0.041911 -0.260627
v -0.240000 0.117307 -0.333844
v -0.100226 0.041911 -0.260627
v -0.113179 0.115656 -0.239255
v -0.113179 0.115656 -0.239255
v -0.100226 0.041911 -0.260627
v -0.064616 0.043911 -0.030000
v -0.113179 0.115656 -0.239255
v -0.064616 0.043911 -0.030000
v -0.046778 0.117598 -0.030000
v -0.041950 0.044583 -0.030000
v -0.127183 -0.018507 -0.030000
v -0.158988 -0.012660 0.103670
v -0.041950 0.044583 -0.030000
v -0.158988 -0.012660 0.103670
v -0.101990 0.042412 0.197717
v -0.101990 0.042412 0.197717
v -0.158988 -0.012660 0.103670
v -0.240000 -0.017361 0.150273
v -0.101990 0.042412 0.197717
v -0.240000 -0.017361 0.150273
v -0.240000 0.044311 0.281022
v -0.240000 0.044311 0.281022
v -0.240000 -0.017361 0.150273
v -0.325203 -0.013036 0.110584
v -0.240000 0.044311 0.281022
v -0.325203 -0.013036 0.110584
v -0.371256 0.042486 0.186572
v -0.371256 0.042486 0.186572
v -0.325203 -0.013036 0.110584
v -0.364587 -0.019330 -0.030000
v -0.371256 0.042486 0.186572
v -0.364587 -0.019330 -0.030000
v -0.418946 0.044022 -0.030000
v -0.418946 0.044022 -0.030000
v -0.364587 -0.019330 -0.030000
v -0.322685 -0.014393 -0.166430
v -0.418946 0.044022 -0.030000
v -0.322685 -0.014393 -0.166430
v -0.364504 0.042200 -0.235431
v -0.364504 0.042200 -0.235431
v -0.322685 -0.014393 -0.166430
v -0.240000 -0.019473 -0.213358
v -0.364504 0.042200 -0.235431
v -0.240000 -0.019473 -0.213358
v -0.240000 0.044199 -0.360898
v -0.240000 0.044199 -0.360898
v -0.240000 -0.019473 -0.213358
v -0.160190 -0.013935 -0.161686
v -0.240000 0.044199 -0.360898
v -0.160190 -0.013935 -0.161686
v -0.100226 0.041911 -0.260627
v -0.100226 0.041911 -0.260627
v -0.160190 -0.013935 -0.161686
v -0.122602 -0.019014 -0.030000
v -0.100226 0.041911 -0.260627
v -0.122602 -0.019014 -0.030000
v -0.064616 0.043911 -0.030000
v -0.127183 -0.018507 -0.030000
v -0.240000 -0.039867 -0.030000
v -0.240000 -0.033406 -0.030000
v -0.127183 -0.018507 -0.030000
v -0.240000 -0.033406 -0.030000
v -0.158988 -0.012660 0.103670
v -0.158988 -0.012660 0.103670
v -0.240000 -0.033406 -0.030000
v -0.240000 -0.039226 -0.030000
v -0.158988 -0.012660 0.103670
v -0.240000 -0.039226 -0.030000
v -0.240000 -0.017361 0.150273
v -0.240000 -0.017361 0.150273
v -0.240000 -0.039226 -0.030000
v -0.240000 -0.033129 -0.030000
v -0.240000 -0.017361 0.150273
v -0.240000 -0.033129 -0.030000
v -0.325203 -0.013036 0.110584
v -0.325203 -0.013036 0.110584
v -0.240000 -0.033129 -0.030000
v -0.240000 -0.044669 -0.030000
v -0.325203 -0.013036 0.110584
v -0.240000 -0.044669 -0.030000
v -0.364587 -0.019330 -0.030000
v -0.364587 -0.019330 -0.030000
v -0.240000 -0.044669 -0.030000
v -0.240000 -0.038583 -0.030000
v -0.364587 -0.019330 -0.030000
v -0.240000 -0.038583 -0.030000
v -0.322685 -0.014393 -0.166430
v -0.322685 -0.014393 -0.166430
v -0.240000 -0.038583 -0.030000
v -0.240000 -0.044111 -0.030000
v -0.322685 -0.014393 -0.166430
v -0.240000 -0.044111 -0.030000
v -0.240000 -0.019473 -0.213358
v -0.240000 -0.019473 -0.213358
v -0.240000 -0.044111 -0.030000
v -0.240000 -0.038025 -0.030000
v -0.240000 -0.019473 -0.213358
v -0.240000 -0.038025 -0.030000
v -0.160190 -0.013935 -0.161686
v -0.160190 -0.013935 -0.161686
v -0.240000 -0.038025 -0.030000
v -0.240000 -0.043553 -0.030000
v -0.160190 -0.013935 -0.161686
v -0.240000 -0.043553 -0.030000
v -0.122602 -0.019014 -0.030000
v 0.240000 -0.004191 0.129932
v 0.331880 -0.000121 0.091968
v 0.312680 0.619879 0.111968
v 0.240000 -0.004191 0.129932
v 0.312680 0.619879 0.111968
v 0.220800 0.615809 0.149932
v 0.240000 0.000000 0.000000
v 0.331880 -0.000121 0.091968
v 0.240000 -0.004191 0.129932
v 0.220800 0.620000 0.020000
v 0.220800 0.615809 0.149932
v 0.312680 0.619879 0.111968
v 0.331880 -0.000121 0.091968
v 0.369938 0.004020 0.000130
v 0.350738 0.624020 0.020130
v 0.331880 -0.000121 0.091968
v 0.350738 0.624020 0.020130
v 0.312680 0.619879 0.111968
v 0.240000 0.000000 0.000000
v 0.369938 0.004020 0.000130
v 0.331880 -0.000121 0.091968
v 0.220800 0.620000 0.020000
v 0.312680 0.619879 0.111968
v 0.350738 0.624020 0.020130
v 0.369938 0.004020 0.000130
v 0.331880 0.005806 -0.091784
v 0.312680 0.625806 -0.071784
v 0.369938 0.004020 0.000130
v 0.312680 0.625806 -0.071784
v 0.350738 0.624020 0.020130
v 0.240000 0.000000 0.000000
v 0.331880 0.005806 -0.091784
v 0.369938 0.004020 0.000130
v 0.220800 0.620000 0.020000
v 0.350738 0.624020 0.020130
v 0.312680 0.625806 -0.071784
v 0.331880 0.005806 -0.091784
v 0.240000 0.004191 -0.129932
v 0.220800 0.624191 -0.109932
v 0.331880 0.005806 -0.091784
v 0.220800 0.624191 -0.109932
v 0.312680 0.625806 -0.071784
v 0.240000 0.000000 0.000000
v 0.240000 0.004191 -0.129932
v 0.331880 0.005806 -0.091784
v 0.220800 0.620000 0.020000
v 0.312680 0.625806 -0.071784
v 0.220800 0.624191 -0.109932
v 0.240000 0.004191 -0.129932
v 0.148120 0.000121 -0.091968
v 0.128920 0.620121 -0.071968
v 0.240000 0.004191 -0.129932
v 0.128920 0.620121 -0.071968
v 0.220800 0.624191 -0.109932
v 0.240000 0.000000 0.000000
v 0.148120 0.000121 -0.091968
v 0.240000 0.004191 -0.129932
v 0.220800 0.620000 0.020000
v 0.220800 0.624191 -0.109932
v 0.128920 0.620121 -0.071968
v 0.148120 0.000121 -0.091968
v 0.110062 -0.004020 -0.000130
v 0.090862 0.615980 0.019870
v 0.148120 0.000121 -0.091968
v 0.090862 0.615980 0.019870
v 0.128920 0.620121 -0.071968
v 0.240000 0.000000 0.000000
v 0.110062 -0.004020 -0.000130
v 0.148120 0.000121 -0.091968
v 0.220800 0.620000 0.020000
v 0.128920 0.620121 -0.071968
v 0.090862 0.615980 0.019870
v 0.110062 -0.004020 -0.000130
v 0.148120 -0.005806 0.091784
v 0.128920 0.614194 0.111784
v 0.110062 -0.004020 -0.000130
v 0.128920 0.614194 0.111784
v 0.090862 0.615980 0.019870
v 0.240000 0.000000 0.000000
v 0.148120 -0.005806 0.091784
v 0.110062 -0.004020 -0.000130
v 0.220800 0.620000 0.020000
v 0.090862 0.615980 0.019870
v 0.128920 0.614194 0.111784
v 0.148120 -0.005806 0.091784
v 0.240000 -0.004191 0.129932
v 0.220800 0.615809 0.149932
v 0.148120 -0.005806 0.091784
v 0.220800 0.615809 0.149932
v 0.128920 0.614194 0.111784
v 0.240000 0.000000 0.000000
v 0.240000 -0.004191 0.129932
v 0.148120 -0.005806 0.091784
v 0.220800 0.620000 0.020000
v 0.128920 0.614194 0.111784
v 0.220800 0.615809 0.149932
v 0.240000 0.200566 -0.030000
v 0.354687 0.180870 -0.030000
v 0.314823 0.171279 0.093458
v 0.240000 0.200566 -0.030000
v 0.314823 0.171279 0.093458
v 0.240000 0.196938 -0.030000
v 0.240000 0.196938 -0.030000
v 0.314823 0.171279 0.093458
v 0.240000 0.176515 0.149424
v 0.240000 0.196938 -0.030000
v 0.240000 0.176515 0.149424
v 0.240000 0.202665 -0.030000
v 0.240000 0.202665 -0.030000
v 0.240000 0.176515 0.149424
v 0.152697 0.171740 0.114050
v 0.240000 0.202665 -0.030000
v 0.152697 0.171740 0.114050
v 0.240000 0.196758 -0.030000
v 0.240000 0.196758 -0.030000
v 0.152697 0.171740 0.114050
v 0.122906 0.176976 -0.030000
v 0.240000 0.196758 -0.030000
v 0.122906 0.176976 -0.030000
v 0.240000 0.202461 -0.030000
v 0.240000 0.202461 -0.030000
v 0.122906 0.176976 -0.030000
v 0.156795 0.172200 -0.167288
v 0.240000 0.202461 -0.030000
v 0.156795 0.172200 -0.167288
v 0.240000 0.195810 -0.030000
v 0.240000 0.195810 -0.030000
v 0.156795 0.172200 -0.167288
v 0.240000 0.177437 -0.213532
v 0.240000 0.195810 -0.030000
v 0.240000 0.177437 -0.213532
v 0.240000 0.204525 -0.030000
v 0.240000 0.204525 -0.030000
v 0.240000 0.177437 -0.213532
v 0.315709 0.172624 -0.154919
v 0.240000 0.204525 -0.030000
v 0.315709 0.172624 -0.154919
v 0.240000 0.198653 -0.030000
v 0.240000 0.198653 -0.030000
v 0.315709 0.172624 -0.154919
v 0.359593 0.177860 -0.030000
v 0.240000 0.198653 -0.030000
v 0.359593 0.177860 -0.030000
v 0.240000 0.204368 -0.030000
v 0.354687 0.180870 -0.030000
v 0.440504 0.116566 -0.030000
v 0.373012 0.116828 0.189470
v 0.354687 0.180870 -0.030000
v 0.373012 0.116828 0.189470
v 0.314823 0.171279 0.093458
v 0.314823 0.171279 0.093458
v 0.373012 0.116828 0.189470
v 0.240000 0.114888 0.285118
v 0.314823 0.171279 0.093458
v 0.240000 0.114888 0.285118
v 0.240000 0.176515 0.149424
v 0.240000 0.176515 0.149424
v 0.240000 0.114888 0.285118
v 0.108351 0.116772 0.187221
v 0.240000 0.176515 0.149424
v 0.108351 0.116772 0.187221
v 0.152697 0.171740 0.114050
v 0.152697 0.171740 0.114050
v 0.108351 0.116772 0.187221
v 0.065980 0.115296 -0.030000
v 0.152697 0.171740 0.114050
v 0.065980 0.115296 -0.030000
v 0.122906 0.176976 -0.030000
v 0.122906 0.176976 -0.030000
v 0.065980 0.115296 -0.030000
v 0.114917 0.116949 -0.236387
v 0.122906 0.176976 -0.030000
v 0.114917 0.116949 -0.236387
v 0.156795 0.172200 -0.167288
v 0.156795 0.172200 -0.167288
v 0.114917 0.116949 -0.236387
v 0.240000 0.115472 -0.351613
v 0.156795 0.172200 -0.167288
v 0.240000 0.115472 -0.351613
v 0.240000 0.177437 -0.213532
v 0.240000 0.177437 -0.213532
v 0.240000 0.115472 -0.351613
v 0.374437 0.117356 -0.251821
v 0.240000 0.177437 -0.213532
v 0.374437 0.117356 -0.251821
v 0.315709 0.172624 -0.154919
v 0.315709 0.172624 -0.154919
v 0.374437 0.117356 -0.251821
v 0.417585 0.115417 -0.030000
v 0.315709 0.172624 -0.154919
v 0.417585 0.115417 -0.030000
v 0.359593 0.177860 -0.030000
v 0.440504 0.116566 -0.030000
v 0.420287 0.044015 -0.030000
v 0.365451 0.042590 0.176994
v 0.440504 0.116566 -0.030000
v 0.365451 0.042590 0.176994
v 0.373012 0.116828 0.189470
v 0.373012 0.116828 0.189470
v 0.365451 0.042590 0.176994
v 0.240000 0.044302 0.258039
v 0.373012 0.116828 0.189470
v 0.240000 0.044302 0.258039
v 0.240000 0.114888 0.285118
v 0.240000 0.114888 0.285118
v 0.240000 0.044302 0.258039
v 0.102474 0.042419 0.196918
v 0.240000 0.114888 0.285118
v 0.102474 0.042419 0.196918
v 0.108351 0.116772 0.187221
v 0.108351 0.116772 0.187221
v 0.102474 0.042419 0.196918
v 0.048141 0.044587 -0.030000
v 0.108351 0.116772 0.187221
v 0.048141 0.044587 -0.030000
v 0.065980 0.115296 -0.030000
v 0.065980 0.115296 -0.030000
v 0.048141 0.044587 -0.030000
v 0.106347 0.042705 -0.250528
v 0.065980 0.115296 -0.030000
v 0.106347 0.042705 -0.250528
v 0.114917 0.116949 -0.236387
v 0.114917 0.116949 -0.236387
v 0.106347 0.042705 -0.250528
v 0.240000 0.044877 -0.337082
v 0.114917 0.116949 -0.236387
v 0.240000 0.044877 -0.337082
v 0.240000 0.115472 -0.351613
v 0.240000 0.115472 -0.351613
v 0.240000 0.044877 -0.337082
v 0.364188 0.042990 -0.234910
v 0.240000 0.115472 -0.351613
v 0.364188 0.042990 -0.234910
v 0.374437 0.117356 -0.251821
v 0.374437 0.117356 -0.251821
v 0.364188 0.042990 -0.234910
v 0.428294 0.044698 -0.030000
v 0.374437 0.117356 -0.251821
v 0.428294 0.044698 -0.030000
v 0.417585 0.115417 -0.030000
v 0.420287 0.044015 -0.030000
v 0.357119 -0.018627 -0.030000
v 0.326598 -0.013674 0.112887
v 0.420287 0.044015 -0.030000
v 0.326598 -0.013674 0.112887
v 0.365451 0.042590 0.176994
v 0.365451 0.042590 0.176994
v 0.326598 -0.013674 0.112887
v 0.240000 -0.018142 0.169167
v 0.365451 0.042590 0.176994
v 0.240000 -0.018142 0.169167
v 0.240000 0.044302 0.258039
v 0.240000 0.044302 0.258039
v 0.240000 -0.018142 0.169167
v 0.164223 -0.013213 0.095031
v 0.240000 0.044302 0.258039
v 0.164223 -0.013213 0.095031
v 0.102474 0.042419 0.196918
v 0.102474 0.042419 0.196918
v 0.164223 -0.013213 0.095031
v 0.125136 -0.017700 -0.030000
v 0.102474 0.042419 0.196918
v 0.125136 -0.017700 -0.030000
v 0.048141 0.044587 -0.030000
v 0.048141 0.044587 -0.030000
v 0.125136 -0.017700 -0.030000
v 0.161686 -0.012766 -0.159218
v 0.048141 0.044587 -0.030000
v 0.161686 -0.012766 -0.159218
v 0.106347 0.042705 -0.250528
v 0.106347 0.042705 -0.250528
v 0.161686 -0.012766 -0.159218
v 0.240000 -0.017244 -0.225309
v 0.106347 0.042705 -0.250528
v 0.240000 -0.017244 -0.225309
v 0.240000 0.044877 -0.337082
v 0.240000 0.044877 -0.337082
v 0.240000 -0.017244 -0.225309
v 0.327482 -0.012286 -0.174345
v 0.240000 0.044877 -0.337082
v 0.327482 -0.012286 -0.174345
v 0.364188 0.042990 -0.234910
v 0.364188 0.042990 -0.234910
v 0.327482 -0.012286 -0.174345
v 0.352364 -0.016764 -0.030000
v 0.364188 0.042990 -0.234910
v 0.352364 -0.016764 -0.030000
v 0.428294 0.044698 -0.030000
v 0.357119 -0.018627 -0.030000
v 0.240000 -0.034026 -0.030000
v 0.240000 -0.043664 -0.030000
v 0.357119 -0.018627 -0.030000
v 0.240000 -0.043664 -0.030000
v 0.326598 -0.013674 0.112887
v 0.326598 -0.013674 0.112887
v 0.240000 -0.043664 -0.030000
v 0.240000 -0.037953 -0.030000
v 0.326598 -0.013674 0.112887
v 0.240000 -0.037953 -0.030000
v 0.240000 -0.018142 0.169167
v 0.240000 -0.018142 0.169167
v 0.240000 -0.037953 -0.030000
v 0.240000 -0.043859 -0.030000
v 0.240000 -0.018142 0.169167
v 0.240000 -0.043859 -0.030000
v 0.164223 -0.013213 0.095031
v 0.164223 -0.013213 0.095031
v 0.240000 -0.043859 -0.030000
v 0.240000 -0.038125 -0.030000
v 0.164223 -0.013213 0.095031
v 0.240000 -0.038125 -0.030000
v 0.125136 -0.017700 -0.030000
v 0.125136 -0.017700 -0.030000
v 0.240000 -0.038125 -0.030000
v 0.240000 -0.044787 -0.030000
v 0.125136 -0.017700 -0.030000
v 0.240000 -0.044787 -0.030000
v 0.161686 -0.012766 -0.159218
v 0.161686 -0.012766 -0.159218
v 0.240000 -0.044787 -0.030000
v 0.240000 -0.036064 -0.030000
v 0.161686 -0.012766 -0.159218
v 0.240000 -0.036064 -0.030000
v 0.240000 -0.017244 -0.225309
v 0.240000 -0.017244 -0.225309
v 0.240000 -0.036064 -0.030000
v 0.240000 -0.041958 -0.030000
v 0.240000 -0.017244 -0.225309
v 0.240000 -0.041958 -0.030000
v 0.327482 -0.012286 -0.174345
v 0.327482 -0.012286 -0.174345
v 0.240000 -0.041958 -0.030000
v 0.240000 -0.036236 -0.030000
v 0.327482 -0.012286 -0.174345
v 0.240000 -0.036236 -0.030000
v 0.352364 -0.016764 -0.030000
v 0.000000 1.871943 0.000000
v 0.181561 1.829121 0.000000
v 0.159608 1.800940 0.063353
v 0.000000 1.871943 0.000000
v 0.159608 1.800940 0.063353
v 0.000000 1.841445 0.000000
v 0.000000 1.841445 0.000000
v 0.159608 1.800940 0.063353
v 0.086209 1.783566 0.102656
v 0.000000 1.841445 0.000000
v 0.086209 1.783566 0.102656
v 0.000000 1.837938 0.000000
v 0.000000 1.837938 0.000000
v 0.086209 1.783566 0.102656
v 0.000000 1.801924 0.120409
v 0.000000 1.837938 0.000000
v 0.000000 1.801924 0.120409
v 0.000000 1.838441 0.000000
v 0.000000 1.838441 0.000000
v 0.000000 1.801924 0.120409
v -0.085348 1.833330 0.101631
v 0.000000 1.838441 0.000000
v -0.085348 1.833330 0.101631
v 0.000000 1.876378 0.000000
v 0.000000 1.876378 0.000000
v -0.085348 1.833330 0.101631
v -0.150181 1.796200 0.059611
v 0.000000 1.876378 0.000000
v -0.150181 1.796200 0.059611
v 0.000000 1.847760 0.000000
v 0.000000 1.847760 0.000000
v -0.150181 1.796200 0.059611
v -0.190698 1.835435 0.000000
v 0.000000 1.847760 0.000000
v -0.190698 1.835435 0.000000
v 0.000000 1.874826 0.000000
v 0.000000 1.874826 0.000000
v -0.190698 1.835435 0.000000
v -0.167726 1.804233 -0.066575
v 0.000000 1.874826 0.000000
v -0.167726 1.804233 -0.066575
v 0.000000 1.844873 0.000000
v 0.000000 1.844873 0.000000
v -0.167726 1.804233 -0.066575
v -0.094485 1.827921 -0.112511
v 0.000000 1.844873 0.000000
v -0.094485 1.827921 -0.112511
v 0.000000 1.882206 0.000000
v 0.000000 1.882206 0.000000
v -0.094485 1.827921 -0.112511
v -0.000000 1.797948 -0.131967
v 0.000000 1.882206 0.000000
v -0.000000 1.797948 -0.131967
v 0.000000 1.853648 0.000000
v 0.000000 1.853648 0.000000
v -0.000000 1.797948 -0.131967
v 0.089920 1.821635 -0.107075
v 0.000000 1.853648 0.000000
v 0.089920 1.821635 -0.107075
v 0.000000 1.879323 0.000000
v 0.000000 1.879323 0.000000
v 0.089920 1.821635 -0.107075
v 0.158118 1.798821 -0.062761
v 0.000000 1.879323 0.000000
v 0.158118 1.798821 -0.062761
v 0.000000 1.850764 0.000000
v 0.000000 1.850764 0.000000
v 0.158118 1.798821 -0.062761
v 0.178118 1.815572 -0.000000
v 0.000000 1.850764 0.000000
v 0.178118 1.815572 -0.000000
v 0.000000 1.857096 0.000000
v 0.181561 1.829121 0.000000
v 0.359615 1.656682 0.000000
v 0.304056 1.678932 0.120688
v 0.181561 1.829121 0.000000
v 0.304056 1.678932 0.120688
v 0.159608 1.800940 0.063353
v 0.159608 1.800940 0.063353
v 0.304056 1.678932 0.120688
v 0.161177 1.693003 0.191927
v 0.159608 1.800940 0.063353
v 0.161177 1.693003 0.191927
v 0.086209 1.783566 0.102656
v 0.086209 1.783566 0.102656
v 0.161177 1.693003 0.191927
v 0.000000 1.676893 0.215813
v 0.086209 1.783566 0.102656
v 0.000000 1.676893 0.215813
v 0.000000 1.801924 0.120409
v 0.000000 1.801924 0.120409
v 0.000000 1.676893 0.215813
v -0.162553 1.654402 0.193566
v 0.000000 1.801924 0.120409
v -0.162553 1.654402 0.193566
v -0.085348 1.833330 0.101631
v -0.085348 1.833330 0.101631
v -0.162553 1.654402 0.193566
v -0.274239 1.683500 0.108853
v -0.085348 1.833330 0.101631
v -0.274239 1.683500 0.108853
v -0.150181 1.796200 0.059611
v -0.150181 1.796200 0.059611
v -0.274239 1.683500 0.108853
v -0.342655 1.653219 0.000000
v -0.150181 1.796200 0.059611
v -0.342655 1.653219 0.000000
v -0.190698 1.835435 0.000000
v -0.190698 1.835435 0.000000
v -0.342655 1.653219 0.000000
v -0.288932 1.675983 -0.114685
v -0.190698 1.835435 0.000000
v -0.288932 1.675983 -0.114685
v -0.167726 1.804233 -0.066575
v -0.167726 1.804233 -0.066575
v -0.288932 1.675983 -0.114685
v -0.172704 1.658458 -0.205653
v -0.167726 1.804233 -0.066575
v -0.172704 1.658458 -0.205653
v -0.094485 1.827921 -0.112511
v -0.094485 1.827921 -0.112511
v -0.172704 1.658458 -0.205653
v -0.000000 1.682077 -0.231847
v -0.094485 1.827921 -0.112511
v -0.000000 1.682077 -0.231847
v -0.000000 1.797948 -0.131967
v -0.000000 1.797948 -0.131967
v -0.000000 1.682077 -0.231847
v 0.154034 1.661899 -0.183421
v -0.000000 1.797948 -0.131967
v 0.154034 1.661899 -0.183421
v 0.089920 1.821635 -0.107075
v 0.089920 1.821635 -0.107075
v 0.154034 1.661899 -0.183421
v 0.306445 1.680038 -0.121637
v 0.089920 1.821635 -0.107075
v 0.306445 1.680038 -0.121637
v 0.158118 1.798821 -0.062761
v 0.158118 1.798821 -0.062761
v 0.306445 1.680038 -0.121637
v 0.311670 1.668165 -0.000000
v 0.158118 1.798821 -0.062761
v 0.311670 1.668165 -0.000000
v 0.178118 1.815572 -0.000000
v 0.359615 1.656682 0.000000
v 0.432740 1.467701 0.000000
v 0.365203 1.479756 0.144960
v 0.359615 1.656682 0.000000
v 0.365203 1.479756 0.144960
v 0.304056 1.678932 0.120688
v 0.304056 1.678932 0.120688
v 0.365203 1.479756 0.144960
v 0.227549 1.481380 0.270962
v 0.304056 1.678932 0.120688
v 0.227549 1.481380 0.270962
v 0.161177 1.693003 0.191927
v 0.161177 1.693003 0.191927
v 0.227549 1.481380 0.270962
v 0.000000 1.480090 0.305193
v 0.161177 1.693003 0.191927
v 0.000000 1.480090 0.305193
v 0.000000 1.676893 0.215813
v 0.000000 1.676893 0.215813
v 0.000000 1.480090 0.305193
v -0.229905 1.466525 0.273768
v 0.000000 1.676893 0.215813
v -0.229905 1.466525 0.273768
v -0.162553 1.654402 0.193566
v -0.162553 1.654402 0.193566
v -0.229905 1.466525 0.273768
v -0.388529 1.477815 0.154218
v -0.162553 1.654402 0.193566
v -0.388529 1.477815 0.154218
v -0.274239 1.683500 0.108853
v -0.274239 1.683500 0.108853
v -0.388529 1.477815 0.154218
v -0.410523 1.467321 0.000000
v -0.274239 1.683500 0.108853
v -0.410523 1.467321 0.000000
v -0.342655 1.653219 0.000000
v -0.342655 1.653219 0.000000
v -0.410523 1.467321 0.000000
v -0.346322 1.478195 -0.137465
v -0.342655 1.653219 0.000000
v -0.346322 1.478195 -0.137465
v -0.288932 1.675983 -0.114685
v -0.288932 1.675983 -0.114685
v -0.346322 1.478195 -0.137465
v -0.207618 1.464305 -0.247228
v -0.288932 1.675983 -0.114685
v -0.207618 1.464305 -0.247228
v -0.172704 1.658458 -0.205653
v -0.172704 1.658458 -0.205653
v -0.207618 1.464305 -0.247228
v -0.000000 1.475620 -0.278171
v -0.172704 1.658458 -0.205653
v -0.000000 1.475620 -0.278171
v -0.000000 1.682077 -0.231847
v -0.000000 1.682077 -0.231847
v -0.000000 1.475620 -0.278171
v 0.218727 1.464685 -0.260457
v -0.000000 1.682077 -0.231847
v 0.218727 1.464685 -0.260457
v 0.154034 1.661899 -0.183421
v 0.154034 1.661899 -0.183421
v 0.218727 1.464685 -0.260457
v 0.369287 1.476000 -0.146580
v 0.154034 1.661899 -0.183421
v 0.369287 1.476000 -0.146580
v 0.306445 1.680038 -0.121637
v 0.306445 1.680038 -0.121637
v 0.369287 1.476000 -0.146580
v 0.442168 1.473881 -0.000000
v 0.306445 1.680038 -0.121637
v 0.442168 1.473881 -0.000000
v 0.311670 1.668165 -0.000000
v 0.432740 1.467701 0.000000
v 0.440013 1.240000 0.000000
v 0.387269 1.240000 0.153718
v 0.432740 1.467701 0.000000
v 0.387269 1.240000 0.153718
v 0.365203 1.479756 0.144960
v 0.365203 1.479756 0.144960
v 0.387269 1.240000 0.153718
v 0.241518 1.240000 0.287596
v 0.365203 1.479756 0.144960
v 0.241518 1.240000 0.287596
v 0.227549 1.481380 0.270962
v 0.227549 1.481380 0.270962
v 0.241518 1.240000 0.287596
v 0.000000 1.240000 0.337066
v 0.227549 1.481380 0.270962
v 0.000000 1.240000 0.337066
v 0.000000 1.480090 0.305193
v 0.000000 1.480090 0.305193
v 0.000000 1.240000 0.337066
v -0.243765 1.240000 0.290272
v 0.000000 1.480090 0.305193
v -0.243765 1.240000 0.290272
v -0.229905 1.466525 0.273768
v -0.229905 1.466525 0.273768
v -0.243765 1.240000 0.290272
v -0.428500 1.240000 0.170084
v -0.229905 1.466525 0.273768
v -0.428500 1.240000 0.170084
v -0.388529 1.477815 0.154218
v -0.388529 1.477815 0.154218
v -0.428500 1.240000 0.170084
v -0.454427 1.240000 0.000000
v -0.388529 1.477815 0.154218
v -0.454427 1.240000 0.000000
v -0.410523 1.467321 0.000000
v -0.410523 1.467321 0.000000
v -0.454427 1.240000 0.000000
v -0.399380 1.240000 -0.158525
v -0.410523 1.467321 0.000000
v -0.399380 1.240000 -0.158525
v -0.346322 1.478195 -0.137465
v -0.346322 1.478195 -0.137465
v -0.399380 1.240000 -0.158525
v -0.229470 1.240000 -0.273249
v -0.346322 1.478195 -0.137465
v -0.229470 1.240000 -0.273249
v -0.207618 1.464305 -0.247228
v -0.207618 1.464305 -0.247228
v -0.229470 1.240000 -0.273249
v -0.000000 1.240000 -0.320140
v -0.207618 1.464305 -0.247228
v -0.000000 1.240000 -0.320140
v -0.000000 1.475620 -0.278171
v -0.000000 1.475620 -0.278171
v -0.000000 1.240000 -0.320140
v 0.251057 1.240000 -0.298955
v -0.000000 1.475620 -0.278171
v 0.251057 1.240000 -0.298955
v 0.218727 1.464685 -0.260457
v 0.218727 1.464685 -0.260457
v 0.251057 1.240000 -0.298955
v 0.374540 1.240000 -0.148666
v 0.218727 1.464685 -0.260457
v 0.374540 1.240000 -0.148666
v 0.369287 1.476000 -0.146580
v 0.369287 1.476000 -0.146580
v 0.374540 1.240000 -0.148666
v 0.506608 1.240000 -0.000000
v 0.369287 1.476000 -0.146580
v 0.506608 1.240000 -0.000000
v 0.442168 1.473881 -0.000000
v 0.440013 1.240000 0.000000
v 0.444753 1.010731 0.000000
v 0.379374 0.998690 0.150584
v 0.440013 1.240000 0.000000
v 0.379374 0.998690 0.150584
v 0.387269 1.240000 0.153718
v 0.387269 1.240000 0.153718
v 0.379374 0.998690 0.150584
v 0.202331 0.999989 0.240933
v 0.387269 1.240000 0.153718
v 0.202331 0.999989 0.240933
v 0.241518 1.240000 0.287596
v 0.241518 1.240000 0.287596
v 0.202331 0.999989 0.240933
v 0.000000 0.998328 0.298090
v 0.241518 1.240000 0.287596
v 0.000000 0.998328 0.298090
v 0.000000 1.240000 0.337066
v 0.000000 1.240000 0.337066
v 0.000000 0.998328 0.298090
v -0.200531 1.009138 0.238789
v 0.000000 1.240000 0.337066
v -0.200531 1.009138 0.238789
v -0.243765 1.240000 0.290272
v -0.243765 1.240000 0.290272
v -0.200531 1.009138 0.238789
v -0.372364 0.994850 0.147802
v -0.243765 1.240000 0.290272
v -0.372364 0.994850 0.147802
v -0.428500 1.240000 0.170084
v -0.428500 1.240000 0.170084
v -0.372364 0.994850 0.147802
v -0.466986 1.008127 0.000000
v -0.428500 1.240000 0.170084
v -0.466986 1.008127 0.000000
v -0.454427 1.240000 0.000000
v -0.454427 1.240000 0.000000
v -0.466986 1.008127 0.000000
v -0.399211 0.997453 -0.158458
v -0.454427 1.240000 0.000000
v -0.399211 0.997453 -0.158458
v -0.399380 1.240000 -0.158525
v -0.399380 1.240000 -0.158525
v -0.399211 0.997453 -0.158458
v -0.231684 1.005391 -0.275886
v -0.399380 1.240000 -0.158525
v -0.231684 1.005391 -0.275886
v -0.229470 1.240000 -0.273249
v -0.229470 1.240000 -0.273249
v -0.231684 1.005391 -0.275886
v -0.000000 0.994091 -0.313679
v -0.229470 1.240000 -0.273249
v -0.000000 0.994091 -0.313679
v -0.000000 1.240000 -0.320140
v -0.000000 1.240000 -0.320140
v -0.000000 0.994091 -0.313679
v 0.211707 1.007995 -0.252097
v -0.000000 1.240000 -0.320140
v 0.211707 1.007995 -0.252097
v 0.251057 1.240000 -0.298955
v 0.251057 1.240000 -0.298955
v 0.211707 1.007995 -0.252097
v 0.391616 0.993729 -0.155444
v 0.251057 1.240000 -0.298955
v 0.391616 0.993729 -0.155444
v 0.374540 1.240000 -0.148666
v 0.374540 1.240000 -0.148666
v 0.391616 0.993729 -0.155444
v 0.418704 1.016588 -0.000000
v 0.374540 1.240000 -0.148666
v 0.418704 1.016588 -0.000000
v 0.506608 1.240000 -0.000000
v 0.444753 1.010731 0.000000
v 0.310440 0.806832 0.000000
v 0.276166 0.784556 0.109618
v 0.444753 1.010731 0.000000
v 0.276166 0.784556 0.109618
v 0.379374 0.998690 0.150584
v 0.379374 0.998690 0.150584
v 0.276166 0.784556 0.109618
v 0.170530 0.803337 0.203065
v 0.379374 0.998690 0.150584
v 0.170530 0.803337 0.203065
v 0.202331 0.999989 0.240933
v 0.202331 0.999989 0.240933
v 0.170530 0.803337 0.203065
v 0.000000 0.786541 0.240287
v 0.202331 0.999989 0.240933
v 0.000000 0.786541 0.240287
v 0.000000 0.998328 0.298090
v 0.000000 0.998328 0.298090
v 0.000000 0.786541 0.240287
v -0.171907 0.809261 0.204704
v 0.000000 0.998328 0.298090
v -0.171907 0.809261 0.204704
v -0.200531 1.009138 0.238789
v -0.200531 1.009138 0.238789
v -0.171907 0.809261 0.204704
v -0.305068 0.791097 0.121090
v -0.200531 1.009138 0.238789
v -0.305068 0.791097 0.121090
v -0.372364 0.994850 0.147802
v -0.372364 0.994850 0.147802
v -0.305068 0.791097 0.121090
v -0.320554 0.810219 0.000000
v -0.372364 0.994850 0.147802
v -0.320554 0.810219 0.000000
v -0.466986 1.008127 0.000000
v -0.466986 1.008127 0.000000
v -0.320554 0.810219 0.000000
v -0.284558 0.787687 -0.112949
v -0.466986 1.008127 0.000000
v -0.284558 0.787687 -0.112949
v -0.399211 0.997453 -0.158458
v -0.399211 0.997453 -0.158458
v -0.284558 0.787687 -0.112949
v -0.161653 0.816146 -0.192494
v -0.399211 0.997453 -0.158458
v -0.161653 0.816146 -0.192494
v -0.231684 1.005391 -0.275886
v -0.231684 1.005391 -0.275886
v -0.161653 0.816146 -0.192494
v -0.000000 0.792499 -0.228374
v -0.231684 1.005391 -0.275886
v -0.000000 0.792499 -0.228374
v -0.000000 0.994091 -0.313679
v -0.000000 0.994091 -0.313679
v -0.000000 0.792499 -0.228374
v 0.176965 0.812737 -0.210727
v -0.000000 0.994091 -0.313679
v 0.176965 0.812737 -0.210727
v 0.211707 1.007995 -0.252097
v 0.211707 1.007995 -0.252097
v 0.176965 0.812737 -0.210727
v 0.266798 0.794570 -0.105900
v 0.211707 1.007995 -0.252097
v 0.266798 0.794570 -0.105900
v 0.391616 0.993729 -0.155444
v 0.391616 0.993729 -0.155444
v 0.266798 0.794570 -0.105900
v 0.357530 0.817547 -0.000000
v 0.391616 0.993729 -0.155444
v 0.357530 0.817547 -0.000000
v 0.418704 1.016588 -0.000000
v 0.310440 0.806832 0.000000
v 0.181909 0.668617 0.000000
v 0.161532 0.696826 0.064116
v 0.310440 0.806832 0.000000
v 0.161532 0.696826 0.064116
v 0.276166 0.784556 0.109618
v 0.276166 0.784556 0.109618
v 0.161532 0.696826 0.064116
v 0.084506 0.678441 0.100629
v 0.276166 0.784556 0.109618
v 0.084506 0.678441 0.100629
v 0.170530 0.803337 0.203065
v 0.170530 0.803337 0.203065
v 0.084506 0.678441 0.100629
v 0.000000 0.695911 0.119376
v 0.170530 0.803337 0.203065
v 0.000000 0.695911 0.119376
v 0.000000 0.786541 0.240287
v 0.000000 0.786541 0.240287
v 0.000000 0.695911 0.119376
v -0.085597 0.671819 0.101928
v 0.000000 0.786541 0.240287
v -0.085597 0.671819 0.101928
v -0.171907 0.809261 0.204704
v -0.171907 0.809261 0.204704
v -0.085597 0.671819 0.101928
v -0.152265 0.687501 0.060438
v -0.171907 0.809261 0.204704
v -0.152265 0.687501 0.060438
v -0.305068 0.791097 0.121090
v -0.305068 0.791097 0.121090
v -0.152265 0.687501 0.060438
v -0.187473 0.669561 0.000000
v -0.305068 0.791097 0.121090
v -0.187473 0.669561 0.000000
v -0.320554 0.810219 0.000000
v -0.320554 0.810219 0.000000
v -0.187473 0.669561 0.000000
v -0.166536 0.700902 -0.066103
v -0.320554 0.810219 0.000000
v -0.166536 0.700902 -0.066103
v -0.284558 0.787687 -0.112949
v -0.284558 0.787687 -0.112949
v -0.166536 0.700902 -0.066103
v -0.094827 0.662940 -0.112919
v -0.284558 0.787687 -0.112949
v -0.094827 0.662940 -0.112919
v -0.161653 0.816146 -0.192494
v -0.161653 0.816146 -0.192494
v -0.094827 0.662940 -0.112919
v -0.000000 0.692941 -0.133390
v -0.161653 0.816146 -0.192494
v -0.000000 0.692941 -0.133390
v -0.000000 0.792499 -0.228374
v -0.000000 0.792499 -0.228374
v -0.000000 0.692941 -0.133390
v 0.088372 0.662024 -0.105232
v -0.000000 0.792499 -0.228374
v 0.088372 0.662024 -0.105232
v 0.176965 0.812737 -0.210727
v 0.176965 0.812737 -0.210727
v 0.088372 0.662024 -0.105232
v 0.157059 0.692025 -0.062341
v 0.176965 0.812737 -0.210727
v 0.157059 0.692025 -0.062341
v 0.266798 0.794570 -0.105900
v 0.266798 0.794570 -0.105900
v 0.157059 0.692025 -0.062341
v 0.178466 0.654061 -0.000000
v 0.266798 0.794570 -0.105900
v 0.178466 0.654061 -0.000000
v 0.357530 0.817547 -0.000000
v 0.181909 0.668617 0.000000
v 0.000000 0.623293 0.000000
v 0.000000 0.654758 0.000000
v 0.181909 0.668617 0.000000
v 0.000000 0.654758 0.000000
v 0.161532 0.696826 0.064116
v 0.161532 0.696826 0.064116
v 0.000000 0.654758 0.000000
v 0.000000 0.628039 0.000000
v 0.161532 0.696826 0.064116
v 0.000000 0.628039 0.000000
v 0.084506 0.678441 0.100629
v 0.084506 0.678441 0.100629
v 0.000000 0.628039 0.000000
v 0.000000 0.655629 0.000000
v 0.084506 0.678441 0.100629
v 0.000000 0.655629 0.000000
v 0.000000 0.695911 0.119376
v 0.000000 0.695911 0.119376
v 0.000000 0.655629 0.000000
v -0.000000 0.619464 0.000000
v 0.000000 0.695911 0.119376
v -0.000000 0.619464 0.000000
v -0.085597 0.671819 0.101928
v -0.085597 0.671819 0.101928
v -0.000000 0.619464 0.000000
v -0.000000 0.648990 0.000000
v -0.085597 0.671819 0.101928
v -0.000000 0.648990 0.000000
v -0.152265 0.687501 0.060438
v -0.152265 0.687501 0.060438
v -0.000000 0.648990 0.000000
v -0.000000 0.622271 0.000000
v -0.152265 0.687501 0.060438
v -0.000000 0.622271 0.000000
v -0.187473 0.669561 0.000000
v -0.187473 0.669561 0.000000
v -0.000000 0.622271 0.000000
v -0.000000 0.649982 -0.000000
v -0.187473 0.669561 0.000000
v -0.000000 0.649982 -0.000000
v -0.166536 0.700902 -0.066103
v -0.166536 0.700902 -0.066103
v -0.000000 0.649982 -0.000000
v -0.000000 0.613694 -0.000000
v -0.166536 0.700902 -0.066103
v -0.000000 0.613694 -0.000000
v -0.094827 0.662940 -0.112919
v -0.094827 0.662940 -0.112919
v -0.000000 0.613694 -0.000000
v -0.000000 0.643222 -0.000000
v -0.094827 0.662940 -0.112919
v -0.000000 0.643222 -0.000000
v -0.000000 0.692941 -0.133390
v -0.000000 0.692941 -0.133390
v -0.000000 0.643222 -0.000000
v 0.000000 0.614685 -0.000000
v -0.000000 0.692941 -0.133390
v 0.000000 0.614685 -0.000000
v 0.088372 0.662024 -0.105232
v 0.088372 0.662024 -0.105232
v 0.000000 0.614685 -0.000000
v 0.000000 0.644214 -0.000000
v 0.088372 0.662024 -0.105232
v 0.000000 0.644214 -0.000000
v 0.157059 0.692025 -0.062341
v 0.157059 0.692025 -0.062341
v 0.000000 0.644214 -0.000000
v 0.000000 0.607928 -0.000000
v 0.157059 0.692025 -0.062341
v 0.000000 0.607928 -0.000000
v 0.178466 0.654061 -0.000000
v 0.000000 2.255998 -0.020000
v 0.131985 2.207997 -0.020000
v 0.116177 2.222523 0.040014
v 0.000000 2.255998 -0.020000
v 0.116177 2.222523 0.040014
v 0.000000 2.240869 -0.020000
v 0.000000 2.240869 -0.020000
v 0.116177 2.222523 0.040014
v 0.075457 2.206322 0.096938
v 0.000000 2.240869 -0.020000
v 0.075457 2.206322 0.096938
v 0.000000 2.259000 -0.020000
v 0.000000 2.259000 -0.020000
v 0.075457 2.206322 0.096938
v 0.000000 2.223179 0.116999
v 0.000000 2.259000 -0.020000
v 0.000000 2.223179 0.116999
v 0.000000 2.239195 -0.020000
v 0.000000 2.239195 -0.020000
v 0.000000 2.223179 0.116999
v -0.076231 2.211383 0.098137
v 0.000000 2.239195 -0.020000
v -0.076231 2.211383 0.098137
v 0.000000 2.252557 -0.020000
v 0.000000 2.252557 -0.020000
v -0.076231 2.211383 0.098137
v -0.123865 2.230298 0.043986
v 0.000000 2.252557 -0.020000
v -0.123865 2.230298 0.043986
v 0.000000 2.232677 -0.020000
v 0.000000 2.232677 -0.020000
v -0.123865 2.230298 0.043986
v -0.148101 2.209706 -0.020000
v 0.000000 2.232677 -0.020000
v -0.148101 2.209706 -0.020000
v 0.000000 2.255483 -0.020000
v 0.000000 2.255483 -0.020000
v -0.148101 2.209706 -0.020000
v -0.120111 2.226427 -0.082047
v 0.000000 2.255483 -0.020000
v -0.120111 2.226427 -0.082047
v 0.000000 2.235604 -0.020000
v 0.000000 2.235604 -0.020000
v -0.120111 2.226427 -0.082047
v -0.074867 2.232075 -0.136023
v 0.000000 2.235604 -0.020000
v -0.074867 2.232075 -0.136023
v 0.000000 2.229861 -0.020000
v 0.000000 2.229861 -0.020000
v -0.074867 2.232075 -0.136023
v -0.000000 2.220279 -0.155940
v 0.000000 2.229861 -0.020000
v -0.000000 2.220279 -0.155940
v 0.000000 2.243222 -0.020000
v 0.000000 2.243222 -0.020000
v -0.000000 2.220279 -0.155940
v 0.072692 2.204086 -0.132654
v 0.000000 2.243222 -0.020000
v 0.072692 2.204086 -0.132654
v 0.000000 2.261270 -0.020000
v 0.000000 2.261270 -0.020000
v 0.072692 2.204086 -0.132654
v 0.127821 2.218603 -0.086030
v 0.000000 2.261270 -0.020000
v 0.127821 2.218603 -0.086030
v 0.000000 2.246149 -0.020000
v 0.000000 2.246149 -0.020000
v 0.127821 2.218603 -0.086030
v 0.146557 2.200223 -0.020000
v 0.000000 2.246149 -0.020000
v 0.146557 2.200223 -0.020000
v 0.000000 2.264264 -0.020000
v 0.131985 2.207997 -0.020000
v 0.284814 2.124563 -0.020000
v 0.240826 2.137377 0.104405
v 0.131985 2.207997 -0.020000
v 0.240826 2.137377 0.104405
v 0.116177 2.222523 0.040014
v 0.116177 2.222523 0.040014
v 0.240826 2.137377 0.104405
v 0.124917 2.123294 0.173588
v 0.116177 2.222523 0.040014
v 0.124917 2.123294 0.173588
v 0.075457 2.206322 0.096938
v 0.075457 2.206322 0.096938
v 0.124917 2.123294 0.173588
v 0.000000 2.136029 0.197494
v 0.075457 2.206322 0.096938
v 0.000000 2.136029 0.197494
v 0.000000 2.223179 0.116999
v 0.000000 2.223179 0.116999
v 0.000000 2.136029 0.197494
v -0.123489 2.135407 0.171374
v 0.000000 2.223179 0.116999
v -0.123489 2.135407 0.171374
v -0.076231 2.211383 0.098137
v -0.076231 2.211383 0.098137
v -0.123489 2.135407 0.171374
v -0.226658 2.148195 0.097086
v -0.076231 2.211383 0.098137
v -0.226658 2.148195 0.097086
v -0.123865 2.230298 0.043986
v -0.123865 2.230298 0.043986
v -0.226658 2.148195 0.097086
v -0.254990 2.134165 -0.020000
v -0.123865 2.230298 0.043986
v -0.254990 2.134165 -0.020000
v -0.148101 2.209706 -0.020000
v -0.148101 2.209706 -0.020000
v -0.254990 2.134165 -0.020000
v -0.233596 2.146978 -0.140670
v -0.148101 2.209706 -0.020000
v -0.233596 2.146978 -0.140670
v -0.120111 2.226427 -0.082047
v -0.120111 2.226427 -0.082047
v -0.233596 2.146978 -0.140670
v -0.126009 2.142839 -0.215280
v -0.120111 2.226427 -0.082047
v -0.126009 2.142839 -0.215280
v -0.074867 2.232075 -0.136023
v -0.074867 2.232075 -0.136023
v -0.126009 2.142839 -0.215280
v -0.000000 2.142218 -0.239449
v -0.074867 2.232075 -0.136023
v -0.000000 2.142218 -0.239449
v -0.000000 2.220279 -0.155940
v -0.000000 2.220279 -0.155940
v -0.000000 2.142218 -0.239449
v 0.130005 2.128187 -0.221473
v -0.000000 2.220279 -0.155940
v 0.130005 2.128187 -0.221473
v 0.072692 2.204086 -0.132654
v 0.072692 2.204086 -0.132654
v 0.130005 2.128187 -0.221473
v 0.219346 2.140974 -0.133309
v 0.072692 2.204086 -0.132654
v 0.219346 2.140974 -0.133309
v 0.127821 2.218603 -0.086030
v 0.127821 2.218603 -0.086030
v 0.219346 2.140974 -0.133309
v 0.257847 2.126919 -0.020000
v 0.127821 2.218603 -0.086030
v 0.257847 2.126919 -0.020000
v 0.146557 2.200223 -0.020000
v 0.284814 2.124563 -0.020000
v 0.342303 2.010927 -0.020000
v 0.288868 2.018769 0.129222
v 0.284814 2.124563 -0.020000
v 0.288868 2.018769 0.129222
v 0.240826 2.137377 0.104405
v 0.240826 2.137377 0.104405
v 0.288868 2.018769 0.129222
v 0.176455 2.012076 0.253458
v 0.240826 2.137377 0.104405
v 0.176455 2.012076 0.253458
v 0.124917 2.123294 0.173588
v 0.124917 2.123294 0.173588
v 0.176455 2.012076 0.253458
v 0.000000 2.018980 0.287940
v 0.124917 2.123294 0.173588
v 0.000000 2.018980 0.287940
v 0.000000 2.136029 0.197494
v 0.000000 2.136029 0.197494
v 0.000000 2.018980 0.287940
v -0.174803 2.008645 0.250898
v 0.000000 2.136029 0.197494
v -0.174803 2.008645 0.250898
v -0.123489 2.135407 0.171374
v -0.123489 2.135407 0.171374
v -0.174803 2.008645 0.250898
v -0.319529 2.016486 0.145061
v -0.123489 2.135407 0.171374
v -0.319529 2.016486 0.145061
v -0.226658 2.148195 0.097086
v -0.226658 2.148195 0.097086
v -0.319529 2.016486 0.145061
v -0.360216 2.009765 -0.020000
v -0.226658 2.148195 0.097086
v -0.360216 2.009765 -0.020000
v -0.254990 2.134165 -0.020000
v -0.254990 2.134165 -0.020000
v -0.360216 2.009765 -0.020000
v -0.280063 2.016698 -0.164674
v -0.254990 2.134165 -0.020000
v -0.280063 2.016698 -0.164674
v -0.233596 2.146978 -0.140670
v -0.233596 2.146978 -0.140670
v -0.280063 2.016698 -0.164674
v -0.178540 2.015409 -0.296689
v -0.233596 2.146978 -0.140670
v -0.178540 2.015409 -0.296689
v -0.126009 2.142839 -0.215280
v -0.126009 2.142839 -0.215280
v -0.178540 2.015409 -0.296689
v -0.000000 2.019615 -0.331668
v -0.126009 2.142839 -0.215280
v -0.000000 2.019615 -0.331668
v -0.000000 2.142218 -0.239449
v -0.000000 2.142218 -0.239449
v -0.000000 2.019615 -0.331668
v 0.183843 2.012887 -0.304906
v -0.000000 2.142218 -0.239449
v 0.183843 2.012887 -0.304906
v 0.130005 2.128187 -0.221473
v 0.130005 2.128187 -0.221473
v 0.183843 2.012887 -0.304906
v 0.310851 2.020736 -0.180579
v 0.130005 2.128187 -0.221473
v 0.310851 2.020736 -0.180579
v 0.219346 2.140974 -0.133309
v 0.219346 2.140974 -0.133309
v 0.310851 2.020736 -0.180579
v 0.363509 2.013125 -0.020000
v 0.219346 2.140974 -0.133309
v 0.363509 2.013125 -0.020000
v 0.257847 2.126919 -0.020000
v 0.342303 2.010927 -0.020000
v 0.378674 1.870000 -0.020000
v 0.332848 1.870000 0.151941
v 0.342303 2.010927 -0.020000
v 0.332848 1.870000 0.151941
v 0.288868 2.018769 0.129222
v 0.288868 2.018769 0.129222
v 0.332848 1.870000 0.151941
v 0.179810 1.870000 0.258657
v 0.288868 2.018769 0.129222
v 0.179810 1.870000 0.258657
v 0.176455 2.012076 0.253458
v 0.176455 2.012076 0.253458
v 0.179810 1.870000 0.258657
v 0.000000 1.870000 0.307020
v 0.176455 2.012076 0.253458
v 0.000000 1.870000 0.307020
v 0.000000 2.018980 0.287940
v 0.000000 2.018980 0.287940
v 0.000000 1.870000 0.307020
v -0.185635 1.870000 0.267683
v 0.000000 2.018980 0.287940
v -0.185635 1.870000 0.267683
v -0.174803 2.008645 0.250898
v -0.174803 2.008645 0.250898
v -0.185635 1.870000 0.267683
v -0.300276 1.870000 0.135115
v -0.174803 2.008645 0.250898
v -0.300276 1.870000 0.135115
v -0.319529 2.016486 0.145061
v -0.319529 2.016486 0.145061
v -0.300276 1.870000 0.135115
v -0.352396 1.870000 -0.020000
v -0.319529 2.016486 0.145061
v -0.352396 1.870000 -0.020000
v -0.360216 2.009765 -0.020000
v -0.360216 2.009765 -0.020000
v -0.352396 1.870000 -0.020000
v -0.336442 1.870000 -0.193798
v -0.360216 2.009765 -0.020000
v -0.336442 1.870000 -0.193798
v -0.280063 2.016698 -0.164674
v -0.280063 2.016698 -0.164674
v -0.336442 1.870000 -0.193798
v -0.181593 1.870000 -0.301420
v -0.280063 2.016698 -0.164674
v -0.181593 1.870000 -0.301420
v -0.178540 2.015409 -0.296689
v -0.178540 2.015409 -0.296689
v -0.181593 1.870000 -0.301420
v -0.000000 1.870000 -0.350211
v -0.178540 2.015409 -0.296689
v -0.000000 1.870000 -0.350211
v -0.000000 2.019615 -0.331668
v -0.000000 2.019615 -0.331668
v -0.000000 1.870000 -0.350211
v 0.172169 1.870000 -0.286816
v -0.000000 2.019615 -0.331668
v 0.172169 1.870000 -0.286816
v 0.183843 2.012887 -0.304906
v 0.183843 2.012887 -0.304906
v 0.172169 1.870000 -0.286816
v 0.303114 1.870000 -0.176582
v 0.183843 2.012887 -0.304906
v 0.303114 1.870000 -0.176582
v 0.310851 2.020736 -0.180579
v 0.310851 2.020736 -0.180579
v 0.303114 1.870000 -0.176582
v 0.355960 1.870000 -0.020000
v 0.310851 2.020736 -0.180579
v 0.355960 1.870000 -0.020000
v 0.363509 2.013125 -0.020000
v 0.378674 1.870000 -0.020000
v 0.323972 1.728448 -0.020000
v 0.275978 1.721741 0.122564
v 0.378674 1.870000 -0.020000
v 0.275978 1.721741 0.122564
v 0.332848 1.870000 0.151941
v 0.332848 1.870000 0.151941
v 0.275978 1.721741 0.122564
v 0.184770 1.729572 0.266343
v 0.332848 1.870000 0.151941
v 0.184770 1.729572 0.266343
v 0.179810 1.870000 0.258657
v 0.179810 1.870000 0.258657
v 0.184770 1.729572 0.266343
v 0.000000 1.721984 0.306092
v 0.179810 1.870000 0.258657
v 0.000000 1.721984 0.306092
v 0.000000 1.870000 0.307020
v 0.000000 1.870000 0.307020
v 0.000000 1.721984 0.306092
v -0.179615 1.729822 0.258354
v 0.000000 1.870000 0.307020
v -0.179615 1.729822 0.258354
v -0.185635 1.870000 0.267683
v -0.185635 1.870000 0.267683
v -0.179615 1.729822 0.258354
v -0.306698 1.723115 0.138433
v -0.185635 1.870000 0.267683
v -0.306698 1.723115 0.138433
v -0.300276 1.870000 0.135115
v -0.300276 1.870000 0.135115
v -0.306698 1.723115 0.138433
v -0.348841 1.730975 -0.020000
v -0.300276 1.870000 0.135115
v -0.348841 1.730975 -0.020000
v -0.352396 1.870000 -0.020000
v -0.352396 1.870000 -0.020000
v -0.348841 1.730975 -0.020000
v -0.297515 1.723358 -0.173689
v -0.352396 1.870000 -0.020000
v -0.297515 1.723358 -0.173689
v -0.336442 1.870000 -0.193798
v -0.336442 1.870000 -0.193798
v -0.297515 1.723358 -0.173689
v -0.183342 1.725670 -0.304131
v -0.336442 1.870000 -0.193798
v -0.183342 1.725670 -0.304131
v -0.181593 1.870000 -0.301420
v -0.181593 1.870000 -0.301420
v -0.183342 1.725670 -0.304131
v -0.000000 1.718966 -0.343538
v -0.181593 1.870000 -0.301420
v -0.000000 1.718966 -0.343538
v -0.000000 1.870000 -0.350211
v -0.000000 1.870000 -0.350211
v -0.000000 1.718966 -0.343538
v 0.178149 1.726829 -0.296083
v -0.000000 1.870000 -0.350211
v 0.178149 1.726829 -0.296083
v 0.172169 1.870000 -0.286816
v 0.172169 1.870000 -0.286816
v 0.178149 1.726829 -0.296083
v 0.303970 1.720118 -0.177024
v 0.172169 1.870000 -0.286816
v 0.303970 1.720118 -0.177024
v 0.303114 1.870000 -0.176582
v 0.303114 1.870000 -0.176582
v 0.303970 1.720118 -0.177024
v 0.345110 1.727046 -0.020000
v 0.303114 1.870000 -0.176582
v 0.345110 1.727046 -0.020000
v 0.355960 1.870000 -0.020000
v 0.323972 1.728448 -0.020000
v 0.267065 1.602545 -0.020000
v 0.237127 1.615358 0.102494
v 0.323972 1.728448 -0.020000
v 0.237127 1.615358 0.102494
v 0.275978 1.721741 0.122564
v 0.275978 1.721741 0.122564
v 0.237127 1.615358 0.102494
v 0.126801 1.601308 0.176508
v 0.275978 1.721741 0.122564
v 0.126801 1.601308 0.176508
v 0.184770 1.729572 0.266343
v 0.184770 1.729572 0.266343
v 0.126801 1.601308 0.176508
v 0.000000 1.614122 0.213018
v 0.184770 1.729572 0.266343
v 0.000000 1.614122 0.213018
v 0.000000 1.721984 0.306092
v 0.000000 1.721984 0.306092
v 0.000000 1.614122 0.213018
v -0.130914 1.593340 0.182882
v 0.000000 1.721984 0.306092
v -0.130914 1.593340 0.182882
v -0.179615 1.729822 0.258354
v -0.179615 1.729822 0.258354
v -0.130914 1.593340 0.182882
v -0.214049 1.606154 0.090573
v -0.179615 1.729822 0.258354
v -0.214049 1.606154 0.090573
v -0.306698 1.723115 0.138433
v -0.306698 1.723115 0.138433
v -0.214049 1.606154 0.090573
v -0.248536 1.592104 -0.020000
v -0.306698 1.723115 0.138433
v -0.248536 1.592104 -0.020000
v -0.348841 1.730975 -0.020000
v -0.348841 1.730975 -0.020000
v -0.248536 1.592104 -0.020000
v -0.239623 1.604917 -0.143784
v -0.348841 1.730975 -0.020000
v -0.239623 1.604917 -0.143784
v -0.297515 1.723358 -0.173689
v -0.297515 1.723358 -0.173689
v -0.239623 1.604917 -0.143784
v -0.128062 1.607521 -0.218461
v -0.297515 1.723358 -0.173689
v -0.128062 1.607521 -0.218461
v -0.183342 1.725670 -0.304131
v -0.183342 1.725670 -0.304131
v -0.128062 1.607521 -0.218461
v -0.000000 1.613611 -0.255274
v -0.183342 1.725670 -0.304131
v -0.000000 1.613611 -0.255274
v -0.000000 1.718966 -0.343538
v -0.000000 1.718966 -0.343538
v -0.000000 1.613611 -0.255274
v 0.121414 1.599554 -0.208159
v -0.000000 1.718966 -0.343538
v 0.121414 1.599554 -0.208159
v 0.178149 1.726829 -0.296083
v 0.178149 1.726829 -0.296083
v 0.121414 1.599554 -0.208159
v 0.216066 1.612374 -0.131615
v 0.178149 1.726829 -0.296083
v 0.216066 1.612374 -0.131615
v 0.303970 1.720118 -0.177024
v 0.303970 1.720118 -0.177024
v 0.216066 1.612374 -0.131615
v 0.251056 1.598313 -0.020000
v 0.303970 1.720118 -0.177024
v 0.251056 1.598313 -0.020000
v 0.345110 1.727046 -0.020000
v 0.267065 1.602545 -0.020000
v 0.132363 1.507843 -0.020000
v 0.117788 1.524015 0.040847
v 0.267065 1.602545 -0.020000
v 0.117788 1.524015 0.040847
v 0.237127 1.615358 0.102494
v 0.237127 1.615358 0.102494
v 0.117788 1.524015 0.040847
v 0.074166 1.505114 0.094938
v 0.237127 1.615358 0.102494
v 0.074166 1.505114 0.094938
v 0.126801 1.601308 0.176508
v 0.126801 1.601308 0.176508
v 0.074166 1.505114 0.094938
v 0.000000 1.523445 0.116036
v 0.126801 1.601308 0.176508
v 0.000000 1.523445 0.116036
v 0.000000 1.614122 0.213018
v 0.000000 1.614122 0.213018
v 0.000000 1.523445 0.116036
v -0.076391 1.522064 0.098386
v 0.000000 1.614122 0.213018
v -0.076391 1.522064 0.098386
v -0.130914 1.593340 0.182882
v -0.130914 1.593340 0.182882
v -0.076391 1.522064 0.098386
v -0.125452 1.538269 0.044806
v -0.130914 1.593340 0.182882
v -0.125452 1.538269 0.044806
v -0.214049 1.606154 0.090573
v -0.214049 1.606154 0.090573
v -0.125452 1.538269 0.044806
v -0.145599 1.519298 -0.020000
v -0.214049 1.606154 0.090573
v -0.145599 1.519298 -0.020000
v -0.248536 1.592104 -0.020000
v -0.248536 1.592104 -0.020000
v -0.145599 1.519298 -0.020000
v -0.119129 1.537664 -0.081539
v -0.248536 1.592104 -0.020000
v -0.119129 1.537664 -0.081539
v -0.239623 1.604917 -0.143784
v -0.239623 1.604917 -0.143784
v -0.119129 1.537664 -0.081539
v -0.075030 1.532101 -0.136276
v -0.239623 1.604917 -0.143784
v -0.075030 1.532101 -0.136276
v -0.128062 1.607521 -0.218461
v -0.128062 1.607521 -0.218461
v -0.075030 1.532101 -0.136276
v -0.000000 1.530719 -0.157579
v -0.128062 1.607521 -0.218461
v -0.000000 1.530719 -0.157579
v -0.000000 1.613611 -0.255274
v -0.000000 1.613611 -0.255274
v -0.000000 1.530719 -0.157579
v 0.071433 1.511749 -0.130702
v -0.000000 1.613611 -0.255274
v 0.071433 1.511749 -0.130702
v 0.121414 1.599554 -0.208159
v 0.121414 1.599554 -0.208159
v 0.071433 1.511749 -0.130702
v 0.126845 1.527954 -0.085525
v 0.121414 1.599554 -0.208159
v 0.126845 1.527954 -0.085525
v 0.216066 1.612374 -0.131615
v 0.216066 1.612374 -0.131615
v 0.126845 1.527954 -0.085525
v 0.146963 1.511212 -0.020000
v 0.216066 1.612374 -0.131615
v 0.146963 1.511212 -0.020000
v 0.251056 1.598313 -0.020000
v 0.132363 1.507843 -0.020000
v 0.000000 1.489535 -0.020000
v 0.000000 1.512402 -0.020000
v 0.132363 1.507843 -0.020000
v 0.000000 1.512402 -0.020000
v 0.117788 1.524015 0.040847
v 0.117788 1.524015 0.040847
v 0.000000 1.512402 -0.020000
v 0.000000 1.492536 -0.020000
v 0.117788 1.524015 0.040847
v 0.000000 1.492536 -0.020000
v 0.074166 1.505114 0.094938
v 0.074166 1.505114 0.094938
v 0.000000 1.492536 -0.020000
v 0.000000 1.510653 -0.020000
v 0.074166 1.505114 0.094938
v 0.000000 1.510653 -0.020000
v 0.000000 1.523445 0.116036
v 0.000000 1.523445 0.116036
v 0.000000 1.510653 -0.020000
v -0.000000 1.476519 -0.020000
v 0.000000 1.523445 0.116036
v -0.000000 1.476519 -0.020000
v -0.076391 1.522064 0.098386
v -0.076391 1.522064 0.098386
v -0.000000 1.476519 -0.020000
v -0.000000 1.494636 -0.020000
v -0.076391 1.522064 0.098386
v -0.000000 1.494636 -0.020000
v -0.125452 1.538269 0.044806
v -0.125452 1.538269 0.044806
v -0.000000 1.494636 -0.020000
v -0.000000 1.479522 -0.020000
v -0.125452 1.538269 0.044806
v -0.000000 1.479522 -0.020000
v -0.145599 1.519298 -0.020000
v -0.145599 1.519298 -0.020000
v -0.000000 1.479522 -0.020000
v -0.000000 1.497638 -0.020000
v -0.145599 1.519298 -0.020000
v -0.000000 1.497638 -0.020000
v -0.119129 1.537664 -0.081539
v -0.119129 1.537664 -0.081539
v -0.000000 1.497638 -0.020000
v -0.000000 1.501024 -0.020000
v -0.119129 1.537664 -0.081539
v -0.000000 1.501024 -0.020000
v -0.075030 1.532101 -0.136276
v -0.075030 1.532101 -0.136276
v -0.000000 1.501024 -0.020000
v -0.000000 1.504891 -0.020000
v -0.075030 1.532101 -0.136276
v -0.000000 1.504891 -0.020000
v -0.000000 1.530719 -0.157579
v -0.000000 1.530719 -0.157579
v -0.000000 1.504891 -0.020000
v 0.000000 1.485006 -0.020000
v -0.000000 1.530719 -0.157579
v 0.000000 1.485006 -0.020000
v 0.071433 1.511749 -0.130702
v 0.071433 1.511749 -0.130702
v 0.000000 1.485006 -0.020000
v 0.000000 1.507892 -0.020000
v 0.071433 1.511749 -0.130702
v 0.000000 1.507892 -0.020000
v 0.126845 1.527954 -0.085525
v 0.126845 1.527954 -0.085525
v 0.000000 1.507892 -0.020000
v 0.000000 1.488005 -0.020000
v 0.126845 1.527954 -0.085525
v 0.000000 1.488005 -0.020000
v 0.146963 1.511212 -0.020000
v -0.358427 1.460000 0.107864
v -0.431679 1.497292 0.089658
v -0.731679 0.937292 0.149658
v -0.358427 1.460000 0.107864
v -0.731679 0.937292 0.149658
v -0.658427 0.900000 0.167864
v -0.380000 1.460000 0.000000
v -0.431679 1.497292 0.089658
v -0.358427 1.460000 0.107864
v -0.680000 0.900000 0.060000
v -0.658427 0.900000 0.167864
v -0.731679 0.937292 0.149658
v -0.431679 1.497292 0.089658
v -0.474659 1.512738 0.018932
v -0.774659 0.952738 0.078932
v -0.431679 1.497292 0.089658
v -0.774659 0.952738 0.078932
v -0.731679 0.937292 0.149658
v -0.380000 1.460000 0.000000
v -0.474659 1.512738 0.018932
v -0.431679 1.497292 0.089658
v -0.680000 0.900000 0.060000
v -0.731679 0.937292 0.149658
v -0.774659 0.952738 0.078932
v -0.474659 1.512738 0.018932
v -0.462188 1.497292 -0.062885
v -0.762188 0.937292 -0.002885
v -0.474659 1.512738 0.018932
v -0.762188 0.937292 -0.002885
v -0.774659 0.952738 0.078932
v -0.380000 1.460000 0.000000
v -0.462188 1.497292 -0.062885
v -0.474659 1.512738 0.018932
v -0.680000 0.900000 0.060000
v -0.774659 0.952738 0.078932
v -0.762188 0.937292 -0.002885
v -0.462188 1.497292 -0.062885
v -0.401573 1.460000 -0.107864
v -0.701573 0.900000 -0.047864
v -0.462188 1.497292 -0.062885
v -0.701573 0.900000 -0.047864
v -0.762188 0.937292 -0.002885
v -0.380000 1.460000 0.000000
v -0.401573 1.460000 -0.107864
v -0.462188 1.497292 -0.062885
v -0.680000 0.900000 0.060000
v -0.762188 0.937292 -0.002885
v -0.701573 0.900000 -0.047864
v -0.401573 1.460000 -0.107864
v -0.328321 1.422708 -0.089658
v -0.628321 0.862708 -0.029658
v -0.401573 1.460000 -0.107864
v -0.628321 0.862708 -0.029658
v -0.701573 0.900000 -0.047864
v -0.380000 1.460000 0.000000
v -0.328321 1.422708 -0.089658
v -0.401573 1.460000 -0.107864
v -0.680000 0.900000 0.060000
v -0.701573 0.900000 -0.047864
v -0.628321 0.862708 -0.029658
v -0.328321 1.422708 -0.089658
v -0.285341 1.407262 -0.018932
v -0.585341 0.847262 0.041068
v -0.328321 1.422708 -0.089658
v -0.585341 0.847262 0.041068
v -0.628321 0.862708 -0.029658
v -0.380000 1.460000 0.000000
v -0.285341 1.407262 -0.018932
v -0.328321 1.422708 -0.089658
v -0.680000 0.900000 0.060000
v -0.628321 0.862708 -0.029658
v -0.585341 0.847262 0.041068
v -0.285341 1.407262 -0.018932
v -0.297812 1.422708 0.062885
v -0.597812 0.862708 0.122885
v -0.285341 1.407262 -0.018932
v -0.597812 0.862708 0.122885
v -0.585341 0.847262 0.041068
v -0.380000 1.460000 0.000000
v -0.297812 1.422708 0.062885
v -0.285341 1.407262 -0.018932
v -0.680000 0.900000 0.060000
v -0.585341 0.847262 0.041068
v -0.597812 0.862708 0.122885
v -0.297812 1.422708 0.062885
v -0.358427 1.460000 0.107864
v -0.658427 0.900000 0.167864
v -0.297812 1.422708 0.062885
v -0.658427 0.900000 0.167864
v -0.597812 0.862708 0.122885
v -0.380000 1.460000 0.000000
v -0.358427 1.460000 0.107864
v -0.297812 1.422708 0.062885
v -0.680000 0.900000 0.060000
v -0.597812 0.862708 0.122885
v -0.658427 0.900000 0.167864
v -0.191660 2.140000 0.069501
v -0.153179 2.175184 0.038339
v -0.403179 2.475184 0.068339
v -0.191660 2.140000 0.069501
v -0.403179 2.475184 0.068339
v -0.441660 2.440000 0.099501
v -0.200000 2.140000 0.000000
v -0.153179 2.175184 0.038339
v -0.191660 2.140000 0.069501
v -0.450000 2.440000 0.030000
v -0.441660 2.440000 0.099501
v -0.403179 2.475184 0.068339
v -0.153179 2.175184 0.038339
v -0.149955 2.183874 -0.021694
v -0.399955 2.483874 0.008306
v -0.153179 2.175184 0.038339
v -0.399955 2.483874 0.008306
v -0.403179 2.475184 0.068339
v -0.200000 2.140000 0.000000
v -0.149955 2.183874 -0.021694
v -0.153179 2.175184 0.038339
v -0.450000 2.440000 0.030000
v -0.403179 2.475184 0.068339
v -0.399955 2.483874 0.008306
v -0.149955 2.183874 -0.021694
v -0.184416 2.159526 -0.065390
v -0.434416 2.459526 -0.035390
v -0.149955 2.183874 -0.021694
v -0.434416 2.459526 -0.035390
v -0.399955 2.483874 0.008306
v -0.200000 2.140000 0.000000
v -0.184416 2.159526 -0.065390
v -0.149955 2.183874 -0.021694
v -0.450000 2.440000 0.030000
v -0.399955 2.483874 0.008306
v -0.434416 2.459526 -0.035390
v -0.184416 2.159526 -0.065390
v -0.230612 2.120474 -0.059847
v -0.480612 2.420474 -0.029847
v -0.184416 2.159526 -0.065390
v -0.480612 2.420474 -0.029847
v -0.434416 2.459526 -0.035390
v -0.200000 2.140000 0.000000
v -0.230612 2.120474 -0.059847
v -0.184416 2.159526 -0.065390
v -0.450000 2.440000 0.030000
v -0.434416 2.459526 -0.035390
v -0.480612 2.420474 -0.029847
v -0.230612 2.120474 -0.059847
v -0.253757 2.096126 -0.009237
v -0.503757 2.396126 0.020763
v -0.230612 2.120474 -0.059847
v -0.503757 2.396126 0.020763
v -0.480612 2.420474 -0.029847
v -0.200000 2.140000 0.000000
v -0.253757 2.096126 -0.009237
v -0.230612 2.120474 -0.059847
v -0.450000 2.440000 0.030000
v -0.480612 2.420474 -0.029847
v -0.503757 2.396126 0.020763
v -0.253757 2.096126 -0.009237
v -0.236421 2.104816 0.048328
v -0.486421 2.404816 0.078328
v -0.253757 2.096126 -0.009237
v -0.486421 2.404816 0.078328
v -0.503757 2.396126 0.020763
v -0.200000 2.140000 0.000000
v -0.236421 2.104816 0.048328
v -0.253757 2.096126 -0.009237
v -0.450000 2.440000 0.030000
v -0.503757 2.396126 0.020763
v -0.486421 2.404816 0.078328
v -0.236421 2.104816 0.048328
v -0.191660 2.140000 0.069501
v -0.441660 2.440000 0.099501
v -0.236421 2.104816 0.048328
v -0.441660 2.440000 0.099501
v -0.486421 2.404816 0.078328
v -0.200000 2.140000 0.000000
v -0.191660 2.140000 0.069501
v -0.236421 2.104816 0.048328
v -0.450000 2.440000 0.030000
v -0.486421 2.404816 0.078328
v -0.441660 2.440000 0.099501
v -0.140000 1.982384 -0.310000
v -0.107381 1.975166 -0.310000
v -0.118751 1.973118 -0.293044
v -0.140000 1.982384 -0.310000
v -0.118751 1.973118 -0.293044
v -0.140000 1.984915 -0.310000
v -0.140000 1.984915 -0.310000
v -0.118751 1.973118 -0.293044
v -0.146612 1.975380 -0.291566
v -0.140000 1.984915 -0.310000
v -0.146612 1.975380 -0.291566
v -0.140000 1.982120 -0.310000
v -0.140000 1.982120 -0.310000
v -0.146612 1.975380 -0.291566
v -0.166922 1.973329 -0.301750
v -0.140000 1.982120 -0.310000
v -0.166922 1.973329 -0.301750
v -0.140000 1.984656 -0.310000
v -0.140000 1.984656 -0.310000
v -0.166922 1.973329 -0.301750
v -0.166497 1.975590 -0.318120
v -0.140000 1.984656 -0.310000
v -0.166497 1.975590 -0.318120
v -0.140000 1.981859 -0.310000
v -0.140000 1.981859 -0.310000
v -0.166497 1.975590 -0.318120
v -0.146869 1.974651 -0.329153
v -0.140000 1.981859 -0.310000
v -0.146869 1.974651 -0.329153
v -0.140000 1.984395 -0.310000
v -0.140000 1.984395 -0.310000
v -0.146869 1.974651 -0.329153
v -0.120269 1.972463 -0.325745
v -0.140000 1.984395 -0.310000
v -0.120269 1.972463 -0.325745
v -0.140000 1.987100 -0.310000
v -0.140000 1.987100 -0.310000
v -0.120269 1.972463 -0.325745
v -0.108196 1.974866 -0.310000
v -0.140000 1.987100 -0.310000
v -0.108196 1.974866 -0.310000
v -0.140000 1.984131 -0.310000
v -0.107381 1.975166 -0.310000
v -0.091080 1.947095 -0.310000
v -0.108680 1.946202 -0.285007
v -0.107381 1.975166 -0.310000
v -0.108680 1.946202 -0.285007
v -0.118751 1.973118 -0.293044
v -0.118751 1.973118 -0.293044
v -0.108680 1.946202 -0.285007
v -0.151470 1.947066 -0.278020
v -0.118751 1.973118 -0.293044
v -0.151470 1.947066 -0.278020
v -0.146612 1.975380 -0.291566
v -0.146612 1.975380 -0.291566
v -0.151470 1.947066 -0.278020
v -0.187625 1.946389 -0.295405
v -0.146612 1.975380 -0.291566
v -0.187625 1.946389 -0.295405
v -0.166922 1.973329 -0.301750
v -0.166922 1.973329 -0.301750
v -0.187625 1.946389 -0.295405
v -0.186942 1.947150 -0.324386
v -0.166922 1.973329 -0.301750
v -0.186942 1.947150 -0.324386
v -0.166497 1.975590 -0.318120
v -0.166497 1.975590 -0.318120
v -0.186942 1.947150 -0.324386
v -0.151886 1.947323 -0.343139
v -0.166497 1.975590 -0.318120
v -0.151886 1.947323 -0.343139
v -0.146869 1.974651 -0.329153
v -0.146869 1.974651 -0.329153
v -0.151886 1.947323 -0.343139
v -0.105918 1.946487 -0.337197
v -0.146869 1.974651 -0.329153
v -0.105918 1.946487 -0.337197
v -0.120269 1.972463 -0.325745
v -0.120269 1.972463 -0.325745
v -0.105918 1.946487 -0.337197
v -0.092393 1.947294 -0.310000
v -0.120269 1.972463 -0.325745
v -0.092393 1.947294 -0.310000
v -0.108196 1.974866 -0.310000
v -0.091080 1.947095 -0.310000
v -0.087094 1.913066 -0.310000
v -0.105866 1.913850 -0.282762
v -0.091080 1.947095 -0.310000
v -0.105866 1.913850 -0.282762
v -0.108680 1.946202 -0.285007
v -0.108680 1.946202 -0.285007
v -0.105866 1.913850 -0.282762
v -0.150495 1.912988 -0.280740
v -0.108680 1.946202 -0.285007
v -0.150495 1.912988 -0.280740
v -0.151470 1.947066 -0.278020
v -0.151470 1.947066 -0.278020
v -0.150495 1.912988 -0.280740
v -0.184147 1.913984 -0.296471
v -0.151470 1.947066 -0.278020
v -0.184147 1.913984 -0.296471
v -0.187625 1.946389 -0.295405
v -0.187625 1.946389 -0.295405
v -0.184147 1.913984 -0.296471
v -0.182994 1.913114 -0.323176
v -0.187625 1.946389 -0.295405
v -0.182994 1.913114 -0.323176
v -0.186942 1.947150 -0.324386
v -0.186942 1.947150 -0.324386
v -0.182994 1.913114 -0.323176
v -0.151027 1.912411 -0.340744
v -0.186942 1.947150 -0.324386
v -0.151027 1.912411 -0.340744
v -0.151886 1.947323 -0.343139
v -0.151886 1.947323 -0.343139
v -0.151027 1.912411 -0.340744
v -0.108648 1.913249 -0.335018
v -0.151886 1.947323 -0.343139
v -0.108648 1.913249 -0.335018
v -0.105918 1.946487 -0.337197
v -0.105918 1.946487 -0.337197
v -0.108648 1.913249 -0.335018
v -0.087883 1.912333 -0.310000
v -0.105918 1.946487 -0.337197
v -0.087883 1.912333 -0.310000
v -0.092393 1.947294 -0.310000
v -0.087094 1.913066 -0.310000
v -0.110336 1.884846 -0.310000
v -0.120991 1.887252 -0.294831
v -0.087094 1.913066 -0.310000
v -0.120991 1.887252 -0.294831
v -0.105866 1.913850 -0.282762
v -0.105866 1.913850 -0.282762
v -0.120991 1.887252 -0.294831
v -0.147251 1.885060 -0.289783
v -0.105866 1.913850 -0.282762
v -0.147251 1.885060 -0.289783
v -0.150495 1.912988 -0.280740
v -0.150495 1.912988 -0.280740
v -0.147251 1.885060 -0.289783
v -0.168920 1.887457 -0.301137
v -0.150495 1.912988 -0.280740
v -0.168920 1.887457 -0.301137
v -0.184147 1.913984 -0.296471
v -0.184147 1.913984 -0.296471
v -0.168920 1.887457 -0.301137
v -0.169669 1.885257 -0.319092
v -0.184147 1.913984 -0.296471
v -0.169669 1.885257 -0.319092
v -0.182994 1.913114 -0.323176
v -0.182994 1.913114 -0.323176
v -0.169669 1.885257 -0.319092
v -0.147507 1.884318 -0.330930
v -0.182994 1.913114 -0.323176
v -0.147507 1.884318 -0.330930
v -0.151027 1.912411 -0.340744
v -0.151027 1.912411 -0.340744
v -0.147507 1.884318 -0.330930
v -0.119284 1.886576 -0.326531
v -0.151027 1.912411 -0.340744
v -0.119284 1.886576 -0.326531
v -0.108648 1.913249 -0.335018
v -0.108648 1.913249 -0.335018
v -0.119284 1.886576 -0.326531
v -0.109848 1.884532 -0.310000
v -0.108648 1.913249 -0.335018
v -0.109848 1.884532 -0.310000
v -0.087883 1.912333 -0.310000
v -0.110336 1.884846 -0.310000
v -0.140000 1.876080 -0.310000
v -0.140000 1.873205 -0.310000
v -0.110336 1.884846 -0.310000
v -0.140000 1.873205 -0.310000
v -0.120991 1.887252 -0.294831
v -0.120991 1.887252 -0.294831
v -0.140000 1.873205 -0.310000
v -0.140000 1.876000 -0.310000
v -0.120991 1.887252 -0.294831
v -0.140000 1.876000 -0.310000
v -0.147251 1.885060 -0.289783
v -0.147251 1.885060 -0.289783
v -0.140000 1.876000 -0.310000
v -0.140000 1.873120 -0.310000
v -0.147251 1.885060 -0.289783
v -0.140000 1.873120 -0.310000
v -0.168920 1.887457 -0.301137
v -0.168920 1.887457 -0.301137
v -0.140000 1.873120 -0.310000
v -0.140000 1.875552 -0.310000
v -0.168920 1.887457 -0.301137
v -0.140000 1.875552 -0.310000
v -0.169669 1.885257 -0.319092
v -0.169669 1.885257 -0.319092
v -0.140000 1.875552 -0.310000
v -0.140000 1.878172 -0.310000
v -0.169669 1.885257 -0.319092
v -0.140000 1.878172 -0.310000
v -0.147507 1.884318 -0.330930
v -0.147507 1.884318 -0.330930
v -0.140000 1.878172 -0.310000
v -0.140000 1.875467 -0.310000
v -0.147507 1.884318 -0.330930
v -0.140000 1.875467 -0.310000
v -0.119284 1.886576 -0.326531
v -0.119284 1.886576 -0.326531
v -0.140000 1.875467 -0.310000
v -0.140000 1.878093 -0.310000
v -0.119284 1.886576 -0.326531
v -0.140000 1.878093 -0.310000
v -0.109848 1.884532 -0.310000
v 0.401573 1.460000 -0.107864
v 0.462188 1.497292 -0.062885
v 0.762188 0.937292 -0.002885
v 0.401573 1.460000 -0.107864
v 0.762188 0.937292 -0.002885
v 0.701573 0.900000 -0.047864
v 0.380000 1.460000 0.000000
v 0.462188 1.497292 -0.062885
v 0.401573 1.460000 -0.107864
v 0.680000 0.900000 0.060000
v 0.701573 0.900000 -0.047864
v 0.762188 0.937292 -0.002885
v 0.462188 1.497292 -0.062885
v 0.474659 1.512738 0.018932
v 0.774659 0.952738 0.078932
v 0.462188 1.497292 -0.062885
v 0.774659 0.952738 0.078932
v 0.762188 0.937292 -0.002885
v 0.380000 1.460000 0.000000
v 0.474659 1.512738 0.018932
v 0.462188 1.497292 -0.062885
v 0.680000 0.900000 0.060000
v 0.762188 0.937292 -0.002885
v 0.774659 0.952738 0.078932
v 0.474659 1.512738 0.018932
v 0.431679 1.497292 0.089658
v 0.731679 0.937292 0.149658
v 0.474659 1.512738 0.018932
v 0.731679 0.937292 0.149658
v 0.774659 0.952738 0.078932
v 0.380000 1.460000 0.000000
v 0.431679 1.497292 0.089658
v 0.474659 1.512738 0.018932
v 0.680000 0.900000 0.060000
v 0.774659 0.952738 0.078932
v 0.731679 0.937292 0.149658
v 0.431679 1.497292 0.089658
v 0.358427 1.460000 0.107864
v 0.658427 0.900000 0.167864
v 0.431679 1.497292 0.089658
v 0.658427 0.900000 0.167864
v 0.731679 0.937292 0.149658
v 0.380000 1.460000 0.000000
v 0.358427 1.460000 0.107864
v 0.431679 1.497292 0.089658
v 0.680000 0.900000 0.060000
v 0.731679 0.937292 0.149658
v 0.658427 0.900000 0.167864
v 0.358427 1.460000 0.107864
v 0.297812 1.422708 0.062885
v 0.597812 0.862708 0.122885
v 0.358427 1.460000 0.107864
v 0.597812 0.862708 0.122885
v 0.658427 0.900000 0.167864
v 0.380000 1.460000 0.000000
v 0.297812 1.422708 0.062885
v 0.358427 1.460000 0.107864
v 0.680000 0.900000 0.060000
v 0.658427 0.900000 0.167864
v 0.597812 0.862708 0.122885
v 0.297812 1.422708 0.062885
v 0.285341 1.407262 -0.018932
v 0.585341 0.847262 0.041068
v 0.297812 1.422708 0.062885
v 0.585341 0.847262 0.041068
v 0.597812 0.862708 0.122885
v 0.380000 1.460000 0.000000
v 0.285341 1.407262 -0.018932
v 0.297812 1.422708 0.062885
v 0.680000 0.900000 0.060000
v 0.597812 0.862708 0.122885
v 0.585341 0.847262 0.041068
v 0.285341 1.407262 -0.018932
v 0.328321 1.422708 -0.089658
v 0.628321 0.862708 -0.029658
v 0.285341 1.407262 -0.018932
v 0.628321 0.862708 -0.029658
v 0.585341 0.847262 0.041068
v 0.380000 1.460000 0.000000
v 0.328321 1.422708 -0.089658
v 0.285341 1.407262 -0.018932
v 0.680000 0.900000 0.060000
v 0.585341 0.847262 0.041068
v 0.628321 0.862708 -0.029658
v 0.328321 1.422708 -0.089658
v 0.401573 1.460000 -0.107864
v 0.701573 0.900000 -0.047864
v 0.328321 1.422708 -0.089658
v 0.701573 0.900000 -0.047864
v 0.628321 0.862708 -0.029658
v 0.380000 1.460000 0.000000
v 0.401573 1.460000 -0.107864
v 0.328321 1.422708 -0.089658
v 0.680000 0.900000 0.060000
v 0.628321 0.862708 -0.029658
v 0.701573 0.900000 -0.047864
v 0.208340 2.140000 -0.069501
v 0.163579 2.175184 -0.048328
v 0.413579 2.475184 -0.018328
v 0.208340 2.140000 -0.069501
v 0.413579 2.475184 -0.018328
v 0.458340 2.440000 -0.039501
v 0.200000 2.140000 0.000000
v 0.163579 2.175184 -0.048328
v 0.208340 2.140000 -0.069501
v 0.450000 2.440000 0.030000
v 0.458340 2.440000 -0.039501
v 0.413579 2.475184 -0.018328
v 0.163579 2.175184 -0.048328
v 0.146243 2.183874 0.009237
v 0.396243 2.483874 0.039237
v 0.163579 2.175184 -0.048328
v 0.396243 2.483874 0.039237
v 0.413579 2.475184 -0.018328
v 0.200000 2.140000 0.000000
v 0.146243 2.183874 0.009237
v 0.163579 2.175184 -0.048328
v 0.450000 2.440000 0.030000
v 0.413579 2.475184 -0.018328
v 0.396243 2.483874 0.039237
v 0.146243 2.183874 0.009237
v 0.169388 2.159526 0.059847
v 0.419388 2.459526 0.089847
v 0.146243 2.183874 0.009237
v 0.419388 2.459526 0.089847
v 0.396243 2.483874 0.039237
v 0.200000 2.140000 0.000000
v 0.169388 2.159526 0.059847
v 0.146243 2.183874 0.009237
v 0.450000 2.440000 0.030000
v 0.396243 2.483874 0.039237
v 0.419388 2.459526 0.089847
v 0.169388 2.159526 0.059847
v 0.215584 2.120474 0.065390
v 0.465584 2.420474 0.095390
v 0.169388 2.159526 0.059847
v 0.465584 2.420474 0.095390
v 0.419388 2.459526 0.089847
v 0.200000 2.140000 0.000000
v 0.215584 2.120474 0.065390
v 0.169388 2.159526 0.059847
v 0.450000 2.440000 0.030000
v 0.419388 2.459526 0.089847
v 0.465584 2.420474 0.095390
v 0.215584 2.120474 0.065390
v 0.250045 2.096126 0.021694
v 0.500045 2.396126 0.051694
v 0.215584 2.120474 0.065390
v 0.500045 2.396126 0.051694
v 0.465584 2.420474 0.095390
v 0.200000 2.140000 0.000000
v 0.250045 2.096126 0.021694
v 0.215584 2.120474 0.065390
v 0.450000 2.440000 0.030000
v 0.465584 2.420474 0.095390
v 0.500045 2.396126 0.051694
v 0.250045 2.096126 0.021694
v 0.246821 2.104816 -0.038339
v 0.496821 2.404816 -0.008339
v 0.250045 2.096126 0.021694
v 0.496821 2.404816 -0.008339
v 0.500045 2.396126 0.051694
v 0.200000 2.140000 0.000000
v 0.246821 2.104816 -0.038339
v 0.250045 2.096126 0.021694
v 0.450000 2.440000 0.030000
v 0.500045 2.396126 0.051694
v 0.496821 2.404816 -0.008339
v 0.246821 2.104816 -0.038339
v 0.208340 2.140000 -0.069501
v 0.458340 2.440000 -0.039501
v 0.246821 2.104816 -0.038339
v 0.458340 2.440000 -0.039501
v 0.496821 2.404816 -0.008339
v 0.200000 2.140000 0.000000
v 0.208340 2.140000 -0.069501
v 0.246821 2.104816 -0.038339
v 0.450000 2.440000 0.030000
v 0.496821 2.404816 -0.008339
v 0.458340 2.440000 -0.039501
v 0.140000 1.983417 -0.310000
v 0.172895 1.974435 -0.310000
v 0.159413 1.972316 -0.294509
v 0.140000 1.983417 -0.310000
v 0.159413 1.972316 -0.294509
v 0.140000 1.985949 -0.310000
v 0.140000 1.985949 -0.310000
v 0.159413 1.972316 -0.294509
v 0.132462 1.974120 -0.288985
v 0.140000 1.985949 -0.310000
v 0.132462 1.974120 -0.288985
v 0.140000 1.983634 -0.310000
v 0.140000 1.983634 -0.310000
v 0.132462 1.974120 -0.288985
v 0.109921 1.971999 -0.300782
v 0.140000 1.983634 -0.310000
v 0.109921 1.971999 -0.300782
v 0.140000 1.986171 -0.310000
v 0.140000 1.986171 -0.310000
v 0.109921 1.971999 -0.300782
v 0.113249 1.974045 -0.318198
v 0.140000 1.986171 -0.310000
v 0.113249 1.974045 -0.318198
v 0.140000 1.985274 -0.310000
v 0.140000 1.985274 -0.310000
v 0.113249 1.974045 -0.318198
v 0.132638 1.971926 -0.330525
v 0.140000 1.985274 -0.310000
v 0.132638 1.971926 -0.330525
v 0.140000 1.986431 -0.310000
v 0.140000 1.986431 -0.310000
v 0.132638 1.971926 -0.330525
v 0.159109 1.973695 -0.325248
v 0.140000 1.986431 -0.310000
v 0.159109 1.973695 -0.325248
v 0.140000 1.985534 -0.310000
v 0.140000 1.985534 -0.310000
v 0.159109 1.973695 -0.325248
v 0.170157 1.976027 -0.310000
v 0.140000 1.985534 -0.310000
v 0.170157 1.976027 -0.310000
v 0.140000 1.982565 -0.310000
v 0.172895 1.974435 -0.310000
v 0.188715 1.946186 -0.310000
v 0.174141 1.946970 -0.282756
v 0.172895 1.974435 -0.310000
v 0.174141 1.946970 -0.282756
v 0.159413 1.972316 -0.294509
v 0.159413 1.972316 -0.294509
v 0.174141 1.946970 -0.282756
v 0.128808 1.946046 -0.278796
v 0.159413 1.972316 -0.294509
v 0.128808 1.946046 -0.278796
v 0.132462 1.974120 -0.288985
v 0.132462 1.974120 -0.288985
v 0.128808 1.946046 -0.278796
v 0.094926 1.946829 -0.296187
v 0.132462 1.974120 -0.288985
v 0.094926 1.946829 -0.296187
v 0.109921 1.971999 -0.300782
v 0.109921 1.971999 -0.300782
v 0.094926 1.946829 -0.296187
v 0.093242 1.947611 -0.324329
v 0.109921 1.971999 -0.300782
v 0.093242 1.947611 -0.324329
v 0.113249 1.974045 -0.318198
v 0.113249 1.974045 -0.318198
v 0.093242 1.947611 -0.324329
v 0.128977 1.946907 -0.340733
v 0.113249 1.974045 -0.318198
v 0.128977 1.946907 -0.340733
v 0.132638 1.971926 -0.330525
v 0.132638 1.971926 -0.330525
v 0.128977 1.946907 -0.340733
v 0.173322 1.947477 -0.336590
v 0.132638 1.971926 -0.330525
v 0.173322 1.947477 -0.336590
v 0.159109 1.973695 -0.325248
v 0.159109 1.973695 -0.325248
v 0.173322 1.947477 -0.336590
v 0.193178 1.946774 -0.310000
v 0.159109 1.973695 -0.325248
v 0.193178 1.946774 -0.310000
v 0.170157 1.976027 -0.310000
v 0.188715 1.946186 -0.310000
v 0.192601 1.913760 -0.310000
v 0.171635 1.912871 -0.284756
v 0.188715 1.946186 -0.310000
v 0.171635 1.912871 -0.284756
v 0.174141 1.946970 -0.282756
v 0.174141 1.946970 -0.282756
v 0.171635 1.912871 -0.284756
v 0.127717 1.913690 -0.275753
v 0.174141 1.946970 -0.282756
v 0.127717 1.913690 -0.275753
v 0.128808 1.946046 -0.278796
v 0.128808 1.946046 -0.278796
v 0.127717 1.913690 -0.275753
v 0.091910 1.912800 -0.295262
v 0.128808 1.946046 -0.278796
v 0.091910 1.912800 -0.295262
v 0.094926 1.946829 -0.296187
v 0.094926 1.946829 -0.296187
v 0.091910 1.912800 -0.295262
v 0.097305 1.912656 -0.323084
v 0.094926 1.946829 -0.296187
v 0.097305 1.912656 -0.323084
v 0.093242 1.947611 -0.324329
v 0.093242 1.947611 -0.324329
v 0.097305 1.912656 -0.323084
v 0.127999 1.912826 -0.343460
v 0.093242 1.947611 -0.324329
v 0.127999 1.912826 -0.343460
v 0.128977 1.946907 -0.340733
v 0.128977 1.946907 -0.340733
v 0.127999 1.912826 -0.343460
v 0.171150 1.912575 -0.334857
v 0.128977 1.946907 -0.340733
v 0.171150 1.912575 -0.334857
v 0.173322 1.947477 -0.336590
v 0.173322 1.947477 -0.336590
v 0.171150 1.912575 -0.334857
v 0.188139 1.913598 -0.310000
v 0.173322 1.947477 -0.336590
v 0.188139 1.913598 -0.310000
v 0.193178 1.946774 -0.310000
v 0.192601 1.913760 -0.310000
v 0.169709 1.885128 -0.310000
v 0.160642 1.887529 -0.293528
v 0.192601 1.913760 -0.310000
v 0.160642 1.887529 -0.293528
v 0.171635 1.912871 -0.284756
v 0.171635 1.912871 -0.284756
v 0.160642 1.887529 -0.293528
v 0.133175 1.884926 -0.290970
v 0.171635 1.912871 -0.284756
v 0.133175 1.884926 -0.290970
v 0.127717 1.913690 -0.275753
v 0.127717 1.913690 -0.275753
v 0.133175 1.884926 -0.290970
v 0.111633 1.887326 -0.301307
v 0.127717 1.913690 -0.275753
v 0.111633 1.887326 -0.301307
v 0.091910 1.912800 -0.295262
v 0.091910 1.912800 -0.295262
v 0.111633 1.887326 -0.301307
v 0.110307 1.886948 -0.319100
v 0.091910 1.912800 -0.295262
v 0.110307 1.886948 -0.319100
v 0.097305 1.912656 -0.323084
v 0.097305 1.912656 -0.323084
v 0.110307 1.886948 -0.319100
v 0.133062 1.887115 -0.329345
v 0.097305 1.912656 -0.323084
v 0.133062 1.887115 -0.329345
v 0.127999 1.912826 -0.343460
v 0.127999 1.912826 -0.343460
v 0.133062 1.887115 -0.329345
v 0.161148 1.886737 -0.326876
v 0.127999 1.912826 -0.343460
v 0.161148 1.886737 -0.326876
v 0.171150 1.912575 -0.334857
v 0.171150 1.912575 -0.334857
v 0.161148 1.886737 -0.326876
v 0.172144 1.884687 -0.310000
v 0.171150 1.912575 -0.334857
v 0.172144 1.884687 -0.310000
v 0.188139 1.913598 -0.310000
v 0.169709 1.885128 -0.310000
v 0.140000 1.872984 -0.310000
v 0.140000 1.875608 -0.310000
v 0.169709 1.885128 -0.310000
v 0.140000 1.875608 -0.310000
v 0.160642 1.887529 -0.293528
v 0.160642 1.887529 -0.293528
v 0.140000 1.875608 -0.310000
v 0.140000 1.873434 -0.310000
v 0.160642 1.887529 -0.293528
v 0.140000 1.873434 -0.310000
v 0.133175 1.884926 -0.290970
v 0.133175 1.884926 -0.290970
v 0.140000 1.873434 -0.310000
v 0.140000 1.876052 -0.310000
v 0.133175 1.884926 -0.290970
v 0.140000 1.876052 -0.310000
v 0.111633 1.887326 -0.301307
v 0.111633 1.887326 -0.301307
v 0.140000 1.876052 -0.310000
v 0.140000 1.877637 -0.310000
v 0.111633 1.887326 -0.301307
v 0.140000 1.877637 -0.310000
v 0.110307 1.886948 -0.319100
v 0.110307 1.886948 -0.319100
v 0.140000 1.877637 -0.310000
v 0.140000 1.876136 -0.310000
v 0.110307 1.886948 -0.319100
v 0.140000 1.876136 -0.310000
v 0.133062 1.887115 -0.329345
v 0.133062 1.887115 -0.329345
v 0.140000 1.876136 -0.310000
v 0.140000 1.878065 -0.310000
v 0.133062 1.887115 -0.329345
v 0.140000 1.878065 -0.310000
v 0.161148 1.886737 -0.326876
v 0.161148 1.886737 -0.326876
v 0.140000 1.878065 -0.310000
v 0.140000 1.875190 -0.310000
v 0.161148 1.886737 -0.326876
v 0.140000 1.875190 -0.310000
v 0.172144 1.884687 -0.310000
v -0.280000 1.320000 -0.335000
v -0.280000 1.363001 -0.314292
v 0.280000 1.363001 -0.314292
v -0.280000 1.320000 -0.335000
v 0.280000 1.363001 -0.314292
v 0.280000 1.320000 -0.335000
v -0.280000 1.320000 -0.280000
v -0.280000 1.363001 -0.314292
v -0.280000 1.320000 -0.335000
v 0.280000 1.320000 -0.280000
v 0.280000 1.320000 -0.335000
v 0.280000 1.363001 -0.314292
v -0.280000 1.363001 -0.314292
v -0.280000 1.373621 -0.267761
v 0.280000 1.373621 -0.267761
v -0.280000 1.363001 -0.314292
v 0.280000 1.373621 -0.267761
v 0.280000 1.363001 -0.314292
v -0.280000 1.320000 -0.280000
v -0.280000 1.373621 -0.267761
v -0.280000 1.363001 -0.314292
v 0.280000 1.320000 -0.280000
v 0.280000 1.363001 -0.314292
v 0.280000 1.373621 -0.267761
v -0.280000 1.373621 -0.267761
v -0.280000 1.343864 -0.230447
v 0.280000 1.343864 -0.230447
v -0.280000 1.373621 -0.267761
v 0.280000 1.343864 -0.230447
v 0.280000 1.373621 -0.267761
v -0.280000 1.320000 -0.280000
v -0.280000 1.343864 -0.230447
v -0.280000 1.373621 -0.267761
v 0.280000 1.320000 -0.280000
v 0.280000 1.373621 -0.267761
v 0.280000 1.343864 -0.230447
v -0.280000 1.343864 -0.230447
v -0.280000 1.296136 -0.230447
v 0.280000 1.296136 -0.230447
v -0.280000 1.343864 -0.230447
v 0.280000 1.296136 -0.230447
v 0.280000 1.343864 -0.230447
v -0.280000 1.320000 -0.280000
v -0.280000 1.296136 -0.230447
v -0.280000 1.343864 -0.230447
v 0.280000 1.320000 -0.280000
v 0.280000 1.343864 -0.230447
v 0.280000 1.296136 -0.230447
v -0.280000 1.296136 -0.230447
v -0.280000 1.266379 -0.267761
v 0.280000 1.266379 -0.267761
v -0.280000 1.296136 -0.230447
v 0.280000 1.266379 -0.267761
v 0.280000 1.296136 -0.230447
v -0.280000 1.320000 -0.280000
v -0.280000 1.266379 -0.267761
v -0.280000 1.296136 -0.230447
v 0.280000 1.320000 -0.280000
v 0.280000 1.296136 -0.230447
v 0.280000 1.266379 -0.267761
v -0.280000 1.266379 -0.267761
v -0.280000 1.276999 -0.314292
v 0.280000 1.276999 -0.314292
v -0.280000 1.266379 -0.267761
v 0.280000 1.276999 -0.314292
v 0.280000 1.266379 -0.267761
v -0.280000 1.320000 -0.280000
v -0.280000 1.276999 -0.314292
v -0.280000 1.266379 -0.267761
v 0.280000 1.320000 -0.280000
v 0.280000 1.266379 -0.267761
v 0.280000 1.276999 -0.314292
v -0.280000 1.276999 -0.314292
v -0.280000 1.320000 -0.335000
v 0.280000 1.320000 -0.335000
v -0.280000 1.276999 -0.314292
v 0.280000 1.320000 -0.335000
v 0.280000 1.276999 -0.314292
v -0.280000 1.320000 -0.280000
v -0.280000 1.320000 -0.335000
v -0.280000 1.276999 -0.314292
v 0.280000 1.320000 -0.280000
v 0.280000 1.276999 -0.314292
v 0.280000 1.320000 -0.335000
vt 0.000000 0.000000
vt 0.125000 0.000000
vt 0.125000 1.000000
vt 0.000000 0.000000
vt 0.125000 1.000000
vt 0.000000 1.000000
vt 0.000000 0.000000
vt 1.000000 0.000000
vt 1.000000 1.000000
vt 0.000000 0.000000
vt 1.000000 0.000000
vt 1.000000 1.000000
vt 0.125000 0.000000
vt 0.250000 0.000000
vt 0.250000 1.000000
vt 0.125000 0.000000
vt 0.250000 1.000000
vt 0.125000 1.000000
vt 0.000000 0.000000
vt 1.000000 0.000000
vt 1.000000 1.000000
vt 0.000000 0.000000
vt 1.000000 0.000000
vt 1.000000 1.000000
vt 0.250000 0.000000
vt 0.375000 0.000000
vt 0.375000 1.000000
vt 0.250000 0.000000
vt 0.375000 1.000000
vt 0.250000 1.000000
vt 0.000000 0.000000
vt 1.000000 0.000000
vt 1.000000 1.000000
vt 0.000000 0.000000
vt 1.000000 0.000000
vt 1.000000 1.000000
vt 0.375000 0.000000
vt 0.500000 0.000000
vt 0.500000 1.000000
vt 0.375000 0.000000
vt 0.500000 1.000000
vt 0.375000 1.000000
vt 0.000000 0.000000
vt 1.000000 0.000000
vt 1.000000 1.000000
vt 0.000000 0.000000
vt 1.000000 0.000000
vt 1.000000 1.000000
vt 0.500000 0.000000
vt 0.625000 0.000000
vt 0.625000 1.000000
vt 0.500000 0.000000
vt 0.625000 1.000000
vt 0.500000 1.000000
vt 0.000000 0.000000
vt 1.000000 0.000000
vt 1.000000 1.000000
vt 0.000000 0.000000
vt 1.000000 0.000000
vt 1.000000 1.000000
vt 0.625000 0.000000
vt 0.750000 0.000000
vt 0.750000 1.000000
vt 0.625000 0.000000
vt 0.750000 1.000000
vt 0.625000 1.000000
vt 0.000000 0.000000
vt 1.000000 0.000000
vt 1.000000 1.000000
vt 0.000000 0.000000
vt 1.000000 0.000000
vt 1.000000 1.000000
vt 0.750000 0.000000
vt 0.875000 0.000000
vt 0.875000 1.000000
vt 0.750000 0.000000
vt 0.875000 1.000000
vt 0.750000 1.000000
vt 0.000000 0.000000
vt 1.000000 0.000000
vt 1.000000 1.000000
vt 0.000000 0.000000
vt 1.000000 0.000000
vt 1.000000 1.000000
vt 0.875000 0.000000
vt 1.000000 0.000000
vt 1.000000 1.000000
vt 0.875000 0.000000
vt 1.000000 1.000000
vt 0.875000 1.000000
vt 0.000000 0.000000
vt 1.000000 0.000000
vt 1.000000 1.000000
vt 0.000000 0.000000
vt 1.000000 0.000000
vt 1.000000 1.000000
vt 0.000000 0.000000
vt 0.000000 0.200000
vt 0.125000 0.200000
vt 0.000000 0.000000
vt 0.125000 0.200000
vt 0.125000 0.000000
vt 0.125000 0.000000
vt 0.125000 0.200000
vt 0.250000 0.200000
vt 0.125000 0.000000
vt 0.250000 0.200000
vt 0.250000 0.000000
vt 0.250000 0.000000
vt 0.250000 0.200000
vt 0.375000 0.200000
vt 0.250000 0.000000
vt 0.375000 0.200000
vt 0.375000 0.000000
vt 0.375000 0.000000
vt 0.375000 0.200000
vt 0.500000 0.200000
vt 0.375000 0.000000
vt 0.500000 0.200000
vt 0.500000 0.000000
vt 0.500000 0.000000
vt 0.500000 0.200000
vt 0.625000 0.200000
vt 0.500000 0.000000
vt 0.625000 0.200000
vt 0.625000 0.000000
vt 0.625000 0.000000
vt 0.625000 0.200000
vt 0.750000 0.200000
vt 0.625000 0.000000
vt 0.750000 0.200000
vt 0.750000 0.000000
vt 0.750000 0.000000
vt 0.750000 0.200000
vt 0.875000 0.200000
vt 0.750000 0.000000
vt 0.875000 0.200000
vt 0.875000 0.000000
vt 0.875000 0.000000
vt 0.875000 0.200000
vt 1.000000 0.200000
vt 0.875000 0.000000
vt 1.000000 0.200000
vt 1.000000 0.000000
vt 0.000000 0.200000
vt 0.000000 0.400000
vt 0.125000 0.400000
vt 0.000000 0.200000
vt 0.125000 0.400000
vt 0.125000 0.200000
vt 0.125000 0.200000
vt 0.125000 0.400000
vt 0.250000 0.400000
vt 0.125000 0.200000
vt 0.250000 0.400000
vt 0.250000 0.200000
vt 0.250000 0.200000
vt 0.250000 0.400000
vt 0.375000 0.400000
vt 0.250000 0.200000
vt 0.375000 0.400000
vt 0.375000 0.200000
vt 0.375000 0.200000
vt 0.375000 0.400000
vt 0.500000 0.400000
vt 0.375000 0.200000
vt 0.500000 0.400000
vt 0.500000 0.200000
vt 0.500000 0.200000
vt 0.500000 0.400000
vt 0.625000 0.400000
vt 0.500000 0.200000
vt 0.625000 0.400000
vt 0.625000 0.200000
vt 0.625000 0.200000
vt 0.625000 0.400000
vt 0.750000 0.400000
vt 0.625000 0.200000
vt 0.750000 0.400000
vt 0.750000 0.200000
vt 0.750000 0.200000
vt 0.750000 0.400000
vt 0.875000 0.400000
vt 0.750000 0.200000
vt 0.875000 0.400000
vt 0.875000 0.200000
vt 0.875000 0.200000
vt 0.875000 0.400000
vt 1.000000 0.400000
vt 0.875000 0.200000
vt 1.000000 0.400000
vt 1.000000 0.200000
vt 0.000000 0.400000
vt 0.000000 0.600000
vt 0.125000 0.600000
vt 0.000000 0.400000
vt 0.125000 0.600000
vt 0.125000 0.400000
vt 0.125000 0.400000
vt 0.125000 0.600000
vt 0.250000 0.600000
vt 0.125000 0.400000
vt 0.250000 0.600000
vt 0.250000 0.400000
vt 0.250000 0.400000
vt 0.250000 0.600000
vt 0.375000 0.600000
vt 0.250000 0.400000
vt 0.375000 0.600000
vt 0.375000 0.400000
vt 0.375000 0.400000
vt 0.375000 0.600000
vt 0.500000 0.600000
vt 0.375000 0.400000
vt 0.500000 0.600000
vt 0.500000 0.400000
vt 0.500000 0.400000
vt 0.500000 0.600000
vt 0.625000 0.600000
vt 0.500000 0.400000
vt 0.625000 0.600000
vt 0.625000 0.400000
vt 0.625000 0.400000
vt 0.625000 0.600000
vt 0.750000 0.600000
vt 0.625000 0.400000
vt 0.750000 0.600000
vt 0.750000 0.400000
vt 0.750000 0.400000
vt 0.750000 0.600000
vt 0.875000 0.600000
vt 0.750000 0.400000
vt 0.875000 0.600000
vt 0.875000 0.400000
vt 0.875000 0.400000
vt 0.875000 0.600000
vt 1.000000 0.600000
vt 0.875000 0.400000
vt 1.000000 0.600000
vt 1.000000 0.400000
vt 0.000000 0.600000
vt 0.000000 0.800000
vt 0.125000 0.800000
vt 0.000000 0.600000
vt 0.125000 0.800000
vt 0.125000 0.600000
vt 0.125000 0.600000
vt 0.125000 0.800000
vt 0.250000 0.800000
vt 0.125000 0.600000
vt 0.250000 0.800000
vt 0.250000 0.600000
vt 0.250000 0.600000
vt 0.250000 0.800000
vt 0.375000 0.800000
vt 0.250000 0.600000
vt 0.375000 0.800000
vt 0.375000 0.600000
vt 0.375000 0.600000
vt 0.375000 0.800000
vt 0.500000 0.800000
vt 0.375000 0.600000
vt 0.500000 0.800000
vt 0.500000 0.600000
vt 0.500000 0.600000
vt 0.500000 0.800000
vt 0.625000 0.800000
vt 0.500000 0.600000
vt 0.625000 0.800000
vt 0.625000 0.600000
vt 0.625000 0.600000
vt 0.625000 0.800000
vt 0.750000 0.800000
vt 0.625000 0.600000
vt 0.750000 0.800000
vt 0.750000 0.600000
vt 0.750000 0.600000
vt 0.750000 0.800000
vt 0.875000 0.800000
vt 0.750000 0.600000
vt 0.875000 0.800000
vt 0.875000 0.600000
vt 0.875000 0.600000
vt 0.875000 0.800000
vt 1.000000 0.800000
vt 0.875000 0.600000
vt 1.000000 0.800000
vt 1.000000 0.600000
vt 0.000000 0.800000
vt 0.000000 1.000000
vt 0.125000 1.000000
vt 0.000000 0.800000
vt 0.125000 1.000000
vt 0.125000 0.800000
vt 0.125000 0.800000
vt 0.125000 1.000000
vt 0.250000 1.000000
vt 0.125000 0.800000
vt 0.250000 1.000000
vt 0.250000 0.800000
vt 0.250000 0.800000
vt 0.250000 1.000000
vt 0.375000 1.000000
vt 0.250000 0.800000
vt 0.375000 1.000000
vt 0.375000 0.800000
vt 0.375000 0.800000
vt 0.375000 1.000000
vt 0.500000 1.000000
vt 0.375000 0.800000
vt 0.500000 1.000000
vt 0.500000 0.800000
vt 0.500000 0.800000
vt 0.500000 1.000000
vt 0.625000 1.000000
vt 0.500000 0.800000
vt 0.625000 1.000000
vt 0.625000 0.800000
vt 0.625000 0.800000
vt 0.625000 1.000000
vt 0.750000 1.000000
vt 0.625000 0.800000
vt 0.750000 1.000000
vt 0.750000 0.800000
vt 0.750000 0.800000
vt 0.750000 1.000000
vt 0.875000 1.000000
vt 0.750000 0.800000
vt 0.875000 1.000000
vt 0.875000 0.800000
vt 0.875000 0.800000
vt 0.875000 1.000000
vt 1.000000 1.000000
vt 0.875000 0.800000
vt 1.000000 1.000000
vt 1.000000 0.800000
vt 0.000000 0.000000
vt 0.125000 0.000000
vt 0.125000 1.000000
vt 0.000000 0.000000
vt 0.125000 1.000000
vt 0.000000 1.000000
vt 0.000000 0.000000
vt 1.000000 0.000000
vt 1.000000 1.000000
vt 0.000000 0.000000
vt 1.000000 0.000000
vt 1.000000 1.000000
vt 0.125000 0.000000
vt 0.250000 0.000000
vt 0.250000 1.000000
vt 0.125000 0.000000
vt 0.250000 1.000000
vt 0.125000 1.000000
vt 0.000000 0.000000
vt 1.000000 0.000000
vt 1.000000 1.000000
vt 0.000000 0.000000
vt 1.000000 0.000000
vt 1.000000 1.000000
vt 0.250000 0.000000
vt 0.375000 0.000000
vt 0.375000 1.000000
vt 0.250000 0.000000
vt 0.375000 1.000000
vt 0.250000 1.000000
vt 0.000000 0.000000
vt 1.000000 0.000000
vt 1.000000 1.000000
vt 0.000000 0.000000
vt 1.000000 0.000000
vt 1.000000 1.000000
vt 0.375000 0.000000
vt 0.500000 0.000000
vt 0.500000 1.000000
vt 0.375000 0.000000
vt 0.500000 1.000000
vt 0.375000 1.000000
vt 0.000000 0.000000
vt 1.000000 0.000000
vt 1.000000 1.000000
vt 0.000000 0.000000
vt 1.000000 0.000000
vt 1.000000 1.000000
vt 0.500000 0.000000
vt 0.625000 0.000000
vt 0.625000 1.000000
vt 0.500000 0.000000
vt 0.625000 1.000000
vt 0.500000 1.000000
vt 0.000000 0.000000
vt 1.000000 0.000000
vt 1.000000 1.000000
vt 0.000000 0.000000
vt 1.000000 0.000000
vt 1.000000 1.000000
vt 0.625000 0.000000
vt 0.750000 0.000000
vt 0.750000 1.000000
vt 0.625000 0.000000
vt 0.750000 1.000000
vt 0.625000 1.000000
vt 0.000000 0.000000
vt 1.000000 0.000000
vt 1.000000 1.000000
vt 0.000000 0.000000
vt 1.000000 0.000000
vt 1.000000 1.000000
vt 0.750000 0.000000
vt 0.875000 0.000000
vt 0.875000 1.000000
vt 0.750000 0.000000
vt 0.875000 1.000000
vt 0.750000 1.000000
vt 0.000000 0.000000
vt 1.000000 0.000000
vt 1.000000 1.000000
vt 0.000000 0.000000
vt 1.000000 0.000000
vt 1.000000 1.000000
vt 0.875000 0.000000
vt 1.000000 0.000000
vt 1.000000 1.000000
vt 0.875000 0.000000
vt 1.000000 1.000000
vt 0.875000 1.000000
vt 0.000000 0.000000
vt 1.000000 0.000000
vt 1.000000 1.000000
vt 0.000000 0.000000
vt 1.000000 0.000000
vt 1.000000 1.000000
vt 0.000000 0.000000
vt 0.000000 0.200000
vt 0.125000 0.200000
vt 0.000000 0.000000
vt 0.125000 0.200000
vt 0.125000 0.000000
vt 0.125000 0.000000
vt 0.125000 0.200000
vt 0.250000 0.200000
vt 0.125000 0.000000
vt 0.250000 0.200000
vt 0.250000 0.000000
vt 0.250000 0.000000
vt 0.250000 0.200000
vt 0.375000 0.200000
vt 0.250000 0.000000
vt 0.375000 0.200000
vt 0.375000 0.000000
vt 0.375000 0.000000
vt 0.375000 0.200000
vt 0.500000 0.200000
vt 0.375000 0.000000
vt 0.500000 0.200000
vt 0.500000 0.000000
vt 0.500000 0.000000
vt 0.500000 0.200000
vt 0.625000 0.200000
vt 0.500000 0.000000
vt 0.625000 0.200000
vt 0.625000 0.000000
vt 0.625000 0.000000
vt 0.625000 0.200000
vt 0.750000 0.200000
vt 0.625000 0.000000
vt 0.750000 0.200000
vt 0.750000 0.000000
vt 0.750000 0.000000
vt 0.750000 0.200000
vt 0.875000 0.200000
vt 0.750000 0.000000
vt 0.875000 0.200000
vt 0.875000 0.000000
vt 0.875000 0.000000
vt 0.875000 0.200000
vt 1.000000 0.200000
vt 0.875000 0.000000
vt 1.000000 0.200000
vt 1.000000 0.000000
vt 0.000000 0.200000
vt 0.000000 0.400000
vt 0.125000 0.400000
vt 0.000000 0.200000
vt 0.125000 0.400000
vt 0.125000 0.200000
vt 0.125000 0.200000
vt 0.125000 0.400000
vt 0.250000 0.400000
vt 0.125000 0.200000
vt 0.250000 0.400000
vt 0.250000 0.200000
vt 0.250000 0.200000
vt 0.250000 0.400000
vt 0.375000 0.400000
vt 0.250000 0.200000
vt 0.375000 0.400000
vt 0.375000 0.200000
vt 0.375000 0.200000
vt 0.375000 0.400000
vt 0.500000 0.400000
vt 0.375000 0.200000
vt 0.500000 0.400000
vt 0.500000 0.200000
vt 0.500000 0.200000
vt 0.500000 0.400000
vt 0.625000 0.400000
vt 0.500000 0.200000
vt 0.625000 0.400000
vt 0.625000 0.200000
vt 0.625000 0.200000
vt 0.625000 0.400000
vt 0.750000 0.400000
vt 0.625000 0.200000
vt 0.750000 0.400000
vt 0.750000 0.200000
vt 0.750000 0.200000
vt 0.750000 0.400000
vt 0.875000 0.400000
vt 0.750000 0.200000
vt 0.875000 0.400000
vt 0.875000 0.200000
vt 0.875000 0.200000
vt 0.875000 0.400000
vt 1.000000 0.400000
vt 0.875000 0.200000
vt 1.000000 0.400000
vt 1.000000 0.200000
vt 0.000000 0.400000
vt 0.000000 0.600000
vt 0.125000 0.600000
vt 0.000000 0.400000
vt 0.125000 0.600000
vt 0.125000 0.400000
vt 0.125000 0.400000
vt 0.125000 0.600000
vt 0.250000 0.600000
vt 0.125000 0.400000
vt 0.250000 0.600000
vt 0.250000 0.400000
vt 0.250000 0.400000
vt 0.250000 0.600000
vt 0.375000 0.600000
vt 0.250000 0.400000
vt 0.375000 0.600000
vt 0.375000 0.400000
vt 0.375000 0.400000
vt 0.375000 0.600000
vt 0.500000 0.600000
vt 0.375000 0.400000
vt 0.500000 0.600000
vt 0.500000 0.400000
vt 0.500000 0.400000
vt 0.500000 0.600000
vt 0.625000 0.600000
vt 0.500000 0.400000
vt 0.625000 0.600000
vt 0.625000 0.400000
vt 0.625000 0.400000
vt 0.625000 0.600000
vt 0.750000 0.600000
vt 0.625000 0.400000
vt 0.750000 0.600000
vt 0.750000 0.400000
vt 0.750000 0.400000
vt 0.750000 0.600000
vt 0.875000 0.600000
vt 0.750000 0.400000
vt 0.875000 0.600000
vt 0.875000 0.400000
vt 0.875000 0.400000
vt 0.875000 0.600000
vt 1.000000 0.600000
vt 0.875000 0.400000
vt 1.000000 0.600000
vt 1.000000 0.400000
vt 0.000000 0.600000
vt 0.000000 0.800000
vt 0.125000 0.800000
vt 0.000000 0.600000
vt 0.125000 0.800000
vt 0.125000 0.600000
vt 0.125000 0.600000
vt 0.125000 0.800000
vt 0.250000 0.800000
vt 0.125000 0.600000
vt 0.250000 0.800000
vt 0.250000 0.600000
vt 0.250000 0.600000
vt 0.250000 0.800000
vt 0.375000 0.800000
vt 0.250000 0.600000
vt 0.375000 0.800000
vt 0.375000 0.600000
vt 0.375000 0.600000
vt 0.375000 0.800000
vt 0.500000 0.800000
vt 0.375000 0.600000
vt 0.500000 0.800000
vt 0.500000 0.600000
vt 0.500000 0.600000
vt 0.500000 0.800000
vt 0.625000 0.800000
vt 0.500000 0.600000
vt 0.625000 0.800000
vt 0.625000 0.600000
vt 0.625000 0.600000
vt 0.625000 0.800000
vt 0.750000 0.800000
vt 0.625000 0.600000
vt 0.750000 0.800000
vt 0.750000 0.600000
vt 0.750000 0.600000
vt 0.750000 0.800000
vt 0.875000 0.800000
vt 0.750000 0.600000
vt 0.875000 0.800000
vt 0.875000 0.600000
vt 0.875000 0.600000
vt 0.875000 0.800000
vt 1.000000 0.800000
vt 0.875000 0.600000
vt 1.000000 0.800000
vt 1.000000 0.600000
vt 0.000000 0.800000
vt 0.000000 1.000000
vt 0.125000 1.000000
vt 0.000000 0.800000
vt 0.125000 1.000000
vt 0.125000 0.800000
vt 0.125000 0.800000
vt 0.125000 1.000000
vt 0.250000 1.000000
vt 0.125000 0.800000
vt 0.250000 1.000000
vt 0.250000 0.800000
vt 0.250000 0.800000
vt 0.250000 1.000000
vt 0.375000 1.000000
vt 0.250000 0.800000
vt 0.375000 1.000000
vt 0.375000 0.800000
vt 0.375000 0.800000
vt 0.375000 1.000000
vt 0.500000 1.000000
vt 0.375000 0.800000
vt 0.500000 1.000000
vt 0.500000 0.800000
vt 0.500000 0.800000
vt 0.500000 1.000000
vt 0.625000 1.000000
vt 0.500000 0.800000
vt 0.625000 1.000000
vt 0.625000 0.800000
vt 0.625000 0.800000
vt 0.625000 1.000000
vt 0.750000 1.000000
vt 0.625000 0.800000
vt 0.750000 1.000000
vt 0.750000 0.800000
vt 0.750000 0.800000
vt 0.750000 1.000000
vt 0.875000 1.000000
vt 0.750000 0.800000
vt 0.875000 1.000000
vt 0.875000 0.800000
vt 0.875000 0.800000
vt 0.875000 1.000000
vt 1.000000 1.000000
vt 0.875000 0.800000
vt 1.000000 1.000000
vt 1.000000 0.800000
vt 0.000000 0.000000
vt 0.000000 0.125000
vt 0.083333 0.125000
vt 0.000000 0.000000
vt 0.083333 0.125000
vt 0.083333 0.000000
vt 0.083333 0.000000
vt 0.083333 0.125000
vt 0.166667 0.125000
vt 0.083333 0.000000
vt 0.166667 0.125000
vt 0.166667 0.000000
vt 0.166667 0.000000
vt 0.166667 0.125000
vt 0.250000 0.125000
vt 0.166667 0.000000
vt 0.250000 0.125000
vt 0.250000 0.000000
vt 0.250000 0.000000
vt 0.250000 0.125000
vt 0.333333 0.125000
vt 0.250000 0.000000
vt 0.333333 0.125000
vt 0.333333 0.000000
vt 0.333333 0.000000
vt 0.333333 0.125000
vt 0.416667 0.125000
vt 0.333333 0.000000
vt 0.416667 0.125000
vt 0.416667 0.000000
vt 0.416667 0.000000
vt 0.416667 0.125000
vt 0.500000 0.125000
vt 0.416667 0.000000
vt 0.500000 0.125000
vt 0.500000 0.000000
vt 0.500000 0.000000
vt 0.500000 0.125000
vt 0.583333 0.125000
vt 0.500000 0.000000
vt 0.583333 0.125000
vt 0.583333 0.000000
vt 0.583333 0.000000
vt 0.583333 0.125000
vt 0.666667 0.125000
vt 0.583333 0.000000
vt 0.666667 0.125000
vt 0.666667 0.000000
vt 0.666667 0.000000
vt 0.666667 0.125000
vt 0.750000 0.125000
vt 0.666667 0.000000
vt 0.750000 0.125000
vt 0.750000 0.000000
vt 0.750000 0.000000
vt 0.750000 0.125000
vt 0.833333 0.125000
vt 0.750000 0.000000
vt 0.833333 0.125000
vt 0.833333 0.000000
vt 0.833333 0.000000
vt 0.833333 0.125000
vt 0.916667 0.125000
vt 0.833333 0.000000
vt 0.916667 0.125000
vt 0.916667 0.000000
vt 0.916667 0.000000
vt 0.916667 0.125000
vt 1.000000 0.125000
vt 0.916667 0.000000
vt 1.000000 0.125000
vt 1.000000 0.000000
vt 0.000000 0.125000
vt 0.000000 0.250000
vt 0.083333 0.250000
vt 0.000000 0.125000
vt 0.083333 0.250000
vt 0.083333 0.125000
vt 0.083333 0.125000
vt 0.083333 0.250000
vt 0.166667 0.250000
vt 0.083333 0.125000
vt 0.166667 0.250000
vt 0.166667 0.125000
vt 0.166667 0.125000
vt 0.166667 0.250000
vt 0.250000 0.250000
vt 0.166667 0.125000
vt 0.250000 0.250000
vt 0.250000 0.125000
vt 0.250000 0.125000
vt 0.250000 0.250000
vt 0.333333 0.250000
vt 0.250000 0.125000
vt 0.333333 0.250000
vt 0.333333 0.125000
vt 0.333333 0.125000
vt 0.333333 0.250000
vt 0.416667 0.250000
vt 0.333333 0.125000
vt 0.416667 0.250000
vt 0.416667 0.125000
vt 0.416667 0.125000
vt 0.416667 0.250000
vt 0.500000 0.250000
vt 0.416667 0.125000
vt 0.500000 0.250000
vt 0.500000 0.125000
vt 0.500000 0.125000
vt 0.500000 0.250000
vt 0.583333 0.250000
vt 0.500000 0.125000
vt 0.583333 0.250000
vt 0.583333 0.125000
vt 0.583333 0.125000
vt 0.583333 0.250000
vt 0.666667 0.250000
vt 0.583333 0.125000
vt 0.666667 0.250000
vt 0.666667 0.125000
vt 0.666667 0.125000
vt 0.666667 0.250000
vt 0.750000 0.250000
vt 0.666667 0.125000
vt 0.750000 0.250000
vt 0.750000 0.125000
vt 0.750000 0.125000
vt 0.750000 0.250000
vt 0.833333 0.250000
vt 0.750000 0.125000
vt 0.833333 0.250000
vt 0.833333 0.125000
vt 0.833333 0.125000
vt 0.833333 0.250000
vt 0.916667 0.250000
vt 0.833333 0.125000
vt 0.916667 0.250000
vt 0.916667 0.125000
vt 0.916667 0.125000
vt 0.916667 0.250000
vt 1.000000 0.250000
vt 0.916667 0.125000
vt 1.000000 0.250000
vt 1.000000 0.125000
vt 0.000000 0.250000
vt 0.000000 0.375000
vt 0.083333 0.375000
vt 0.000000 0.250000
vt 0.083333 0.375000
vt 0.083333 0.250000
vt 0.083333 0.250000
vt 0.083333 0.375000
vt 0.166667 0.375000
vt 0.083333 0.250000
vt 0.166667 0.375000
vt 0.166667 0.250000
vt 0.166667 0.250000
vt 0.166667 0.375000
vt 0.250000 0.375000
vt 0.166667 0.250000
vt 0.250000 0.375000
vt 0.250000 0.250000
vt 0.250000 0.250000
vt 0.250000 0.375000
vt 0.333333 0.375000
vt 0.250000 0.250000
vt 0.333333 0.375000
vt 0.333333 0.250000
vt 0.333333 0.250000
vt 0.333333 0.375000
vt 0.416667 0.375000
vt 0.333333 0.250000
vt 0.416667 0.375000
vt 0.416667 0.250000
vt 0.416667 0.250000
vt 0.416667 0.375000
vt 0.500000 0.375000
vt 0.416667 0.250000
vt 0.500000 0.375000
vt 0.500000 0.250000
vt 0.500000 0.250000
vt 0.500000 0.375000
vt 0.583333 0.375000
vt 0.500000 0.250000
vt 0.583333 0.375000
vt 0.583333 0.250000
vt 0.583333 0.250000
vt 0.583333 0.375000
vt 0.666667 0.375000
vt 0.583333 0.250000
vt 0.666667 0.375000
vt 0.666667 0.250000
vt 0.666667 0.250000
vt 0.666667 0.375000
vt 0.750000 0.375000
vt 0.666667 0.250000
vt 0.750000 0.375000
vt 0.750000 0.250000
vt 0.750000 0.250000
vt 0.750000 0.375000
vt 0.833333 0.375000
vt 0.750000 0.250000
vt 0.833333 0.375000
vt 0.833333 0.250000
vt 0.833333 0.250000
vt 0.833333 0.375000
vt 0.916667 0.375000
vt 0.833333 0.250000
vt 0.916667 0.375000
vt 0.916667 0.250000
vt 0.916667 0.250000
vt 0.916667 0.375000
vt 1.000000 0.375000
vt 0.916667 0.250000
vt 1.000000 0.375000
vt 1.000000 0.250000
vt 0.000000 0.375000
vt 0.000000 0.500000
vt 0.083333 0.500000
vt 0.000000 0.375000
vt 0.083333 0.500000
vt 0.083333 0.375000
vt 0.083333 0.375000
vt 0.083333 0.500000
vt 0.166667 0.500000
vt 0.083333 0.375000
vt 0.166667 0.500000
vt 0.166667 0.375000
vt 0.166667 0.375000
vt 0.166667 0.500000
vt 0.250000 0.500000
vt 0.166667 0.375000
vt 0.250000 0.500000
vt 0.250000 0.375000
vt 0.250000 0.375000
vt 0.250000 0.500000
vt 0.333333 0.500000
vt 0.250000 0.375000
vt 0.333333 0.500000
vt 0.333333 0.375000
vt 0.333333 0.375000
vt 0.333333 0.500000
vt 0.416667 0.500000
vt 0.333333 0.375000
vt 0.416667 0.500000
vt 0.416667 0.375000
vt 0.416667 0.375000
vt 0.416667 0.500000
vt 0.500000 0.500000
vt 0.416667 0.375000
vt 0.500000 0.500000
vt 0.500000 0.375000
vt 0.500000 0.375000
vt 0.500000 0.500000
vt 0.583333 0.500000
vt 0.500000 0.375000
vt 0.583333 0.500000
vt 0.583333 0.375000
vt 0.583333 0.375000
vt 0.583333 0.500000
vt 0.666667 0.500000
vt 0.583333 0.375000
vt 0.666667 0.500000
vt 0.666667 0.375000
vt 0.666667 0.375000
vt 0.666667 0.500000
vt 0.750000 0.500000
vt 0.666667 0.375000
vt 0.750000 0.500000
vt 0.750000 0.375000
vt 0.750000 0.375000
vt 0.750000 0.500000
vt 0.833333 0.500000
vt 0.750000 0.375000
vt 0.833333 0.500000
vt 0.833333 0.375000
vt 0.833333 0.375000
vt 0.833333 0.500000
vt 0.916667 0.500000
vt 0.833333 0.375000
vt 0.916667 0.500000
vt 0.916667 0.375000
vt 0.916667 0.375000
vt 0.916667 0.500000
vt 1.000000 0.500000
vt 0.916667 0.375000
vt 1.000000 0.500000
vt 1.000000 0.375000
vt 0.000000 0.500000
vt 0.000000 0.625000
vt 0.083333 0.625000
vt 0.000000 0.500000
vt 0.083333 0.625000
vt 0.083333 0.500000
vt 0.083333 0.500000
vt 0.083333 0.625000
vt 0.166667 0.625000
vt 0.083333 0.500000
vt 0.166667 0.625000
vt 0.166667 0.500000
vt 0.166667 0.500000
vt 0.166667 0.625000
vt 0.250000 0.625000
vt 0.166667 0.500000
vt 0.250000 0.625000
vt 0.250000 0.500000
vt 0.250000 0.500000
vt 0.250000 0.625000
vt 0.333333 0.625000
vt 0.250000 0.500000
vt 0.333333 0.625000
vt 0.333333 0.500000
vt 0.333333 0.500000
vt 0.333333 0.625000
vt 0.416667 0.625000
vt 0.333333 0.500000
vt 0.416667 0.625000
vt 0.416667 0.500000
vt 0.416667 0.500000
vt 0.416667 0.625000
vt 0.500000 0.625000
vt 0.416667 0.500000
vt 0.500000 0.625000
vt 0.500000 0.500000
vt 0.500000 0.500000
vt 0.500000 0.625000
vt 0.583333 0.625000
vt 0.500000 0.500000
vt 0.583333 0.625000
vt 0.583333 0.500000
vt 0.583333 0.500000
vt 0.583333 0.625000
vt 0.666667 0.625000
vt 0.583333 0.500000
vt 0.666667 0.625000
vt 0.666667 0.500000
vt 0.666667 0.500000
vt 0.666667 0.625000
vt 0.750000 0.625000
vt 0.666667 0.500000
vt 0.750000 0.625000
vt 0.750000 0.500000
vt 0.750000 0.500000
vt 0.750000 0.625000
vt 0.833333 0.625000
vt 0.750000 0.500000
vt 0.833333 0.625000
vt 0.833333 0.500000
vt 0.833333 0.500000
vt 0.833333 0.625000
vt 0.916667 0.625000
vt 0.833333 0.500000
vt 0.916667 0.625000
vt 0.916667 0.500000
vt 0.916667 0.500000
vt 0.916667 0.625000
vt 1.000000 0.625000
vt 0.916667 0.500000
vt 1.000000 0.625000
vt 1.000000 0.500000
vt 0.000000 0.625000
vt 0.000000 0.750000
vt 0.083333 0.750000
vt 0.000000 0.625000
vt 0.083333 0.750000
vt 0.083333 0.625000
vt 0.083333 0.625000
vt 0.083333 0.750000
vt 0.166667 0.750000
vt 0.083333 0.625000
vt 0.166667 0.750000
vt 0.166667 0.625000
vt 0.166667 0.625000
vt 0.166667 0.750000
vt 0.250000 0.750000
vt 0.166667 0.625000
vt 0.250000 0.750000
vt 0.250000 0.625000
vt 0.250000 0.625000
vt 0.250000 0.750000
vt 0.333333 0.750000
vt 0.250000 0.625000
vt 0.333333 0.750000
vt 0.333333 0.625000
vt 0.333333 0.625000
vt 0.333333 0.750000
vt 0.416667 0.750000
vt 0.333333 0.625000
vt 0.416667 0.750000
vt 0.416667 0.625000
vt 0.416667 0.625000
vt 0.416667 0.750000
vt 0.500000 0.750000
vt 0.416667 0.625000
vt 0.500000 0.750000
vt 0.500000 0.625000
vt 0.500000 0.625000
vt 0.500000 0.750000
vt 0.583333 0.750000
vt 0.500000 0.625000
vt 0.583333 0.750000
vt 0.583333 0.625000
vt 0.583333 0.625000
vt 0.583333 0.750000
vt 0.666667 0.750000
vt 0.583333 0.625000
vt 0.666667 0.750000
vt 0.666667 0.625000
vt 0.666667 0.625000
vt 0.666667 0.750000
vt 0.750000 0.750000
vt 0.666667 0.625000
vt 0.750000 0.750000
vt 0.750000 0.625000
vt 0.750000 0.625000
vt 0.750000 0.750000
vt 0.833333 0.750000
vt 0.750000 0.625000
vt 0.833333 0.750000
vt 0.833333 0.625000
vt 0.833333 0.625000
vt 0.833333 0.750000
vt 0.916667 0.750000
vt 0.833333 0.625000
vt 0.916667 0.750000
vt 0.916667 0.625000
vt 0.916667 0.625000
vt 0.916667 0.750000
vt 1.000000 0.750000
vt 0.916667 0.625000
vt 1.000000 0.750000
vt 1.000000 0.625000
vt 0.000000 0.750000
vt 0.000000 0.875000
vt 0.083333 0.875000
vt 0.000000 0.750000
vt 0.083333 0.875000
vt 0.083333 0.750000
vt 0.083333 0.750000
vt 0.083333 0.875000
vt 0.166667 0.875000
vt 0.083333 0.750000
vt 0.166667 0.875000
vt 0.166667 0.750000
vt 0.166667 0.750000
vt 0.166667 0.875000
vt 0.250000 0.875000
vt 0.166667 0.750000
vt 0.250000 0.875000
vt 0.250000 0.750000
vt 0.250000 0.750000
vt 0.250000 0.875000
vt 0.333333 0.875000
vt 0.250000 0.750000
vt 0.333333 0.875000
vt 0.333333 0.750000
vt 0.333333 0.750000
vt 0.333333 0.875000
vt 0.416667 0.875000
vt 0.333333 0.750000
vt 0.416667 0.875000
vt 0.416667 0.750000
vt 0.416667 0.750000
vt 0.416667 0.875000
vt 0.500000 0.875000
vt 0.416667 0.750000
vt 0.500000 0.875000
vt 0.500000 0.750000
vt 0.500000 0.750000
vt 0.500000 0.875000
vt 0.583333 0.875000
vt 0.500000 0.750000
vt 0.583333 0.875000
vt 0.583333 0.750000
vt 0.583333 0.750000
vt 0.583333 0.875000
vt 0.666667 0.875000
vt 0.583333 0.750000
vt 0.666667 0.875000
vt 0.666667 0.750000
vt 0.666667 0.750000
vt 0.666667 0.875000
vt 0.750000 0.875000
vt 0.666667 0.750000
vt 0.750000 0.875000
vt 0.750000 0.750000
vt 0.750000 0.750000
vt 0.750000 0.875000
vt 0.833333 0.875000
vt 0.750000 0.750000
vt 0.833333 0.875000
vt 0.833333 0.750000
vt 0.833333 0.750000
vt 0.833333 0.875000
vt 0.916667 0.875000
vt 0.833333 0.750000
vt 0.916667 0.875000
vt 0.916667 0.750000
vt 0.916667 0.750000
vt 0.916667 0.875000
vt 1.000000 0.875000
vt 0.916667 0.750000
vt 1.000000 0.875000
vt 1.000000 0.750000
vt 0.000000 0.875000
vt 0.000000 1.000000
vt 0.083333 1.000000
vt 0.000000 0.875000
vt 0.083333 1.000000
vt 0.083333 0.875000
vt 0.083333 0.875000
vt 0.083333 1.000000
vt 0.166667 1.000000
vt 0.083333 0.875000
vt 0.166667 1.000000
vt 0.166667 0.875000
vt 0.166667 0.875000
vt 0.166667 1.000000
vt 0.250000 1.000000
vt 0.166667 0.875000
vt 0.250000 1.000000
vt 0.250000 0.875000
vt 0.250000 0.875000
vt 0.250000 1.000000
vt 0.333333 1.000000
vt 0.250000 0.875000
vt 0.333333 1.000000
vt 0.333333 0.875000
vt 0.333333 0.875000
vt 0.333333 1.000000
vt 0.416667 1.000000
vt 0.333333 0.875000
vt 0.416667 1.000000
vt 0.416667 0.875000
vt 0.416667 0.875000
vt 0.416667 1.000000
vt 0.500000 1.000000
vt 0.416667 0.875000
vt 0.500000 1.000000
vt 0.500000 0.875000
vt 0.500000 0.875000
vt 0.500000 1.000000
vt 0.583333 1.000000
vt 0.500000 0.875000
vt 0.583333 1.000000
vt 0.583333 0.875000
vt 0.583333 0.875000
vt 0.583333 1.000000
vt 0.666667 1.000000
vt 0.583333 0.875000
vt 0.666667 1.000000
vt 0.666667 0.875000
vt 0.666667 0.875000
vt 0.666667 1.000000
vt 0.750000 1.000000
vt 0.666667 0.875000
vt 0.750000 1.000000
vt 0.750000 0.875000
vt 0.750000 0.875000
vt 0.750000 1.000000
vt 0.833333 1.000000
vt 0.750000 0.875000
vt 0.833333 1.000000
vt 0.833333 0.875000
vt 0.833333 0.875000
vt 0.833333 1.000000
vt 0.916667 1.000000
vt 0.833333 0.875000
vt 0.916667 1.000000
vt 0.916667 0.875000
vt 0.916667 0.875000
vt 0.916667 1.000000
vt 1.000000 1.000000
vt 0.916667 0.875000
vt 1.000000 1.000000
vt 1.000000 0.875000
vt 0.000000 0.000000
vt 0.000000 0.125000
vt 0.083333 0.125000
vt 0.000000 0.000000
vt 0.083333 0.125000
vt 0.083333 0.000000
vt 0.083333 0.000000
vt 0.083333 0.125000
vt 0.166667 0.125000
vt 0.083333 0.000000
vt 0.166667 0.125000
vt 0.166667 0.000000
vt 0.166667 0.000000
vt 0.166667 0.125000
vt 0.250000 0.125000
vt 0.166667 0.000000
vt 0.250000 0.125000
vt 0.250000 0.000000
vt 0.250000 0.000000
vt 0.250000 0.125000
vt 0.333333 0.125000
vt 0.250000 0.000000
vt 0.333333 0.125000
vt 0.333333 0.000000
vt 0.333333 0.000000
vt 0.333333 0.125000
vt 0.416667 0.125000
vt 0.333333 0.000000
vt 0.416667 0.125000
vt 0.416667 0.000000
vt 0.416667 0.000000
vt 0.416667 0.125000
vt 0.500000 0.125000
vt 0.416667 0.000000
vt 0.500000 0.125000
vt 0.500000 0.000000
vt 0.500000 0.000000
vt 0.500000 0.125000
vt 0.583333 0.125000
vt 0.500000 0.000000
vt 0.583333 0.125000
vt 0.583333 0.000000
vt 0.583333 0.000000
vt 0.583333 0.125000
vt 0.666667 0.125000
vt 0.583333 0.000000
vt 0.666667 0.125000
vt 0.666667 0.000000
vt 0.666667 0.000000
vt 0.666667 0.125000
vt 0.750000 0.125000
vt 0.666667 0.000000
vt 0.750000 0.125000
vt 0.750000 0.000000
vt 0.750000 0.000000
vt 0.750000 0.125000
vt 0.833333 0.125000
vt 0.750000 0.000000
vt 0.833333 0.125000
vt 0.833333 0.000000
vt 0.833333 0.000000
vt 0.833333 0.125000
vt 0.916667 0.125000
vt 0.833333 0.000000
vt 0.916667 0.125000
vt 0.916667 0.000000
vt 0.916667 0.000000
vt 0.916667 0.125000
vt 1.000000 0.125000
vt 0.916667 0.000000
vt 1.000000 0.125000
vt 1.000000 0.000000
vt 0.000000 0.125000
vt 0.000000 0.250000
vt 0.083333 0.250000
vt 0.000000 0.125000
vt 0.083333 0.250000
vt 0.083333 0.125000
vt 0.083333 0.125000
vt 0.083333 0.250000
vt 0.166667 0.250000
vt 0.083333 0.125000
vt 0.166667 0.250000
vt 0.166667 0.125000
vt 0.166667 0.125000
vt 0.166667 0.250000
vt 0.250000 0.250000
vt 0.166667 0.125000
vt 0.250000 0.250000
vt 0.250000 0.125000
vt 0.250000 0.125000
vt 0.250000 0.250000
vt 0.333333 0.250000
vt 0.250000 0.125000
vt 0.333333 0.250000
vt 0.333333 0.125000
vt 0.333333 0.125000
vt 0.333333 0.250000
vt 0.416667 0.250000
vt 0.333333 0.125000
vt 0.416667 0.250000
vt 0.416667 0.125000
vt 0.416667 0.125000
vt 0.416667 0.250000
vt 0.500000 0.250000
vt 0.416667 0.125000
vt 0.500000 0.250000
vt 0.500000 0.125000
vt 0.500000 0.125000
vt 0.500000 0.250000
vt 0.583333 0.250000
vt 0.500000 0.125000
vt 0.583333 0.250000
vt 0.583333 0.125000
vt 0.583333 0.125000
vt 0.583333 0.250000
vt 0.666667 0.250000
vt 0.583333 0.125000
vt 0.666667 0.250000
vt 0.666667 0.125000
vt 0.666667 0.125000
vt 0.666667 0.250000
vt 0.750000 0.250000
vt 0.666667 0.125000
vt 0.750000 0.250000
vt 0.750000 0.125000
vt 0.750000 0.125000
vt 0.750000 0.250000
vt 0.833333 0.250000
vt 0.750000 0.125000
vt 0.833333 0.250000
vt 0.833333 0.125000
vt 0.833333 0.125000
vt 0.833333 0.250000
vt 0.916667 0.250000
vt 0.833333 0.125000
vt 0.916667 0.250000
vt 0.916667 0.125000
vt 0.916667 0.125000
vt 0.916667 0.250000
vt 1.000000 0.250000
vt 0.916667 0.125000
vt 1.000000 0.250000
vt 1.000000 0.125000
vt 0.000000 0.250000
vt 0.000000 0.375000
vt 0.083333 0.375000
vt 0.000000 0.250000
vt 0.083333 0.375000
vt 0.083333 0.250000
vt 0.083333 0.250000
vt 0.083333 0.375000
vt 0.166667 0.375000
vt 0.083333 0.250000
vt 0.166667 0.375000
vt 0.166667 0.250000
vt 0.166667 0.250000
vt 0.166667 0.375000
vt 0.250000 0.375000
vt 0.166667 0.250000
vt 0.250000 0.375000
vt 0.250000 0.250000
vt 0.250000 0.250000
vt 0.250000 0.375000
vt 0.333333 0.375000
vt 0.250000 0.250000
vt 0.333333 0.375000
vt 0.333333 0.250000
vt 0.333333 0.250000
vt 0.333333 0.375000
vt 0.416667 0.375000
vt 0.333333 0.250000
vt 0.416667 0.375000
vt 0.416667 0.250000
vt 0.416667 0.250000
vt 0.416667 0.375000
vt 0.500000 0.375000
vt 0.416667 0.250000
vt 0.500000 0.375000
vt 0.500000 0.250000
vt 0.500000 0.250000
vt 0.500000 0.375000
vt 0.583333 0.375000
vt 0.500000 0.250000
vt 0.583333 0.375000
vt 0.583333 0.250000
vt 0.583333 0.250000
vt 0.583333 0.375000
vt 0.666667 0.375000
vt 0.583333 0.250000
vt 0.666667 0.375000
vt 0.666667 0.250000
vt 0.666667 0.250000
vt 0.666667 0.375000
vt 0.750000 0.375000
vt 0.666667 0.250000
vt 0.750000 0.375000
vt 0.750000 0.250000
vt 0.750000 0.250000
vt 0.750000 0.375000
vt 0.833333 0.375000
vt 0.750000 0.250000
vt 0.833333 0.375000
vt 0.833333 0.250000
vt 0.833333 0.250000
vt 0.833333 0.375000
vt 0.916667 0.375000
vt 0.833333 0.250000
vt 0.916667 0.375000
vt 0.916667 0.250000
vt 0.916667 0.250000
vt 0.916667 0.375000
vt 1.000000 0.375000
vt 0.916667 0.250000
vt 1.000000 0.375000
vt 1.000000 0.250000
vt 0.000000 0.375000
vt 0.000000 0.500000
vt 0.083333 0.500000
vt 0.000000 0.375000
vt 0.083333 0.500000
vt 0.083333 0.375000
vt 0.083333 0.375000
vt 0.083333 0.500000
vt 0.166667 0.500000
vt 0.083333 0.375000
vt 0.166667 0.500000
vt 0.166667 0.375000
vt 0.166667 0.375000
vt 0.166667 0.500000
vt 0.250000 0.500000
vt 0.166667 0.375000
vt 0.250000 0.500000
vt 0.250000 0.375000
vt 0.250000 0.375000
vt 0.250000 0.500000
vt 0.333333 0.500000
vt 0.250000 0.375000
vt 0.333333 0.500000
vt 0.333333 0.375000
vt 0.333333 0.375000
vt 0.333333 0.500000
vt 0.416667 0.500000
vt 0.333333 0.375000
vt 0.416667 0.500000
vt 0.416667 0.375000
vt 0.416667 0.375000
vt 0.416667 0.500000
vt 0.500000 0.500000
vt 0.416667 0.375000
vt 0.500000 0.500000
vt 0.500000 0.375000
vt 0.500000 0.375000
vt 0.500000 0.500000
vt 0.583333 0.500000
vt 0.500000 0.375000
vt 0.583333 0.500000
vt 0.583333 0.375000
vt 0.583333 0.375000
vt 0.583333 0.500000
vt 0.666667 0.500000
vt 0.583333 0.375000
vt 0.666667 0.500000
vt 0.666667 0.375000
vt 0.666667 0.375000
vt 0.666667 0.500000
vt 0.750000 0.500000
vt 0.666667 0.375000
vt 0.750000 0.500000
vt 0.750000 0.375000
vt 0.750000 0.375000
vt 0.750000 0.500000
vt 0.833333 0.500000
vt 0.750000 0.375000
vt 0.833333 0.500000
vt 0.833333 0.375000
vt 0.833333 0.375000
vt 0.833333 0.500000
vt 0.916667 0.500000
vt 0.833333 0.375000
vt 0.916667 0.500000
vt 0.916667 0.375000
vt 0.916667 0.375000
vt 0.916667 0.500000
vt 1.000000 0.500000
vt 0.916667 0.375000
vt 1.000000 0.500000
vt 1.000000 0.375000
vt 0.000000 0.500000
vt 0.000000 0.625000
vt 0.083333 0.625000
vt 0.000000 0.500000
vt 0.083333 0.625000
vt 0.083333 0.500000
vt 0.083333 0.500000
vt 0.083333 0.625000
vt 0.166667 0.625000
vt 0.083333 0.500000
vt 0.166667 0.625000
vt 0.166667 0.500000
vt 0.166667 0.500000
vt 0.166667 0.625000
vt 0.250000 0.625000
vt 0.166667 0.500000
vt 0.250000 0.625000
vt 0.250000 0.500000
vt 0.250000 0.500000
vt 0.250000 0.625000
vt 0.333333 0.625000
vt 0.250000 0.500000
vt 0.333333 0.625000
vt 0.333333 0.500000
vt 0.333333 0.500000
vt 0.333333 0.625000
vt 0.416667 0.625000
vt 0.333333 0.500000
vt 0.416667 0.625000
vt 0.416667 0.500000
vt 0.416667 0.500000
vt 0.416667 0.625000
vt 0.500000 0.625000
vt 0.416667 0.500000
vt 0.500000 0.625000
vt 0.500000 0.500000
vt 0.500000 0.500000
vt 0.500000 0.625000
vt 0.583333 0.625000
vt 0.500000 0.500000
vt 0.583333 0.625000
vt 0.583333 0.500000
vt 0.583333 0.500000
vt 0.583333 0.625000
vt 0.666667 0.625000
vt 0.583333 0.500000
vt 0.666667 0.625000
vt 0.666667 0.500000
vt 0.666667 0.500000
vt 0.666667 0.625000
vt 0.750000 0.625000
vt 0.666667 0.500000
vt 0.750000 0.625000
vt 0.750000 0.500000
vt 0.750000 0.500000
vt 0.750000 0.625000
vt 0.833333 0.625000
vt 0.750000 0.500000
vt 0.833333 0.625000
vt 0.833333 0.500000
vt 0.833333 0.500000
vt 0.833333 0.625000
vt 0.916667 0.625000
vt 0.833333 0.500000
vt 0.916667 0.625000
vt 0.916667 0.500000
vt 0.916667 0.500000
vt 0.916667 0.625000
vt 1.000000 0.625000
vt 0.916667 0.500000
vt 1.000000 0.625000
vt 1.000000 0.500000
vt 0.000000 0.625000
vt 0.000000 0.750000
vt 0.083333 0.750000
vt 0.000000 0.625000
vt 0.083333 0.750000
vt 0.083333 0.625000
vt 0.083333 0.625000
vt 0.083333 0.750000
vt 0.166667 0.750000
vt 0.083333 0.625000
vt 0.166667 0.750000
vt 0.166667 0.625000
vt 0.166667 0.625000
vt 0.166667 0.750000
vt 0.250000 0.750000
vt 0.166667 0.625000
vt 0.250000 0.750000
vt 0.250000 0.625000
vt 0.250000 0.625000
vt 0.250000 0.750000
vt 0.333333 0.750000
vt 0.250000 0.625000
vt 0.333333 0.750000
vt 0.333333 0.625000
vt 0.333333 0.625000
vt 0.333333 0.750000
vt 0.416667 0.750000
vt 0.333333 0.625000
vt 0.416667 0.750000
vt 0.416667 0.625000
vt 0.416667 0.625000
vt 0.416667 0.750000
vt 0.500000 0.750000
vt 0.416667 0.625000
vt 0.500000 0.750000
vt 0.500000 0.625000
vt 0.500000 0.625000
vt 0.500000 0.750000
vt 0.583333 0.750000
vt 0.500000 0.625000
vt 0.583333 0.750000
vt 0.583333 0.625000
vt 0.583333 0.625000
vt 0.583333 0.750000
vt 0.666667 0.750000
vt 0.583333 0.625000
vt 0.666667 0.750000
vt 0.666667 0.625000
vt 0.666667 0.625000
vt 0.666667 0.750000
vt 0.750000 0.750000
vt 0.666667 0.625000
vt 0.750000 0.750000
vt 0.750000 0.625000
vt 0.750000 0.625000
vt 0.750000 0.750000
vt 0.833333 0.750000
vt 0.750000 0.625000
vt 0.833333 0.750000
vt 0.833333 0.625000
vt 0.833333 0.625000
vt 0.833333 0.750000
vt 0.916667 0.750000
vt 0.833333 0.625000
vt 0.916667 0.750000
vt 0.916667 0.625000
vt 0.916667 0.625000
vt 0.916667 0.750000
vt 1.000000 0.750000
vt 0.916667 0.625000
vt 1.000000 0.750000
vt 1.000000 0.625000
vt 0.000000 0.750000
vt 0.000000 0.875000
vt 0.083333 0.875000
vt 0.000000 0.750000
vt 0.083333 0.875000
vt 0.083333 0.750000
vt 0.083333 0.750000
vt 0.083333 0.875000
vt 0.166667 0.875000
vt 0.083333 0.750000
vt 0.166667 0.875000
vt 0.166667 0.750000
vt 0.166667 0.750000
vt 0.166667 0.875000
vt 0.250000 0.875000
vt 0.166667 0.750000
vt 0.250000 0.875000
vt 0.250000 0.750000
vt 0.250000 0.750000
vt 0.250000 0.875000
vt 0.333333 0.875000
vt 0.250000 0.750000
vt 0.333333 0.875000
vt 0.333333 0.750000
vt 0.333333 0.750000
vt 0.333333 0.875000
vt 0.416667 0.875000
vt 0.333333 0.750000
vt 0.416667 0.875000
vt 0.416667 0.750000
vt 0.416667 0.750000
vt 0.416667 0.875000
vt 0.500000 0.875000
vt 0.416667 0.750000
vt 0.500000 0.875000
vt 0.500000 0.750000
vt 0.500000 0.750000
vt 0.500000 0.875000
vt 0.583333 0.875000
vt 0.500000 0.750000
vt 0.583333 0.875000
vt 0.583333 0.750000
vt 0.583333 0.750000
vt 0.583333 0.875000
vt 0.666667 0.875000
vt 0.583333 0.750000
vt 0.666667 0.875000
vt 0.666667 0.750000
vt 0.666667 0.750000
vt 0.666667 0.875000
vt 0.750000 0.875000
vt 0.666667 0.750000
vt 0.750000 0.875000
vt 0.750000 0.750000
vt 0.750000 0.750000
vt 0.750000 0.875000
vt 0.833333 0.875000
vt 0.750000 0.750000
vt 0.833333 0.875000
vt 0.833333 0.750000
vt 0.833333 0.750000
vt 0.833333 0.875000
vt 0.916667 0.875000
vt 0.833333 0.750000
vt 0.916667 0.875000
vt 0.916667 0.750000
vt 0.916667 0.750000
vt 0.916667 0.875000
vt 1.000000 0.875000
vt 0.916667 0.750000
vt 1.000000 0.875000
vt 1.000000 0.750000
vt 0.000000 0.875000
vt 0.000000 1.000000
vt 0.083333 1.000000
vt 0.000000 0.875000
vt 0.083333 1.000000
vt 0.083333 0.875000
vt 0.083333 0.875000
vt 0.083333 1.000000
vt 0.166667 1.000000
vt 0.083333 0.875000
vt 0.166667 1.000000
vt 0.166667 0.875000
vt 0.166667 0.875000
vt 0.166667 1.000000
vt 0.250000 1.000000
vt 0.166667 0.875000
vt 0.250000 1.000000
vt 0.250000 0.875000
vt 0.250000 0.875000
vt 0.250000 1.000000
vt 0.333333 1.000000
vt 0.250000 0.875000
vt 0.333333 1.000000
vt 0.333333 0.875000
vt 0.333333 0.875000
vt 0.333333 1.000000
vt 0.416667 1.000000
vt 0.333333 0.875000
vt 0.416667 1.000000
vt 0.416667 0.875000
vt 0.416667 0.875000
vt 0.416667 1.000000
vt 0.500000 1.000000
vt 0.416667 0.875000
vt 0.500000 1.000000
vt 0.500000 0.875000
vt 0.500000 0.875000
vt 0.500000 1.000000
vt 0.583333 1.000000
vt 0.500000 0.875000
vt 0.583333 1.000000
vt 0.583333 0.875000
vt 0.583333 0.875000
vt 0.583333 1.000000
vt 0.666667 1.000000
vt 0.583333 0.875000
vt 0.666667 1.000000
vt 0.666667 0.875000
vt 0.666667 0.875000
vt 0.666667 1.000000
vt 0.750000 1.000000
vt 0.666667 0.875000
vt 0.750000 1.000000
vt 0.750000 0.875000
vt 0.750000 0.875000
vt 0.750000 1.000000
vt 0.833333 1.000000
vt 0.750000 0.875000
vt 0.833333 1.000000
vt 0.833333 0.875000
vt 0.833333 0.875000
vt 0.833333 1.000000
vt 0.916667 1.000000
vt 0.833333 0.875000
vt 0.916667 1.000000
vt 0.916667 0.875000
vt 0.916667 0.875000
vt 0.916667 1.000000
vt 1.000000 1.000000
vt 0.916667 0.875000
vt 1.000000 1.000000
vt 1.000000 0.875000
vt 0.000000 0.000000
vt 0.125000 0.000000
vt 0.125000 1.000000
vt 0.000000 0.000000
vt 0.125000 1.000000
vt 0.000000 1.000000
vt 0.000000 0.000000
vt 1.000000 0.000000
vt 1.000000 1.000000
vt 0.000000 0.000000
vt 1.000000 0.000000
vt 1.000000 1.000000
vt 0.125000 0.000000
vt 0.250000 0.000000
vt 0.250000 1.000000
vt 0.125000 0.000000
vt 0.250000 1.000000
vt 0.125000 1.000000
vt 0.000000 0.000000
vt 1.000000 0.000000
vt 1.000000 1.000000
vt 0.000000 0.000000
vt 1.000000 0.000000
vt 1.000000 1.000000
vt 0.250000 0.000000
vt 0.375000 0.000000
vt 0.375000 1.000000
vt 0.250000 0.000000
vt 0.375000 1.000000
vt 0.250000 1.000000
vt 0.000000 0.000000
vt 1.000000 0.000000
vt 1.000000 1.000000
vt 0.000000 0.000000
vt 1.000000 0.000000
vt 1.000000 1.000000
vt 0.375000 0.000000
vt 0.500000 0.000000
vt 0.500000 1.000000
vt 0.375000 0.000000
vt 0.500000 1.000000
vt 0.375000 1.000000
vt 0.000000 0.000000
vt 1.000000 0.000000
vt 1.000000 1.000000
vt 0.000000 0.000000
vt 1.000000 0.000000
vt 1.000000 1.000000
vt 0.500000 0.000000
vt 0.625000 0.000000
vt 0.625000 1.000000
vt 0.500000 0.000000
vt 0.625000 1.000000
vt 0.500000 1.000000
vt 0.000000 0.000000
vt 1.000000 0.000000
vt 1.000000 1.000000
vt 0.000000 0.000000
vt 1.000000 0.000000
vt 1.000000 1.000000
vt 0.625000 0.000000
vt 0.750000 0.000000
vt 0.750000 1.000000
vt 0.625000 0.000000
vt 0.750000 1.000000
vt 0.625000 1.000000
vt 0.000000 0.000000
vt 1.000000 0.000000
vt 1.000000 1.000000
vt 0.000000 0.000000
vt 1.000000 0.000000
vt 1.000000 1.000000
vt 0.750000 0.000000
vt 0.875000 0.000000
vt 0.875000 1.000000
vt 0.750000 0.000000
vt 0.875000 1.000000
vt 0.750000 1.000000
vt 0.000000 0.000000
vt 1.000000 0.000000
vt 1.000000 1.000000
vt 0.000000 0.000000
vt 1.000000 0.000000
vt 1.000000 1.000000
vt 0.875000 0.000000
vt 1.000000 0.000000
vt 1.000000 1.000000
vt 0.875000 0.000000
vt 1.000000 1.000000
vt 0.875000 1.000000
vt 0.000000 0.000000
vt 1.000000 0.000000
vt 1.000000 1.000000
vt 0.000000 0.000000
vt 1.000000 0.000000
vt 1.000000 1.000000
vt 0.000000 0.000000
vt 0.142857 0.000000
vt 0.142857 1.000000
vt 0.000000 0.000000
vt 0.142857 1.000000
vt 0.000000 1.000000
vt 0.000000 0.000000
vt 1.000000 0.000000
vt 1.000000 1.000000
vt 0.000000 0.000000
vt 1.000000 0.000000
vt 1.000000 1.000000
vt 0.142857 0.000000
vt 0.285714 0.000000
vt 0.285714 1.000000
vt 0.142857 0.000000
vt 0.285714 1.000000
vt 0.142857 1.000000
vt 0.000000 0.000000
vt 1.000000 0.000000
vt 1.000000 1.000000
vt 0.000000 0.000000
vt 1.000000 0.000000
vt 1.000000 1.000000
vt 0.285714 0.000000
vt 0.428571 0.000000
vt 0.428571 1.000000
vt 0.285714 0.000000
vt 0.428571 1.000000
vt 0.285714 1.000000
vt 0.000000 0.000000
vt 1.000000 0.000000
vt 1.000000 1.000000
vt 0.000000 0.000000
vt 1.000000 0.000000
vt 1.000000 1.000000
vt 0.428571 0.000000
vt 0.571429 0.000000
vt 0.571429 1.000000
vt 0.428571 0.000000
vt 0.571429 1.000000
vt 0.428571 1.000000
vt 0.000000 0.000000
vt 1.000000 0.000000
vt 1.000000 1.000000
vt 0.000000 0.000000
vt 1.000000 0.000000
vt 1.000000 1.000000
vt 0.571429 0.000000
vt 0.714286 0.000000
vt 0.714286 1.000000
vt 0.571429 0.000000
vt 0.714286 1.000000
vt 0.571429 1.000000
vt 0.000000 0.000000
vt 1.000000 0.000000
vt 1.000000 1.000000
vt 0.000000 0.000000
vt 1.000000 0.000000
vt 1.000000 1.000000
vt 0.714286 0.000000
vt 0.857143 0.000000
vt 0.857143 1.000000
vt 0.714286 0.000000
vt 0.857143 1.000000
vt 0.714286 1.000000
vt 0.000000 0.000000
vt 1.000000 0.000000
vt 1.000000 1.000000
vt 0.000000 0.000000
vt 1.000000 0.000000
vt 1.000000 1.000000
vt 0.857143 0.000000
vt 1.000000 0.000000
vt 1.000000 1.000000
vt 0.857143 0.000000
vt 1.000000 1.000000
vt 0.857143 1.000000
vt 0.000000 0.000000
vt 1.000000 0.000000
vt 1.000000 1.000000
vt 0.000000 0.000000
vt 1.000000 0.000000
vt 1.000000 1.000000
vt 0.000000 0.000000
vt 0.000000 0.200000
vt 0.142857 0.200000
vt 0.000000 0.000000
vt 0.142857 0.200000
vt 0.142857 0.000000
vt 0.142857 0.000000
vt 0.142857 0.200000
vt 0.285714 0.200000
vt 0.142857 0.000000
vt 0.285714 0.200000
vt 0.285714 0.000000
vt 0.285714 0.000000
vt 0.285714 0.200000
vt 0.428571 0.200000
vt 0.285714 0.000000
vt 0.428571 0.200000
vt 0.428571 0.000000
vt 0.428571 0.000000
vt 0.428571 0.200000
vt 0.571429 0.200000
vt 0.428571 0.000000
vt 0.571429 0.200000
vt 0.571429 0.000000
vt 0.571429 0.000000
vt 0.571429 0.200000
vt 0.714286 0.200000
vt 0.571429 0.000000
vt 0.714286 0.200000
vt 0.714286 0.000000
vt 0.714286 0.000000
vt 0.714286 0.200000
vt 0.857143 0.200000
vt 0.714286 0.000000
vt 0.857143 0.200000
vt 0.857143 0.000000
vt 0.857143 0.000000
vt 0.857143 0.200000
vt 1.000000 0.200000
vt 0.857143 0.000000
vt 1.000000 0.200000
vt 1.000000 0.000000
vt 0.000000 0.200000
vt 0.000000 0.400000
vt 0.142857 0.400000
vt 0.000000 0.200000
vt 0.142857 0.400000
vt 0.142857 0.200000
vt 0.142857 0.200000
vt 0.142857 0.400000
vt 0.285714 0.400000
vt 0.142857 0.200000
vt 0.285714 0.400000
vt 0.285714 0.200000
vt 0.285714 0.200000
vt 0.285714 0.400000
vt 0.428571 0.400000
vt 0.285714 0.200000
vt 0.428571 0.400000
vt 0.428571 0.200000
vt 0.428571 0.200000
vt 0.428571 0.400000
vt 0.571429 0.400000
vt 0.428571 0.200000
vt 0.571429 0.400000
vt 0.571429 0.200000
vt 0.571429 0.200000
vt 0.571429 0.400000
vt 0.714286 0.400000
vt 0.571429 0.200000
vt 0.714286 0.400000
vt 0.714286 0.200000
vt 0.714286 0.200000
vt 0.714286 0.400000
vt 0.857143 0.400000
vt 0.714286 0.200000
vt 0.857143 0.400000
vt 0.857143 0.200000
vt 0.857143 0.200000
vt 0.857143 0.400000
vt 1.000000 0.400000
vt 0.857143 0.200000
vt 1.000000 0.400000
vt 1.000000 0.200000
vt 0.000000 0.400000
vt 0.000000 0.600000
vt 0.142857 0.600000
vt 0.000000 0.400000
vt 0.142857 0.600000
vt 0.142857 0.400000
vt 0.142857 0.400000
vt 0.142857 0.600000
vt 0.285714 0.600000
vt 0.142857 0.400000
vt 0.285714 0.600000
vt 0.285714 0.400000
vt 0.285714 0.400000
vt 0.285714 0.600000
vt 0.428571 0.600000
vt 0.285714 0.400000
vt 0.428571 0.600000
vt 0.428571 0.400000
vt 0.428571 0.400000
vt 0.428571 0.600000
vt 0.571429 0.600000
vt 0.428571 0.400000
vt 0.571429 0.600000
vt 0.571429 0.400000
vt 0.571429 0.400000
vt 0.571429 0.600000
vt 0.714286 0.600000
vt 0.571429 0.400000
vt 0.714286 0.600000
vt 0.714286 0.400000
vt 0.714286 0.400000
vt 0.714286 0.600000
vt 0.857143 0.600000
vt 0.714286 0.400000
vt 0.857143 0.600000
vt 0.857143 0.400000
vt 0.857143 0.400000
vt 0.857143 0.600000
vt 1.000000 0.600000
vt 0.857143 0.400000
vt 1.000000 0.600000
vt 1.000000 0.400000
vt 0.000000 0.600000
vt 0.000000 0.800000
vt 0.142857 0.800000
vt 0.000000 0.600000
vt 0.142857 0.800000
vt 0.142857 0.600000
vt 0.142857 0.600000
vt 0.142857 0.800000
vt 0.285714 0.800000
vt 0.142857 0.600000
vt 0.285714 0.800000
vt 0.285714 0.600000
vt 0.285714 0.600000
vt 0.285714 0.800000
vt 0.428571 0.800000
vt 0.285714 0.600000
vt 0.428571 0.800000
vt 0.428571 0.600000
vt 0.428571 0.600000
vt 0.428571 0.800000
vt 0.571429 0.800000
vt 0.428571 0.600000
vt 0.571429 0.800000
vt 0.571429 0.600000
vt 0.571429 0.600000
vt 0.571429 0.800000
vt 0.714286 0.800000
vt 0.571429 0.600000
vt 0.714286 0.800000
vt 0.714286 0.600000
vt 0.714286 0.600000
vt 0.714286 0.800000
vt 0.857143 0.800000
vt 0.714286 0.600000
vt 0.857143 0.800000
vt 0.857143 0.600000
vt 0.857143 0.600000
vt 0.857143 0.800000
vt 1.000000 0.800000
vt 0.857143 0.600000
vt 1.000000 0.800000
vt 1.000000 0.600000
vt 0.000000 0.800000
vt 0.000000 1.000000
vt 0.142857 1.000000
vt 0.000000 0.800000
vt 0.142857 1.000000
vt 0.142857 0.800000
vt 0.142857 0.800000
vt 0.142857 1.000000
vt 0.285714 1.000000
vt 0.142857 0.800000
vt 0.285714 1.000000
vt 0.285714 0.800000
vt 0.285714 0.800000
vt 0.285714 1.000000
vt 0.428571 1.000000
vt 0.285714 0.800000
vt 0.428571 1.000000
vt 0.428571 0.800000
vt 0.428571 0.800000
vt 0.428571 1.000000
vt 0.571429 1.000000
vt 0.428571 0.800000
vt 0.571429 1.000000
vt 0.571429 0.800000
vt 0.571429 0.800000
vt 0.571429 1.000000
vt 0.714286 1.000000
vt 0.571429 0.800000
vt 0.714286 1.000000
vt 0.714286 0.800000
vt 0.714286 0.800000
vt 0.714286 1.000000
vt 0.857143 1.000000
vt 0.714286 0.800000
vt 0.857143 1.000000
vt 0.857143 0.800000
vt 0.857143 0.800000
vt 0.857143 1.000000
vt 1.000000 1.000000
vt 0.857143 0.800000
vt 1.000000 1.000000
vt 1.000000 0.800000
vt 0.000000 0.000000
vt 0.125000 0.000000
vt 0.125000 1.000000
vt 0.000000 0.000000
vt 0.125000 1.000000
vt 0.000000 1.000000
vt 0.000000 0.000000
vt 1.000000 0.000000
vt 1.000000 1.000000
vt 0.000000 0.000000
vt 1.000000 0.000000
vt 1.000000 1.000000
vt 0.125000 0.000000
vt 0.250000 0.000000
vt 0.250000 1.000000
vt 0.125000 0.000000
vt 0.250000 1.000000
vt 0.125000 1.000000
vt 0.000000 0.000000
vt 1.000000 0.000000
vt 1.000000 1.000000
vt 0.000000 0.000000
vt 1.000000 0.000000
vt 1.000000 1.000000
vt 0.250000 0.000000
vt 0.375000 0.000000
vt 0.375000 1.000000
vt 0.250000 0.000000
vt 0.375000 1.000000
vt 0.250000 1.000000
vt 0.000000 0.000000
vt 1.000000 0.000000
vt 1.000000 1.000000
vt 0.000000 0.000000
vt 1.000000 0.000000
vt 1.000000 1.000000
vt 0.375000 0.000000
vt 0.500000 0.000000
vt 0.500000 1.000000
vt 0.375000 0.000000
vt 0.500000 1.000000
vt 0.375000 1.000000
vt 0.000000 0.000000
vt 1.000000 0.000000
vt 1.000000 1.000000
vt 0.000000 0.000000
vt 1.000000 0.000000
vt 1.000000 1.000000
vt 0.500000 0.000000
vt 0.625000 0.000000
vt 0.625000 1.000000
vt 0.500000 0.000000
vt 0.625000 1.000000
vt 0.500000 1.000000
vt 0.000000 0.000000
vt 1.000000 0.000000
vt 1.000000 1.000000
vt 0.000000 0.000000
vt 1.000000 0.000000
vt 1.000000 1.000000
vt 0.625000 0.000000
vt 0.750000 0.000000
vt 0.750000 1.000000
vt 0.625000 0.000000
vt 0.750000 1.000000
vt 0.625000 1.000000
vt 0.000000 0.000000
vt 1.000000 0.000000
vt 1.000000 1.000000
vt 0.000000 0.000000
vt 1.000000 0.000000
vt 1.000000 1.000000
vt 0.750000 0.000000
vt 0.875000 0.000000
vt 0.875000 1.000000
vt 0.750000 0.000000
vt 0.875000 1.000000
vt 0.750000 1.000000
vt 0.000000 0.000000
vt 1.000000 0.000000
vt 1.000000 1.000000
vt 0.000000 0.000000
vt 1.000000 0.000000
vt 1.000000 1.000000
vt 0.875000 0.000000
vt 1.000000 0.000000
vt 1.000000 1.000000
vt 0.875000 0.000000
vt 1.000000 1.000000
vt 0.875000 1.000000
vt 0.000000 0.000000
vt 1.000000 0.000000
vt 1.000000 1.000000
vt 0.000000 0.000000
vt 1.000000 0.000000
vt 1.000000 1.000000
vt 0.000000 0.000000
vt 0.142857 0.000000
vt 0.142857 1.000000
vt 0.000000 0.000000
vt 0.142857 1.000000
vt 0.000000 1.000000
vt 0.000000 0.000000
vt 1.000000 0.000000
vt 1.000000 1.000000
vt 0.000000 0.000000
vt 1.000000 0.000000
vt 1.000000 1.000000
vt 0.142857 0.000000
vt 0.285714 0.000000
vt 0.285714 1.000000
vt 0.142857 0.000000
vt 0.285714 1.000000
vt 0.142857 1.000000
vt 0.000000 0.000000
vt 1.000000 0.000000
vt 1.000000 1.000000
vt 0.000000 0.000000
vt 1.000000 0.000000
vt 1.000000 1.000000
vt 0.285714 0.000000
vt 0.428571 0.000000
vt 0.428571 1.000000
vt 0.285714 0.000000
vt 0.428571 1.000000
vt 0.285714 1.000000
vt 0.000000 0.000000
vt 1.000000 0.000000
vt 1.000000 1.000000
vt 0.000000 0.000000
vt 1.000000 0.000000
vt 1.000000 1.000000
vt 0.428571 0.000000
vt 0.571429 0.000000
vt 0.571429 1.000000
vt 0.428571 0.000000
vt 0.571429 1.000000
vt 0.428571 1.000000
vt 0.000000 0.000000
vt 1.000000 0.000000
vt 1.000000 1.000000
vt 0.000000 0.000000
vt 1.000000 0.000000
vt 1.000000 1.000000
vt 0.571429 0.000000
vt 0.714286 0.000000
vt 0.714286 1.000000
vt 0.571429 0.000000
vt 0.714286 1.000000
vt 0.571429 1.000000
vt 0.000000 0.000000
vt 1.000000 0.000000
vt 1.000000 1.000000
vt 0.000000 0.000000
vt 1.000000 0.000000
vt 1.000000 1.000000
vt 0.714286 0.000000
vt 0.857143 0.000000
vt 0.857143 1.000000
vt 0.714286 0.000000
vt 0.857143 1.000000
vt 0.714286 1.000000
vt 0.000000 0.000000
vt 1.000000 0.000000
vt 1.000000 1.000000
vt 0.000000 0.000000
vt 1.000000 0.000000
vt 1.000000 1.000000
vt 0.857143 0.000000
vt 1.000000 0.000000
vt 1.000000 1.000000
vt 0.857143 0.000000
vt 1.000000 1.000000
vt 0.857143 1.000000
vt 0.000000 0.000000
vt 1.000000 0.000000
vt 1.000000 1.000000
vt 0.000000 0.000000
vt 1.000000 0.000000
vt 1.000000 1.000000
vt 0.000000 0.000000
vt 0.000000 0.200000
vt 0.142857 0.200000
vt 0.000000 0.000000
vt 0.142857 0.200000
vt 0.142857 0.000000
vt 0.142857 0.000000
vt 0.142857 0.200000
vt 0.285714 0.200000
vt 0.142857 0.000000
vt 0.285714 0.200000
vt 0.285714 0.000000
vt 0.285714 0.000000
vt 0.285714 0.200000
vt 0.428571 0.200000
vt 0.285714 0.000000
vt 0.428571 0.200000
vt 0.428571 0.000000
vt 0.428571 0.000000
vt 0.428571 0.200000
vt 0.571429 0.200000
vt 0.428571 0.000000
vt 0.571429 0.200000
vt 0.571429 0.000000
vt 0.571429 0.000000
vt 0.571429 0.200000
vt 0.714286 0.200000
vt 0.571429 0.000000
vt 0.714286 0.200000
vt 0.714286 0.000000
vt 0.714286 0.000000
vt 0.714286 0.200000
vt 0.857143 0.200000
vt 0.714286 0.000000
vt 0.857143 0.200000
vt 0.857143 0.000000
vt 0.857143 0.000000
vt 0.857143 0.200000
vt 1.000000 0.200000
vt 0.857143 0.000000
vt 1.000000 0.200000
vt 1.000000 0.000000
vt 0.000000 0.200000
vt 0.000000 0.400000
vt 0.142857 0.400000
vt 0.000000 0.200000
vt 0.142857 0.400000
vt 0.142857 0.200000
vt 0.142857 0.200000
vt 0.142857 0.400000
vt 0.285714 0.400000
vt 0.142857 0.200000
vt 0.285714 0.400000
vt 0.285714 0.200000
vt 0.285714 0.200000
vt 0.285714 0.400000
vt 0.428571 0.400000
vt 0.285714 0.200000
vt 0.428571 0.400000
vt 0.428571 0.200000
vt 0.428571 0.200000
vt 0.428571 0.400000
vt 0.571429 0.400000
vt 0.428571 0.200000
vt 0.571429 0.400000
vt 0.571429 0.200000
vt 0.571429 0.200000
vt 0.571429 0.400000
vt 0.714286 0.400000
vt 0.571429 0.200000
vt 0.714286 0.400000
vt 0.714286 0.200000
vt 0.714286 0.200000
vt 0.714286 0.400000
vt 0.857143 0.400000
vt 0.714286 0.200000
vt 0.857143 0.400000
vt 0.857143 0.200000
vt 0.857143 0.200000
vt 0.857143 0.400000
vt 1.000000 0.400000
vt 0.857143 0.200000
vt 1.000000 0.400000
vt 1.000000 0.200000
vt 0.000000 0.400000
vt 0.000000 0.600000
vt 0.142857 0.600000
vt 0.000000 0.400000
vt 0.142857 0.600000
vt 0.142857 0.400000
vt 0.142857 0.400000
vt 0.142857 0.600000
vt 0.285714 0.600000
vt 0.142857 0.400000
vt 0.285714 0.600000
vt 0.285714 0.400000
vt 0.285714 0.400000
vt 0.285714 0.600000
vt 0.428571 0.600000
vt 0.285714 0.400000
vt 0.428571 0.600000
vt 0.428571 0.400000
vt 0.428571 0.400000
vt 0.428571 0.600000
vt 0.571429 0.600000
vt 0.428571 0.400000
vt 0.571429 0.600000
vt 0.571429 0.400000
vt 0.571429 0.400000
vt 0.571429 0.600000
vt 0.714286 0.600000
vt 0.571429 0.400000
vt 0.714286 0.600000
vt 0.714286 0.400000
vt 0.714286 0.400000
vt 0.714286 0.600000
vt 0.857143 0.600000
vt 0.714286 0.400000
vt 0.857143 0.600000
vt 0.857143 0.400000
vt 0.857143 0.400000
vt 0.857143 0.600000
vt 1.000000 0.600000
vt 0.857143 0.400000
vt 1.000000 0.600000
vt 1.000000 0.400000
vt 0.000000 0.600000
vt 0.000000 0.800000
vt 0.142857 0.800000
vt 0.000000 0.600000
vt 0.142857 0.800000
vt 0.142857 0.600000
vt 0.142857 0.600000
vt 0.142857 0.800000
vt 0.285714 0.800000
vt 0.142857 0.600000
vt 0.285714 0.800000
vt 0.285714 0.600000
vt 0.285714 0.600000
vt 0.285714 0.800000
vt 0.428571 0.800000
vt 0.285714 0.600000
vt 0.428571 0.800000
vt 0.428571 0.600000
vt 0.428571 0.600000
vt 0.428571 0.800000
vt 0.571429 0.800000
vt 0.428571 0.600000
vt 0.571429 0.800000
vt 0.571429 0.600000
vt 0.571429 0.600000
vt 0.571429 0.800000
vt 0.714286 0.800000
vt 0.571429 0.600000
vt 0.714286 0.800000
vt 0.714286 0.600000
vt 0.714286 0.600000
vt 0.714286 0.800000
vt 0.857143 0.800000
vt 0.714286 0.600000
vt 0.857143 0.800000
vt 0.857143 0.600000
vt 0.857143 0.600000
vt 0.857143 0.800000
vt 1.000000 0.800000
vt 0.857143 0.600000
vt 1.000000 0.800000
vt 1.000000 0.600000
vt 0.000000 0.800000
vt 0.000000 1.000000
vt 0.142857 1.000000
vt 0.000000 0.800000
vt 0.142857 1.000000
vt 0.142857 0.800000
vt 0.142857 0.800000
vt 0.142857 1.000000
vt 0.285714 1.000000
vt 0.142857 0.800000
vt 0.285714 1.000000
vt 0.285714 0.800000
vt 0.285714 0.800000
vt 0.285714 1.000000
vt 0.428571 1.000000
vt 0.285714 0.800000
vt 0.428571 1.000000
vt 0.428571 0.800000
vt 0.428571 0.800000
vt 0.428571 1.000000
vt 0.571429 1.000000
vt 0.428571 0.800000
vt 0.571429 1.000000
vt 0.571429 0.800000
vt 0.571429 0.800000
vt 0.571429 1.000000
vt 0.714286 1.000000
vt 0.571429 0.800000
vt 0.714286 1.000000
vt 0.714286 0.800000
vt 0.714286 0.800000
vt 0.714286 1.000000
vt 0.857143 1.000000
vt 0.714286 0.800000
vt 0.857143 1.000000
vt 0.857143 0.800000
vt 0.857143 0.800000
vt 0.857143 1.000000
vt 1.000000 1.000000
vt 0.857143 0.800000
vt 1.000000 1.000000
vt 1.000000 0.800000
vt 0.000000 0.000000
vt 0.142857 0.000000
vt 0.142857 1.000000
vt 0.000000 0.000000
vt 0.142857 1.000000
vt 0.000000 1.000000
vt 0.000000 0.000000
vt 1.000000 0.000000
vt 1.000000 1.000000
vt 0.000000 0.000000
vt 1.000000 0.000000
vt 1.000000 1.000000
vt 0.142857 0.000000
vt 0.285714 0.000000
vt 0.285714 1.000000
vt 0.142857 0.000000
vt 0.285714 1.000000
vt 0.142857 1.000000
vt 0.000000 0.000000
vt 1.000000 0.000000
vt 1.000000 1.000000
vt 0.000000 0.000000
vt 1.000000 0.000000
vt 1.000000 1.000000
vt 0.285714 0.000000
vt 0.428571 0.000000
vt 0.428571 1.000000
vt 0.285714 0.000000
vt 0.428571 1.000000
vt 0.285714 1.000000
vt 0.000000 0.000000
vt 1.000000 0.000000
vt 1.000000 1.000000
vt 0.000000 0.000000
vt 1.000000 0.000000
vt 1.000000 1.000000
vt 0.428571 0.000000
vt 0.571429 0.000000
vt 0.571429 1.000000
vt 0.428571 0.000000
vt 0.571429 1.000000
vt 0.428571 1.000000
vt 0.000000 0.000000
vt 1.000000 0.000000
vt 1.000000 1.000000
vt 0.000000 0.000000
vt 1.000000 0.000000
vt 1.000000 1.000000
vt 0.571429 0.000000
vt 0.714286 0.000000
vt 0.714286 1.000000
vt 0.571429 0.000000
vt 0.714286 1.000000
vt 0.571429 1.000000
vt 0.000000 0.000000
vt 1.000000 0.000000
vt 1.000000 1.000000
vt 0.000000 0.000000
vt 1.000000 0.000000
vt 1.000000 1.000000
vt 0.714286 0.000000
vt 0.857143 0.000000
vt 0.857143 1.000000
vt 0.714286 0.000000
vt 0.857143 1.000000
vt 0.714286 1.000000
vt 0.000000 0.000000
vt 1.000000 0.000000
vt 1.000000 1.000000
vt 0.000000 0.000000
vt 1.000000 0.000000
vt 1.000000 1.000000
vt 0.857143 0.000000
vt 1.000000 0.000000
vt 1.000000 1.000000
vt 0.857143 0.000000
vt 1.000000 1.000000
vt 0.857143 1.000000
vt 0.000000 0.000000
vt 1.000000 0.000000
vt 1.000000 1.000000
vt 0.000000 0.000000
vt 1.000000 0.000000
vt 1.000000 1.000000
vn 0.000000 -0.032241 0.999480
vn 0.706768 -0.044662 0.706034
vn 0.706768 -0.044662 0.706034
vn 0.000000 -0.032241 0.999480
vn 0.706768 -0.044662 0.706034
vn 0.000000 -0.032241 0.999480
vn -0.030937 -0.999002 -0.032226
vn -0.030937 -0.999002 -0.032226
vn -0.030937 -0.999002 -0.032226
vn 0.030937 0.999002 0.032226
vn 0.030937 0.999002 0.032226
vn 0.030937 0.999002 0.032226
vn 0.706768 -0.044662 0.706034
vn 0.999521 -0.030921 -0.000997
vn 0.999521 -0.030921 -0.000997
vn 0.706768 -0.044662 0.706034
vn 0.999521 -0.030921 -0.000997
vn 0.706768 -0.044662 0.706034
vn -0.030937 -0.999002 -0.032226
vn -0.030937 -0.999002 -0.032226
vn -0.030937 -0.999002 -0.032226
vn 0.030937 0.999002 0.032226
vn 0.030937 0.999002 0.032226
vn 0.030937 0.999002 0.032226
vn 0.999521 -0.030921 -0.000997
vn 0.706768 0.000934 -0.707444
vn 0.706768 0.000934 -0.707444
vn 0.999521 -0.030921 -0.000997
vn 0.706768 0.000934 -0.707444
vn 0.999521 -0.030921 -0.000997
vn -0.030937 -0.999002 -0.032226
vn -0.030937 -0.999002 -0.032226
vn -0.030937 -0.999002 -0.032226
vn 0.030937 0.999002 0.032226
vn 0.030937 0.999002 0.032226
vn 0.030937 0.999002 0.032226
vn 0.706768 0.000934 -0.707444
vn 0.000000 0.032241 -0.999480
vn 0.000000 0.032241 -0.999480
vn 0.706768 0.000934 -0.707444
vn 0.000000 0.032241 -0.999480
vn 0.706768 0.000934 -0.707444
vn -0.030937 -0.999002 -0.032226
vn -0.030937 -0.999002 -0.032226
vn -0.030937 -0.999002 -0.032226
vn 0.030937 0.999002 0.032226
vn 0.030937 0.999002 0.032226
vn 0.030937 0.999002 0.032226
vn 0.000000 0.032241 -0.999480
vn -0.706768 0.044662 -0.706034
vn -0.706768 0.044662 -0.706034
vn 0.000000 0.032241 -0.999480
vn -0.706768 0.044662 -0.706034
vn 0.000000 0.032241 -0.999480
vn -0.030937 -0.999002 -0.032226
vn -0.030937 -0.999002 -0.032226
vn -0.030937 -0.999002 -0.032226
vn 0.030937 0.999002 0.032226
vn 0.030937 0.999002 0.032226
vn 0.030937 0.999002 0.032226
vn -0.706768 0.044662 -0.706034
vn -0.999521 0.030921 0.000997
vn -0.999521 0.030921 0.000997
vn -0.706768 0.044662 -0.706034
vn -0.999521 0.030921 0.000997
vn -0.706768 0.044662 -0.706034
vn -0.030937 -0.999002 -0.032226
vn -0.030937 -0.999002 -0.032226
vn -0.030937 -0.999002 -0.032226
vn 0.030937 0.999002 0.032226
vn 0.030937 0.999002 0.032226
vn 0.030937 0.999002 0.032226
vn -0.999521 0.030921 0.000997
vn -0.706768 -0.000934 0.707444
vn -0.706768 -0.000934 0.707444
vn -0.999521 0.030921 0.000997
vn -0.706768 -0.000934 0.707444
vn -0.999521 0.030921 0.000997
vn -0.030937 -0.999002 -0.032226
vn -0.030937 -0.999002 -0.032226
vn -0.030937 -0.999002 -0.032226
vn 0.030937 0.999002 0.032226
vn 0.030937 0.999002 0.032226
vn 0.030937 0.999002 0.032226
vn -0.706768 -0.000934 0.707444
vn 0.000000 -0.032241 0.999480
vn 0.000000 -0.032241 0.999480
vn -0.706768 -0.000934 0.707444
vn 0.000000 -0.032241 0.999480
vn -0.706768 -0.000934 0.707444
vn -0.030937 -0.999002 -0.032226
vn -0.030937 -0.999002 -0.032226
vn -0.030937 -0.999002 -0.032226
vn 0.030937 0.999002 0.032226
vn 0.030937 0.999002 0.032226
vn 0.030937 0.999002 0.032226
vn 0.000000 1.000000 0.000000
vn 0.423853 0.905731 0.000000
vn 0.290338 0.940607 0.175963
vn 0.000000 1.000000 0.000000
vn 0.290338 0.940607 0.175963
vn 0.000000 1.000000 0.000000
vn 0.000000 1.000000 0.000000
vn 0.290338 0.940607 0.175963
vn 0.000000 0.966358 0.257200
vn 0.000000 1.000000 0.000000
vn 0.000000 0.966358 0.257200
vn 0.000000 1.000000 0.000000
vn 0.000000 1.000000 0.000000
vn 0.000000 0.966358 0.257200
vn -0.273045 0.947661 0.165482
vn 0.000000 1.000000 0.000000
vn -0.273045 0.947661 0.165482
vn 0.000000 1.000000 0.000000
vn 0.000000 1.000000 0.000000
vn -0.273045 0.947661 0.165482
vn -0.401895 0.915686 0.000000
vn 0.000000 1.000000 0.000000
vn -0.401895 0.915686 0.000000
vn 0.000000 1.000000 0.000000
vn 0.000000 1.000000 0.000000
vn -0.401895 0.915686 0.000000
vn -0.272481 0.947884 -0.165140
vn 0.000000 1.000000 0.000000
vn -0.272481 0.947884 -0.165140
vn 0.000000 1.000000 0.000000
vn 0.000000 1.000000 0.000000
vn -0.272481 0.947884 -0.165140
vn -0.000000 0.959900 -0.280344
vn 0.000000 1.000000 0.000000
vn -0.000000 0.959900 -0.280344
vn 0.000000 1.000000 0.000000
vn 0.000000 1.000000 0.000000
vn -0.000000 0.959900 -0.280344
vn 0.296526 0.937964 -0.179713
vn 0.000000 1.000000 0.000000
vn 0.296526 0.937964 -0.179713
vn 0.000000 1.000000 0.000000
vn 0.000000 1.000000 0.000000
vn 0.296526 0.937964 -0.179713
vn 0.398685 0.917088 -0.000000
vn 0.000000 1.000000 0.000000
vn 0.398685 0.917088 -0.000000
vn 0.000000 1.000000 0.000000
vn 0.423853 0.905731 0.000000
vn 0.870468 0.492225 0.000000
vn 0.710742 0.556145 0.430753
vn 0.423853 0.905731 0.000000
vn 0.710742 0.556145 0.430753
vn 0.290338 0.940607 0.175963
vn 0.290338 0.940607 0.175963
vn 0.710742 0.556145 0.430753
vn 0.000000 0.709346 0.704860
vn 0.290338 0.940607 0.175963
vn 0.000000 0.709346 0.704860
vn 0.000000 0.966358 0.257200
vn 0.000000 0.966358 0.257200
vn 0.000000 0.709346 0.704860
vn -0.728744 0.523322 0.441663
vn 0.000000 0.966358 0.257200
vn -0.728744 0.523322 0.441663
vn -0.273045 0.947661 0.165482
vn -0.273045 0.947661 0.165482
vn -0.728744 0.523322 0.441663
vn -0.885532 0.464578 0.000000
vn -0.273045 0.947661 0.165482
vn -0.885532 0.464578 0.000000
vn -0.401895 0.915686 0.000000
vn -0.401895 0.915686 0.000000
vn -0.885532 0.464578 0.000000
vn -0.727720 0.525267 -0.441042
vn -0.401895 0.915686 0.000000
vn -0.727720 0.525267 -0.441042
vn -0.272481 0.947884 -0.165140
vn -0.272481 0.947884 -0.165140
vn -0.727720 0.525267 -0.441042
vn -0.000000 0.680441 -0.732803
vn -0.272481 0.947884 -0.165140
vn -0.000000 0.680441 -0.732803
vn -0.000000 0.959900 -0.280344
vn -0.000000 0.959900 -0.280344
vn -0.000000 0.680441 -0.732803
vn 0.711168 0.555401 -0.431011
vn -0.000000 0.959900 -0.280344
vn 0.711168 0.555401 -0.431011
vn 0.296526 0.937964 -0.179713
vn 0.296526 0.937964 -0.179713
vn 0.711168 0.555401 -0.431011
vn 0.879717 0.475497 -0.000000
vn 0.296526 0.937964 -0.179713
vn 0.879717 0.475497 -0.000000
vn 0.398685 0.917088 -0.000000
vn 0.870468 0.492225 0.000000
vn 0.895588 -0.444885 0.000000
vn 0.718020 -0.543212 0.435164
vn 0.870468 0.492225 0.000000
vn 0.718020 -0.543212 0.435164
vn 0.710742 0.556145 0.430753
vn 0.710742 0.556145 0.430753
vn 0.718020 -0.543212 0.435164
vn 0.000000 -0.655415 0.755269
vn 0.710742 0.556145 0.430753
vn 0.000000 -0.655415 0.755269
vn 0.000000 0.709346 0.704860
vn 0.000000 0.709346 0.704860
vn 0.000000 -0.655415 0.755269
vn -0.707530 -0.561717 0.428806
vn 0.000000 0.709346 0.704860
vn -0.707530 -0.561717 0.428806
vn -0.728744 0.523322 0.441663
vn -0.728744 0.523322 0.441663
vn -0.707530 -0.561717 0.428806
vn -0.873070 -0.487594 0.000000
vn -0.728744 0.523322 0.441663
vn -0.873070 -0.487594 0.000000
vn -0.885532 0.464578 0.000000
vn -0.885532 0.464578 0.000000
vn -0.873070 -0.487594 0.000000
vn -0.693615 -0.584965 -0.420373
vn -0.885532 0.464578 0.000000
vn -0.693615 -0.584965 -0.420373
vn -0.727720 0.525267 -0.441042
vn -0.727720 0.525267 -0.441042
vn -0.693615 -0.584965 -0.420373
vn -0.000000 -0.633250 -0.773947
vn -0.727720 0.525267 -0.441042
vn -0.000000 -0.633250 -0.773947
vn -0.000000 0.680441 -0.732803
vn -0.000000 0.680441 -0.732803
vn -0.000000 -0.633250 -0.773947
vn 0.717906 -0.543419 -0.435094
vn -0.000000 0.680441 -0.732803
vn 0.717906 -0.543419 -0.435094
vn 0.711168 0.555401 -0.431011
vn 0.711168 0.555401 -0.431011
vn 0.717906 -0.543419 -0.435094
vn 0.868183 -0.496245 -0.000000
vn 0.711168 0.555401 -0.431011
vn 0.868183 -0.496245 -0.000000
vn 0.879717 0.475497 -0.000000
vn 0.895588 -0.444885 0.000000
vn 0.381170 -0.924505 0.000000
vn 0.295375 -0.938460 0.179015
vn 0.895588 -0.444885 0.000000
vn 0.295375 -0.938460 0.179015
vn 0.718020 -0.543212 0.435164
vn 0.718020 -0.543212 0.435164
vn 0.295375 -0.938460 0.179015
vn 0.000000 -0.971311 0.237814
vn 0.718020 -0.543212 0.435164
vn 0.000000 -0.971311 0.237814
vn 0.000000 -0.655415 0.755269
vn 0.000000 -0.655415 0.755269
vn 0.000000 -0.971311 0.237814
vn -0.307621 -0.933065 0.186437
vn 0.000000 -0.655415 0.755269
vn -0.307621 -0.933065 0.186437
vn -0.707530 -0.561717 0.428806
vn -0.707530 -0.561717 0.428806
vn -0.307621 -0.933065 0.186437
vn -0.411531 -0.911396 0.000000
vn -0.707530 -0.561717 0.428806
vn -0.411531 -0.911396 0.000000
vn -0.873070 -0.487594 0.000000
vn -0.873070 -0.487594 0.000000
vn -0.411531 -0.911396 0.000000
vn -0.295872 -0.938246 -0.179317
vn -0.873070 -0.487594 0.000000
vn -0.295872 -0.938246 -0.179317
vn -0.693615 -0.584965 -0.420373
vn -0.693615 -0.584965 -0.420373
vn -0.295872 -0.938246 -0.179317
vn -0.000000 -0.971556 -0.236809
vn -0.693615 -0.584965 -0.420373
vn -0.000000 -0.971556 -0.236809
vn -0.000000 -0.633250 -0.773947
vn -0.000000 -0.633250 -0.773947
vn -0.000000 -0.971556 -0.236809
vn 0.288001 -0.941589 -0.174546
vn -0.000000 -0.633250 -0.773947
vn 0.288001 -0.941589 -0.174546
vn 0.717906 -0.543419 -0.435094
vn 0.717906 -0.543419 -0.435094
vn 0.288001 -0.941589 -0.174546
vn 0.392573 -0.919721 -0.000000
vn 0.717906 -0.543419 -0.435094
vn 0.392573 -0.919721 -0.000000
vn 0.868183 -0.496245 -0.000000
vn 0.381170 -0.924505 0.000000
vn 0.000000 -1.000000 0.000000
vn 0.000000 -1.000000 0.000000
vn 0.381170 -0.924505 0.000000
vn 0.000000 -1.000000 0.000000
vn 0.295375 -0.938460 0.179015
vn 0.295375 -0.938460 0.179015
vn 0.000000 -1.000000 0.000000
vn 0.000000 -1.000000 0.000000
vn 0.295375 -0.938460 0.179015
vn 0.000000 -1.000000 0.000000
vn 0.000000 -0.971311 0.237814
vn 0.000000 -0.971311 0.237814
vn 0.000000 -1.000000 0.000000
vn -0.000000 -1.000000 0.000000
vn 0.000000 -0.971311 0.237814
vn -0.000000 -1.000000 0.000000
vn -0.307621 -0.933065 0.186437
vn -0.307621 -0.933065 0.186437
vn -0.000000 -1.000000 0.000000
vn -0.000000 -1.000000 0.000000
vn -0.307621 -0.933065 0.186437
vn -0.000000 -1.000000 0.000000
vn -0.411531 -0.911396 0.000000
vn -0.411531 -0.911396 0.000000
vn -0.000000 -1.000000 0.000000
vn -0.000000 -1.000000 -0.000000
vn -0.411531 -0.911396 0.000000
vn -0.000000 -1.000000 -0.000000
vn -0.295872 -0.938246 -0.179317
vn -0.295872 -0.938246 -0.179317
vn -0.000000 -1.000000 -0.000000
vn -0.000000 -1.000000 -0.000000
vn -0.295872 -0.938246 -0.179317
vn -0.000000 -1.000000 -0.000000
vn -0.000000 -0.971556 -0.236809
vn -0.000000 -0.971556 -0.236809
vn -0.000000 -1.000000 -0.000000
vn 0.000000 -1.000000 -0.000000
vn -0.000000 -0.971556 -0.236809
vn 0.000000 -1.000000 -0.000000
vn 0.288001 -0.941589 -0.174546
vn 0.288001 -0.941589 -0.174546
vn 0.000000 -1.000000 -0.000000
vn 0.000000 -1.000000 -0.000000
vn 0.288001 -0.941589 -0.174546
vn 0.000000 -1.000000 -0.000000
vn 0.392573 -0.919721 -0.000000
vn 0.000000 -0.032241 0.999480
vn 0.706768 -0.000934 0.707444
vn 0.706768 -0.000934 0.707444
vn 0.000000 -0.032241 0.999480
vn 0.706768 -0.000934 0.707444
vn 0.000000 -0.032241 0.999480
vn 0.030937 -0.999002 -0.032226
vn 0.030937 -0.999002 -0.032226
vn 0.030937 -0.999002 -0.032226
vn -0.030937 0.999002 0.032226
vn -0.030937 0.999002 0.032226
vn -0.030937 0.999002 0.032226
vn 0.706768 -0.000934 0.707444
vn 0.999521 0.030921 0.000997
vn 0.999521 0.030921 0.000997
vn 0.706768 -0.000934 0.707444
vn 0.999521 0.030921 0.000997
vn 0.706768 -0.000934 0.707444
vn 0.030937 -0.999002 -0.032226
vn 0.030937 -0.999002 -0.032226
vn 0.030937 -0.999002 -0.032226
vn -0.030937 0.999002 0.032226
vn -0.030937 0.999002 0.032226
vn -0.030937 0.999002 0.032226
vn 0.999521 0.030921 0.000997
vn 0.706768 0.044662 -0.706034
vn 0.706768 0.044662 -0.706034
vn 0.999521 0.030921 0.000997
vn 0.706768 0.044662 -0.706034
vn 0.999521 0.030921 0.000997
vn 0.030937 -0.999002 -0.032226
vn 0.030937 -0.999002 -0.032226
vn 0.030937 -0.999002 -0.032226
vn -0.030937 0.999002 0.032226
vn -0.030937 0.999002 0.032226
vn -0.030937 0.999002 0.032226
vn 0.706768 0.044662 -0.706034
vn 0.000000 0.032241 -0.999480
vn 0.000000 0.032241 -0.999480
vn 0.706768 0.044662 -0.706034
vn 0.000000 0.032241 -0.999480
vn 0.706768 0.044662 -0.706034
vn 0.030937 -0.999002 -0.032226
vn 0.030937 -0.999002 -0.032226
vn 0.030937 -0.999002 -0.032226
vn -0.030937 0.999002 0.032226
vn -0.030937 0.999002 0.032226
vn -0.030937 0.999002 0.032226
vn 0.000000 0.032241 -0.999480
vn -0.706768 0.000934 -0.707444
vn -0.706768 0.000934 -0.707444
vn 0.000000 0.032241 -0.999480
vn -0.706768 0.000934 -0.707444
vn 0.000000 0.032241 -0.999480
vn 0.030937 -0.999002 -0.032226
vn 0.030937 -0.999002 -0.032226
vn 0.030937 -0.999002 -0.032226
vn -0.030937 0.999002 0.032226
vn -0.030937 0.999002 0.032226
vn -0.030937 0.999002 0.032226
vn -0.706768 0.000934 -0.707444
vn -0.999521 -0.030921 -0.000997
vn -0.999521 -0.030921 -0.000997
vn -0.706768 0.000934 -0.707444
vn -0.999521 -0.030921 -0.000997
vn -0.706768 0.000934 -0.707444
vn 0.030937 -0.999002 -0.032226
vn 0.030937 -0.999002 -0.032226
vn 0.030937 -0.999002 -0.032226
vn -0.030937 0.999002 0.032226
vn -0.030937 0.999002 0.032226
vn -0.030937 0.999002 0.032226
vn -0.999521 -0.030921 -0.000997
vn -0.706768 -0.044662 0.706034
vn -0.706768 -0.044662 0.706034
vn -0.999521 -0.030921 -0.000997
vn -0.706768 -0.044662 0.706034
vn -0.999521 -0.030921 -0.000997
vn 0.030937 -0.999002 -0.032226
vn 0.030937 -0.999002 -0.032226
vn 0.030937 -0.999002 -0.032226
vn -0.030937 0.999002 0.032226
vn -0.030937 0.999002 0.032226
vn -0.030937 0.999002 0.032226
vn -0.706768 -0.044662 0.706034
vn 0.000000 -0.032241 0.999480
vn 0.000000 -0.032241 0.999480
vn -0.706768 -0.044662 0.706034
vn 0.000000 -0.032241 0.999480
vn -0.706768 -0.044662 0.706034
vn 0.030937 -0.999002 -0.032226
vn 0.030937 -0.999002 -0.032226
vn 0.030937 -0.999002 -0.032226
vn -0.030937 0.999002 0.032226
vn -0.030937 0.999002 0.032226
vn -0.030937 0.999002 0.032226
vn 0.000000 1.000000 0.000000
vn 0.378806 0.925476 0.000000
vn 0.278959 0.945304 0.169066
vn 0.000000 1.000000 0.000000
vn 0.278959 0.945304 0.169066
vn 0.000000 1.000000 0.000000
vn 0.000000 1.000000 0.000000
vn 0.278959 0.945304 0.169066
vn 0.000000 0.971090 0.238714
vn 0.000000 1.000000 0.000000
vn 0.000000 0.971090 0.238714
vn 0.000000 1.000000 0.000000
vn 0.000000 1.000000 0.000000
vn 0.000000 0.971090 0.238714
vn -0.318020 0.928286 0.192739
vn 0.000000 1.000000 0.000000
vn -0.318020 0.928286 0.192739
vn 0.000000 1.000000 0.000000
vn 0.000000 1.000000 0.000000
vn -0.318020 0.928286 0.192739
vn -0.398649 0.917103 0.000000
vn 0.000000 1.000000 0.000000
vn -0.398649 0.917103 0.000000
vn 0.000000 1.000000 0.000000
vn 0.000000 1.000000 0.000000
vn -0.398649 0.917103 0.000000
vn -0.303700 0.934820 -0.184060
vn 0.000000 1.000000 0.000000
vn -0.303700 0.934820 -0.184060
vn 0.000000 1.000000 0.000000
vn 0.000000 1.000000 0.000000
vn -0.303700 0.934820 -0.184060
vn -0.000000 0.970354 -0.241687
vn 0.000000 1.000000 0.000000
vn -0.000000 0.970354 -0.241687
vn 0.000000 1.000000 0.000000
vn 0.000000 1.000000 0.000000
vn -0.000000 0.970354 -0.241687
vn 0.278246 0.945591 -0.168634
vn 0.000000 1.000000 0.000000
vn 0.278246 0.945591 -0.168634
vn 0.000000 1.000000 0.000000
vn 0.000000 1.000000 0.000000
vn 0.278246 0.945591 -0.168634
vn 0.402700 0.915332 -0.000000
vn 0.000000 1.000000 0.000000
vn 0.402700 0.915332 -0.000000
vn 0.000000 1.000000 0.000000
vn 0.378806 0.925476 0.000000
vn 0.892064 0.451909 0.000000
vn 0.714499 0.549523 0.433030
vn 0.378806 0.925476 0.000000
vn 0.714499 0.549523 0.433030
vn 0.278959 0.945304 0.169066
vn 0.278959 0.945304 0.169066
vn 0.714499 0.549523 0.433030
vn 0.000000 0.641968 0.766731
vn 0.278959 0.945304 0.169066
vn 0.000000 0.641968 0.766731
vn 0.000000 0.971090 0.238714
vn 0.000000 0.971090 0.238714
vn 0.000000 0.641968 0.766731
vn -0.712594 0.552897 0.431875
vn 0.000000 0.971090 0.238714
vn -0.712594 0.552897 0.431875
vn -0.318020 0.928286 0.192739
vn -0.318020 0.928286 0.192739
vn -0.712594 0.552897 0.431875
vn -0.871237 0.490863 0.000000
vn -0.318020 0.928286 0.192739
vn -0.871237 0.490863 0.000000
vn -0.398649 0.917103 0.000000
vn -0.398649 0.917103 0.000000
vn -0.871237 0.490863 0.000000
vn -0.700039 0.574407 -0.424266
vn -0.398649 0.917103 0.000000
vn -0.700039 0.574407 -0.424266
vn -0.303700 0.934820 -0.184060
vn -0.303700 0.934820 -0.184060
vn -0.700039 0.574407 -0.424266
vn -0.000000 0.640533 -0.767930
vn -0.303700 0.934820 -0.184060
vn -0.000000 0.640533 -0.767930
vn -0.000000 0.970354 -0.241687
vn -0.000000 0.970354 -0.241687
vn -0.000000 0.640533 -0.767930
vn 0.713723 0.550901 -0.432559
vn -0.000000 0.970354 -0.241687
vn 0.713723 0.550901 -0.432559
vn 0.278246 0.945591 -0.168634
vn 0.278246 0.945591 -0.168634
vn 0.713723 0.550901 -0.432559
vn 0.874741 0.484591 -0.000000
vn 0.278246 0.945591 -0.168634
vn 0.874741 0.484591 -0.000000
vn 0.402700 0.915332 -0.000000
vn 0.892064 0.451909 0.000000
vn 0.874574 -0.484892 0.000000
vn 0.697842 -0.578051 0.422934
vn 0.892064 0.451909 0.000000
vn 0.697842 -0.578051 0.422934
vn 0.714499 0.549523 0.433030
vn 0.714499 0.549523 0.433030
vn 0.697842 -0.578051 0.422934
vn 0.000000 -0.683847 0.729626
vn 0.714499 0.549523 0.433030
vn 0.000000 -0.683847 0.729626
vn 0.000000 0.641968 0.766731
vn 0.000000 0.641968 0.766731
vn 0.000000 -0.683847 0.729626
vn -0.717310 -0.544493 0.434733
vn 0.000000 0.641968 0.766731
vn -0.717310 -0.544493 0.434733
vn -0.712594 0.552897 0.431875
vn -0.712594 0.552897 0.431875
vn -0.717310 -0.544493 0.434733
vn -0.889853 -0.456248 0.000000
vn -0.712594 0.552897 0.431875
vn -0.889853 -0.456248 0.000000
vn -0.871237 0.490863 0.000000
vn -0.871237 0.490863 0.000000
vn -0.889853 -0.456248 0.000000
vn -0.712813 -0.552510 -0.432008
vn -0.871237 0.490863 0.000000
vn -0.712813 -0.552510 -0.432008
vn -0.700039 0.574407 -0.424266
vn -0.700039 0.574407 -0.424266
vn -0.712813 -0.552510 -0.432008
vn -0.000000 -0.654200 -0.756321
vn -0.700039 0.574407 -0.424266
vn -0.000000 -0.654200 -0.756321
vn -0.000000 0.640533 -0.767930
vn -0.000000 0.640533 -0.767930
vn -0.000000 -0.654200 -0.756321
vn 0.697988 -0.577809 -0.423023
vn -0.000000 0.640533 -0.767930
vn 0.697988 -0.577809 -0.423023
vn 0.713723 0.550901 -0.432559
vn 0.713723 0.550901 -0.432559
vn 0.697988 -0.577809 -0.423023
vn 0.886931 -0.461902 -0.000000
vn 0.713723 0.550901 -0.432559
vn 0.886931 -0.461902 -0.000000
vn 0.874741 0.484591 -0.000000
vn 0.874574 -0.484892 0.000000
vn 0.393086 -0.919502 0.000000
vn 0.310149 -0.931920 0.187969
vn 0.874574 -0.484892 0.000000
vn 0.310149 -0.931920 0.187969
vn 0.697842 -0.578051 0.422934
vn 0.697842 -0.578051 0.422934
vn 0.310149 -0.931920 0.187969
vn 0.000000 -0.965830 0.259177
vn 0.697842 -0.578051 0.422934
vn 0.000000 -0.965830 0.259177
vn 0.000000 -0.683847 0.729626
vn 0.000000 -0.683847 0.729626
vn 0.000000 -0.965830 0.259177
vn -0.276894 -0.946133 0.167814
vn 0.000000 -0.683847 0.729626
vn -0.276894 -0.946133 0.167814
vn -0.717310 -0.544493 0.434733
vn -0.717310 -0.544493 0.434733
vn -0.276894 -0.946133 0.167814
vn -0.389770 -0.920912 0.000000
vn -0.717310 -0.544493 0.434733
vn -0.389770 -0.920912 0.000000
vn -0.889853 -0.456248 0.000000
vn -0.889853 -0.456248 0.000000
vn -0.389770 -0.920912 0.000000
vn -0.286370 -0.942269 -0.173557
vn -0.889853 -0.456248 0.000000
vn -0.286370 -0.942269 -0.173557
vn -0.712813 -0.552510 -0.432008
vn -0.712813 -0.552510 -0.432008
vn -0.286370 -0.942269 -0.173557
vn -0.000000 -0.966496 -0.256681
vn -0.712813 -0.552510 -0.432008
vn -0.000000 -0.966496 -0.256681
vn -0.000000 -0.654200 -0.756321
vn -0.000000 -0.654200 -0.756321
vn -0.000000 -0.966496 -0.256681
vn 0.316956 -0.928783 -0.192095
vn -0.000000 -0.654200 -0.756321
vn 0.316956 -0.928783 -0.192095
vn 0.697988 -0.577809 -0.423023
vn 0.697988 -0.577809 -0.423023
vn 0.316956 -0.928783 -0.192095
vn 0.385695 -0.922626 -0.000000
vn 0.697988 -0.577809 -0.423023
vn 0.385695 -0.922626 -0.000000
vn 0.886931 -0.461902 -0.000000
vn 0.393086 -0.919502 0.000000
vn 0.000000 -1.000000 0.000000
vn 0.000000 -1.000000 0.000000
vn 0.393086 -0.919502 0.000000
vn 0.000000 -1.000000 0.000000
vn 0.310149 -0.931920 0.187969
vn 0.310149 -0.931920 0.187969
vn 0.000000 -1.000000 0.000000
vn 0.000000 -1.000000 0.000000
vn 0.310149 -0.931920 0.187969
vn 0.000000 -1.000000 0.000000
vn 0.000000 -0.965830 0.259177
vn 0.000000 -0.965830 0.259177
vn 0.000000 -1.000000 0.000000
vn -0.000000 -1.000000 0.000000
vn 0.000000 -0.965830 0.259177
vn -0.000000 -1.000000 0.000000
vn -0.276894 -0.946133 0.167814
vn -0.276894 -0.946133 0.167814
vn -0.000000 -1.000000 0.000000
vn -0.000000 -1.000000 0.000000
vn -0.276894 -0.946133 0.167814
vn -0.000000 -1.000000 0.000000
vn -0.389770 -0.920912 0.000000
vn -0.389770 -0.920912 0.000000
vn -0.000000 -1.000000 0.000000
vn -0.000000 -1.000000 -0.000000
vn -0.389770 -0.920912 0.000000
vn -0.000000 -1.000000 -0.000000
vn -0.286370 -0.942269 -0.173557
vn -0.286370 -0.942269 -0.173557
vn -0.000000 -1.000000 -0.000000
vn -0.000000 -1.000000 -0.000000
vn -0.286370 -0.942269 -0.173557
vn -0.000000 -1.000000 -0.000000
vn -0.000000 -0.966496 -0.256681
vn -0.000000 -0.966496 -0.256681
vn -0.000000 -1.000000 -0.000000
vn 0.000000 -1.000000 -0.000000
vn -0.000000 -0.966496 -0.256681
vn 0.000000 -1.000000 -0.000000
vn 0.316956 -0.928783 -0.192095
vn 0.316956 -0.928783 -0.192095
vn 0.000000 -1.000000 -0.000000
vn 0.000000 -1.000000 -0.000000
vn 0.316956 -0.928783 -0.192095
vn 0.000000 -1.000000 -0.000000
vn 0.385695 -0.922626 -0.000000
vn 0.000000 1.000000 0.000000
vn 0.457277 0.889325 0.000000
vn 0.403484 0.849935 0.338839
vn 0.000000 1.000000 0.000000
vn 0.403484 0.849935 0.338839
vn 0.000000 1.000000 0.000000
vn 0.000000 1.000000 0.000000
vn 0.403484 0.849935 0.338839
vn 0.215019 0.812601 0.541707
vn 0.000000 1.000000 0.000000
vn 0.215019 0.812601 0.541707
vn 0.000000 1.000000 0.000000
vn 0.000000 1.000000 0.000000
vn 0.215019 0.812601 0.541707
vn 0.000000 0.797553 0.603249
vn 0.000000 1.000000 0.000000
vn 0.000000 0.797553 0.603249
vn 0.000000 1.000000 0.000000
vn 0.000000 1.000000 0.000000
vn 0.000000 0.797553 0.603249
vn -0.201173 0.838248 0.506824
vn 0.000000 1.000000 0.000000
vn -0.201173 0.838248 0.506824
vn 0.000000 1.000000 0.000000
vn 0.000000 1.000000 0.000000
vn -0.201173 0.838248 0.506824
vn -0.388286 0.861921 0.326076
vn 0.000000 1.000000 0.000000
vn -0.388286 0.861921 0.326076
vn 0.000000 1.000000 0.000000
vn 0.000000 1.000000 0.000000
vn -0.388286 0.861921 0.326076
vn -0.471276 0.881986 0.000000
vn 0.000000 1.000000 0.000000
vn -0.471276 0.881986 0.000000
vn 0.000000 1.000000 0.000000
vn 0.000000 1.000000 0.000000
vn -0.471276 0.881986 0.000000
vn -0.416280 0.839346 -0.349584
vn 0.000000 1.000000 0.000000
vn -0.416280 0.839346 -0.349584
vn 0.000000 1.000000 0.000000
vn 0.000000 1.000000 0.000000
vn -0.416280 0.839346 -0.349584
vn -0.216897 0.808926 -0.546438
vn 0.000000 1.000000 0.000000
vn -0.216897 0.808926 -0.546438
vn 0.000000 1.000000 0.000000
vn 0.000000 1.000000 0.000000
vn -0.216897 0.808926 -0.546438
vn -0.000000 0.767634 -0.640889
vn 0.000000 1.000000 0.000000
vn -0.000000 0.767634 -0.640889
vn 0.000000 1.000000 0.000000
vn 0.000000 1.000000 0.000000
vn -0.000000 0.767634 -0.640889
vn 0.211392 0.819563 -0.532569
vn 0.000000 1.000000 0.000000
vn 0.211392 0.819563 -0.532569
vn 0.000000 1.000000 0.000000
vn 0.000000 1.000000 0.000000
vn 0.211392 0.819563 -0.532569
vn 0.401853 0.851251 -0.337469
vn 0.000000 1.000000 0.000000
vn 0.401853 0.851251 -0.337469
vn 0.000000 1.000000 0.000000
vn 0.000000 1.000000 0.000000
vn 0.401853 0.851251 -0.337469
vn 0.458769 0.888555 -0.000000
vn 0.000000 1.000000 0.000000
vn 0.458769 0.888555 -0.000000
vn 0.000000 1.000000 0.000000
vn 0.457277 0.889325 0.000000
vn 0.821352 0.570421 0.000000
vn 0.638369 0.552351 0.536091
vn 0.457277 0.889325 0.000000
vn 0.638369 0.552351 0.536091
vn 0.403484 0.849935 0.338839
vn 0.403484 0.849935 0.338839
vn 0.638369 0.552351 0.536091
vn 0.313342 0.527859 0.789418
vn 0.403484 0.849935 0.338839
vn 0.313342 0.527859 0.789418
vn 0.215019 0.812601 0.541707
vn 0.215019 0.812601 0.541707
vn 0.313342 0.527859 0.789418
vn 0.000000 0.497499 0.867464
vn 0.215019 0.812601 0.541707
vn 0.000000 0.497499 0.867464
vn 0.000000 0.797553 0.603249
vn 0.000000 0.797553 0.603249
vn 0.000000 0.497499 0.867464
vn -0.321380 0.491071 0.809669
vn 0.000000 0.797553 0.603249
vn -0.321380 0.491071 0.809669
vn -0.201173 0.838248 0.506824
vn -0.201173 0.838248 0.506824
vn -0.321380 0.491071 0.809669
vn -0.614899 0.596029 0.516381
vn -0.201173 0.838248 0.506824
vn -0.614899 0.596029 0.516381
vn -0.388286 0.861921 0.326076
vn -0.388286 0.861921 0.326076
vn -0.614899 0.596029 0.516381
vn -0.810454 0.585803 0.000000
vn -0.388286 0.861921 0.326076
vn -0.810454 0.585803 0.000000
vn -0.471276 0.881986 0.000000
vn -0.471276 0.881986 0.000000
vn -0.810454 0.585803 0.000000
vn -0.629539 0.569371 -0.528675
vn -0.471276 0.881986 0.000000
vn -0.629539 0.569371 -0.528675
vn -0.416280 0.839346 -0.349584
vn -0.416280 0.839346 -0.349584
vn -0.629539 0.569371 -0.528675
vn -0.325193 0.472270 -0.819274
vn -0.416280 0.839346 -0.349584
vn -0.325193 0.472270 -0.819274
vn -0.216897 0.808926 -0.546438
vn -0.216897 0.808926 -0.546438
vn -0.325193 0.472270 -0.819274
vn -0.000000 0.475274 -0.879838
vn -0.216897 0.808926 -0.546438
vn -0.000000 0.475274 -0.879838
vn -0.000000 0.767634 -0.640889
vn -0.000000 0.767634 -0.640889
vn -0.000000 0.475274 -0.879838
vn 0.315562 0.518054 -0.795010
vn -0.000000 0.767634 -0.640889
vn 0.315562 0.518054 -0.795010
vn 0.211392 0.819563 -0.532569
vn 0.211392 0.819563 -0.532569
vn 0.315562 0.518054 -0.795010
vn 0.639400 0.550313 -0.536957
vn 0.211392 0.819563 -0.532569
vn 0.639400 0.550313 -0.536957
vn 0.401853 0.851251 -0.337469
vn 0.401853 0.851251 -0.337469
vn 0.639400 0.550313 -0.536957
vn 0.771976 0.635652 -0.000000
vn 0.401853 0.851251 -0.337469
vn 0.771976 0.635652 -0.000000
vn 0.458769 0.888555 -0.000000
vn 0.821352 0.570421 0.000000
vn 0.953694 0.300778 0.000000
vn 0.733222 0.288516 0.615747
vn 0.821352 0.570421 0.000000
vn 0.733222 0.288516 0.615747
vn 0.638369 0.552351 0.536091
vn 0.638369 0.552351 0.536091
vn 0.733222 0.288516 0.615747
vn 0.359179 0.228368 0.904897
vn 0.638369 0.552351 0.536091
vn 0.359179 0.228368 0.904897
vn 0.313342 0.527859 0.789418
vn 0.313342 0.527859 0.789418
vn 0.359179 0.228368 0.904897
vn 0.000000 0.217529 0.976054
vn 0.313342 0.527859 0.789418
vn 0.000000 0.217529 0.976054
vn 0.000000 0.497499 0.867464
vn 0.000000 0.497499 0.867464
vn 0.000000 0.217529 0.976054
vn -0.360472 0.212881 0.908153
vn 0.000000 0.497499 0.867464
vn -0.360472 0.212881 0.908153
vn -0.321380 0.491071 0.809669
vn -0.321380 0.491071 0.809669
vn -0.360472 0.212881 0.908153
vn -0.737244 0.270475 0.619124
vn -0.321380 0.491071 0.809669
vn -0.737244 0.270475 0.619124
vn -0.614899 0.596029 0.516381
vn -0.614899 0.596029 0.516381
vn -0.737244 0.270475 0.619124
vn -0.949092 0.315000 0.000000
vn -0.614899 0.596029 0.516381
vn -0.949092 0.315000 0.000000
vn -0.810454 0.585803 0.000000
vn -0.810454 0.585803 0.000000
vn -0.949092 0.315000 0.000000
vn -0.730262 0.301045 -0.613261
vn -0.810454 0.585803 0.000000
vn -0.730262 0.301045 -0.613261
vn -0.629539 0.569371 -0.528675
vn -0.629539 0.569371 -0.528675
vn -0.730262 0.301045 -0.613261
vn -0.358830 0.232361 -0.904018
vn -0.629539 0.569371 -0.528675
vn -0.358830 0.232361 -0.904018
vn -0.325193 0.472270 -0.819274
vn -0.325193 0.472270 -0.819274
vn -0.358830 0.232361 -0.904018
vn -0.000000 0.233340 -0.972395
vn -0.325193 0.472270 -0.819274
vn -0.000000 0.233340 -0.972395
vn -0.000000 0.475274 -0.879838
vn -0.000000 0.475274 -0.879838
vn -0.000000 0.233340 -0.972395
vn 0.359764 0.221507 -0.906369
vn -0.000000 0.475274 -0.879838
vn 0.359764 0.221507 -0.906369
vn 0.315562 0.518054 -0.795010
vn 0.315562 0.518054 -0.795010
vn 0.359764 0.221507 -0.906369
vn 0.734826 0.281470 -0.617094
vn 0.315562 0.518054 -0.795010
vn 0.734826 0.281470 -0.617094
vn 0.639400 0.550313 -0.536957
vn 0.639400 0.550313 -0.536957
vn 0.734826 0.281470 -0.617094
vn 0.953241 0.302210 -0.000000
vn 0.639400 0.550313 -0.536957
vn 0.953241 0.302210 -0.000000
vn 0.771976 0.635652 -0.000000
vn 0.953694 0.300778 0.000000
vn 1.000000 0.000000 0.000000
vn 0.765787 0.000000 0.643094
vn 0.953694 0.300778 0.000000
vn 0.765787 0.000000 0.643094
vn 0.733222 0.288516 0.615747
vn 0.733222 0.288516 0.615747
vn 0.765787 0.000000 0.643094
vn 0.368928 0.000000 0.929458
vn 0.733222 0.288516 0.615747
vn 0.368928 0.000000 0.929458
vn 0.359179 0.228368 0.904897
vn 0.359179 0.228368 0.904897
vn 0.368928 0.000000 0.929458
vn 0.000000 0.000000 1.000000
vn 0.359179 0.228368 0.904897
vn 0.000000 0.000000 1.000000
vn 0.000000 0.217529 0.976054
vn 0.000000 0.217529 0.976054
vn 0.000000 0.000000 1.000000
vn -0.368928 0.000000 0.929458
vn 0.000000 0.217529 0.976054
vn -0.368928 0.000000 0.929458
vn -0.360472 0.212881 0.908153
vn -0.360472 0.212881 0.908153
vn -0.368928 0.000000 0.929458
vn -0.765787 0.000000 0.643094
vn -0.360472 0.212881 0.908153
vn -0.765787 0.000000 0.643094
vn -0.737244 0.270475 0.619124
vn -0.737244 0.270475 0.619124
vn -0.765787 0.000000 0.643094
vn -1.000000 0.000000 0.000000
vn -0.737244 0.270475 0.619124
vn -1.000000 0.000000 0.000000
vn -0.949092 0.315000 0.000000
vn -0.949092 0.315000 0.000000
vn -1.000000 0.000000 0.000000
vn -0.765787 0.000000 -0.643094
vn -0.949092 0.315000 0.000000
vn -0.765787 0.000000 -0.643094
vn -0.730262 0.301045 -0.613261
vn -0.730262 0.301045 -0.613261
vn -0.765787 0.000000 -0.643094
vn -0.368928 0.000000 -0.929458
vn -0.730262 0.301045 -0.613261
vn -0.368928 0.000000 -0.929458
vn -0.358830 0.232361 -0.904018
vn -0.358830 0.232361 -0.904018
vn -0.368928 0.000000 -0.929458
vn -0.000000 0.000000 -1.000000
vn -0.358830 0.232361 -0.904018
vn -0.000000 0.000000 -1.000000
vn -0.000000 0.233340 -0.972395
vn -0.000000 0.233340 -0.972395
vn -0.000000 0.000000 -1.000000
vn 0.368928 0.000000 -0.929458
vn -0.000000 0.233340 -0.972395
vn 0.368928 0.000000 -0.929458
vn 0.359764 0.221507 -0.906369
vn 0.359764 0.221507 -0.906369
vn 0.368928 0.000000 -0.929458
vn 0.765787 0.000000 -0.643094
vn 0.359764 0.221507 -0.906369
vn 0.765787 0.000000 -0.643094
vn 0.734826 0.281470 -0.617094
vn 0.734826 0.281470 -0.617094
vn 0.765787 0.000000 -0.643094
vn 1.000000 0.000000 -0.000000
vn 0.734826 0.281470 -0.617094
vn 1.000000 0.000000 -0.000000
vn 0.953241 0.302210 -0.000000
vn 1.000000 0.000000 0.000000
vn 0.955434 -0.295206 0.000000
vn 0.735099 -0.280255 0.617323
vn 1.000000 0.000000 0.000000
vn 0.735099 -0.280255 0.617323
vn 0.765787 0.000000 0.643094
vn 0.765787 0.000000 0.643094
vn 0.735099 -0.280255 0.617323
vn 0.356856 -0.253723 0.899043
vn 0.765787 0.000000 0.643094
vn 0.356856 -0.253723 0.899043
vn 0.368928 0.000000 0.929458
vn 0.368928 0.000000 0.929458
vn 0.356856 -0.253723 0.899043
vn 0.000000 -0.223852 0.974623
vn 0.368928 0.000000 0.929458
vn 0.000000 -0.223852 0.974623
vn 0.000000 0.000000 1.000000
vn 0.000000 0.000000 1.000000
vn 0.000000 -0.223852 0.974623
vn -0.357525 -0.246704 0.900729
vn 0.000000 0.000000 1.000000
vn -0.357525 -0.246704 0.900729
vn -0.368928 0.000000 0.929458
vn -0.368928 0.000000 0.929458
vn -0.357525 -0.246704 0.900729
vn -0.733049 -0.289265 0.615601
vn -0.368928 0.000000 0.929458
vn -0.733049 -0.289265 0.615601
vn -0.765787 0.000000 0.643094
vn -0.765787 0.000000 0.643094
vn -0.733049 -0.289265 0.615601
vn -0.958455 -0.285244 0.000000
vn -0.765787 0.000000 0.643094
vn -0.958455 -0.285244 0.000000
vn -1.000000 0.000000 0.000000
vn -1.000000 0.000000 0.000000
vn -0.958455 -0.285244 0.000000
vn -0.737641 -0.268620 -0.619458
vn -1.000000 0.000000 0.000000
vn -0.737641 -0.268620 -0.619458
vn -0.765787 0.000000 -0.643094
vn -0.765787 0.000000 -0.643094
vn -0.737641 -0.268620 -0.619458
vn -0.360013 -0.218508 -0.906998
vn -0.765787 0.000000 -0.643094
vn -0.360013 -0.218508 -0.906998
vn -0.368928 0.000000 -0.929458
vn -0.368928 0.000000 -0.929458
vn -0.360013 -0.218508 -0.906998
vn -0.000000 -0.216810 -0.976214
vn -0.368928 0.000000 -0.929458
vn -0.000000 -0.216810 -0.976214
vn -0.000000 0.000000 -1.000000
vn -0.000000 0.000000 -1.000000
vn -0.000000 -0.216810 -0.976214
vn 0.358551 -0.235512 -0.903314
vn -0.000000 0.000000 -1.000000
vn 0.358551 -0.235512 -0.903314
vn 0.368928 0.000000 -0.929458
vn 0.368928 0.000000 -0.929458
vn 0.358551 -0.235512 -0.903314
vn 0.735751 -0.277321 -0.617870
vn 0.368928 0.000000 -0.929458
vn 0.735751 -0.277321 -0.617870
vn 0.765787 0.000000 -0.643094
vn 0.765787 0.000000 -0.643094
vn 0.735751 -0.277321 -0.617870
vn 0.952476 -0.304615 -0.000000
vn 0.765787 0.000000 -0.643094
vn 0.952476 -0.304615 -0.000000
vn 1.000000 0.000000 -0.000000
vn 0.955434 -0.295206 0.000000
vn 0.767090 -0.641540 0.000000
vn 0.610584 -0.603545 0.512758
vn 0.955434 -0.295206 0.000000
vn 0.610584 -0.603545 0.512758
vn 0.735099 -0.280255 0.617323
vn 0.735099 -0.280255 0.617323
vn 0.610584 -0.603545 0.512758
vn 0.321037 -0.492718 0.808804
vn 0.735099 -0.280255 0.617323
vn 0.321037 -0.492718 0.808804
vn 0.356856 -0.253723 0.899043
vn 0.356856 -0.253723 0.899043
vn 0.321037 -0.492718 0.808804
vn 0.000000 -0.471477 0.881878
vn 0.356856 -0.253723 0.899043
vn 0.000000 -0.471477 0.881878
vn 0.000000 -0.223852 0.974623
vn 0.000000 -0.223852 0.974623
vn 0.000000 -0.471477 0.881878
vn -0.322705 -0.484647 0.813006
vn 0.000000 -0.223852 0.974623
vn -0.322705 -0.484647 0.813006
vn -0.357525 -0.246704 0.900729
vn -0.357525 -0.246704 0.900729
vn -0.322705 -0.484647 0.813006
vn -0.634603 -0.559702 0.532928
vn -0.357525 -0.246704 0.900729
vn -0.634603 -0.559702 0.532928
vn -0.733049 -0.289265 0.615601
vn -0.733049 -0.289265 0.615601
vn -0.634603 -0.559702 0.532928
vn -0.779494 -0.626409 0.000000
vn -0.733049 -0.289265 0.615601
vn -0.779494 -0.626409 0.000000
vn -0.958455 -0.285244 0.000000
vn -0.958455 -0.285244 0.000000
vn -0.779494 -0.626409 0.000000
vn -0.618638 -0.589393 -0.519522
vn -0.958455 -0.285244 0.000000
vn -0.618638 -0.589393 -0.519522
vn -0.737641 -0.268620 -0.619458
vn -0.737641 -0.268620 -0.619458
vn -0.618638 -0.589393 -0.519522
vn -0.319163 -0.501585 -0.804082
vn -0.737641 -0.268620 -0.619458
vn -0.319163 -0.501585 -0.804082
vn -0.360013 -0.218508 -0.906998
vn -0.360013 -0.218508 -0.906998
vn -0.319163 -0.501585 -0.804082
vn -0.000000 -0.485357 -0.874316
vn -0.360013 -0.218508 -0.906998
vn -0.000000 -0.485357 -0.874316
vn -0.000000 -0.216810 -0.976214
vn -0.000000 -0.216810 -0.976214
vn -0.000000 -0.485357 -0.874316
vn 0.325450 -0.470969 -0.819921
vn -0.000000 -0.216810 -0.976214
vn 0.325450 -0.470969 -0.819921
vn 0.358551 -0.235512 -0.903314
vn 0.358551 -0.235512 -0.903314
vn 0.325450 -0.470969 -0.819921
vn 0.607838 -0.608253 -0.510452
vn 0.358551 -0.235512 -0.903314
vn 0.607838 -0.608253 -0.510452
vn 0.735751 -0.277321 -0.617870
vn 0.735751 -0.277321 -0.617870
vn 0.607838 -0.608253 -0.510452
vn 0.816070 -0.577953 -0.000000
vn 0.735751 -0.277321 -0.617870
vn 0.816070 -0.577953 -0.000000
vn 0.952476 -0.304615 -0.000000
vn 0.767090 -0.641540 0.000000
vn 0.469095 -0.883148 0.000000
vn 0.416398 -0.839246 0.349684
vn 0.767090 -0.641540 0.000000
vn 0.416398 -0.839246 0.349684
vn 0.610584 -0.603545 0.512758
vn 0.610584 -0.603545 0.512758
vn 0.416398 -0.839246 0.349684
vn 0.207564 -0.826719 0.522927
vn 0.610584 -0.603545 0.512758
vn 0.207564 -0.826719 0.522927
vn 0.321037 -0.492718 0.808804
vn 0.321037 -0.492718 0.808804
vn 0.207564 -0.826719 0.522927
vn 0.000000 -0.790620 0.612307
vn 0.321037 -0.492718 0.808804
vn 0.000000 -0.790620 0.612307
vn 0.000000 -0.471477 0.881878
vn 0.000000 -0.471477 0.881878
vn 0.000000 -0.790620 0.612307
vn -0.207721 -0.826431 0.523320
vn 0.000000 -0.471477 0.881878
vn -0.207721 -0.826431 0.523320
vn -0.322705 -0.484647 0.813006
vn -0.322705 -0.484647 0.813006
vn -0.207721 -0.826431 0.523320
vn -0.394202 -0.857330 0.331044
vn -0.322705 -0.484647 0.813006
vn -0.394202 -0.857330 0.331044
vn -0.634603 -0.559702 0.532928
vn -0.634603 -0.559702 0.532928
vn -0.394202 -0.857330 0.331044
vn -0.480784 -0.876839 0.000000
vn -0.634603 -0.559702 0.532928
vn -0.480784 -0.876839 0.000000
vn -0.779494 -0.626409 0.000000
vn -0.779494 -0.626409 0.000000
vn -0.480784 -0.876839 0.000000
vn -0.427577 -0.829606 -0.359072
vn -0.779494 -0.626409 0.000000
vn -0.427577 -0.829606 -0.359072
vn -0.618638 -0.589393 -0.519522
vn -0.618638 -0.589393 -0.519522
vn -0.427577 -0.829606 -0.359072
vn -0.220055 -0.802634 -0.554395
vn -0.618638 -0.589393 -0.519522
vn -0.220055 -0.802634 -0.554395
vn -0.319163 -0.501585 -0.804082
vn -0.319163 -0.501585 -0.804082
vn -0.220055 -0.802634 -0.554395
vn -0.000000 -0.757927 -0.652339
vn -0.319163 -0.501585 -0.804082
vn -0.000000 -0.757927 -0.652339
vn -0.000000 -0.485357 -0.874316
vn -0.000000 -0.485357 -0.874316
vn -0.000000 -0.757927 -0.652339
vn 0.209822 -0.822521 -0.528615
vn -0.000000 -0.485357 -0.874316
vn 0.209822 -0.822521 -0.528615
vn 0.325450 -0.470969 -0.819921
vn 0.325450 -0.470969 -0.819921
vn 0.209822 -0.822521 -0.528615
vn 0.405607 -0.848210 -0.340621
vn 0.325450 -0.470969 -0.819921
vn 0.405607 -0.848210 -0.340621
vn 0.607838 -0.608253 -0.510452
vn 0.607838 -0.608253 -0.510452
vn 0.405607 -0.848210 -0.340621
vn 0.453027 -0.891497 -0.000000
vn 0.607838 -0.608253 -0.510452
vn 0.453027 -0.891497 -0.000000
vn 0.816070 -0.577953 -0.000000
vn 0.469095 -0.883148 0.000000
vn 0.000000 -1.000000 0.000000
vn 0.000000 -1.000000 0.000000
vn 0.469095 -0.883148 0.000000
vn 0.000000 -1.000000 0.000000
vn 0.416398 -0.839246 0.349684
vn 0.416398 -0.839246 0.349684
vn 0.000000 -1.000000 0.000000
vn 0.000000 -1.000000 0.000000
vn 0.416398 -0.839246 0.349684
vn 0.000000 -1.000000 0.000000
vn 0.207564 -0.826719 0.522927
vn 0.207564 -0.826719 0.522927
vn 0.000000 -1.000000 0.000000
vn 0.000000 -1.000000 0.000000
vn 0.207564 -0.826719 0.522927
vn 0.000000 -1.000000 0.000000
vn 0.000000 -0.790620 0.612307
vn 0.000000 -0.790620 0.612307
vn 0.000000 -1.000000 0.000000
vn -0.000000 -1.000000 0.000000
vn 0.000000 -0.790620 0.612307
vn -0.000000 -1.000000 0.000000
vn -0.207721 -0.826431 0.523320
vn -0.207721 -0.826431 0.523320
vn -0.000000 -1.000000 0.000000
vn -0.000000 -1.000000 0.000000
vn -0.207721 -0.826431 0.523320
vn -0.000000 -1.000000 0.000000
vn -0.394202 -0.857330 0.331044
vn -0.394202 -0.857330 0.331044
vn -0.000000 -1.000000 0.000000
vn -0.000000 -1.000000 0.000000
vn -0.394202 -0.857330 0.331044
vn -0.000000 -1.000000 0.000000
vn -0.480784 -0.876839 0.000000
vn -0.480784 -0.876839 0.000000
vn -0.000000 -1.000000 0.000000
vn -0.000000 -1.000000 -0.000000
vn -0.480784 -0.876839 0.000000
vn -0.000000 -1.000000 -0.000000
vn -0.427577 -0.829606 -0.359072
vn -0.427577 -0.829606 -0.359072
vn -0.000000 -1.000000 -0.000000
vn -0.000000 -1.000000 -0.000000
vn -0.427577 -0.829606 -0.359072
vn -0.000000 -1.000000 -0.000000
vn -0.220055 -0.802634 -0.554395
vn -0.220055 -0.802634 -0.554395
vn -0.000000 -1.000000 -0.000000
vn -0.000000 -1.000000 -0.000000
vn -0.220055 -0.802634 -0.554395
vn -0.000000 -1.000000 -0.000000
vn -0.000000 -0.757927 -0.652339
vn -0.000000 -0.757927 -0.652339
vn -0.000000 -1.000000 -0.000000
vn 0.000000 -1.000000 -0.000000
vn -0.000000 -0.757927 -0.652339
vn 0.000000 -1.000000 -0.000000
vn 0.209822 -0.822521 -0.528615
vn 0.209822 -0.822521 -0.528615
vn 0.000000 -1.000000 -0.000000
vn 0.000000 -1.000000 -0.000000
vn 0.209822 -0.822521 -0.528615
vn 0.000000 -1.000000 -0.000000
vn 0.405607 -0.848210 -0.340621
vn 0.405607 -0.848210 -0.340621
vn 0.000000 -1.000000 -0.000000
vn 0.000000 -1.000000 -0.000000
vn 0.405607 -0.848210 -0.340621
vn 0.000000 -1.000000 -0.000000
vn 0.453027 -0.891497 -0.000000
vn 0.000000 1.000000 0.000000
vn 0.363743 0.931499 0.000000
vn 0.306804 0.930955 0.197973
vn 0.000000 1.000000 0.000000
vn 0.306804 0.930955 0.197973
vn 0.000000 1.000000 0.000000
vn 0.000000 1.000000 0.000000
vn 0.306804 0.930955 0.197973
vn 0.201565 0.898399 0.390193
vn 0.000000 1.000000 0.000000
vn 0.201565 0.898399 0.390193
vn 0.000000 1.000000 0.000000
vn 0.000000 1.000000 0.000000
vn 0.201565 0.898399 0.390193
vn 0.000000 0.899922 0.436050
vn 0.000000 1.000000 0.000000
vn 0.000000 0.899922 0.436050
vn 0.000000 1.000000 0.000000
vn 0.000000 1.000000 0.000000
vn 0.000000 0.899922 0.436050
vn -0.200794 0.899218 0.388702
vn 0.000000 1.000000 0.000000
vn -0.200794 0.899218 0.388702
vn 0.000000 1.000000 0.000000
vn 0.000000 1.000000 0.000000
vn -0.200794 0.899218 0.388702
vn -0.318184 0.925529 0.205316
vn 0.000000 1.000000 0.000000
vn -0.318184 0.925529 0.205316
vn 0.000000 1.000000 0.000000
vn 0.000000 1.000000 0.000000
vn -0.318184 0.925529 0.205316
vn -0.399640 0.916672 0.000000
vn 0.000000 1.000000 0.000000
vn -0.399640 0.916672 0.000000
vn 0.000000 1.000000 0.000000
vn 0.000000 1.000000 0.000000
vn -0.399640 0.916672 0.000000
vn -0.312770 0.928139 -0.201822
vn 0.000000 1.000000 0.000000
vn -0.312770 0.928139 -0.201822
vn 0.000000 1.000000 0.000000
vn 0.000000 1.000000 0.000000
vn -0.312770 0.928139 -0.201822
vn -0.188522 0.911742 -0.364945
vn 0.000000 1.000000 0.000000
vn -0.188522 0.911742 -0.364945
vn 0.000000 1.000000 0.000000
vn 0.000000 1.000000 0.000000
vn -0.188522 0.911742 -0.364945
vn -0.000000 0.899839 -0.436223
vn 0.000000 1.000000 0.000000
vn -0.000000 0.899839 -0.436223
vn 0.000000 1.000000 0.000000
vn 0.000000 1.000000 0.000000
vn -0.000000 0.899839 -0.436223
vn 0.196610 0.903597 -0.380602
vn 0.000000 1.000000 0.000000
vn 0.196610 0.903597 -0.380602
vn 0.000000 1.000000 0.000000
vn 0.000000 1.000000 0.000000
vn 0.196610 0.903597 -0.380602
vn 0.336063 0.916535 -0.216853
vn 0.000000 1.000000 0.000000
vn 0.336063 0.916535 -0.216853
vn 0.000000 1.000000 0.000000
vn 0.000000 1.000000 0.000000
vn 0.336063 0.916535 -0.216853
vn 0.405655 0.914026 -0.000000
vn 0.000000 1.000000 0.000000
vn 0.405655 0.914026 -0.000000
vn 0.000000 1.000000 0.000000
vn 0.363743 0.931499 0.000000
vn 0.745593 0.666402 0.000000
vn 0.614407 0.682146 0.396461
vn 0.363743 0.931499 0.000000
vn 0.614407 0.682146 0.396461
vn 0.306804 0.930955 0.197973
vn 0.306804 0.930955 0.197973
vn 0.614407 0.682146 0.396461
vn 0.335976 0.681258 0.650390
vn 0.306804 0.930955 0.197973
vn 0.335976 0.681258 0.650390
vn 0.201565 0.898399 0.390193
vn 0.201565 0.898399 0.390193
vn 0.335976 0.681258 0.650390
vn 0.000000 0.699637 0.714498
vn 0.201565 0.898399 0.390193
vn 0.000000 0.699637 0.714498
vn 0.000000 0.899922 0.436050
vn 0.000000 0.899922 0.436050
vn 0.000000 0.699637 0.714498
vn -0.326744 0.702253 0.632518
vn 0.000000 0.899922 0.436050
vn -0.326744 0.702253 0.632518
vn -0.200794 0.899218 0.388702
vn -0.200794 0.899218 0.388702
vn -0.326744 0.702253 0.632518
vn -0.584922 0.717921 0.377435
vn -0.200794 0.899218 0.388702
vn -0.584922 0.717921 0.377435
vn -0.318184 0.925529 0.205316
vn -0.318184 0.925529 0.205316
vn -0.584922 0.717921 0.377435
vn -0.694502 0.719491 0.000000
vn -0.318184 0.925529 0.205316
vn -0.694502 0.719491 0.000000
vn -0.399640 0.916672 0.000000
vn -0.399640 0.916672 0.000000
vn -0.694502 0.719491 0.000000
vn -0.595249 0.705795 -0.384099
vn -0.399640 0.916672 0.000000
vn -0.595249 0.705795 -0.384099
vn -0.312770 0.928139 -0.201822
vn -0.312770 0.928139 -0.201822
vn -0.595249 0.705795 -0.384099
vn -0.325548 0.704886 -0.630202
vn -0.312770 0.928139 -0.201822
vn -0.325548 0.704886 -0.630202
vn -0.188522 0.911742 -0.364945
vn -0.188522 0.911742 -0.364945
vn -0.325548 0.704886 -0.630202
vn -0.000000 0.704638 -0.709567
vn -0.188522 0.911742 -0.364945
vn -0.000000 0.704638 -0.709567
vn -0.000000 0.899839 -0.436223
vn -0.000000 0.899839 -0.436223
vn -0.000000 0.704638 -0.709567
vn 0.339198 0.673637 -0.656627
vn -0.000000 0.899839 -0.436223
vn 0.339198 0.673637 -0.656627
vn 0.196610 0.903597 -0.380602
vn 0.196610 0.903597 -0.380602
vn 0.339198 0.673637 -0.656627
vn 0.582962 0.720175 -0.376170
vn 0.196610 0.903597 -0.380602
vn 0.582962 0.720175 -0.376170
vn 0.336063 0.916535 -0.216853
vn 0.336063 0.916535 -0.216853
vn 0.582962 0.720175 -0.376170
vn 0.708380 0.705831 -0.000000
vn 0.336063 0.916535 -0.216853
vn 0.708380 0.705831 -0.000000
vn 0.405655 0.914026 -0.000000
vn 0.745593 0.666402 0.000000
vn 0.924698 0.380702 0.000000
vn 0.771147 0.397147 0.497601
vn 0.745593 0.666402 0.000000
vn 0.771147 0.397147 0.497601
vn 0.614407 0.682146 0.396461
vn 0.614407 0.682146 0.396461
vn 0.771147 0.397147 0.497601
vn 0.430503 0.346628 0.833377
vn 0.614407 0.682146 0.396461
vn 0.430503 0.346628 0.833377
vn 0.335976 0.681258 0.650390
vn 0.335976 0.681258 0.650390
vn 0.430503 0.346628 0.833377
vn 0.000000 0.361164 0.932502
vn 0.335976 0.681258 0.650390
vn 0.000000 0.361164 0.932502
vn 0.000000 0.699637 0.714498
vn 0.000000 0.699637 0.714498
vn 0.000000 0.361164 0.932502
vn -0.431271 0.342061 0.834865
vn 0.000000 0.699637 0.714498
vn -0.431271 0.342061 0.834865
vn -0.326744 0.702253 0.632518
vn -0.326744 0.702253 0.632518
vn -0.431271 0.342061 0.834865
vn -0.784091 0.359462 0.505953
vn -0.326744 0.702253 0.632518
vn -0.784091 0.359462 0.505953
vn -0.584922 0.717921 0.377435
vn -0.584922 0.717921 0.377435
vn -0.784091 0.359462 0.505953
vn -0.932283 0.361730 0.000000
vn -0.584922 0.717921 0.377435
vn -0.932283 0.361730 0.000000
vn -0.694502 0.719491 0.000000
vn -0.694502 0.719491 0.000000
vn -0.932283 0.361730 0.000000
vn -0.769060 0.402837 -0.496254
vn -0.694502 0.719491 0.000000
vn -0.769060 0.402837 -0.496254
vn -0.595249 0.705795 -0.384099
vn -0.595249 0.705795 -0.384099
vn -0.769060 0.402837 -0.496254
vn -0.429905 0.350130 -0.832220
vn -0.595249 0.705795 -0.384099
vn -0.429905 0.350130 -0.832220
vn -0.325548 0.704886 -0.630202
vn -0.325548 0.704886 -0.630202
vn -0.429905 0.350130 -0.832220
vn -0.000000 0.358726 -0.933443
vn -0.325548 0.704886 -0.630202
vn -0.000000 0.358726 -0.933443
vn -0.000000 0.704638 -0.709567
vn -0.000000 0.704638 -0.709567
vn -0.000000 0.358726 -0.933443
vn 0.432278 0.335977 -0.836813
vn -0.000000 0.704638 -0.709567
vn 0.432278 0.335977 -0.836813
vn 0.339198 0.673637 -0.656627
vn 0.339198 0.673637 -0.656627
vn 0.432278 0.335977 -0.836813
vn 0.778141 0.377330 -0.502114
vn 0.339198 0.673637 -0.656627
vn 0.778141 0.377330 -0.502114
vn 0.582962 0.720175 -0.376170
vn 0.582962 0.720175 -0.376170
vn 0.778141 0.377330 -0.502114
vn 0.930474 0.366357 -0.000000
vn 0.582962 0.720175 -0.376170
vn 0.930474 0.366357 -0.000000
vn 0.708380 0.705831 -0.000000
vn 0.924698 0.380702 0.000000
vn 1.000000 0.000000 0.000000
vn 0.840254 0.000000 0.542194
vn 0.924698 0.380702 0.000000
vn 0.840254 0.000000 0.542194
vn 0.771147 0.397147 0.497601
vn 0.771147 0.397147 0.497601
vn 0.840254 0.000000 0.542194
vn 0.458957 0.000000 0.888459
vn 0.771147 0.397147 0.497601
vn 0.458957 0.000000 0.888459
vn 0.430503 0.346628 0.833377
vn 0.430503 0.346628 0.833377
vn 0.458957 0.000000 0.888459
vn 0.000000 0.000000 1.000000
vn 0.430503 0.346628 0.833377
vn 0.000000 0.000000 1.000000
vn 0.000000 0.361164 0.932502
vn 0.000000 0.361164 0.932502
vn 0.000000 0.000000 1.000000
vn -0.458957 0.000000 0.888459
vn 0.000000 0.361164 0.932502
vn -0.458957 0.000000 0.888459
vn -0.431271 0.342061 0.834865
vn -0.431271 0.342061 0.834865
vn -0.458957 0.000000 0.888459
vn -0.840254 0.000000 0.542194
vn -0.431271 0.342061 0.834865
vn -0.840254 0.000000 0.542194
vn -0.784091 0.359462 0.505953
vn -0.784091 0.359462 0.505953
vn -0.840254 0.000000 0.542194
vn -1.000000 0.000000 0.000000
vn -0.784091 0.359462 0.505953
vn -1.000000 0.000000 0.000000
vn -0.932283 0.361730 0.000000
vn -0.932283 0.361730 0.000000
vn -1.000000 0.000000 0.000000
vn -0.840254 0.000000 -0.542194
vn -0.932283 0.361730 0.000000
vn -0.840254 0.000000 -0.542194
vn -0.769060 0.402837 -0.496254
vn -0.769060 0.402837 -0.496254
vn -0.840254 0.000000 -0.542194
vn -0.458957 0.000000 -0.888459
vn -0.769060 0.402837 -0.496254
vn -0.458957 0.000000 -0.888459
vn -0.429905 0.350130 -0.832220
vn -0.429905 0.350130 -0.832220
vn -0.458957 0.000000 -0.888459
vn -0.000000 0.000000 -1.000000
vn -0.429905 0.350130 -0.832220
vn -0.000000 0.000000 -1.000000
vn -0.000000 0.358726 -0.933443
vn -0.000000 0.358726 -0.933443
vn -0.000000 0.000000 -1.000000
vn 0.458957 0.000000 -0.888459
vn -0.000000 0.358726 -0.933443
vn 0.458957 0.000000 -0.888459
vn 0.432278 0.335977 -0.836813
vn 0.432278 0.335977 -0.836813
vn 0.458957 0.000000 -0.888459
vn 0.840254 0.000000 -0.542194
vn 0.432278 0.335977 -0.836813
vn 0.840254 0.000000 -0.542194
vn 0.778141 0.377330 -0.502114
vn 0.778141 0.377330 -0.502114
vn 0.840254 0.000000 -0.542194
vn 1.000000 0.000000 -0.000000
vn 0.778141 0.377330 -0.502114
vn 1.000000 0.000000 -0.000000
vn 0.930474 0.366357 -0.000000
vn 1.000000 0.000000 0.000000
vn 0.916351 -0.400377 0.000000
vn 0.765844 -0.411423 0.494179
vn 1.000000 0.000000 0.000000
vn 0.765844 -0.411423 0.494179
vn 0.840254 0.000000 0.542194
vn 0.840254 0.000000 0.542194
vn 0.765844 -0.411423 0.494179
vn 0.433350 -0.329354 0.838888
vn 0.840254 0.000000 0.542194
vn 0.433350 -0.329354 0.838888
vn 0.458957 0.000000 0.888459
vn 0.458957 0.000000 0.888459
vn 0.433350 -0.329354 0.838888
vn 0.000000 -0.341529 0.939871
vn 0.458957 0.000000 0.888459
vn 0.000000 -0.341529 0.939871
vn 0.000000 0.000000 1.000000
vn 0.000000 0.000000 1.000000
vn 0.000000 -0.341529 0.939871
vn -0.432076 -0.337209 0.836421
vn 0.000000 0.000000 1.000000
vn -0.432076 -0.337209 0.836421
vn -0.458957 0.000000 0.888459
vn -0.458957 0.000000 0.888459
vn -0.432076 -0.337209 0.836421
vn -0.779504 -0.373324 0.502994
vn -0.458957 0.000000 0.888459
vn -0.779504 -0.373324 0.502994
vn -0.840254 0.000000 0.542194
vn -0.840254 0.000000 0.542194
vn -0.779504 -0.373324 0.502994
vn -0.928945 -0.370217 0.000000
vn -0.840254 0.000000 0.542194
vn -0.928945 -0.370217 0.000000
vn -1.000000 0.000000 0.000000
vn -1.000000 0.000000 0.000000
vn -0.928945 -0.370217 0.000000
vn -0.776310 -0.382635 -0.500932
vn -1.000000 0.000000 0.000000
vn -0.776310 -0.382635 -0.500932
vn -0.840254 0.000000 -0.542194
vn -0.840254 0.000000 -0.542194
vn -0.776310 -0.382635 -0.500932
vn -0.431648 -0.339801 -0.835593
vn -0.840254 0.000000 -0.542194
vn -0.431648 -0.339801 -0.835593
vn -0.458957 0.000000 -0.888459
vn -0.458957 0.000000 -0.888459
vn -0.431648 -0.339801 -0.835593
vn -0.000000 -0.350068 -0.936724
vn -0.458957 0.000000 -0.888459
vn -0.000000 -0.350068 -0.936724
vn -0.000000 0.000000 -1.000000
vn -0.000000 0.000000 -1.000000
vn -0.000000 -0.350068 -0.936724
vn 0.430600 -0.346056 -0.833564
vn -0.000000 0.000000 -1.000000
vn 0.430600 -0.346056 -0.833564
vn 0.458957 0.000000 -0.888459
vn 0.458957 0.000000 -0.888459
vn 0.430600 -0.346056 -0.833564
vn 0.776266 -0.382762 -0.500904
vn 0.458957 0.000000 -0.888459
vn 0.776266 -0.382762 -0.500904
vn 0.840254 0.000000 -0.542194
vn 0.840254 0.000000 -0.542194
vn 0.776266 -0.382762 -0.500904
vn 0.923875 -0.382695 -0.000000
vn 0.840254 0.000000 -0.542194
vn 0.923875 -0.382695 -0.000000
vn 1.000000 0.000000 -0.000000
vn 0.916351 -0.400377 0.000000
vn 0.706590 -0.707623 0.000000
vn 0.623836 -0.669915 0.402545
vn 0.916351 -0.400377 0.000000
vn 0.623836 -0.669915 0.402545
vn 0.765844 -0.411423 0.494179
vn 0.765844 -0.411423 0.494179
vn 0.623836 -0.669915 0.402545
vn 0.329019 -0.697192 0.636922
vn 0.765844 -0.411423 0.494179
vn 0.329019 -0.697192 0.636922
vn 0.433350 -0.329354 0.838888
vn 0.433350 -0.329354 0.838888
vn 0.329019 -0.697192 0.636922
vn 0.000000 -0.660244 0.751051
vn 0.433350 -0.329354 0.838888
vn 0.000000 -0.660244 0.751051
vn 0.000000 -0.341529 0.939871
vn 0.000000 -0.341529 0.939871
vn 0.000000 -0.660244 0.751051
vn -0.329451 -0.696224 0.637757
vn 0.000000 -0.341529 0.939871
vn -0.329451 -0.696224 0.637757
vn -0.432076 -0.337209 0.836421
vn -0.432076 -0.337209 0.836421
vn -0.329451 -0.696224 0.637757
vn -0.583631 -0.719407 0.376602
vn -0.432076 -0.337209 0.836421
vn -0.583631 -0.719407 0.376602
vn -0.779504 -0.373324 0.502994
vn -0.779504 -0.373324 0.502994
vn -0.583631 -0.719407 0.376602
vn -0.666634 -0.745385 0.000000
vn -0.779504 -0.373324 0.502994
vn -0.666634 -0.745385 0.000000
vn -0.928945 -0.370217 0.000000
vn -0.928945 -0.370217 0.000000
vn -0.666634 -0.745385 0.000000
vn -0.615438 -0.680829 -0.397126
vn -0.928945 -0.370217 0.000000
vn -0.615438 -0.680829 -0.397126
vn -0.776310 -0.382635 -0.500932
vn -0.776310 -0.382635 -0.500932
vn -0.615438 -0.680829 -0.397126
vn -0.334294 -0.685177 -0.647133
vn -0.776310 -0.382635 -0.500932
vn -0.334294 -0.685177 -0.647133
vn -0.431648 -0.339801 -0.835593
vn -0.431648 -0.339801 -0.835593
vn -0.334294 -0.685177 -0.647133
vn -0.000000 -0.657395 -0.753546
vn -0.431648 -0.339801 -0.835593
vn -0.000000 -0.657395 -0.753546
vn -0.000000 -0.350068 -0.936724
vn -0.000000 -0.350068 -0.936724
vn -0.000000 -0.657395 -0.753546
vn 0.320931 -0.714865 -0.621266
vn -0.000000 -0.350068 -0.936724
vn 0.320931 -0.714865 -0.621266
vn 0.430600 -0.346056 -0.833564
vn 0.430600 -0.346056 -0.833564
vn 0.320931 -0.714865 -0.621266
vn 0.593592 -0.707769 -0.383030
vn 0.430600 -0.346056 -0.833564
vn 0.593592 -0.707769 -0.383030
vn 0.776266 -0.382762 -0.500904
vn 0.776266 -0.382762 -0.500904
vn 0.593592 -0.707769 -0.383030
vn 0.678672 -0.734442 -0.000000
vn 0.776266 -0.382762 -0.500904
vn 0.678672 -0.734442 -0.000000
vn 0.923875 -0.382695 -0.000000
vn 0.706590 -0.707623 0.000000
vn 0.343277 -0.939234 0.000000
vn 0.315529 -0.926816 0.203602
vn 0.706590 -0.707623 0.000000
vn 0.315529 -0.926816 0.203602
vn 0.623836 -0.669915 0.402545
vn 0.623836 -0.669915 0.402545
vn 0.315529 -0.926816 0.203602
vn 0.185848 -0.914345 0.359769
vn 0.623836 -0.669915 0.402545
vn 0.185848 -0.914345 0.359769
vn 0.329019 -0.697192 0.636922
vn 0.329019 -0.697192 0.636922
vn 0.185848 -0.914345 0.359769
vn 0.000000 -0.897872 0.440256
vn 0.329019 -0.697192 0.636922
vn 0.000000 -0.897872 0.440256
vn 0.000000 -0.660244 0.751051
vn 0.000000 -0.660244 0.751051
vn 0.000000 -0.897872 0.440256
vn -0.198059 -0.902093 0.383407
vn 0.000000 -0.660244 0.751051
vn -0.198059 -0.902093 0.383407
vn -0.329451 -0.696224 0.637757
vn -0.329451 -0.696224 0.637757
vn -0.198059 -0.902093 0.383407
vn -0.344855 -0.911897 0.222526
vn -0.329451 -0.696224 0.637757
vn -0.344855 -0.911897 0.222526
vn -0.583631 -0.719407 0.376602
vn -0.583631 -0.719407 0.376602
vn -0.344855 -0.911897 0.222526
vn -0.383432 -0.923569 0.000000
vn -0.583631 -0.719407 0.376602
vn -0.383432 -0.923569 0.000000
vn -0.666634 -0.745385 0.000000
vn -0.666634 -0.745385 0.000000
vn -0.383432 -0.923569 0.000000
vn -0.329711 -0.919797 -0.212754
vn -0.666634 -0.745385 0.000000
vn -0.329711 -0.919797 -0.212754
vn -0.615438 -0.680829 -0.397126
vn -0.615438 -0.680829 -0.397126
vn -0.329711 -0.919797 -0.212754
vn -0.199884 -0.900180 -0.386939
vn -0.615438 -0.680829 -0.397126
vn -0.199884 -0.900180 -0.386939
vn -0.334294 -0.685177 -0.647133
vn -0.334294 -0.685177 -0.647133
vn -0.199884 -0.900180 -0.386939
vn -0.000000 -0.892086 -0.451866
vn -0.334294 -0.685177 -0.647133
vn -0.000000 -0.892086 -0.451866
vn -0.000000 -0.657395 -0.753546
vn -0.000000 -0.657395 -0.753546
vn -0.000000 -0.892086 -0.451866
vn 0.182880 -0.917182 -0.354023
vn -0.000000 -0.657395 -0.753546
vn 0.182880 -0.917182 -0.354023
vn 0.320931 -0.714865 -0.621266
vn 0.320931 -0.714865 -0.621266
vn 0.182880 -0.917182 -0.354023
vn 0.339269 -0.914861 -0.218921
vn 0.320931 -0.714865 -0.621266
vn 0.339269 -0.914861 -0.218921
vn 0.593592 -0.707769 -0.383030
vn 0.593592 -0.707769 -0.383030
vn 0.339269 -0.914861 -0.218921
vn 0.379043 -0.925379 -0.000000
vn 0.593592 -0.707769 -0.383030
vn 0.379043 -0.925379 -0.000000
vn 0.678672 -0.734442 -0.000000
vn 0.343277 -0.939234 0.000000
vn 0.000000 -1.000000 0.000000
vn 0.000000 -1.000000 0.000000
vn 0.343277 -0.939234 0.000000
vn 0.000000 -1.000000 0.000000
vn 0.315529 -0.926816 0.203602
vn 0.315529 -0.926816 0.203602
vn 0.000000 -1.000000 0.000000
vn 0.000000 -1.000000 0.000000
vn 0.315529 -0.926816 0.203602
vn 0.000000 -1.000000 0.000000
vn 0.185848 -0.914345 0.359769
vn 0.185848 -0.914345 0.359769
vn 0.000000 -1.000000 0.000000
vn 0.000000 -1.000000 0.000000
vn 0.185848 -0.914345 0.359769
vn 0.000000 -1.000000 0.000000
vn 0.000000 -0.897872 0.440256
vn 0.000000 -0.897872 0.440256
vn 0.000000 -1.000000 0.000000
vn -0.000000 -1.000000 0.000000
vn 0.000000 -0.897872 0.440256
vn -0.000000 -1.000000 0.000000
vn -0.198059 -0.902093 0.383407
vn -0.198059 -0.902093 0.383407
vn -0.000000 -1.000000 0.000000
vn -0.000000 -1.000000 0.000000
vn -0.198059 -0.902093 0.383407
vn -0.000000 -1.000000 0.000000
vn -0.344855 -0.911897 0.222526
vn -0.344855 -0.911897 0.222526
vn -0.000000 -1.000000 0.000000
vn -0.000000 -1.000000 0.000000
vn -0.344855 -0.911897 0.222526
vn -0.000000 -1.000000 0.000000
vn -0.383432 -0.923569 0.000000
vn -0.383432 -0.923569 0.000000
vn -0.000000 -1.000000 0.000000
vn -0.000000 -1.000000 -0.000000
vn -0.383432 -0.923569 0.000000
vn -0.000000 -1.000000 -0.000000
vn -0.329711 -0.919797 -0.212754
vn -0.329711 -0.919797 -0.212754
vn -0.000000 -1.000000 -0.000000
vn -0.000000 -1.000000 -0.000000
vn -0.329711 -0.919797 -0.212754
vn -0.000000 -1.000000 -0.000000
vn -0.199884 -0.900180 -0.386939
vn -0.199884 -0.900180 -0.386939
vn -0.000000 -1.000000 -0.000000
vn -0.000000 -1.000000 -0.000000
vn -0.199884 -0.900180 -0.386939
vn -0.000000 -1.000000 -0.000000
vn -0.000000 -0.892086 -0.451866
vn -0.000000 -0.892086 -0.451866
vn -0.000000 -1.000000 -0.000000
vn 0.000000 -1.000000 -0.000000
vn -0.000000 -0.892086 -0.451866
vn 0.000000 -1.000000 -0.000000
vn 0.182880 -0.917182 -0.354023
vn 0.182880 -0.917182 -0.354023
vn 0.000000 -1.000000 -0.000000
vn 0.000000 -1.000000 -0.000000
vn 0.182880 -0.917182 -0.354023
vn 0.000000 -1.000000 -0.000000
vn 0.339269 -0.914861 -0.218921
vn 0.339269 -0.914861 -0.218921
vn 0.000000 -1.000000 -0.000000
vn 0.000000 -1.000000 -0.000000
vn 0.339269 -0.914861 -0.218921
vn 0.000000 -1.000000 -0.000000
vn 0.379043 -0.925379 -0.000000
vn 0.196116 0.000000 0.980581
vn -0.469814 0.339015 0.815073
vn -0.469814 0.339015 0.815073
vn 0.196116 0.000000 0.980581
vn -0.469814 0.339015 0.815073
vn 0.196116 0.000000 0.980581
vn 0.470129 0.877575 -0.094026
vn 0.470129 0.877575 -0.094026
vn 0.470129 0.877575 -0.094026
vn -0.470129 -0.877575 0.094026
vn -0.470129 -0.877575 0.094026
vn -0.470129 -0.877575 0.094026
vn -0.469814 0.339015 0.815073
vn -0.860533 0.479440 0.172107
vn -0.860533 0.479440 0.172107
vn -0.469814 0.339015 0.815073
vn -0.860533 0.479440 0.172107
vn -0.469814 0.339015 0.815073
vn 0.470129 0.877575 -0.094026
vn 0.470129 0.877575 -0.094026
vn 0.470129 0.877575 -0.094026
vn -0.470129 -0.877575 0.094026
vn -0.470129 -0.877575 0.094026
vn -0.470129 -0.877575 0.094026
vn -0.860533 0.479440 0.172107
vn -0.747164 0.339015 -0.571678
vn -0.747164 0.339015 -0.571678
vn -0.860533 0.479440 0.172107
vn -0.747164 0.339015 -0.571678
vn -0.860533 0.479440 0.172107
vn 0.470129 0.877575 -0.094026
vn 0.470129 0.877575 -0.094026
vn 0.470129 0.877575 -0.094026
vn -0.470129 -0.877575 0.094026
vn -0.470129 -0.877575 0.094026
vn -0.470129 -0.877575 0.094026
vn -0.747164 0.339015 -0.571678
vn -0.196116 0.000000 -0.980581
vn -0.196116 0.000000 -0.980581
vn -0.747164 0.339015 -0.571678
vn -0.196116 0.000000 -0.980581
vn -0.747164 0.339015 -0.571678
vn 0.470129 0.877575 -0.094026
vn 0.470129 0.877575 -0.094026
vn 0.470129 0.877575 -0.094026
vn -0.470129 -0.877575 0.094026
vn -0.470129 -0.877575 0.094026
vn -0.470129 -0.877575 0.094026
vn -0.196116 0.000000 -0.980581
vn 0.469814 -0.339015 -0.815073
vn 0.469814 -0.339015 -0.815073
vn -0.196116 0.000000 -0.980581
vn 0.469814 -0.339015 -0.815073
vn -0.196116 0.000000 -0.980581
vn 0.470129 0.877575 -0.094026
vn 0.470129 0.877575 -0.094026
vn 0.470129 0.877575 -0.094026
vn -0.470129 -0.877575 0.094026
vn -0.470129 -0.877575 0.094026
vn -0.470129 -0.877575 0.094026
vn 0.469814 -0.339015 -0.815073
vn 0.860533 -0.479440 -0.172107
vn 0.860533 -0.479440 -0.172107
vn 0.469814 -0.339015 -0.815073
vn 0.860533 -0.479440 -0.172107
vn 0.469814 -0.339015 -0.815073
vn 0.470129 0.877575 -0.094026
vn 0.470129 0.877575 -0.094026
vn 0.470129 0.877575 -0.094026
vn -0.470129 -0.877575 0.094026
vn -0.470129 -0.877575 0.094026
vn -0.470129 -0.877575 0.094026
vn 0.860533 -0.479440 -0.172107
vn 0.747164 -0.339015 0.571678
vn 0.747164 -0.339015 0.571678
vn 0.860533 -0.479440 -0.172107
vn 0.747164 -0.339015 0.571678
vn 0.860533 -0.479440 -0.172107
vn 0.470129 0.877575 -0.094026
vn 0.470129 0.877575 -0.094026
vn 0.470129 0.877575 -0.094026
vn -0.470129 -0.877575 0.094026
vn -0.470129 -0.877575 0.094026
vn -0.470129 -0.877575 0.094026
vn 0.747164 -0.339015 0.571678
vn 0.196116 0.000000 0.980581
vn 0.196116 0.000000 0.980581
vn 0.747164 -0.339015 0.571678
vn 0.196116 0.000000 0.980581
vn 0.747164 -0.339015 0.571678
vn 0.470129 0.877575 -0.094026
vn 0.470129 0.877575 -0.094026
vn 0.470129 0.877575 -0.094026
vn -0.470129 -0.877575 0.094026
vn -0.470129 -0.877575 0.094026
vn -0.470129 -0.877575 0.094026
vn 0.119145 0.000000 0.992877
vn 0.668875 0.502626 0.547698
vn 0.668875 0.502626 0.547698
vn 0.119145 0.000000 0.992877
vn 0.668875 0.502626 0.547698
vn 0.119145 0.000000 0.992877
vn 0.638304 -0.765964 -0.076596
vn 0.638304 -0.765964 -0.076596
vn 0.638304 -0.765964 -0.076596
vn -0.638304 0.765964 0.076596
vn -0.638304 0.765964 0.076596
vn -0.638304 0.765964 0.076596
vn 0.668875 0.502626 0.547698
vn 0.714928 0.626765 -0.309909
vn 0.714928 0.626765 -0.309909
vn 0.668875 0.502626 0.547698
vn 0.714928 0.626765 -0.309909
vn 0.668875 0.502626 0.547698
vn 0.638304 -0.765964 -0.076596
vn 0.638304 -0.765964 -0.076596
vn 0.638304 -0.765964 -0.076596
vn -0.638304 0.765964 0.076596
vn -0.638304 0.765964 0.076596
vn -0.638304 0.765964 0.076596
vn 0.714928 0.626765 -0.309909
vn 0.222626 0.278936 -0.934148
vn 0.222626 0.278936 -0.934148
vn 0.714928 0.626765 -0.309909
vn 0.222626 0.278936 -0.934148
vn 0.714928 0.626765 -0.309909
vn 0.638304 -0.765964 -0.076596
vn 0.638304 -0.765964 -0.076596
vn 0.638304 -0.765964 -0.076596
vn -0.638304 0.765964 0.076596
vn -0.638304 0.765964 0.076596
vn -0.638304 0.765964 0.076596
vn 0.222626 0.278936 -0.934148
vn -0.437318 -0.278936 -0.854954
vn -0.437318 -0.278936 -0.854954
vn 0.222626 0.278936 -0.934148
vn -0.437318 -0.278936 -0.854954
vn 0.222626 0.278936 -0.934148
vn 0.638304 -0.765964 -0.076596
vn 0.638304 -0.765964 -0.076596
vn 0.638304 -0.765964 -0.076596
vn -0.638304 0.765964 0.076596
vn -0.638304 0.765964 0.076596
vn -0.638304 0.765964 0.076596
vn -0.437318 -0.278936 -0.854954
vn -0.767953 -0.626765 -0.131963
vn -0.767953 -0.626765 -0.131963
vn -0.437318 -0.278936 -0.854954
vn -0.767953 -0.626765 -0.131963
vn -0.437318 -0.278936 -0.854954
vn 0.638304 -0.765964 -0.076596
vn 0.638304 -0.765964 -0.076596
vn 0.638304 -0.765964 -0.076596
vn -0.638304 0.765964 0.076596
vn -0.638304 0.765964 0.076596
vn -0.638304 0.765964 0.076596
vn -0.767953 -0.626765 -0.131963
vn -0.520303 -0.502626 0.690399
vn -0.520303 -0.502626 0.690399
vn -0.767953 -0.626765 -0.131963
vn -0.520303 -0.502626 0.690399
vn -0.767953 -0.626765 -0.131963
vn 0.638304 -0.765964 -0.076596
vn 0.638304 -0.765964 -0.076596
vn 0.638304 -0.765964 -0.076596
vn -0.638304 0.765964 0.076596
vn -0.638304 0.765964 0.076596
vn -0.638304 0.765964 0.076596
vn -0.520303 -0.502626 0.690399
vn 0.119145 0.000000 0.992877
vn 0.119145 0.000000 0.992877
vn -0.520303 -0.502626 0.690399
vn 0.119145 0.000000 0.992877
vn -0.520303 -0.502626 0.690399
vn 0.638304 -0.765964 -0.076596
vn 0.638304 -0.765964 -0.076596
vn 0.638304 -0.765964 -0.076596
vn -0.638304 0.765964 0.076596
vn -0.638304 0.765964 0.076596
vn -0.638304 0.765964 0.076596
vn 0.000000 1.000000 0.000000
vn 0.585480 0.810687 0.000000
vn 0.333321 0.676385 0.656811
vn 0.000000 1.000000 0.000000
vn 0.333321 0.676385 0.656811
vn 0.000000 1.000000 0.000000
vn 0.000000 1.000000 0.000000
vn 0.333321 0.676385 0.656811
vn -0.102322 0.702311 0.704478
vn 0.000000 1.000000 0.000000
vn -0.102322 0.702311 0.704478
vn 0.000000 1.000000 0.000000
vn 0.000000 1.000000 0.000000
vn -0.102322 0.702311 0.704478
vn -0.490119 0.788805 0.370903
vn 0.000000 1.000000 0.000000
vn -0.490119 0.788805 0.370903
vn 0.000000 1.000000 0.000000
vn 0.000000 1.000000 0.000000
vn -0.490119 0.788805 0.370903
vn -0.469683 0.808123 -0.355437
vn 0.000000 1.000000 0.000000
vn -0.469683 0.808123 -0.355437
vn 0.000000 1.000000 0.000000
vn 0.000000 1.000000 0.000000
vn -0.469683 0.808123 -0.355437
vn -0.105030 0.682691 -0.723120
vn 0.000000 1.000000 0.000000
vn -0.105030 0.682691 -0.723120
vn 0.000000 1.000000 0.000000
vn 0.000000 1.000000 0.000000
vn -0.105030 0.682691 -0.723120
vn 0.324192 0.697713 -0.638824
vn 0.000000 1.000000 0.000000
vn 0.324192 0.697713 -0.638824
vn 0.000000 1.000000 0.000000
vn 0.000000 1.000000 0.000000
vn 0.324192 0.697713 -0.638824
vn 0.578312 0.815816 -0.000000
vn 0.000000 1.000000 0.000000
vn 0.578312 0.815816 -0.000000
vn 0.000000 1.000000 0.000000
vn 0.585480 0.810687 0.000000
vn 0.944022 0.329881 0.000000
vn 0.440631 0.227942 0.868267
vn 0.585480 0.810687 0.000000
vn 0.440631 0.227942 0.868267
vn 0.333321 0.676385 0.656811
vn 0.333321 0.676385 0.656811
vn 0.440631 0.227942 0.868267
vn -0.140559 0.209131 0.967733
vn 0.333321 0.676385 0.656811
vn -0.140559 0.209131 0.967733
vn -0.102322 0.702311 0.704478
vn -0.102322 0.702311 0.704478
vn -0.140559 0.209131 0.967733
vn -0.768978 0.264627 0.581932
vn -0.102322 0.702311 0.704478
vn -0.768978 0.264627 0.581932
vn -0.490119 0.788805 0.370903
vn -0.490119 0.788805 0.370903
vn -0.768978 0.264627 0.581932
vn -0.765579 0.279697 -0.579360
vn -0.490119 0.788805 0.370903
vn -0.765579 0.279697 -0.579360
vn -0.469683 0.808123 -0.355437
vn -0.469683 0.808123 -0.355437
vn -0.765579 0.279697 -0.579360
vn -0.140684 0.205036 -0.968591
vn -0.469683 0.808123 -0.355437
vn -0.140684 0.205036 -0.968591
vn -0.105030 0.682691 -0.723120
vn -0.105030 0.682691 -0.723120
vn -0.140684 0.205036 -0.968591
vn 0.442075 0.213854 -0.871112
vn -0.105030 0.682691 -0.723120
vn 0.442075 0.213854 -0.871112
vn 0.324192 0.697713 -0.638824
vn 0.324192 0.697713 -0.638824
vn 0.442075 0.213854 -0.871112
vn 0.939904 0.341438 -0.000000
vn 0.324192 0.697713 -0.638824
vn 0.939904 0.341438 -0.000000
vn 0.578312 0.815816 -0.000000
vn 0.944022 0.329881 0.000000
vn 0.952403 -0.304843 0.000000
vn 0.442514 -0.209371 0.871978
vn 0.944022 0.329881 0.000000
vn 0.442514 -0.209371 0.871978
vn 0.440631 0.227942 0.868267
vn 0.440631 0.227942 0.868267
vn 0.442514 -0.209371 0.871978
vn -0.139988 -0.226924 0.963799
vn 0.440631 0.227942 0.868267
vn -0.139988 -0.226924 0.963799
vn -0.140559 0.209131 0.967733
vn -0.140559 0.209131 0.967733
vn -0.139988 -0.226924 0.963799
vn -0.765996 -0.277897 0.579675
vn -0.140559 0.209131 0.967733
vn -0.765996 -0.277897 0.579675
vn -0.768978 0.264627 0.581932
vn -0.768978 0.264627 0.581932
vn -0.765996 -0.277897 0.579675
vn -0.760961 -0.298861 -0.575865
vn -0.768978 0.264627 0.581932
vn -0.760961 -0.298861 -0.575865
vn -0.765579 0.279697 -0.579360
vn -0.765579 0.279697 -0.579360
vn -0.760961 -0.298861 -0.575865
vn -0.140102 -0.223475 -0.964588
vn -0.765579 0.279697 -0.579360
vn -0.140102 -0.223475 -0.964588
vn -0.140684 0.205036 -0.968591
vn -0.140684 0.205036 -0.968591
vn -0.140102 -0.223475 -0.964588
vn 0.439868 -0.235021 -0.866765
vn -0.140684 0.205036 -0.968591
vn 0.439868 -0.235021 -0.866765
vn 0.442075 0.213854 -0.871112
vn 0.442075 0.213854 -0.871112
vn 0.439868 -0.235021 -0.866765
vn 0.947063 -0.321048 -0.000000
vn 0.442075 0.213854 -0.871112
vn 0.947063 -0.321048 -0.000000
vn 0.939904 0.341438 -0.000000
vn 0.952403 -0.304843 0.000000
vn 0.549066 -0.835779 0.000000
vn 0.317178 -0.713281 0.625002
vn 0.952403 -0.304843 0.000000
vn 0.317178 -0.713281 0.625002
vn 0.442514 -0.209371 0.871978
vn 0.442514 -0.209371 0.871978
vn 0.317178 -0.713281 0.625002
vn -0.107328 -0.665168 0.738940
vn 0.442514 -0.209371 0.871978
vn -0.107328 -0.665168 0.738940
vn -0.139988 -0.226924 0.963799
vn -0.139988 -0.226924 0.963799
vn -0.107328 -0.665168 0.738940
vn -0.517321 -0.760997 0.391488
vn -0.139988 -0.226924 0.963799
vn -0.517321 -0.760997 0.391488
vn -0.765996 -0.277897 0.579675
vn -0.765996 -0.277897 0.579675
vn -0.517321 -0.760997 0.391488
vn -0.509851 -0.768884 -0.385835
vn -0.765996 -0.277897 0.579675
vn -0.509851 -0.768884 -0.385835
vn -0.760961 -0.298861 -0.575865
vn -0.760961 -0.298861 -0.575865
vn -0.509851 -0.768884 -0.385835
vn -0.108189 -0.658380 -0.744870
vn -0.760961 -0.298861 -0.575865
vn -0.108189 -0.658380 -0.744870
vn -0.140102 -0.223475 -0.964588
vn -0.140102 -0.223475 -0.964588
vn -0.108189 -0.658380 -0.744870
vn 0.328324 -0.688215 -0.646965
vn -0.140102 -0.223475 -0.964588
vn 0.328324 -0.688215 -0.646965
vn 0.439868 -0.235021 -0.866765
vn 0.439868 -0.235021 -0.866765
vn 0.328324 -0.688215 -0.646965
vn 0.552668 -0.833402 -0.000000
vn 0.439868 -0.235021 -0.866765
vn 0.552668 -0.833402 -0.000000
vn 0.947063 -0.321048 -0.000000
vn 0.549066 -0.835779 0.000000
vn 0.000000 -1.000000 0.000000
vn 0.000000 -1.000000 0.000000
vn 0.549066 -0.835779 0.000000
vn 0.000000 -1.000000 0.000000
vn 0.317178 -0.713281 0.625002
vn 0.317178 -0.713281 0.625002
vn 0.000000 -1.000000 0.000000
vn -0.000000 -1.000000 0.000000
vn 0.317178 -0.713281 0.625002
vn -0.000000 -1.000000 0.000000
vn -0.107328 -0.665168 0.738940
vn -0.107328 -0.665168 0.738940
vn -0.000000 -1.000000 0.000000
vn -0.000000 -1.000000 0.000000
vn -0.107328 -0.665168 0.738940
vn -0.000000 -1.000000 0.000000
vn -0.517321 -0.760997 0.391488
vn -0.517321 -0.760997 0.391488
vn -0.000000 -1.000000 0.000000
vn -0.000000 -1.000000 -0.000000
vn -0.517321 -0.760997 0.391488
vn -0.000000 -1.000000 -0.000000
vn -0.509851 -0.768884 -0.385835
vn -0.509851 -0.768884 -0.385835
vn -0.000000 -1.000000 -0.000000
vn -0.000000 -1.000000 -0.000000
vn -0.509851 -0.768884 -0.385835
vn -0.000000 -1.000000 -0.000000
vn -0.108189 -0.658380 -0.744870
vn -0.108189 -0.658380 -0.744870
vn -0.000000 -1.000000 -0.000000
vn 0.000000 -1.000000 -0.000000
vn -0.108189 -0.658380 -0.744870
vn 0.000000 -1.000000 -0.000000
vn 0.328324 -0.688215 -0.646965
vn 0.328324 -0.688215 -0.646965
vn 0.000000 -1.000000 -0.000000
vn 0.000000 -1.000000 -0.000000
vn 0.328324 -0.688215 -0.646965
vn 0.000000 -1.000000 -0.000000
vn 0.552668 -0.833402 -0.000000
vn 0.196116 0.000000 -0.980581
vn 0.747164 0.339015 -0.571678
vn 0.747164 0.339015 -0.571678
vn 0.196116 0.000000 -0.980581
vn 0.747164 0.339015 -0.571678
vn 0.196116 0.000000 -0.980581
vn -0.470129 0.877575 -0.094026
vn -0.470129 0.877575 -0.094026
vn -0.470129 0.877575 -0.094026
vn 0.470129 -0.877575 0.094026
vn 0.470129 -0.877575 0.094026
vn 0.470129 -0.877575 0.094026
vn 0.747164 0.339015 -0.571678
vn 0.860533 0.479440 0.172107
vn 0.860533 0.479440 0.172107
vn 0.747164 0.339015 -0.571678
vn 0.860533 0.479440 0.172107
vn 0.747164 0.339015 -0.571678
vn -0.470129 0.877575 -0.094026
vn -0.470129 0.877575 -0.094026
vn -0.470129 0.877575 -0.094026
vn 0.470129 -0.877575 0.094026
vn 0.470129 -0.877575 0.094026
vn 0.470129 -0.877575 0.094026
vn 0.860533 0.479440 0.172107
vn 0.469814 0.339015 0.815073
vn 0.469814 0.339015 0.815073
vn 0.860533 0.479440 0.172107
vn 0.469814 0.339015 0.815073
vn 0.860533 0.479440 0.172107
vn -0.470129 0.877575 -0.094026
vn -0.470129 0.877575 -0.094026
vn -0.470129 0.877575 -0.094026
vn 0.470129 -0.877575 0.094026
vn 0.470129 -0.877575 0.094026
vn 0.470129 -0.877575 0.094026
vn 0.469814 0.339015 0.815073
vn -0.196116 0.000000 0.980581
vn -0.196116 0.000000 0.980581
vn 0.469814 0.339015 0.815073
vn -0.196116 0.000000 0.980581
vn 0.469814 0.339015 0.815073
vn -0.470129 0.877575 -0.094026
vn -0.470129 0.877575 -0.094026
vn -0.470129 0.877575 -0.094026
vn 0.470129 -0.877575 0.094026
vn 0.470129 -0.877575 0.094026
vn 0.470129 -0.877575 0.094026
vn -0.196116 0.000000 0.980581
vn -0.747164 -0.339015 0.571678
vn -0.747164 -0.339015 0.571678
vn -0.196116 0.000000 0.980581
vn -0.747164 -0.339015 0.571678
vn -0.196116 0.000000 0.980581
vn -0.470129 0.877575 -0.094026
vn -0.470129 0.877575 -0.094026
vn -0.470129 0.877575 -0.094026
vn 0.470129 -0.877575 0.094026
vn 0.470129 -0.877575 0.094026
vn 0.470129 -0.877575 0.094026
vn -0.747164 -0.339015 0.571678
vn -0.860533 -0.479440 -0.172107
vn -0.860533 -0.479440 -0.172107
vn -0.747164 -0.339015 0.571678
vn -0.860533 -0.479440 -0.172107
vn -0.747164 -0.339015 0.571678
vn -0.470129 0.877575 -0.094026
vn -0.470129 0.877575 -0.094026
vn -0.470129 0.877575 -0.094026
vn 0.470129 -0.877575 0.094026
vn 0.470129 -0.877575 0.094026
vn 0.470129 -0.877575 0.094026
vn -0.860533 -0.479440 -0.172107
vn -0.469814 -0.339015 -0.815073
vn -0.469814 -0.339015 -0.815073
vn -0.860533 -0.479440 -0.172107
vn -0.469814 -0.339015 -0.815073
vn -0.860533 -0.479440 -0.172107
vn -0.470129 0.877575 -0.094026
vn -0.470129 0.877575 -0.094026
vn -0.470129 0.877575 -0.094026
vn 0.470129 -0.877575 0.094026
vn 0.470129 -0.877575 0.094026
vn 0.470129 -0.877575 0.094026
vn -0.469814 -0.339015 -0.815073
vn 0.196116 0.000000 -0.980581
vn 0.196116 0.000000 -0.980581
vn -0.469814 -0.339015 -0.815073
vn 0.196116 0.000000 -0.980581
vn -0.469814 -0.339015 -0.815073
vn -0.470129 0.877575 -0.094026
vn -0.470129 0.877575 -0.094026
vn -0.470129 0.877575 -0.094026
vn 0.470129 -0.877575 0.094026
vn 0.470129 -0.877575 0.094026
vn 0.470129 -0.877575 0.094026
vn 0.119145 0.000000 -0.992877
vn -0.520303 0.502626 -0.690399
vn -0.520303 0.502626 -0.690399
vn 0.119145 0.000000 -0.992877
vn -0.520303 0.502626 -0.690399
vn 0.119145 0.000000 -0.992877
vn -0.638304 -0.765964 -0.076596
vn -0.638304 -0.765964 -0.076596
vn -0.638304 -0.765964 -0.076596
vn 0.638304 0.765964 0.076596
vn 0.638304 0.765964 0.076596
vn 0.638304 0.765964 0.076596
vn -0.520303 0.502626 -0.690399
vn -0.767953 0.626765 0.131963
vn -0.767953 0.626765 0.131963
vn -0.520303 0.502626 -0.690399
vn -0.767953 0.626765 0.131963
vn -0.520303 0.502626 -0.690399
vn -0.638304 -0.765964 -0.076596
vn -0.638304 -0.765964 -0.076596
vn -0.638304 -0.765964 -0.076596
vn 0.638304 0.765964 0.076596
vn 0.638304 0.765964 0.076596
vn 0.638304 0.765964 0.076596
vn -0.767953 0.626765 0.131963
vn -0.437318 0.278936 0.854954
vn -0.437318 0.278936 0.854954
vn -0.767953 0.626765 0.131963
vn -0.437318 0.278936 0.854954
vn -0.767953 0.626765 0.131963
vn -0.638304 -0.765964 -0.076596
vn -0.638304 -0.765964 -0.076596
vn -0.638304 -0.765964 -0.076596
vn 0.638304 0.765964 0.076596
vn 0.638304 0.765964 0.076596
vn 0.638304 0.765964 0.076596
vn -0.437318 0.278936 0.854954
vn 0.222626 -0.278936 0.934148
vn 0.222626 -0.278936 0.934148
vn -0.437318 0.278936 0.854954
vn 0.222626 -0.278936 0.934148
vn -0.437318 0.278936 0.854954
vn -0.638304 -0.765964 -0.076596
vn -0.638304 -0.765964 -0.076596
vn -0.638304 -0.765964 -0.076596
vn 0.638304 0.765964 0.076596
vn 0.638304 0.765964 0.076596
vn 0.638304 0.765964 0.076596
vn 0.222626 -0.278936 0.934148
vn 0.714928 -0.626765 0.309909
vn 0.714928 -0.626765 0.309909
vn 0.222626 -0.278936 0.934148
vn 0.714928 -0.626765 0.309909
vn 0.222626 -0.278936 0.934148
vn -0.638304 -0.765964 -0.076596
vn -0.638304 -0.765964 -0.076596
vn -0.638304 -0.765964 -0.076596
vn 0.638304 0.765964 0.076596
vn 0.638304 0.765964 0.076596
vn 0.638304 0.765964 0.076596
vn 0.714928 -0.626765 0.309909
vn 0.668875 -0.502626 -0.547698
vn 0.668875 -0.502626 -0.547698
vn 0.714928 -0.626765 0.309909
vn 0.668875 -0.502626 -0.547698
vn 0.714928 -0.626765 0.309909
vn -0.638304 -0.765964 -0.076596
vn -0.638304 -0.765964 -0.076596
vn -0.638304 -0.765964 -0.076596
vn 0.638304 0.765964 0.076596
vn 0.638304 0.765964 0.076596
vn 0.638304 0.765964 0.076596
vn 0.668875 -0.502626 -0.547698
vn 0.119145 0.000000 -0.992877
vn 0.119145 0.000000 -0.992877
vn 0.668875 -0.502626 -0.547698
vn 0.119145 0.000000 -0.992877
vn 0.668875 -0.502626 -0.547698
vn -0.638304 -0.765964 -0.076596
vn -0.638304 -0.765964 -0.076596
vn -0.638304 -0.765964 -0.076596
vn 0.638304 0.765964 0.076596
vn 0.638304 0.765964 0.076596
vn 0.638304 0.765964 0.076596
vn 0.000000 1.000000 0.000000
vn 0.594993 0.803731 0.000000
vn 0.322169 0.702274 0.634837
vn 0.000000 1.000000 0.000000
vn 0.322169 0.702274 0.634837
vn 0.000000 1.000000 0.000000
vn 0.000000 1.000000 0.000000
vn 0.322169 0.702274 0.634837
vn -0.109987 0.643797 0.757250
vn 0.000000 1.000000 0.000000
vn -0.109987 0.643797 0.757250
vn 0.000000 1.000000 0.000000
vn 0.000000 1.000000 0.000000
vn -0.109987 0.643797 0.757250
vn -0.532833 0.743974 0.403227
vn 0.000000 1.000000 0.000000
vn -0.532833 0.743974 0.403227
vn 0.000000 1.000000 0.000000
vn 0.000000 1.000000 0.000000
vn -0.532833 0.743974 0.403227
vn -0.483160 0.795529 -0.365636
vn 0.000000 1.000000 0.000000
vn -0.483160 0.795529 -0.365636
vn 0.000000 1.000000 0.000000
vn 0.000000 1.000000 0.000000
vn -0.483160 0.795529 -0.365636
vn -0.111222 0.633446 -0.765752
vn 0.000000 1.000000 0.000000
vn -0.111222 0.633446 -0.765752
vn 0.000000 1.000000 0.000000
vn 0.000000 1.000000 0.000000
vn -0.111222 0.633446 -0.765752
vn 0.314476 0.719099 -0.619678
vn 0.000000 1.000000 0.000000
vn 0.314476 0.719099 -0.619678
vn 0.000000 1.000000 0.000000
vn 0.000000 1.000000 0.000000
vn 0.314476 0.719099 -0.619678
vn 0.548045 0.836449 -0.000000
vn 0.000000 1.000000 0.000000
vn 0.548045 0.836449 -0.000000
vn 0.000000 1.000000 0.000000
vn 0.594993 0.803731 0.000000
vn 0.948989 0.315308 0.000000
vn 0.441512 0.219457 0.870003
vn 0.594993 0.803731 0.000000
vn 0.441512 0.219457 0.870003
vn 0.322169 0.702274 0.634837
vn 0.322169 0.702274 0.634837
vn 0.441512 0.219457 0.870003
vn -0.140779 0.201836 0.969249
vn 0.322169 0.702274 0.634837
vn -0.140779 0.201836 0.969249
vn -0.109987 0.643797 0.757250
vn -0.109987 0.643797 0.757250
vn -0.140779 0.201836 0.969249
vn -0.764255 0.285338 0.578357
vn -0.109987 0.643797 0.757250
vn -0.764255 0.285338 0.578357
vn -0.532833 0.743974 0.403227
vn -0.532833 0.743974 0.403227
vn -0.764255 0.285338 0.578357
vn -0.763706 0.287637 -0.577943
vn -0.532833 0.743974 0.403227
vn -0.763706 0.287637 -0.577943
vn -0.483160 0.795529 -0.365636
vn -0.483160 0.795529 -0.365636
vn -0.763706 0.287637 -0.577943
vn -0.140367 0.215295 -0.966408
vn -0.483160 0.795529 -0.365636
vn -0.140367 0.215295 -0.966408
vn -0.111222 0.633446 -0.765752
vn -0.111222 0.633446 -0.765752
vn -0.140367 0.215295 -0.966408
vn 0.440311 0.230935 -0.867638
vn -0.111222 0.633446 -0.765752
vn 0.440311 0.230935 -0.867638
vn 0.314476 0.719099 -0.619678
vn 0.314476 0.719099 -0.619678
vn 0.440311 0.230935 -0.867638
vn 0.953679 0.300825 -0.000000
vn 0.314476 0.719099 -0.619678
vn 0.953679 0.300825 -0.000000
vn 0.548045 0.836449 -0.000000
vn 0.948989 0.315308 0.000000
vn 0.955499 -0.294994 0.000000
vn 0.439541 -0.237988 0.866121
vn 0.948989 0.315308 0.000000
vn 0.439541 -0.237988 0.866121
vn 0.441512 0.219457 0.870003
vn 0.441512 0.219457 0.870003
vn 0.439541 -0.237988 0.866121
vn -0.141189 -0.187476 0.972069
vn 0.441512 0.219457 0.870003
vn -0.141189 -0.187476 0.972069
vn -0.140779 0.201836 0.969249
vn -0.140779 0.201836 0.969249
vn -0.141189 -0.187476 0.972069
vn -0.766830 -0.274258 0.580306
vn -0.140779 0.201836 0.969249
vn -0.766830 -0.274258 0.580306
vn -0.764255 0.285338 0.578357
vn -0.764255 0.285338 0.578357
vn -0.766830 -0.274258 0.580306
vn -0.758599 -0.308161 -0.574077
vn -0.764255 0.285338 0.578357
vn -0.758599 -0.308161 -0.574077
vn -0.763706 0.287637 -0.577943
vn -0.763706 0.287637 -0.577943
vn -0.758599 -0.308161 -0.574077
vn -0.140790 -0.201477 -0.969322
vn -0.763706 0.287637 -0.577943
vn -0.140790 -0.201477 -0.969322
vn -0.140367 0.215295 -0.966408
vn -0.140367 0.215295 -0.966408
vn -0.140790 -0.201477 -0.969322
vn 0.438705 -0.245406 -0.864473
vn -0.140367 0.215295 -0.966408
vn 0.438705 -0.245406 -0.864473
vn 0.440311 0.230935 -0.867638
vn 0.440311 0.230935 -0.867638
vn 0.438705 -0.245406 -0.864473
vn 0.946565 -0.322514 -0.000000
vn 0.440311 0.230935 -0.867638
vn 0.946565 -0.322514 -0.000000
vn 0.953679 0.300825 -0.000000
vn 0.955499 -0.294994 0.000000
vn 0.552058 -0.833805 0.000000
vn 0.331204 -0.681443 0.652640
vn 0.955499 -0.294994 0.000000
vn 0.331204 -0.681443 0.652640
vn 0.439541 -0.237988 0.866121
vn 0.439541 -0.237988 0.866121
vn 0.331204 -0.681443 0.652640
vn -0.104250 -0.688456 0.717747
vn 0.439541 -0.237988 0.866121
vn -0.104250 -0.688456 0.717747
vn -0.141189 -0.187476 0.972069
vn -0.141189 -0.187476 0.972069
vn -0.104250 -0.688456 0.717747
vn -0.510590 -0.768113 0.386394
vn -0.141189 -0.187476 0.972069
vn -0.510590 -0.768113 0.386394
vn -0.766830 -0.274258 0.580306
vn -0.766830 -0.274258 0.580306
vn -0.510590 -0.768113 0.386394
vn -0.521644 -0.756342 -0.394759
vn -0.766830 -0.274258 0.580306
vn -0.521644 -0.756342 -0.394759
vn -0.758599 -0.308161 -0.574077
vn -0.758599 -0.308161 -0.574077
vn -0.521644 -0.756342 -0.394759
vn -0.107456 -0.664165 -0.739823
vn -0.758599 -0.308161 -0.574077
vn -0.107456 -0.664165 -0.739823
vn -0.140790 -0.201477 -0.969322
vn -0.140790 -0.201477 -0.969322
vn -0.107456 -0.664165 -0.739823
vn 0.332084 -0.679349 -0.654374
vn -0.140790 -0.201477 -0.969322
vn 0.332084 -0.679349 -0.654374
vn 0.438705 -0.245406 -0.864473
vn 0.438705 -0.245406 -0.864473
vn 0.332084 -0.679349 -0.654374
vn 0.578584 -0.815623 -0.000000
vn 0.438705 -0.245406 -0.864473
vn 0.578584 -0.815623 -0.000000
vn 0.946565 -0.322514 -0.000000
vn 0.552058 -0.833805 0.000000
vn 0.000000 -1.000000 0.000000
vn 0.000000 -1.000000 0.000000
vn 0.552058 -0.833805 0.000000
vn 0.000000 -1.000000 0.000000
vn 0.331204 -0.681443 0.652640
vn 0.331204 -0.681443 0.652640
vn 0.000000 -1.000000 0.000000
vn -0.000000 -1.000000 0.000000
vn 0.331204 -0.681443 0.652640
vn -0.000000 -1.000000 0.000000
vn -0.104250 -0.688456 0.717747
vn -0.104250 -0.688456 0.717747
vn -0.000000 -1.000000 0.000000
vn -0.000000 -1.000000 0.000000
vn -0.104250 -0.688456 0.717747
vn -0.000000 -1.000000 0.000000
vn -0.510590 -0.768113 0.386394
vn -0.510590 -0.768113 0.386394
vn -0.000000 -1.000000 0.000000
vn -0.000000 -1.000000 -0.000000
vn -0.510590 -0.768113 0.386394
vn -0.000000 -1.000000 -0.000000
vn -0.521644 -0.756342 -0.394759
vn -0.521644 -0.756342 -0.394759
vn -0.000000 -1.000000 -0.000000
vn -0.000000 -1.000000 -0.000000
vn -0.521644 -0.756342 -0.394759
vn -0.000000 -1.000000 -0.000000
vn -0.107456 -0.664165 -0.739823
vn -0.107456 -0.664165 -0.739823
vn -0.000000 -1.000000 -0.000000
vn 0.000000 -1.000000 -0.000000
vn -0.107456 -0.664165 -0.739823
vn 0.000000 -1.000000 -0.000000
vn 0.332084 -0.679349 -0.654374
vn 0.332084 -0.679349 -0.654374
vn 0.000000 -1.000000 -0.000000
vn 0.000000 -1.000000 -0.000000
vn 0.332084 -0.679349 -0.654374
vn 0.000000 -1.000000 -0.000000
vn 0.578584 -0.815623 -0.000000
vn 0.000000 0.000000 -1.000000
vn 0.000000 0.781831 -0.623490
vn 0.000000 0.781831 -0.623490
vn 0.000000 0.000000 -1.000000
vn 0.000000 0.781831 -0.623490
vn 0.000000 0.000000 -1.000000
vn -1.000000 0.000000 0.000000
vn -1.000000 0.000000 0.000000
vn -1.000000 0.000000 0.000000
vn 1.000000 0.000000 0.000000
vn 1.000000 0.000000 0.000000
vn 1.000000 0.000000 0.000000
vn 0.000000 0.781831 -0.623490
vn 0.000000 0.974928 0.222521
vn 0.000000 0.974928 0.222521
vn 0.000000 0.781831 -0.623490
vn 0.000000 0.974928 0.222521
vn 0.000000 0.781831 -0.623490
vn -1.000000 0.000000 0.000000
vn -1.000000 0.000000 0.000000
vn -1.000000 0.000000 0.000000
vn 1.000000 0.000000 0.000000
vn 1.000000 0.000000 0.000000
vn 1.000000 0.000000 0.000000
vn 0.000000 0.974928 0.222521
vn 0.000000 0.433884 0.900969
vn 0.000000 0.433884 0.900969
vn 0.000000 0.974928 0.222521
vn 0.000000 0.433884 0.900969
vn 0.000000 0.974928 0.222521
vn -1.000000 0.000000 0.000000
vn -1.000000 0.000000 0.000000
vn -1.000000 0.000000 0.000000
vn 1.000000 0.000000 0.000000
vn 1.000000 0.000000 0.000000
vn 1.000000 0.000000 0.000000
vn 0.000000 0.433884 0.900969
vn 0.000000 -0.433884 0.900969
vn 0.000000 -0.433884 0.900969
vn 0.000000 0.433884 0.900969
vn 0.000000 -0.433884 0.900969
vn 0.000000 0.433884 0.900969
vn -1.000000 0.000000 0.000000
vn -1.000000 0.000000 0.000000
vn -1.000000 0.000000 0.000000
vn 1.000000 0.000000 0.000000
vn 1.000000 0.000000 0.000000
vn 1.000000 0.000000 0.000000
vn 0.000000 -0.433884 0.900969
vn 0.000000 -0.974928 0.222521
vn 0.000000 -0.974928 0.222521
vn 0.000000 -0.433884 0.900969
vn 0.000000 -0.974928 0.222521
vn 0.000000 -0.433884 0.900969
vn -1.000000 0.000000 0.000000
vn -1.000000 0.000000 0.000000
vn -1.000000 0.000000 0.000000
vn 1.000000 0.000000 0.000000
vn 1.000000 0.000000 0.000000
vn 1.000000 0.000000 0.000000
vn 0.000000 -0.974928 0.222521
vn 0.000000 -0.781831 -0.623490
vn 0.000000 -0.781831 -0.623490
vn 0.000000 -0.974928 0.222521
vn 0.000000 -0.781831 -0.623490
vn 0.000000 -0.974928 0.222521
vn -1.000000 0.000000 0.000000
vn -1.000000 0.000000 0.000000
vn -1.000000 0.000000 0.000000
vn 1.000000 0.000000 0.000000
vn 1.000000 0.000000 0.000000
vn 1.000000 0.000000 0.000000
vn 0.000000 -0.781831 -0.623490
vn 0.000000 0.000000 -1.000000
vn 0.000000 0.000000 -1.000000
vn 0.000000 -0.781831 -0.623490
vn 0.000000 0.000000 -1.000000
vn 0.000000 -0.781831 -0.623490
vn -1.000000 0.000000 0.000000
vn -1.000000 0.000000 0.000000
vn -1.000000 0.000000 0.000000
vn 1.000000 0.000000 0.000000
vn 1.000000 0.000000 0.000000
vn 1.000000 0.000000 0.000000
usemtl monster_hide
f 1/1/1 2/2/2 3/3/3
f 4/4/4 5/5/5 6/6/6
f 7/7/7 8/8/8 9/9/9
f 10/10/10 11/11/11 12/12/12
f 13/13/13 14/14/14 15/15/15
f 16/16/16 17/17/17 18/18/18
f 19/19/19 20/20/20 21/21/21
f 22/22/22 23/23/23 24/24/24
f 25/25/25 26/26/26 27/27/27
f 28/28/28 29/29/29 30/30/30
f 31/31/31 32/32/32 33/33/33
f 34/34/34 35/35/35 36/36/36
f 37/37/37 38/38/38 39/39/39
f 40/40/40 41/41/41 42/42/42
f 43/43/43 44/44/44 45/45/45
f 46/46/46 47/47/47 48/48/48
f 49/49/49 50/50/50 51/51/51
f 52/52/52 53/53/53 54/54/54
f 55/55/55 56/56/56 57/57/57
f 58/58/58 59/59/59 60/60/60
f 61/61/61 62/62/62 63/63/63
f 64/64/64 65/65/65 66/66/66
f 67/67/67 68/68/68 69/69/69
f 70/70/70 71/71/71 72/72/72
f 73/73/73 74/74/74 75/75/75
f 76/76/76 77/77/77 78/78/78
f 79/79/79 80/80/80 81/81/81
f 82/82/82 83/83/83 84/84/84
f 85/85/85 86/86/86 87/87/87
f 88/88/88 89/89/89 90/90/90
f 91/91/91 92/92/92 93/93/93
f 94/94/94 95/95/95 96/96/96
f 97/97/97 98/98/98 99/99/99
f 100/100/100 101/101/101 102/102/102
f 103/103/103 104/104/104 105/105/105
f 106/106/106 107/107/107 108/108/108
f 109/109/109 110/110/110 111/111/111
f 112/112/112 113/113/113 114/114/114
f 115/115/115 116/116/116 117/117/117
f 118/118/118 119/119/119 120/120/120
f 121/121/121 122/122/122 123/123/123
f 124/124/124 125/125/125 126/126/126
f 127/127/127 128/128/128 129/129/129
f 130/130/130 131/131/131 132/132/132
f 133/133/133 134/134/134 135/135/135
f 136/136/136 137/137/137 138/138/138
f 139/139/139 140/140/140 141/141/141
f 142/142/142 143/143/143 144/144/144
f 145/145/145 146/146/146 147/147/147
f 148/148/148 149/149/149 150/150/150
f 151/151/151 152/152/152 153/153/153
f 154/154/154 155/155/155 156/156/156
f 157/157/157 158/158/158 159/159/159
f 160/160/160 161/161/161 162/162/162
f 163/163/163 164/164/164 165/165/165
f 166/166/166 167/167/167 168/168/168
f 169/169/169 170/170/170 171/171/171
f 172/172/172 173/173/173 174/174/174
f 175/175/175 176/176/176 177/177/177
f 178/178/178 179/179/179 180/180/180
f 181/181/181 182/182/182 183/183/183
f 184/184/184 185/185/185 186/186/186
f 187/187/187 188/188/188 189/189/189
f 190/190/190 191/191/191 192/192/192
f 193/193/193 194/194/194 195/195/195
f 196/196/196 197/197/197 198/198/198
f 199/199/199 200/200/200 201/201/201
f 202/202/202 203/203/203 204/204/204
f 205/205/205 206/206/206 207/207/207
f 208/208/208 209/209/209 210/210/210
f 211/211/211 212/212/212 213/213/213
f 214/214/214 215/215/215 216/216/216
f 217/217/217 218/218/218 219/219/219
f 220/220/220 221/221/221 222/222/222
f 223/223/223 224/224/224 225/225/225
f 226/226/226 227/227/227 228/228/228
f 229/229/229 230/230/230 231/231/231
f 232/232/232 233/233/233 234/234/234
f 235/235/235 236/236/236 237/237/237
f 238/238/238 239/239/239 240/240/240
f 241/241/241 242/242/242 243/243/243
f 244/244/244 245/245/245 246/246/246
f 247/247/247 248/248/248 249/249/249
f 250/250/250 251/251/251 252/252/252
f 253/253/253 254/254/254 255/255/255
f 256/256/256 257/257/257 258/258/258
f 259/259/259 260/260/260 261/261/261
f 262/262/262 263/263/263 264/264/264
f 265/265/265 266/266/266 267/267/267
f 268/268/268 269/269/269 270/270/270
f 271/271/271 272/272/272 273/273/273
f 274/274/274 275/275/275 276/276/276
f 277/277/277 278/278/278 279/279/279
f 280/280/280 281/281/281 282/282/282
f 283/283/283 284/284/284 285/285/285
f 286/286/286 287/287/287 288/288/288
f 289/289/289 290/290/290 291/291/291
f 292/292/292 293/293/293 294/294/294
f 295/295/295 296/296/296 297/297/297
f 298/298/298 299/299/299 300/300/300
f 301/301/301 302/302/302 303/303/303
f 304/304/304 305/305/305 306/306/306
f 307/307/307 308/308/308 309/309/309
f 310/310/310 311/311/311 312/312/312
f 313/313/313 314/314/314 315/315/315
f 316/316/316 317/317/317 318/318/318
f 319/319/319 320/320/320 321/321/321
f 322/322/322 323/323/323 324/324/324
f 325/325/325 326/326/326 327/327/327
f 328/328/328 329/329/329 330/330/330
f 331/331/331 332/332/332 333/333/333
f 334/334/334 335/335/335 336/336/336
f 337/337/337 338/338/338 339/339/339
f 340/340/340 341/341/341 342/342/342
f 343/343/343 344/344/344 345/345/345
f 346/346/346 347/347/347 348/348/348
f 349/349/349 350/350/350 351/351/351
f 352/352/352 353/353/353 354/354/354
f 355/355/355 356/356/356 357/357/357
f 358/358/358 359/359/359 360/360/360
f 361/361/361 362/362/362 363/363/363
f 364/364/364 365/365/365 366/366/366
f 367/367/367 368/368/368 369/369/369
f 370/370/370 371/371/371 372/372/372
f 373/373/373 374/374/374 375/375/375
f 376/376/376 377/377/377 378/378/378
f 379/379/379 380/380/380 381/381/381
f 382/382/382 383/383/383 384/384/384
f 385/385/385 386/386/386 387/387/387
f 388/388/388 389/389/389 390/390/390
f 391/391/391 392/392/392 393/393/393
f 394/394/394 395/395/395 396/396/396
f 397/397/397 398/398/398 399/399/399
f 400/400/400 401/401/401 402/402/402
f 403/403/403 404/404/404 405/405/405
f 406/406/406 407/407/407 408/408/408
f 409/409/409 410/410/410 411/411/411
f 412/412/412 413/413/413 414/414/414
f 415/415/415 416/416/416 417/417/417
f 418/418/418 419/419/419 420/420/420
f 421/421/421 422/422/422 423/423/423
f 424/424/424 425/425/425 426/426/426
f 427/427/427 428/428/428 429/429/429
f 430/430/430 431/431/431 432/432/432
f 433/433/433 434/434/434 435/435/435
f 436/436/436 437/437/437 438/438/438
f 439/439/439 440/440/440 441/441/441
f 442/442/442 443/443/443 444/444/444
f 445/445/445 446/446/446 447/447/447
f 448/448/448 449/449/449 450/450/450
f 451/451/451 452/452/452 453/453/453
f 454/454/454 455/455/455 456/456/456
f 457/457/457 458/458/458 459/459/459
f 460/460/460 461/461/461 462/462/462
f 463/463/463 464/464/464 465/465/465
f 466/466/466 467/467/467 468/468/468
f 469/469/469 470/470/470 471/471/471
f 472/472/472 473/473/473 474/474/474
f 475/475/475 476/476/476 477/477/477
f 478/478/478 479/479/479 480/480/480
f 481/481/481 482/482/482 483/483/483
f 484/484/484 485/485/485 486/486/486
f 487/487/487 488/488/488 489/489/489
f 490/490/490 491/491/491 492/492/492
f 493/493/493 494/494/494 495/495/495
f 496/496/496 497/497/497 498/498/498
f 499/499/499 500/500/500 501/501/501
f 502/502/502 503/503/503 504/504/504
f 505/505/505 506/506/506 507/507/507
f 508/508/508 509/509/509 510/510/510
f 511/511/511 512/512/512 513/513/513
f 514/514/514 515/515/515 516/516/516
f 517/517/517 518/518/518 519/519/519
f 520/520/520 521/521/521 522/522/522
f 523/523/523 524/524/524 525/525/525
f 526/526/526 527/527/527 528/528/528
f 529/529/529 530/530/530 531/531/531
f 532/532/532 533/533/533 534/534/534
f 535/535/535 536/536/536 537/537/537
f 538/538/538 539/539/539 540/540/540
f 541/541/541 542/542/542 543/543/543
f 544/544/544 545/545/545 546/546/546
f 547/547/547 548/548/548 549/549/549
f 550/550/550 551/551/551 552/552/552
f 553/553/553 554/554/554 555/555/555
f 556/556/556 557/557/557 558/558/558
f 559/559/559 560/560/560 561/561/561
f 562/562/562 563/563/563 564/564/564
f 565/565/565 566/566/566 567/567/567
f 568/568/568 569/569/569 570/570/570
f 571/571/571 572/572/572 573/573/573
f 574/574/574 575/575/575 576/576/576
f 577/577/577 578/578/578 579/579/579
f 580/580/580 581/581/581 582/582/582
f 583/583/583 584/584/584 585/585/585
f 586/586/586 587/587/587 588/588/588
f 589/589/589 590/590/590 591/591/591
f 592/592/592 593/593/593 594/594/594
f 595/595/595 596/596/596 597/597/597
f 598/598/598 599/599/599 600/600/600
f 601/601/601 602/602/602 603/603/603
f 604/604/604 605/605/605 606/606/606
f 607/607/607 608/608/608 609/609/609
f 610/610/610 611/611/611 612/612/612
f 613/613/613 614/614/614 615/615/615
f 616/616/616 617/617/617 618/618/618
f 619/619/619 620/620/620 621/621/621
f 622/622/622 623/623/623 624/624/624
f 625/625/625 626/626/626 627/627/627
f 628/628/628 629/629/629 630/630/630
f 631/631/631 632/632/632 633/633/633
f 634/634/634 635/635/635 636/636/636
f 637/637/637 638/638/638 639/639/639
f 640/640/640 641/641/641 642/642/642
f 643/643/643 644/644/644 645/645/645
f 646/646/646 647/647/647 648/648/648
f 649/649/649 650/650/650 651/651/651
f 652/652/652 653/653/653 654/654/654
f 655/655/655 656/656/656 657/657/657
f 658/658/658 659/659/659 660/660/660
f 661/661/661 662/662/662 663/663/663
f 664/664/664 665/665/665 666/666/666
f 667/667/667 668/668/668 669/669/669
f 670/670/670 671/671/671 672/672/672
usemtl monster_skin
f 673/673/673 674/674/674 675/675/675
f 676/676/676 677/677/677 678/678/678
f 679/679/679 680/680/680 681/681/681
f 682/682/682 683/683/683 684/684/684
f 685/685/685 686/686/686 687/687/687
f 688/688/688 689/689/689 690/690/690
f 691/691/691 692/692/692 693/693/693
f 694/694/694 695/695/695 696/696/696
f 697/697/697 698/698/698 699/699/699
f 700/700/700 701/701/701 702/702/702
f 703/703/703 704/704/704 705/705/705
f 706/706/706 707/707/707 708/708/708
f 709/709/709 710/710/710 711/711/711
f 712/712/712 713/713/713 714/714/714
f 715/715/715 716/716/716 717/717/717
f 718/718/718 719/719/719 720/720/720
f 721/721/721 722/722/722 723/723/723
f 724/724/724 725/725/725 726/726/726
f 727/727/727 728/728/728 729/729/729
f 730/730/730 731/731/731 732/732/732
f 733/733/733 734/734/734 735/735/735
f 736/736/736 737/737/737 738/738/738
f 739/739/739 740/740/740 741/741/741
f 742/742/742 743/743/743 744/744/744
f 745/745/745 746/746/746 747/747/747
f 748/748/748 749/749/749 750/750/750
f 751/751/751 752/752/752 753/753/753
f 754/754/754 755/755/755 756/756/756
f 757/757/757 758/758/758 759/759/759
f 760/760/760 761/761/761 762/762/762
f 763/763/763 764/764/764 765/765/765
f 766/766/766 767/767/767 768/768/768
f 769/769/769 770/770/770 771/771/771
f 772/772/772 773/773/773 774/774/774
f 775/775/775 776/776/776 777/777/777
f 778/778/778 779/779/779 780/780/780
f 781/781/781 782/782/782 783/783/783
f 784/784/784 785/785/785 786/786/786
f 787/787/787 788/788/788 789/789/789
f 790/790/790 791/791/791 792/792/792
f 793/793/793 794/794/794 795/795/795
f 796/796/796 797/797/797 798/798/798
f 799/799/799 800/800/800 801/801/801
f 802/802/802 803/803/803 804/804/804
f 805/805/805 806/806/806 807/807/807
f 808/808/808 809/809/809 810/810/810
f 811/811/811 812/812/812 813/813/813
f 814/814/814 815/815/815 816/816/816
f 817/817/817 818/818/818 819/819/819
f 820/820/820 821/821/821 822/822/822
f 823/823/823 824/824/824 825/825/825
f 826/826/826 827/827/827 828/828/828
f 829/829/829 830/830/830 831/831/831
f 832/832/832 833/833/833 834/834/834
f 835/835/835 836/836/836 837/837/837
f 838/838/838 839/839/839 840/840/840
f 841/841/841 842/842/842 843/843/843
f 844/844/844 845/845/845 846/846/846
f 847/847/847 848/848/848 849/849/849
f 850/850/850 851/851/851 852/852/852
f 853/853/853 854/854/854 855/855/855
f 856/856/856 857/857/857 858/858/858
f 859/859/859 860/860/860 861/861/861
f 862/862/862 863/863/863 864/864/864
f 865/865/865 866/866/866 867/867/867
f 868/868/868 869/869/869 870/870/870
f 871/871/871 872/872/872 873/873/873
f 874/874/874 875/875/875 876/876/876
f 877/877/877 878/878/878 879/879/879
f 880/880/880 881/881/881 882/882/882
f 883/883/883 884/884/884 885/885/885
f 886/886/886 887/887/887 888/888/888
f 889/889/889 890/890/890 891/891/891
f 892/892/892 893/893/893 894/894/894
f 895/895/895 896/896/896 897/897/897
f 898/898/898 899/899/899 900/900/900
f 901/901/901 902/902/902 903/903/903
f 904/904/904 905/905/905 906/906/906
f 907/907/907 908/908/908 909/909/909
f 910/910/910 911/911/911 912/912/912
f 913/913/913 914/914/914 915/915/915
f 916/916/916 917/917/917 918/918/918
f 919/919/919 920/920/920 921/921/921
f 922/922/922 923/923/923 924/924/924
f 925/925/925 926/926/926 927/927/927
f 928/928/928 929/929/929 930/930/930
f 931/931/931 932/932/932 933/933/933
f 934/934/934 935/935/935 936/936/936
f 937/937/937 938/938/938 939/939/939
f 940/940/940 941/941/941 942/942/942
f 943/943/943 944/944/944 945/945/945
f 946/946/946 947/947/947 948/948/948
f 949/949/949 950/950/950 951/951/951
f 952/952/952 953/953/953 954/954/954
f 955/955/955 956/956/956 957/957/957
f 958/958/958 959/959/959 960/960/960
f 961/961/961 962/962/962 963/963/963
f 964/964/964 965/965/965 966/966/966
f 967/967/967 968/968/968 969/969/969
f 970/970/970 971/971/971 972/972/972
f 973/973/973 974/974/974 975/975/975
f 976/976/976 977/977/977 978/978/978
f 979/979/979 980/980/980 981/981/981
f 982/982/982 983/983/983 984/984/984
f 985/985/985 986/986/986 987/987/987
f 988/988/988 989/989/989 990/990/990
f 991/991/991 992/992/992 993/993/993
f 994/994/994 995/995/995 996/996/996
f 997/997/997 998/998/998 999/999/999
f 1000/1000/1000 1001/1001/1001 1002/1002/1002
f 1003/1003/1003 1004/1004/1004 1005/1005/1005
f 1006/1006/1006 1007/1007/1007 1008/1008/1008
f 1009/1009/1009 1010/1010/1010 1011/1011/1011
f 1012/1012/1012 1013/1013/1013 1014/1014/1014
f 1015/1015/1015 1016/1016/1016 1017/1017/1017
f 1018/1018/1018 1019/1019/1019 1020/1020/1020
f 1021/1021/1021 1022/1022/1022 1023/1023/1023
f 1024/1024/1024 1025/1025/1025 1026/1026/1026
f 1027/1027/1027 1028/1028/1028 1029/1029/1029
f 1030/1030/1030 1031/1031/1031 1032/1032/1032
f 1033/1033/1033 1034/1034/1034 1035/1035/1035
f 1036/1036/1036 1037/1037/1037 1038/1038/1038
f 1039/1039/1039 1040/1040/1040 1041/1041/1041
f 1042/1042/1042 1043/1043/1043 1044/1044/1044
f 1045/1045/1045 1046/1046/1046 1047/1047/1047
f 1048/1048/1048 1049/1049/1049 1050/1050/1050
f 1051/1051/1051 1052/1052/1052 1053/1053/1053
f 1054/1054/1054 1055/1055/1055 1056/1056/1056
f 1057/1057/1057 1058/1058/1058 1059/1059/1059
f 1060/1060/1060 1061/1061/1061 1062/1062/1062
f 1063/1063/1063 1064/1064/1064 1065/1065/1065
f 1066/1066/1066 1067/1067/1067 1068/1068/1068
f 1069/1069/1069 1070/1070/1070 1071/1071/1071
f 1072/1072/1072 1073/1073/1073 1074/1074/1074
f 1075/1075/1075 1076/1076/1076 1077/1077/1077
f 1078/1078/1078 1079/1079/1079 1080/1080/1080
f 1081/1081/1081 1082/1082/1082 1083/1083/1083
f 1084/1084/1084 1085/1085/1085 1086/1086/1086
f 1087/1087/1087 1088/1088/1088 1089/1089/1089
f 1090/1090/1090 1091/1091/1091 1092/1092/1092
f 1093/1093/1093 1094/1094/1094 1095/1095/1095
f 1096/1096/1096 1097/1097/1097 1098/1098/1098
f 1099/1099/1099 1100/1100/1100 1101/1101/1101
f 1102/1102/1102 1103/1103/1103 1104/1104/1104
f 1105/1105/1105 1106/1106/1106 1107/1107/1107
f 1108/1108/1108 1109/1109/1109 1110/1110/1110
f 1111/1111/1111 1112/1112/1112 1113/1113/1113
f 1114/1114/1114 1115/1115/1115 1116/1116/1116
f 1117/1117/1117 1118/1118/1118 1119/1119/1119
f 1120/1120/1120 1121/1121/1121 1122/1122/1122
f 1123/1123/1123 1124/1124/1124 1125/1125/1125
f 1126/1126/1126 1127/1127/1127 1128/1128/1128
f 1129/1129/1129 1130/1130/1130 1131/1131/1131
f 1132/1132/1132 1133/1133/1133 1134/1134/1134
f 1135/1135/1135 1136/1136/1136 1137/1137/1137
f 1138/1138/1138 1139/1139/1139 1140/1140/1140
f 1141/1141/1141 1142/1142/1142 1143/1143/1143
f 1144/1144/1144 1145/1145/1145 1146/1146/1146
f 1147/1147/1147 1148/1148/1148 1149/1149/1149
f 1150/1150/1150 1151/1151/1151 1152/1152/1152
f 1153/1153/1153 1154/1154/1154 1155/1155/1155
f 1156/1156/1156 1157/1157/1157 1158/1158/1158
f 1159/1159/1159 1160/1160/1160 1161/1161/1161
f 1162/1162/1162 1163/1163/1163 1164/1164/1164
f 1165/1165/1165 1166/1166/1166 1167/1167/1167
f 1168/1168/1168 1169/1169/1169 1170/1170/1170
f 1171/1171/1171 1172/1172/1172 1173/1173/1173
f 1174/1174/1174 1175/1175/1175 1176/1176/1176
f 1177/1177/1177 1178/1178/1178 1179/1179/1179
f 1180/1180/1180 1181/1181/1181 1182/1182/1182
f 1183/1183/1183 1184/1184/1184 1185/1185/1185
f 1186/1186/1186 1187/1187/1187 1188/1188/1188
f 1189/1189/1189 1190/1190/1190 1191/1191/1191
f 1192/1192/1192 1193/1193/1193 1194/1194/1194
f 1195/1195/1195 1196/1196/1196 1197/1197/1197
f 1198/1198/1198 1199/1199/1199 1200/1200/1200
f 1201/1201/1201 1202/1202/1202 1203/1203/1203
f 1204/1204/1204 1205/1205/1205 1206/1206/1206
f 1207/1207/1207 1208/1208/1208 1209/1209/1209
f 1210/1210/1210 1211/1211/1211 1212/1212/1212
f 1213/1213/1213 1214/1214/1214 1215/1215/1215
f 1216/1216/1216 1217/1217/1217 1218/1218/1218
f 1219/1219/1219 1220/1220/1220 1221/1221/1221
f 1222/1222/1222 1223/1223/1223 1224/1224/1224
f 1225/1225/1225 1226/1226/1226 1227/1227/1227
f 1228/1228/1228 1229/1229/1229 1230/1230/1230
f 1231/1231/1231 1232/1232/1232 1233/1233/1233
f 1234/1234/1234 1235/1235/1235 1236/1236/1236
f 1237/1237/1237 1238/1238/1238 1239/1239/1239
f 1240/1240/1240 1241/1241/1241 1242/1242/1242
f 1243/1243/1243 1244/1244/1244 1245/1245/1245
f 1246/1246/1246 1247/1247/1247 1248/1248/1248
f 1249/1249/1249 1250/1250/1250 1251/1251/1251
f 1252/1252/1252 1253/1253/1253 1254/1254/1254
f 1255/1255/1255 1256/1256/1256 1257/1257/1257
f 1258/1258/1258 1259/1259/1259 1260/1260/1260
f 1261/1261/1261 1262/1262/1262 1263/1263/1263
f 1264/1264/1264 1265/1265/1265 1266/1266/1266
f 1267/1267/1267 1268/1268/1268 1269/1269/1269
f 1270/1270/1270 1271/1271/1271 1272/1272/1272
f 1273/1273/1273 1274/1274/1274 1275/1275/1275
f 1276/1276/1276 1277/1277/1277 1278/1278/1278
f 1279/1279/1279 1280/1280/1280 1281/1281/1281
f 1282/1282/1282 1283/1283/1283 1284/1284/1284
f 1285/1285/1285 1286/1286/1286 1287/1287/1287
f 1288/1288/1288 1289/1289/1289 1290/1290/1290
f 1291/1291/1291 1292/1292/1292 1293/1293/1293
f 1294/1294/1294 1295/1295/1295 1296/1296/1296
f 1297/1297/1297 1298/1298/1298 1299/1299/1299
f 1300/1300/1300 1301/1301/1301 1302/1302/1302
f 1303/1303/1303 1304/1304/1304 1305/1305/1305
f 1306/1306/1306 1307/1307/1307 1308/1308/1308
f 1309/1309/1309 1310/1310/1310 1311/1311/1311
f 1312/1312/1312 1313/1313/1313 1314/1314/1314
f 1315/1315/1315 1316/1316/1316 1317/1317/1317
f 1318/1318/1318 1319/1319/1319 1320/1320/1320
f 1321/1321/1321 1322/1322/1322 1323/1323/1323
f 1324/1324/1324 1325/1325/1325 1326/1326/1326
f 1327/1327/1327 1328/1328/1328 1329/1329/1329
f 1330/1330/1330 1331/1331/1331 1332/1332/1332
f 1333/1333/1333 1334/1334/1334 1335/1335/1335
f 1336/1336/1336 1337/1337/1337 1338/1338/1338
f 1339/1339/1339 1340/1340/1340 1341/1341/1341
f 1342/1342/1342 1343/1343/1343 1344/1344/1344
f 1345/1345/1345 1346/1346/1346 1347/1347/1347
f 1348/1348/1348 1349/1349/1349 1350/1350/1350
f 1351/1351/1351 1352/1352/1352 1353/1353/1353
f 1354/1354/1354 1355/1355/1355 1356/1356/1356
f 1357/1357/1357 1358/1358/1358 1359/1359/1359
f 1360/1360/1360 1361/1361/1361 1362/1362/1362
f 1363/1363/1363 1364/1364/1364 1365/1365/1365
f 1366/1366/1366 1367/1367/1367 1368/1368/1368
f 1369/1369/1369 1370/1370/1370 1371/1371/1371
f 1372/1372/1372 1373/1373/1373 1374/1374/1374
f 1375/1375/1375 1376/1376/1376 1377/1377/1377
f 1378/1378/1378 1379/1379/1379 1380/1380/1380
f 1381/1381/1381 1382/1382/1382 1383/1383/1383
f 1384/1384/1384 1385/1385/1385 1386/1386/1386
f 1387/1387/1387 1388/1388/1388 1389/1389/1389
f 1390/1390/1390 1391/1391/1391 1392/1392/1392
f 1393/1393/1393 1394/1394/1394 1395/1395/1395
f 1396/1396/1396 1397/1397/1397 1398/1398/1398
f 1399/1399/1399 1400/1400/1400 1401/1401/1401
f 1402/1402/1402 1403/1403/1403 1404/1404/1404
f 1405/1405/1405 1406/1406/1406 1407/1407/1407
f 1408/1408/1408 1409/1409/1409 1410/1410/1410
f 1411/1411/1411 1412/1412/1412 1413/1413/1413
f 1414/1414/1414 1415/1415/1415 1416/1416/1416
f 1417/1417/1417 1418/1418/1418 1419/1419/1419
f 1420/1420/1420 1421/1421/1421 1422/1422/1422
f 1423/1423/1423 1424/1424/1424 1425/1425/1425
f 1426/1426/1426 1427/1427/1427 1428/1428/1428
f 1429/1429/1429 1430/1430/1430 1431/1431/1431
f 1432/1432/1432 1433/1433/1433 1434/1434/1434
f 1435/1435/1435 1436/1436/1436 1437/1437/1437
f 1438/1438/1438 1439/1439/1439 1440/1440/1440
f 1441/1441/1441 1442/1442/1442 1443/1443/1443
f 1444/1444/1444 1445/1445/1445 1446/1446/1446
f 1447/1447/1447 1448/1448/1448 1449/1449/1449
f 1450/1450/1450 1451/1451/1451 1452/1452/1452
f 1453/1453/1453 1454/1454/1454 1455/1455/1455
f 1456/1456/1456 1457/1457/1457 1458/1458/1458
f 1459/1459/1459 1460/1460/1460 1461/1461/1461
f 1462/1462/1462 1463/1463/1463 1464/1464/1464
f 1465/1465/1465 1466/1466/1466 1467/1467/1467
f 1468/1468/1468 1469/1469/1469 1470/1470/1470
f 1471/1471/1471 1472/1472/1472 1473/1473/1473
f 1474/1474/1474 1475/1475/1475 1476/1476/1476
f 1477/1477/1477 1478/1478/1478 1479/1479/1479
f 1480/1480/1480 1481/1481/1481 1482/1482/1482
f 1483/1483/1483 1484/1484/1484 1485/1485/1485
f 1486/1486/1486 1487/1487/1487 1488/1488/1488
f 1489/1489/1489 1490/1490/1490 1491/1491/1491
f 1492/1492/1492 1493/1493/1493 1494/1494/1494
f 1495/1495/1495 1496/1496/1496 1497/1497/1497
f 1498/1498/1498 1499/1499/1499 1500/1500/1500
f 1501/1501/1501 1502/1502/1502 1503/1503/1503
f 1504/1504/1504 1505/1505/1505 1506/1506/1506
f 1507/1507/1507 1508/1508/1508 1509/1509/1509
f 1510/1510/1510 1511/1511/1511 1512/1512/1512
f 1513/1513/1513 1514/1514/1514 1515/1515/1515
f 1516/1516/1516 1517/1517/1517 1518/1518/1518
f 1519/1519/1519 1520/1520/1520 1521/1521/1521
f 1522/1522/1522 1523/1523/1523 1524/1524/1524
f 1525/1525/1525 1526/1526/1526 1527/1527/1527
f 1528/1528/1528 1529/1529/1529 1530/1530/1530
f 1531/1531/1531 1532/1532/1532 1533/1533/1533
f 1534/1534/1534 1535/1535/1535 1536/1536/1536
f 1537/1537/1537 1538/1538/1538 1539/1539/1539
f 1540/1540/1540 1541/1541/1541 1542/1542/1542
f 1543/1543/1543 1544/1544/1544 1545/1545/1545
f 1546/1546/1546 1547/1547/1547 1548/1548/1548
f 1549/1549/1549 1550/1550/1550 1551/1551/1551
f 1552/1552/1552 1553/1553/1553 1554/1554/1554
f 1555/1555/1555 1556/1556/1556 1557/1557/1557
f 1558/1558/1558 1559/1559/1559 1560/1560/1560
f 1561/1561/1561 1562/1562/1562 1563/1563/1563
f 1564/1564/1564 1565/1565/1565 1566/1566/1566
f 1567/1567/1567 1568/1568/1568 1569/1569/1569
f 1570/1570/1570 1571/1571/1571 1572/1572/1572
f 1573/1573/1573 1574/1574/1574 1575/1575/1575
f 1576/1576/1576 1577/1577/1577 1578/1578/1578
f 1579/1579/1579 1580/1580/1580 1581/1581/1581
f 1582/1582/1582 1583/1583/1583 1584/1584/1584
f 1585/1585/1585 1586/1586/1586 1587/1587/1587
f 1588/1588/1588 1589/1589/1589 1590/1590/1590
f 1591/1591/1591 1592/1592/1592 1593/1593/1593
f 1594/1594/1594 1595/1595/1595 1596/1596/1596
f 1597/1597/1597 1598/1598/1598 1599/1599/1599
f 1600/1600/1600 1601/1601/1601 1602/1602/1602
f 1603/1603/1603 1604/1604/1604 1605/1605/1605
f 1606/1606/1606 1607/1607/1607 1608/1608/1608
f 1609/1609/1609 1610/1610/1610 1611/1611/1611
f 1612/1612/1612 1613/1613/1613 1614/1614/1614
f 1615/1615/1615 1616/1616/1616 1617/1617/1617
f 1618/1618/1618 1619/1619/1619 1620/1620/1620
f 1621/1621/1621 1622/1622/1622 1623/1623/1623
f 1624/1624/1624 1625/1625/1625 1626/1626/1626
f 1627/1627/1627 1628/1628/1628 1629/1629/1629
f 1630/1630/1630 1631/1631/1631 1632/1632/1632
f 1633/1633/1633 1634/1634/1634 1635/1635/1635
f 1636/1636/1636 1637/1637/1637 1638/1638/1638
f 1639/1639/1639 1640/1640/1640 1641/1641/1641
f 1642/1642/1642 1643/1643/1643 1644/1644/1644
f 1645/1645/1645 1646/1646/1646 1647/1647/1647
f 1648/1648/1648 1649/1649/1649 1650/1650/1650
f 1651/1651/1651 1652/1652/1652 1653/1653/1653
f 1654/1654/1654 1655/1655/1655 1656/1656/1656
f 1657/1657/1657 1658/1658/1658 1659/1659/1659
f 1660/1660/1660 1661/1661/1661 1662/1662/1662
f 1663/1663/1663 1664/1664/1664 1665/1665/1665
f 1666/1666/1666 1667/1667/1667 1668/1668/1668
f 1669/1669/1669 1670/1670/1670 1671/1671/1671
f 1672/1672/1672 1673/1673/1673 1674/1674/1674
f 1675/1675/1675 1676/1676/1676 1677/1677/1677
f 1678/1678/1678 1679/1679/1679 1680/1680/1680
f 1681/1681/1681 1682/1682/1682 1683/1683/1683
f 1684/1684/1684 1685/1685/1685 1686/1686/1686
f 1687/1687/1687 1688/1688/1688 1689/1689/1689
f 1690/1690/1690 1691/1691/1691 1692/1692/1692
f 1693/1693/1693 1694/1694/1694 1695/1695/1695
f 1696/1696/1696 1697/1697/1697 1698/1698/1698
f 1699/1699/1699 1700/1700/1700 1701/1701/1701
f 1702/1702/1702 1703/1703/1703 1704/1704/1704
f 1705/1705/1705 1706/1706/1706 1707/1707/1707
f 1708/1708/1708 1709/1709/1709 1710/1710/1710
f 1711/1711/1711 1712/1712/1712 1713/1713/1713
f 1714/1714/1714 1715/1715/1715 1716/1716/1716
f 1717/1717/1717 1718/1718/1718 1719/1719/1719
f 1720/1720/1720 1721/1721/1721 1722/1722/1722
f 1723/1723/1723 1724/1724/1724 1725/1725/1725
f 1726/1726/1726 1727/1727/1727 1728/1728/1728
f 1729/1729/1729 1730/1730/1730 1731/1731/1731
f 1732/1732/1732 1733/1733/1733 1734/1734/1734
f 1735/1735/1735 1736/1736/1736 1737/1737/1737
f 1738/1738/1738 1739/1739/1739 1740/1740/1740
f 1741/1741/1741 1742/1742/1742 1743/1743/1743
f 1744/1744/1744 1745/1745/1745 1746/1746/1746
f 1747/1747/1747 1748/1748/1748 1749/1749/1749
f 1750/1750/1750 1751/1751/1751 1752/1752/1752
f 1753/1753/1753 1754/1754/1754 1755/1755/1755
f 1756/1756/1756 1757/1757/1757 1758/1758/1758
f 1759/1759/1759 1760/1760/1760 1761/1761/1761
f 1762/1762/1762 1763/1763/1763 1764/1764/1764
f 1765/1765/1765 1766/1766/1766 1767/1767/1767
f 1768/1768/1768 1769/1769/1769 1770/1770/1770
f 1771/1771/1771 1772/1772/1772 1773/1773/1773
f 1774/1774/1774 1775/1775/1775 1776/1776/1776
f 1777/1777/1777 1778/1778/1778 1779/1779/1779
f 1780/1780/1780 1781/1781/1781 1782/1782/1782
f 1783/1783/1783 1784/1784/1784 1785/1785/1785
f 1786/1786/1786 1787/1787/1787 1788/1788/1788
f 1789/1789/1789 1790/1790/1790 1791/1791/1791
f 1792/1792/1792 1793/1793/1793 1794/1794/1794
f 1795/1795/1795 1796/1796/1796 1797/1797/1797
f 1798/1798/1798 1799/1799/1799 1800/1800/1800
f 1801/1801/1801 1802/1802/1802 1803/1803/1803
f 1804/1804/1804 1805/1805/1805 1806/1806/1806
f 1807/1807/1807 1808/1808/1808 1809/1809/1809
f 1810/1810/1810 1811/1811/1811 1812/1812/1812
f 1813/1813/1813 1814/1814/1814 1815/1815/1815
f 1816/1816/1816 1817/1817/1817 1818/1818/1818
f 1819/1819/1819 1820/1820/1820 1821/1821/1821
f 1822/1822/1822 1823/1823/1823 1824/1824/1824
f 1825/1825/1825 1826/1826/1826 1827/1827/1827
f 1828/1828/1828 1829/1829/1829 1830/1830/1830
f 1831/1831/1831 1832/1832/1832 1833/1833/1833
f 1834/1834/1834 1835/1835/1835 1836/1836/1836
f 1837/1837/1837 1838/1838/1838 1839/1839/1839
f 1840/1840/1840 1841/1841/1841 1842/1842/1842
f 1843/1843/1843 1844/1844/1844 1845/1845/1845
f 1846/1846/1846 1847/1847/1847 1848/1848/1848
f 1849/1849/1849 1850/1850/1850 1851/1851/1851
f 1852/1852/1852 1853/1853/1853 1854/1854/1854
f 1855/1855/1855 1856/1856/1856 1857/1857/1857
f 1858/1858/1858 1859/1859/1859 1860/1860/1860
f 1861/1861/1861 1862/1862/1862 1863/1863/1863
f 1864/1864/1864 1865/1865/1865 1866/1866/1866
f 1867/1867/1867 1868/1868/1868 1869/1869/1869
f 1870/1870/1870 1871/1871/1871 1872/1872/1872
f 1873/1873/1873 1874/1874/1874 1875/1875/1875
f 1876/1876/1876 1877/1877/1877 1878/1878/1878
f 1879/1879/1879 1880/1880/1880 1881/1881/1881
f 1882/1882/1882 1883/1883/1883 1884/1884/1884
f 1885/1885/1885 1886/1886/1886 1887/1887/1887
f 1888/1888/1888 1889/1889/1889 1890/1890/1890
f 1891/1891/1891 1892/1892/1892 1893/1893/1893
f 1894/1894/1894 1895/1895/1895 1896/1896/1896
f 1897/1897/1897 1898/1898/1898 1899/1899/1899
f 1900/1900/1900 1901/1901/1901 1902/1902/1902
f 1903/1903/1903 1904/1904/1904 1905/1905/1905
f 1906/1906/1906 1907/1907/1907 1908/1908/1908
f 1909/1909/1909 1910/1910/1910 1911/1911/1911
f 1912/1912/1912 1913/1913/1913 1914/1914/1914
f 1915/1915/1915 1916/1916/1916 1917/1917/1917
f 1918/1918/1918 1919/1919/1919 1920/1920/1920
usemtl monster_bone
f 1921/1921/1921 1922/1922/1922 1923/1923/1923
f 1924/1924/1924 1925/1925/1925 1926/1926/1926
f 1927/1927/1927 1928/1928/1928 1929/1929/1929
f 1930/1930/1930 1931/1931/1931 1932/1932/1932
f 1933/1933/1933 1934/1934/1934 1935/1935/1935
f 1936/1936/1936 1937/1937/1937 1938/1938/1938
f 1939/1939/1939 1940/1940/1940 1941/1941/1941
f 1942/1942/1942 1943/1943/1943 1944/1944/1944
f 1945/1945/1945 1946/1946/1946 1947/1947/1947
f 1948/1948/1948 1949/1949/1949 1950/1950/1950
f 1951/1951/1951 1952/1952/1952 1953/1953/1953
f 1954/1954/1954 1955/1955/1955 1956/1956/1956
f 1957/1957/1957 1958/1958/1958 1959/1959/1959
f 1960/1960/1960 1961/1961/1961 1962/1962/1962
f 1963/1963/1963 1964/1964/1964 1965/1965/1965
f 1966/1966/1966 1967/1967/1967 1968/1968/1968
f 1969/1969/1969 1970/1970/1970 1971/1971/1971
f 1972/1972/1972 1973/1973/1973 1974/1974/1974
f 1975/1975/1975 1976/1976/1976 1977/1977/1977
f 1978/1978/1978 1979/1979/1979 1980/1980/1980
f 1981/1981/1981 1982/1982/1982 1983/1983/1983
f 1984/1984/1984 1985/1985/1985 1986/1986/1986
f 1987/1987/1987 1988/1988/1988 1989/1989/1989
f 1990/1990/1990 1991/1991/1991 1992/1992/1992
f 1993/1993/1993 1994/1994/1994 1995/1995/1995
f 1996/1996/1996 1997/1997/1997 1998/1998/1998
f 1999/1999/1999 2000/2000/2000 2001/2001/2001
f 2002/2002/2002 2003/2003/2003 2004/2004/2004
usemtl monster_eye
f 2005/2005/2005 2006/2006/2006 2007/2007/2007
f 2008/2008/2008 2009/2009/2009 2010/2010/2010
f 2011/2011/2011 2012/2012/2012 2013/2013/2013
f 2014/2014/2014 2015/2015/2015 2016/2016/2016
f 2017/2017/2017 2018/2018/2018 2019/2019/2019
f 2020/2020/2020 2021/2021/2021 2022/2022/2022
f 2023/2023/2023 2024/2024/2024 2025/2025/2025
f 2026/2026/2026 2027/2027/2027 2028/2028/2028
f 2029/2029/2029 2030/2030/2030 2031/2031/2031
f 2032/2032/2032 2033/2033/2033 2034/2034/2034
f 2035/2035/2035 2036/2036/2036 2037/2037/2037
f 2038/2038/2038 2039/2039/2039 2040/2040/2040
f 2041/2041/2041 2042/2042/2042 2043/2043/2043
f 2044/2044/2044 2045/2045/2045 2046/2046/2046
f 2047/2047/2047 2048/2048/2048 2049/2049/2049
f 2050/2050/2050 2051/2051/2051 2052/2052/2052
f 2053/2053/2053 2054/2054/2054 2055/2055/2055
f 2056/2056/2056 2057/2057/2057 2058/2058/2058
f 2059/2059/2059 2060/2060/2060 2061/2061/2061
f 2062/2062/2062 2063/2063/2063 2064/2064/2064
f 2065/2065/2065 2066/2066/2066 2067/2067/2067
f 2068/2068/2068 2069/2069/2069 2070/2070/2070
f 2071/2071/2071 2072/2072/2072 2073/2073/2073
f 2074/2074/2074 2075/2075/2075 2076/2076/2076
f 2077/2077/2077 2078/2078/2078 2079/2079/2079
f 2080/2080/2080 2081/2081/2081 2082/2082/2082
f 2083/2083/2083 2084/2084/2084 2085/2085/2085
f 2086/2086/2086 2087/2087/2087 2088/2088/2088
f 2089/2089/2089 2090/2090/2090 2091/2091/2091
f 2092/2092/2092 2093/2093/2093 2094/2094/2094
f 2095/2095/2095 2096/2096/2096 2097/2097/2097
f 2098/2098/2098 2099/2099/2099 2100/2100/2100
f 2101/2101/2101 2102/2102/2102 2103/2103/2103
f 2104/2104/2104 2105/2105/2105 2106/2106/2106
f 2107/2107/2107 2108/2108/2108 2109/2109/2109
f 2110/2110/2110 2111/2111/2111 2112/2112/2112
f 2113/2113/2113 2114/2114/2114 2115/2115/2115
f 2116/2116/2116 2117/2117/2117 2118/2118/2118
f 2119/2119/2119 2120/2120/2120 2121/2121/2121
f 2122/2122/2122 2123/2123/2123 2124/2124/2124
f 2125/2125/2125 2126/2126/2126 2127/2127/2127
f 2128/2128/2128 2129/2129/2129 2130/2130/2130
f 2131/2131/2131 2132/2132/2132 2133/2133/2133
f 2134/2134/2134 2135/2135/2135 2136/2136/2136
f 2137/2137/2137 2138/2138/2138 2139/2139/2139
f 2140/2140/2140 2141/2141/2141 2142/2142/2142
f 2143/2143/2143 2144/2144/2144 2145/2145/2145
f 2146/2146/2146 2147/2147/2147 2148/2148/2148
f 2149/2149/2149 2150/2150/2150 2151/2151/2151
f 2152/2152/2152 2153/2153/2153 2154/2154/2154
f 2155/2155/2155 2156/2156/2156 2157/2157/2157
f 2158/2158/2158 2159/2159/2159 2160/2160/2160
f 2161/2161/2161 2162/2162/2162 2163/2163/2163
f 2164/2164/2164 2165/2165/2165 2166/2166/2166
f 2167/2167/2167 2168/2168/2168 2169/2169/2169
f 2170/2170/2170 2171/2171/2171 2172/2172/2172
f 2173/2173/2173 2174/2174/2174 2175/2175/2175
f 2176/2176/2176 2177/2177/2177 2178/2178/2178
f 2179/2179/2179 2180/2180/2180 2181/2181/2181
f 2182/2182/2182 2183/2183/2183 2184/2184/2184
f 2185/2185/2185 2186/2186/2186 2187/2187/2187
f 2188/2188/2188 2189/2189/2189 2190/2190/2190
f 2191/2191/2191 2192/2192/2192 2193/2193/2193
f 2194/2194/2194 2195/2195/2195 2196/2196/2196
f 2197/2197/2197 2198/2198/2198 2199/2199/2199
f 2200/2200/2200 2201/2201/2201 2202/2202/2202
f 2203/2203/2203 2204/2204/2204 2205/2205/2205
f 2206/2206/2206 2207/2207/2207 2208/2208/2208
f 2209/2209/2209 2210/2210/2210 2211/2211/2211
f 2212/2212/2212 2213/2213/2213 2214/2214/2214
usemtl monster_skin
f 2215/2215/2215 2216/2216/2216 2217/2217/2217
f 2218/2218/2218 2219/2219/2219 2220/2220/2220
f 2221/2221/2221 2222/2222/2222 2223/2223/2223
f 2224/2224/2224 2225/2225/2225 2226/2226/2226
f 2227/2227/2227 2228/2228/2228 2229/2229/2229
f 2230/2230/2230 2231/2231/2231 2232/2232/2232
f 2233/2233/2233 2234/2234/2234 2235/2235/2235
f 2236/2236/2236 2237/2237/2237 2238/2238/2238
f 2239/2239/2239 2240/2240/2240 2241/2241/2241
f 2242/2242/2242 2243/2243/2243 2244/2244/2244
f 2245/2245/2245 2246/2246/2246 2247/2247/2247
f 2248/2248/2248 2249/2249/2249 2250/2250/2250
f 2251/2251/2251 2252/2252/2252 2253/2253/2253
f 2254/2254/2254 2255/2255/2255 2256/2256/2256
f 2257/2257/2257 2258/2258/2258 2259/2259/2259
f 2260/2260/2260 2261/2261/2261 2262/2262/2262
f 2263/2263/2263 2264/2264/2264 2265/2265/2265
f 2266/2266/2266 2267/2267/2267 2268/2268/2268
f 2269/2269/2269 2270/2270/2270 2271/2271/2271
f 2272/2272/2272 2273/2273/2273 2274/2274/2274
f 2275/2275/2275 2276/2276/2276 2277/2277/2277
f 2278/2278/2278 2279/2279/2279 2280/2280/2280
f 2281/2281/2281 2282/2282/2282 2283/2283/2283
f 2284/2284/2284 2285/2285/2285 2286/2286/2286
f 2287/2287/2287 2288/2288/2288 2289/2289/2289
f 2290/2290/2290 2291/2291/2291 2292/2292/2292
f 2293/2293/2293 2294/2294/2294 2295/2295/2295
f 2296/2296/2296 2297/2297/2297 2298/2298/2298
f 2299/2299/2299 2300/2300/2300 2301/2301/2301
f 2302/2302/2302 2303/2303/2303 2304/2304/2304
f 2305/2305/2305 2306/2306/2306 2307/2307/2307
f 2308/2308/2308 2309/2309/2309 2310/2310/2310
usemtl monster_bone
f 2311/2311/2311 2312/2312/2312 2313/2313/2313
f 2314/2314/2314 2315/2315/2315 2316/2316/2316
f 2317/2317/2317 2318/2318/2318 2319/2319/2319
f 2320/2320/2320 2321/2321/2321 2322/2322/2322
f 2323/2323/2323 2324/2324/2324 2325/2325/2325
f 2326/2326/2326 2327/2327/2327 2328/2328/2328
f 2329/2329/2329 2330/2330/2330 2331/2331/2331
f 2332/2332/2332 2333/2333/2333 2334/2334/2334
f 2335/2335/2335 2336/2336/2336 2337/2337/2337
f 2338/2338/2338 2339/2339/2339 2340/2340/2340
f 2341/2341/2341 2342/2342/2342 2343/2343/2343
f 2344/2344/2344 2345/2345/2345 2346/2346/2346
f 2347/2347/2347 2348/2348/2348 2349/2349/2349
f 2350/2350/2350 2351/2351/2351 2352/2352/2352
f 2353/2353/2353 2354/2354/2354 2355/2355/2355
f 2356/2356/2356 2357/2357/2357 2358/2358/2358
f 2359/2359/2359 2360/2360/2360 2361/2361/2361
f 2362/2362/2362 2363/2363/2363 2364/2364/2364
f 2365/2365/2365 2366/2366/2366 2367/2367/2367
f 2368/2368/2368 2369/2369/2369 2370/2370/2370
f 2371/2371/2371 2372/2372/2372 2373/2373/2373
f 2374/2374/2374 2375/2375/2375 2376/2376/2376
f 2377/2377/2377 2378/2378/2378 2379/2379/2379
f 2380/2380/2380 2381/2381/2381 2382/2382/2382
f 2383/2383/2383 2384/2384/2384 2385/2385/2385
f 2386/2386/2386 2387/2387/2387 2388/2388/2388
f 2389/2389/2389 2390/2390/2390 2391/2391/2391
f 2392/2392/2392 2393/2393/2393 2394/2394/2394
usemtl monster_eye
f 2395/2395/2395 2396/2396/2396 2397/2397/2397
f 2398/2398/2398 2399/2399/2399 2400/2400/2400
f 2401/2401/2401 2402/2402/2402 2403/2403/2403
f 2404/2404/2404 2405/2405/2405 2406/2406/2406
f 2407/2407/2407 2408/2408/2408 2409/2409/2409
f 2410/2410/2410 2411/2411/2411 2412/2412/2412
f 2413/2413/2413 2414/2414/2414 2415/2415/2415
f 2416/2416/2416 2417/2417/2417 2418/2418/2418
f 2419/2419/2419 2420/2420/2420 2421/2421/2421
f 2422/2422/2422 2423/2423/2423 2424/2424/2424
f 2425/2425/2425 2426/2426/2426 2427/2427/2427
f 2428/2428/2428 2429/2429/2429 2430/2430/2430
f 2431/2431/2431 2432/2432/2432 2433/2433/2433
f 2434/2434/2434 2435/2435/2435 2436/2436/2436
f 2437/2437/2437 2438/2438/2438 2439/2439/2439
f 2440/2440/2440 2441/2441/2441 2442/2442/2442
f 2443/2443/2443 2444/2444/2444 2445/2445/2445
f 2446/2446/2446 2447/2447/2447 2448/2448/2448
f 2449/2449/2449 2450/2450/2450 2451/2451/2451
f 2452/2452/2452 2453/2453/2453 2454/2454/2454
f 2455/2455/2455 2456/2456/2456 2457/2457/2457
f 2458/2458/2458 2459/2459/2459 2460/2460/2460
f 2461/2461/2461 2462/2462/2462 2463/2463/2463
f 2464/2464/2464 2465/2465/2465 2466/2466/2466
f 2467/2467/2467 2468/2468/2468 2469/2469/2469
f 2470/2470/2470 2471/2471/2471 2472/2472/2472
f 2473/2473/2473 2474/2474/2474 2475/2475/2475
f 2476/2476/2476 2477/2477/2477 2478/2478/2478
f 2479/2479/2479 2480/2480/2480 2481/2481/2481
f 2482/2482/2482 2483/2483/2483 2484/2484/2484
f 2485/2485/2485 2486/2486/2486 2487/2487/2487
f 2488/2488/2488 2489/2489/2489 2490/2490/2490
f 2491/2491/2491 2492/2492/2492 2493/2493/2493
f 2494/2494/2494 2495/2495/2495 2496/2496/2496
f 2497/2497/2497 2498/2498/2498 2499/2499/2499
f 2500/2500/2500 2501/2501/2501 2502/2502/2502
f 2503/2503/2503 2504/2504/2504 2505/2505/2505
f 2506/2506/2506 2507/2507/2507 2508/2508/2508
f 2509/2509/2509 2510/2510/2510 2511/2511/2511
f 2512/2512/2512 2513/2513/2513 2514/2514/2514
f 2515/2515/2515 2516/2516/2516 2517/2517/2517
f 2518/2518/2518 2519/2519/2519 2520/2520/2520
f 2521/2521/2521 2522/2522/2522 2523/2523/2523
f 2524/2524/2524 2525/2525/2525 2526/2526/2526
f 2527/2527/2527 2528/2528/2528 2529/2529/2529
f 2530/2530/2530 2531/2531/2531 2532/2532/2532
f 2533/2533/2533 2534/2534/2534 2535/2535/2535
f 2536/2536/2536 2537/2537/2537 2538/2538/2538
f 2539/2539/2539 2540/2540/2540 2541/2541/2541
f 2542/2542/2542 2543/2543/2543 2544/2544/2544
f 2545/2545/2545 2546/2546/2546 2547/2547/2547
f 2548/2548/2548 2549/2549/2549 2550/2550/2550
f 2551/2551/2551 2552/2552/2552 2553/2553/2553
f 2554/2554/2554 2555/2555/2555 2556/2556/2556
f 2557/2557/2557 2558/2558/2558 2559/2559/2559
f 2560/2560/2560 2561/2561/2561 2562/2562/2562
f 2563/2563/2563 2564/2564/2564 2565/2565/2565
f 2566/2566/2566 2567/2567/2567 2568/2568/2568
f 2569/2569/2569 2570/2570/2570 2571/2571/2571
f 2572/2572/2572 2573/2573/2573 2574/2574/2574
f 2575/2575/2575 2576/2576/2576 2577/2577/2577
f 2578/2578/2578 2579/2579/2579 2580/2580/2580
f 2581/2581/2581 2582/2582/2582 2583/2583/2583
f 2584/2584/2584 2585/2585/2585 2586/2586/2586
f 2587/2587/2587 2588/2588/2588 2589/2589/2589
f 2590/2590/2590 2591/2591/2591 2592/2592/2592
f 2593/2593/2593 2594/2594/2594 2595/2595/2595
f 2596/2596/2596 2597/2597/2597 2598/2598/2598
f 2599/2599/2599 2600/2600/2600 2601/2601/2601
f 2602/2602/2602 2603/2603/2603 2604/2604/2604
usemtl monster_bone
f 2605/2605/2605 2606/2606/2606 2607/2607/2607
f 2608/2608/2608 2609/2609/2609 2610/2610/2610
f 2611/2611/2611 2612/2612/2612 2613/2613/2613
f 2614/2614/2614 2615/2615/2615 2616/2616/2616
f 2617/2617/2617 2618/2618/2618 2619/2619/2619
f 2620/2620/2620 2621/2621/2621 2622/2622/2622
f 2623/2623/2623 2624/2624/2624 2625/2625/2625
f 2626/2626/2626 2627/2627/2627 2628/2628/2628
f 2629/2629/2629 2630/2630/2630 2631/2631/2631
f 2632/2632/2632 2633/2633/2633 2634/2634/2634
f 2635/2635/2635 2636/2636/2636 2637/2637/2637
f 2638/2638/2638 2639/2639/2639 2640/2640/2640
f 2641/2641/2641 2642/2642/2642 2643/2643/2643
f 2644/2644/2644 2645/2645/2645 2646/2646/2646
f 2647/2647/2647 2648/2648/2648 2649/2649/2649
f 2650/2650/2650 2651/2651/2651 2652/2652/2652
f 2653/2653/2653 2654/2654/2654 2655/2655/2655
f 2656/2656/2656 2657/2657/2657 2658/2658/2658
f 2659/2659/2659 2660/2660/2660 2661/2661/2661
f 2662/2662/2662 2663/2663/2663 2664/2664/2664
f 2665/2665/2665 2666/2666/2666 2667/2667/2667
f 2668/2668/2668 2669/2669/2669 2670/2670/2670
f 2671/2671/2671 2672/2672/2672 2673/2673/2673
f 2674/2674/2674 2675/2675/2675 2676/2676/2676
f 2677/2677/2677 2678/2678/2678 2679/2679/2679
f 2680/2680/2680 2681/2681/2681 2682/2682/2682
f 2683/2683/2683 2684/2684/2684 2685/2685/2685
f 2686/2686/2686 2687/2687/2687 2688/2688/2688
