# Deterministic Story World v4 asset: StoryWorld_RoadNetwork_v4
# Triangles: 456
mtllib story_world_v4.mtl
o StoryWorld_RoadNetwork_v4
s 1
v -36.479720 3.030934 -29.520280
v -35.479720 2.549175 -28.520280
v -36.148643 2.488786 -27.851357
v -36.479720 3.030934 -29.520280
v -36.148643 2.488786 -27.851357
v -37.148643 2.951184 -28.851357
v -37.148643 2.951184 -28.851357
v -36.148643 2.488786 -27.851357
v -37.851357 2.288278 -26.148643
v -37.148643 2.951184 -28.851357
v -37.851357 2.288278 -26.148643
v -38.851357 2.696179 -27.148643
v -38.851357 2.696179 -27.148643
v -37.851357 2.288278 -26.148643
v -38.520280 2.195216 -25.479720
v -38.851357 2.696179 -27.148643
v -38.520280 2.195216 -25.479720
v -39.520280 2.580485 -26.479720
v -35.479720 2.549175 -28.520280
v -34.479720 2.118276 -27.520280
v -35.148643 2.076142 -26.851357
v -35.479720 2.549175 -28.520280
v -35.148643 2.076142 -26.851357
v -36.148643 2.488786 -27.851357
v -36.148643 2.488786 -27.851357
v -35.148643 2.076142 -26.851357
v -36.851357 1.926718 -25.148643
v -36.148643 2.488786 -27.851357
v -36.851357 1.926718 -25.148643
v -37.851357 2.288278 -26.148643
v -37.851357 2.288278 -26.148643
v -36.851357 1.926718 -25.148643
v -37.520280 1.854775 -24.479720
v -37.851357 2.288278 -26.148643
v -37.520280 1.854775 -24.479720
v -38.520280 2.195216 -25.479720
v -34.479720 2.118276 -27.520280
v -33.479720 1.738883 -26.520280
v -34.148643 1.713657 -25.851357
v -34.479720 2.118276 -27.520280
v -34.148643 1.713657 -25.851357
v -35.148643 2.076142 -26.851357
v -35.148643 2.076142 -26.851357
v -34.148643 1.713657 -25.851357
v -35.851357 1.611263 -24.148643
v -35.148643 2.076142 -26.851357
v -35.851357 1.611263 -24.148643
v -36.851357 1.926718 -25.148643
v -36.851357 1.926718 -25.148643
v -35.851357 1.611263 -24.148643
v -36.520280 1.558674 -23.479720
v -36.851357 1.926718 -25.148643
v -36.520280 1.558674 -23.479720
v -37.520280 1.854775 -24.479720
v -33.479720 1.738883 -26.520280
v -32.479720 1.410122 -25.520280
v -33.148643 1.400271 -24.851357
v -33.479720 1.738883 -26.520280
v -33.148643 1.400271 -24.851357
v -34.148643 1.713657 -25.851357
v -34.148643 1.713657 -25.851357
v -33.148643 1.400271 -24.851357
v -34.851357 1.340383 -23.148643
v -34.148643 1.713657 -25.851357
v -34.851357 1.340383 -23.148643
v -35.851357 1.611263 -24.148643
v -35.851357 1.611263 -24.148643
v -34.851357 1.340383 -23.148643
v -35.520280 1.305209 -22.479720
v -35.851357 1.611263 -24.148643
v -35.520280 1.305209 -22.479720
v -36.520280 1.558674 -23.479720
v -32.479720 1.410122 -25.520280
v -31.479720 1.129978 -24.520280
v -32.148643 1.133825 -23.851357
v -32.479720 1.410122 -25.520280
v -32.148643 1.133825 -23.851357
v -33.148643 1.400271 -24.851357
v -33.148643 1.400271 -24.851357
v -32.148643 1.133825 -23.851357
v -33.851357 1.111592 -22.148643
v -33.148643 1.400271 -24.851357
v -33.851357 1.111592 -22.148643
v -34.851357 1.340383 -23.148643
v -34.851357 1.340383 -23.148643
v -33.851357 1.111592 -22.148643
v -34.520280 1.091777 -21.479720
v -34.851357 1.340383 -23.148643
v -34.520280 1.091777 -21.479720
v -35.520280 1.305209 -22.479720
v -31.479720 1.129978 -24.520280
v -30.512403 0.902580 -23.552275
v -31.166946 0.915105 -22.869274
v -31.479720 1.129978 -24.520280
v -31.166946 0.915105 -22.869274
v -32.148643 1.133825 -23.851357
v -32.148643 1.133825 -23.851357
v -31.166946 0.915105 -22.869274
v -32.833054 0.918702 -21.130726
v -32.148643 1.133825 -23.851357
v -32.833054 0.918702 -21.130726
v -33.851357 1.111592 -22.148643
v -33.851357 1.111592 -22.148643
v -32.833054 0.918702 -21.130726
v -33.487597 0.910093 -20.447725
v -33.851357 1.111592 -22.148643
v -33.487597 0.910093 -20.447725
v -34.520280 1.091777 -21.479720
v -30.512403 0.902580 -23.552275
v -28.547192 0.567140 -21.709881
v -29.186428 0.596501 -21.012534
v -30.512403 0.902580 -23.552275
v -29.186428 0.596501 -21.012534
v -31.166946 0.915105 -22.869274
v -31.166946 0.915105 -22.869274
v -29.186428 0.596501 -21.012534
v -30.813572 0.646542 -19.237466
v -31.166946 0.915105 -22.869274
v -30.813572 0.646542 -19.237466
v -32.833054 0.918702 -21.130726
v -32.833054 0.918702 -21.130726
v -30.813572 0.646542 -19.237466
v -31.452808 0.656941 -18.540119
v -32.833054 0.918702 -21.130726
v -31.452808 0.656941 -18.540119
v -33.487597 0.910093 -20.447725
v -28.547192 0.567140 -21.709881
v -27.584215 0.453822 -20.868040
v -28.207160 0.488556 -20.156102
v -28.547192 0.567140 -21.709881
v -28.207160 0.488556 -20.156102
v -29.186428 0.596501 -21.012534
v -29.186428 0.596501 -21.012534
v -28.207160 0.488556 -20.156102
v -29.792840 0.553481 -18.343898
v -29.186428 0.596501 -21.012534
v -29.792840 0.553481 -18.343898
v -30.813572 0.646542 -19.237466
v -30.813572 0.646542 -19.237466
v -29.792840 0.553481 -18.343898
v -30.415785 0.570047 -17.631960
v -30.813572 0.646542 -19.237466
v -30.415785 0.570047 -17.631960
v -31.452808 0.656941 -18.540119
v -27.584215 0.453822 -20.868040
v -26.584215 0.354234 -19.993040
v -27.207160 0.395961 -19.281102
v -27.584215 0.453822 -20.868040
v -27.207160 0.395961 -19.281102
v -28.207160 0.488556 -20.156102
v -28.207160 0.488556 -20.156102
v -27.207160 0.395961 -19.281102
v -28.792840 0.479830 -17.468898
v -28.207160 0.488556 -20.156102
v -28.792840 0.479830 -17.468898
v -29.792840 0.553481 -18.343898
v -29.792840 0.553481 -18.343898
v -28.792840 0.479830 -17.468898
v -29.415785 0.503761 -16.756960
v -29.792840 0.553481 -18.343898
v -29.415785 0.503761 -16.756960
v -30.415785 0.570047 -17.631960
v -26.584215 0.354234 -19.993040
v -25.584215 0.264573 -19.118040
v -26.207160 0.311602 -18.406102
v -26.584215 0.354234 -19.993040
v -26.207160 0.311602 -18.406102
v -27.207160 0.395961 -19.281102
v -27.207160 0.395961 -19.281102
v -26.207160 0.311602 -18.406102
v -27.792840 0.410343 -16.593898
v -27.207160 0.395961 -19.281102
v -27.792840 0.410343 -16.593898
v -28.792840 0.479830 -17.468898
v -28.792840 0.479830 -17.468898
v -27.792840 0.410343 -16.593898
v -28.415785 0.440526 -15.881960
v -28.792840 0.479830 -17.468898
v -28.415785 0.440526 -15.881960
v -29.415785 0.503761 -16.756960
v -25.584215 0.264573 -19.118040
v -24.584215 0.184023 -18.243040
v -25.207160 0.234728 -17.531102
v -25.584215 0.264573 -19.118040
v -25.207160 0.234728 -17.531102
v -26.207160 0.311602 -18.406102
v -26.207160 0.311602 -18.406102
v -25.207160 0.234728 -17.531102
v -26.792840 0.344065 -15.718898
v -26.207160 0.311602 -18.406102
v -26.792840 0.344065 -15.718898
v -27.792840 0.410343 -16.593898
v -27.792840 0.410343 -16.593898
v -26.792840 0.344065 -15.718898
v -27.415785 0.378823 -15.006960
v -27.792840 0.410343 -16.593898
v -27.415785 0.378823 -15.006960
v -28.415785 0.440526 -15.881960
v -24.584215 0.184023 -18.243040
v -23.584215 0.112184 -17.368040
v -24.207160 0.165021 -16.656102
v -24.584215 0.184023 -18.243040
v -24.207160 0.165021 -16.656102
v -25.207160 0.234728 -17.531102
v -25.207160 0.234728 -17.531102
v -24.207160 0.165021 -16.656102
v -25.792840 0.280884 -14.843898
v -25.207160 0.234728 -17.531102
v -25.792840 0.280884 -14.843898
v -26.792840 0.344065 -15.718898
v -26.792840 0.344065 -15.718898
v -25.792840 0.280884 -14.843898
v -26.415785 0.318614 -14.131960
v -26.792840 0.344065 -15.718898
v -26.415785 0.318614 -14.131960
v -27.415785 0.378823 -15.006960
v -23.584215 0.112184 -17.368040
v -22.584215 0.049009 -16.493040
v -23.207160 0.102534 -15.781102
v -23.584215 0.112184 -17.368040
v -23.207160 0.102534 -15.781102
v -24.207160 0.165021 -16.656102
v -24.207160 0.165021 -16.656102
v -23.207160 0.102534 -15.781102
v -24.792840 0.221100 -13.968898
v -24.207160 0.165021 -16.656102
v -24.792840 0.221100 -13.968898
v -25.792840 0.280884 -14.843898
v -25.792840 0.280884 -14.843898
v -24.792840 0.221100 -13.968898
v -25.415785 0.260286 -13.256960
v -25.792840 0.280884 -14.843898
v -25.415785 0.260286 -13.256960
v -26.415785 0.318614 -14.131960
v -22.584215 0.049009 -16.493040
v -20.584215 -0.050397 -14.743040
v -21.207160 0.000686 -14.031102
v -22.584215 0.049009 -16.493040
v -21.207160 0.000686 -14.031102
v -23.207160 0.102534 -15.781102
v -23.207160 0.102534 -15.781102
v -21.207160 0.000686 -14.031102
v -22.792840 0.114427 -12.218898
v -23.207160 0.102534 -15.781102
v -22.792840 0.114427 -12.218898
v -24.792840 0.221100 -13.968898
v -24.792840 0.221100 -13.968898
v -22.792840 0.114427 -12.218898
v -23.415785 0.152418 -11.506960
v -24.792840 0.221100 -13.968898
v -23.415785 0.152418 -11.506960
v -25.415785 0.260286 -13.256960
v -20.584215 -0.050397 -14.743040
v -19.584215 -0.085953 -13.868040
v -20.207160 -0.037691 -13.156102
v -20.584215 -0.050397 -14.743040
v -20.207160 -0.037691 -13.156102
v -21.207160 0.000686 -14.031102
v -21.207160 0.000686 -14.031102
v -20.207160 -0.037691 -13.156102
v -21.792840 0.069284 -11.343898
v -21.207160 0.000686 -14.031102
v -21.792840 0.069284 -11.343898
v -22.792840 0.114427 -12.218898
v -22.792840 0.114427 -12.218898
v -21.792840 0.069284 -11.343898
v -22.415785 0.104896 -10.631960
v -22.792840 0.114427 -12.218898
v -22.415785 0.104896 -10.631960
v -23.415785 0.152418 -11.506960
v -19.584215 -0.085953 -13.868040
v -18.584215 -0.111757 -12.993040
v -19.207160 -0.067138 -12.281102
v -19.584215 -0.085953 -13.868040
v -19.207160 -0.067138 -12.281102
v -20.207160 -0.037691 -13.156102
v -20.207160 -0.037691 -13.156102
v -19.207160 -0.067138 -12.281102
v -20.792840 0.030771 -10.468898
v -20.207160 -0.037691 -13.156102
v -20.792840 0.030771 -10.468898
v -21.792840 0.069284 -11.343898
v -21.792840 0.069284 -11.343898
v -20.792840 0.030771 -10.468898
v -21.415785 0.063037 -9.756960
v -21.792840 0.069284 -11.343898
v -21.415785 0.063037 -9.756960
v -22.415785 0.104896 -10.631960
v -18.584215 -0.111757 -12.993040
v -17.584215 -0.127836 -12.118040
v -18.207160 -0.087478 -11.406102
v -18.584215 -0.111757 -12.993040
v -18.207160 -0.087478 -11.406102
v -19.207160 -0.067138 -12.281102
v -19.207160 -0.067138 -12.281102
v -18.207160 -0.087478 -11.406102
v -19.792840 -0.000419 -9.593898
v -19.207160 -0.067138 -12.281102
v -19.792840 -0.000419 -9.593898
v -20.792840 0.030771 -10.468898
v -20.792840 0.030771 -10.468898
v -19.792840 -0.000419 -9.593898
v -20.415785 0.027726 -8.881960
v -20.792840 0.030771 -10.468898
v -20.415785 0.027726 -8.881960
v -21.415785 0.063037 -9.756960
v -17.584215 -0.127836 -12.118040
v -16.584215 -0.134544 -11.243040
v -17.207160 -0.098848 -10.531102
v -17.584215 -0.127836 -12.118040
v -17.207160 -0.098848 -10.531102
v -18.207160 -0.087478 -11.406102
v -18.207160 -0.087478 -11.406102
v -17.207160 -0.098848 -10.531102
v -18.792840 -0.023864 -8.718898
v -18.207160 -0.087478 -11.406102
v -18.792840 -0.023864 -8.718898
v -19.792840 -0.000419 -9.593898
v -19.792840 -0.000419 -9.593898
v -18.792840 -0.023864 -8.718898
v -19.415785 -0.000405 -8.006960
v -19.792840 -0.000419 -9.593898
v -19.415785 -0.000405 -8.006960
v -20.415785 0.027726 -8.881960
v -16.584215 -0.134544 -11.243040
v -15.584215 -0.132605 -10.368040
v -16.207160 -0.101751 -9.656102
v -16.584215 -0.134544 -11.243040
v -16.207160 -0.101751 -9.656102
v -17.207160 -0.098848 -10.531102
v -17.207160 -0.098848 -10.531102
v -16.207160 -0.101751 -9.656102
v -17.792840 -0.039490 -7.843898
v -17.207160 -0.098848 -10.531102
v -17.792840 -0.039490 -7.843898
v -18.792840 -0.023864 -8.718898
v -18.792840 -0.023864 -8.718898
v -17.792840 -0.039490 -7.843898
v -18.415785 -0.021057 -7.131960
v -18.792840 -0.023864 -8.718898
v -18.415785 -0.021057 -7.131960
v -19.415785 -0.000405 -8.006960
v -15.584215 -0.132605 -10.368040
v -14.479720 -0.121628 -9.395280
v -15.148643 -0.096526 -8.726357
v -15.584215 -0.132605 -10.368040
v -15.148643 -0.096526 -8.726357
v -16.207160 -0.101751 -9.656102
v -16.207160 -0.101751 -9.656102
v -15.148643 -0.096526 -8.726357
v -16.851357 -0.047378 -7.023643
v -16.207160 -0.101751 -9.656102
v -16.851357 -0.047378 -7.023643
v -17.792840 -0.039490 -7.843898
v -17.792840 -0.039490 -7.843898
v -16.851357 -0.047378 -7.023643
v -17.520280 -0.033343 -6.354720
v -17.792840 -0.039490 -7.843898
v -17.520280 -0.033343 -6.354720
v -18.415785 -0.021057 -7.131960
v -14.479720 -0.121628 -9.395280
v -12.510966 -0.079337 -7.295350
v -13.221141 -0.064573 -6.670396
v -14.479720 -0.121628 -9.395280
v -13.221141 -0.064573 -6.670396
v -15.148643 -0.096526 -8.726357
v -15.148643 -0.096526 -8.726357
v -13.221141 -0.064573 -6.670396
v -15.028859 -0.041697 -5.079604
v -15.148643 -0.096526 -8.726357
v -15.028859 -0.041697 -5.079604
v -16.851357 -0.047378 -7.023643
v -16.851357 -0.047378 -7.023643
v -15.028859 -0.041697 -5.079604
v -15.739034 -0.037732 -4.454650
v -16.851357 -0.047378 -7.023643
v -15.739034 -0.037732 -4.454650
v -17.520280 -0.033343 -6.354720
v -12.510966 -0.079337 -7.295350
v -11.552893 -0.052844 -6.069972
v -12.299620 -0.042864 -5.489184
v -12.510966 -0.079337 -7.295350
v -12.299620 -0.042864 -5.489184
v -13.221141 -0.064573 -6.670396
v -13.221141 -0.064573 -6.670396
v -12.299620 -0.042864 -5.489184
v -14.200380 -0.032073 -4.010816
v -13.221141 -0.064573 -6.670396
v -14.200380 -0.032073 -4.010816
v -15.028859 -0.041697 -5.079604
v -15.028859 -0.041697 -5.079604
v -14.200380 -0.032073 -4.010816
v -14.947107 -0.032686 -3.430028
v -15.028859 -0.041697 -5.079604
v -14.947107 -0.032686 -3.430028
v -15.739034 -0.037732 -4.454650
v -11.552893 -0.052844 -6.069972
v -10.677893 -0.030020 -4.944972
v -11.424620 -0.022744 -4.364184
v -11.552893 -0.052844 -6.069972
v -11.424620 -0.022744 -4.364184
v -12.299620 -0.042864 -5.489184
v -12.299620 -0.042864 -5.489184
v -11.424620 -0.022744 -4.364184
v -13.325380 -0.020455 -2.885816
v -12.299620 -0.042864 -5.489184
v -13.325380 -0.020455 -2.885816
v -14.200380 -0.032073 -4.010816
v -14.200380 -0.032073 -4.010816
v -13.325380 -0.020455 -2.885816
v -14.072107 -0.025047 -2.305028
v -14.200380 -0.032073 -4.010816
v -14.072107 -0.025047 -2.305028
v -14.947107 -0.032686 -3.430028
v -10.677893 -0.030020 -4.944972
v -9.802893 -0.009879 -3.819972
v -10.549620 -0.004382 -3.239184
v -10.677893 -0.030020 -4.944972
v -10.549620 -0.004382 -3.239184
v -11.424620 -0.022744 -4.364184
v -11.424620 -0.022744 -4.364184
v -10.549620 -0.004382 -3.239184
v -12.450380 -0.008341 -1.760816
v -11.424620 -0.022744 -4.364184
v -12.450380 -0.008341 -1.760816
v -13.325380 -0.020455 -2.885816
v -13.325380 -0.020455 -2.885816
v -12.450380 -0.008341 -1.760816
v -13.197107 -0.016114 -1.180028
v -13.325380 -0.020455 -2.885816
v -13.197107 -0.016114 -1.180028
v -14.072107 -0.025047 -2.305028
v -9.802893 -0.009879 -3.819972
v -8.927893 0.006739 -2.694972
v -9.674620 0.011342 -2.114184
v -9.802893 -0.009879 -3.819972
v -9.674620 0.011342 -2.114184
v -10.549620 -0.004382 -3.239184
v -10.549620 -0.004382 -3.239184
v -9.674620 0.011342 -2.114184
v -11.575380 0.003356 -0.635816
v -10.549620 -0.004382 -3.239184
v -11.575380 0.003356 -0.635816
v -12.450380 -0.008341 -1.760816
v -12.450380 -0.008341 -1.760816
v -11.575380 0.003356 -0.635816
v -12.322107 -0.006787 -0.055028
v -12.450380 -0.008341 -1.760816
v -12.322107 -0.006787 -0.055028
v -13.197107 -0.016114 -1.180028
v -8.927893 0.006739 -2.694972
v -8.052893 0.019444 -1.569972
v -8.799620 0.023935 -0.989184
v -8.927893 0.006739 -2.694972
v -8.799620 0.023935 -0.989184
v -9.674620 0.011342 -2.114184
v -9.674620 0.011342 -2.114184
v -8.799620 0.023935 -0.989184
v -10.700380 0.013938 0.489184
v -9.674620 0.011342 -2.114184
v -10.700380 0.013938 0.489184
v -11.575380 0.003356 -0.635816
v -11.575380 0.003356 -0.635816
v -10.700380 0.013938 0.489184
v -11.447107 0.002189 1.069972
v -11.575380 0.003356 -0.635816
v -11.447107 0.002189 1.069972
v -12.322107 -0.006787 -0.055028
v -8.052893 0.019444 -1.569972
v -6.967000 0.030026 -0.115977
v -7.806520 0.034407 0.320053
v -8.052893 0.019444 -1.569972
v -7.806520 0.034407 0.320053
v -8.799620 0.023935 -0.989184
v -8.799620 0.023935 -0.989184
v -7.806520 0.034407 0.320053
v -9.943480 0.021798 1.429947
v -8.799620 0.023935 -0.989184
v -9.943480 0.021798 1.429947
v -10.700380 0.013938 0.489184
v -10.700380 0.013938 0.489184
v -9.943480 0.021798 1.429947
v -10.783000 0.008346 1.865977
v -10.700380 0.013938 0.489184
v -10.783000 0.008346 1.865977
v -11.447107 0.002189 1.069972
v -6.967000 0.030026 -0.115977
v -5.823623 0.037070 2.735692
v -6.732340 0.042589 2.998654
v -6.967000 0.030026 -0.115977
v -6.732340 0.042589 2.998654
v -7.806520 0.034407 0.320053
v -7.806520 0.034407 0.320053
v -6.732340 0.042589 2.998654
v -9.045438 0.029740 3.668012
v -7.806520 0.034407 0.320053
v -9.045438 0.029740 3.668012
v -9.943480 0.021798 1.429947
v -9.943480 0.021798 1.429947
v -9.045438 0.029740 3.668012
v -9.954155 0.015075 3.930975
v -9.943480 0.021798 1.429947
v -9.954155 0.015075 3.930975
v -10.783000 0.008346 1.865977
v -5.823623 0.037070 2.735692
v -5.635204 0.038811 4.488119
v -6.577937 0.043653 4.566680
v -5.823623 0.037070 2.735692
v -6.577937 0.043653 4.566680
v -6.732340 0.042589 2.998654
v -6.732340 0.042589 2.998654
v -6.577937 0.043653 4.566680
v -8.977619 0.029319 4.766653
v -6.732340 0.042589 2.998654
v -8.977619 0.029319 4.766653
v -9.045438 0.029740 3.668012
v -9.045438 0.029740 3.668012
v -8.977619 0.029319 4.766653
v -9.920351 0.014243 4.845214
v -9.045438 0.029740 3.668012
v -9.920351 0.014243 4.845214
v -9.954155 0.015075 3.930975
v -5.635204 0.038811 4.488119
v -5.524093 0.039626 5.821452
v -6.466826 0.043580 5.900013
v -5.635204 0.038811 4.488119
v -6.466826 0.043580 5.900013
v -6.577937 0.043653 4.566680
v -6.577937 0.043653 4.566680
v -6.466826 0.043580 5.900013
v -8.866508 0.027414 6.099987
v -6.577937 0.043653 4.566680
v -8.866508 0.027414 6.099987
v -8.977619 0.029319 4.766653
v -8.977619 0.029319 4.766653
v -8.866508 0.027414 6.099987
v -9.809240 0.011792 6.178548
v -8.977619 0.029319 4.766653
v -9.809240 0.011792 6.178548
v -9.920351 0.014243 4.845214
v -5.524093 0.039626 5.821452
v -5.412982 0.039559 7.154786
v -6.355714 0.042239 7.233347
v -5.524093 0.039626 5.821452
v -6.355714 0.042239 7.233347
v -6.466826 0.043580 5.900013
v -6.466826 0.043580 5.900013
v -6.355714 0.042239 7.233347
v -8.755397 0.023453 7.433320
v -6.466826 0.043580 5.900013
v -8.755397 0.023453 7.433320
v -8.866508 0.027414 6.099987
v -8.866508 0.027414 6.099987
v -8.755397 0.023453 7.433320
v -9.698129 0.007077 7.511881
v -8.866508 0.027414 6.099987
v -9.698129 0.007077 7.511881
v -9.809240 0.011792 6.178548
v -5.412982 0.039559 7.154786
v -5.301871 0.037976 8.488119
v -6.244603 0.039068 8.566680
v -5.412982 0.039559 7.154786
v -6.244603 0.039068 8.566680
v -6.355714 0.042239 7.233347
v -6.355714 0.042239 7.233347
v -6.244603 0.039068 8.566680
v -8.644286 0.017042 8.766653
v -6.355714 0.042239 7.233347
v -8.644286 0.017042 8.766653
v -8.755397 0.023453 7.433320
v -8.755397 0.023453 7.433320
v -8.644286 0.017042 8.766653
v -9.587018 -0.000239 8.845214
v -8.755397 0.023453 7.433320
v -9.587018 -0.000239 8.845214
v -9.698129 0.007077 7.511881
v -5.301871 0.037976 8.488119
v -5.190760 0.034177 9.821452
v -6.133492 0.033456 9.900013
v -5.301871 0.037976 8.488119
v -6.133492 0.033456 9.900013
v -6.244603 0.039068 8.566680
v -6.244603 0.039068 8.566680
v -6.133492 0.033456 9.900013
v -8.533174 0.007783 10.099987
v -6.244603 0.039068 8.566680
v -8.533174 0.007783 10.099987
v -8.644286 0.017042 8.766653
v -8.644286 0.017042 8.766653
v -8.533174 0.007783 10.099987
v -9.475907 -0.010478 10.178548
v -8.644286 0.017042 8.766653
v -9.475907 -0.010478 10.178548
v -9.587018 -0.000239 8.845214
v -5.190760 0.034177 9.821452
v -5.079649 0.027489 11.154786
v -6.022381 0.024836 11.233347
v -5.190760 0.034177 9.821452
v -6.022381 0.024836 11.233347
v -6.133492 0.033456 9.900013
v -6.133492 0.033456 9.900013
v -6.022381 0.024836 11.233347
v -8.422063 -0.004648 11.433320
v -6.133492 0.033456 9.900013
v -8.422063 -0.004648 11.433320
v -8.533174 0.007783 10.099987
v -8.533174 0.007783 10.099987
v -8.422063 -0.004648 11.433320
v -9.364796 -0.023875 11.511881
v -8.533174 0.007783 10.099987
v -9.364796 -0.023875 11.511881
v -9.475907 -0.010478 10.178548
v -5.079649 0.027489 11.154786
v -4.967829 0.017289 12.496844
v -5.910873 0.012719 12.571566
v -5.079649 0.027489 11.154786
v -5.910873 0.012719 12.571566
v -6.022381 0.024836 11.233347
v -6.022381 0.024836 11.233347
v -5.910873 0.012719 12.571566
v -8.311349 -0.020369 12.761768
v -6.022381 0.024836 11.233347
v -8.311349 -0.020369 12.761768
v -8.422063 -0.004648 11.433320
v -8.422063 -0.004648 11.433320
v -8.311349 -0.020369 12.761768
v -9.254394 -0.040404 12.836490
v -8.422063 -0.004648 11.433320
v -9.254394 -0.040404 12.836490
v -9.364796 -0.023875 11.511881
v -4.967829 0.017289 12.496844
v -4.756065 -0.015766 15.238629
v -5.699396 -0.023856 15.309632
v -4.967829 0.017289 12.496844
v -5.699396 -0.023856 15.309632
v -5.910873 0.012719 12.571566
v -5.910873 0.012719 12.571566
v -5.699396 -0.023856 15.309632
v -8.100604 -0.063008 15.490368
v -5.910873 0.012719 12.571566
v -8.100604 -0.063008 15.490368
v -8.311349 -0.020369 12.761768
v -8.311349 -0.020369 12.761768
v -8.100604 -0.063008 15.490368
v -9.043935 -0.084026 15.561371
v -8.311349 -0.020369 12.761768
v -9.043935 -0.084026 15.561371
v -9.254394 -0.040404 12.836490
v -4.756065 -0.015766 15.238629
v -4.655464 -0.038946 16.646819
v -5.599060 -0.048389 16.714219
v -4.756065 -0.015766 15.238629
v -5.599060 -0.048389 16.714219
v -5.699396 -0.023856 15.309632
v -5.699396 -0.023856 15.309632
v -5.599060 -0.048389 16.714219
v -8.000940 -0.089364 16.885781
v -5.699396 -0.023856 15.309632
v -8.000940 -0.089364 16.885781
v -8.100604 -0.063008 15.490368
v -8.100604 -0.063008 15.490368
v -8.000940 -0.089364 16.885781
v -8.944536 -0.110322 16.953181
v -8.100604 -0.063008 15.490368
v -8.944536 -0.110322 16.953181
v -9.043935 -0.084026 15.561371
v -4.655464 -0.038946 16.646819
v -4.555464 -0.065332 18.046819
v -5.499060 -0.075812 18.114219
v -4.655464 -0.038946 16.646819
v -5.499060 -0.075812 18.114219
v -5.599060 -0.048389 16.714219
v -5.599060 -0.048389 16.714219
v -5.499060 -0.075812 18.114219
v -7.900940 -0.117783 18.285781
v -5.599060 -0.048389 16.714219
v -7.900940 -0.117783 18.285781
v -8.000940 -0.089364 16.885781
v -8.000940 -0.089364 16.885781
v -7.900940 -0.117783 18.285781
v -8.844536 -0.138341 18.353181
v -8.000940 -0.089364 16.885781
v -8.844536 -0.138341 18.353181
v -8.944536 -0.110322 16.953181
v -4.555464 -0.065332 18.046819
v -4.455464 -0.094047 19.446819
v -5.399060 -0.105164 19.514219
v -4.555464 -0.065332 18.046819
v -5.399060 -0.105164 19.514219
v -5.499060 -0.075812 18.114219
v -5.499060 -0.075812 18.114219
v -5.399060 -0.105164 19.514219
v -7.800940 -0.147085 19.685781
v -5.499060 -0.075812 18.114219
v -7.800940 -0.147085 19.685781
v -7.900940 -0.117783 18.285781
v -7.900940 -0.117783 18.285781
v -7.800940 -0.147085 19.685781
v -8.744536 -0.166826 19.753181
v -7.900940 -0.117783 18.285781
v -8.744536 -0.166826 19.753181
v -8.844536 -0.138341 18.353181
v -4.455464 -0.094047 19.446819
v -4.355464 -0.123825 20.846819
v -5.299060 -0.135176 20.914219
v -4.455464 -0.094047 19.446819
v -5.299060 -0.135176 20.914219
v -5.399060 -0.105164 19.514219
v -5.399060 -0.105164 19.514219
v -5.299060 -0.135176 20.914219
v -7.700940 -0.176010 21.085781
v -5.399060 -0.105164 19.514219
v -7.700940 -0.176010 21.085781
v -7.800940 -0.147085 19.685781
v -7.800940 -0.147085 19.685781
v -7.700940 -0.176010 21.085781
v -8.644536 -0.194536 21.153181
v -7.800940 -0.147085 19.685781
v -8.644536 -0.194536 21.153181
v -8.744536 -0.166826 19.753181
v -4.355464 -0.123825 20.846819
v -4.255464 -0.153230 22.246819
v -5.199060 -0.164436 22.314219
v -4.355464 -0.123825 20.846819
v -5.199060 -0.164436 22.314219
v -5.299060 -0.135176 20.914219
v -5.299060 -0.135176 20.914219
v -5.199060 -0.164436 22.314219
v -7.600940 -0.203230 22.485781
v -5.299060 -0.135176 20.914219
v -7.600940 -0.203230 22.485781
v -7.700940 -0.176010 21.085781
v -7.700940 -0.176010 21.085781
v -7.600940 -0.203230 22.485781
v -8.544536 -0.220185 22.553181
v -7.700940 -0.176010 21.085781
v -8.544536 -0.220185 22.553181
v -8.644536 -0.194536 21.153181
v -4.255464 -0.153230 22.246819
v -4.155464 -0.180763 23.646819
v -5.099060 -0.191491 23.714219
v -4.255464 -0.153230 22.246819
v -5.099060 -0.191491 23.714219
v -5.199060 -0.164436 22.314219
v -5.199060 -0.164436 22.314219
v -5.099060 -0.191491 23.714219
v -7.500940 -0.227437 23.885781
v -5.199060 -0.164436 22.314219
v -7.500940 -0.227437 23.885781
v -7.600940 -0.203230 22.485781
v -7.600940 -0.203230 22.485781
v -7.500940 -0.227437 23.885781
v -8.444536 -0.242532 23.953181
v -7.600940 -0.203230 22.485781
v -8.444536 -0.242532 23.953181
v -8.544536 -0.220185 22.553181
v -4.155464 -0.180763 23.646819
v -4.055464 -0.204968 25.046819
v -4.999060 -0.214956 25.114219
v -4.155464 -0.180763 23.646819
v -4.999060 -0.214956 25.114219
v -5.099060 -0.191491 23.714219
v -5.099060 -0.191491 23.714219
v -4.999060 -0.214956 25.114219
v -7.400940 -0.247438 25.285781
v -5.099060 -0.191491 23.714219
v -7.400940 -0.247438 25.285781
v -7.500940 -0.227437 23.885781
v -7.500940 -0.227437 23.885781
v -7.400940 -0.247438 25.285781
v -8.344536 -0.260472 25.353181
v -7.500940 -0.227437 23.885781
v -8.344536 -0.260472 25.353181
v -8.444536 -0.242532 23.953181
v -4.055464 -0.204968 25.046819
v -3.955464 -0.224540 26.446819
v -4.899060 -0.233608 26.514219
v -4.055464 -0.204968 25.046819
v -4.899060 -0.233608 26.514219
v -4.999060 -0.214956 25.114219
v -4.999060 -0.214956 25.114219
v -4.899060 -0.233608 26.514219
v -7.300940 -0.262238 26.685781
v -4.999060 -0.214956 25.114219
v -7.300940 -0.262238 26.685781
v -7.400940 -0.247438 25.285781
v -7.400940 -0.247438 25.285781
v -7.300940 -0.262238 26.685781
v -8.244536 -0.273107 26.753181
v -7.400940 -0.247438 25.285781
v -8.244536 -0.273107 26.753181
v -8.344536 -0.260472 25.353181
v -3.955464 -0.224540 26.446819
v -3.855464 -0.238406 27.846819
v -4.799060 -0.246464 27.914219
v -3.955464 -0.224540 26.446819
v -4.799060 -0.246464 27.914219
v -4.899060 -0.233608 26.514219
v -4.899060 -0.233608 26.514219
v -4.799060 -0.246464 27.914219
v -7.200940 -0.271105 28.085781
v -4.899060 -0.233608 26.514219
v -7.200940 -0.271105 28.085781
v -7.300940 -0.262238 26.685781
v -7.300940 -0.262238 26.685781
v -7.200940 -0.271105 28.085781
v -8.144536 -0.279807 28.153181
v -7.300940 -0.262238 26.685781
v -8.144536 -0.279807 28.153181
v -8.244536 -0.273107 26.753181
v -8.254558 0.023391 0.218091
v -6.854558 0.030782 0.018091
v -6.742553 0.040447 0.802131
v -8.254558 0.023391 0.218091
v -6.742553 0.040447 0.802131
v -8.142553 0.033627 1.002131
v -8.142553 0.033627 1.002131
v -6.742553 0.040447 0.802131
v -6.457447 0.043429 2.797869
v -8.142553 0.033627 1.002131
v -6.457447 0.043429 2.797869
v -7.857447 0.037260 2.997869
v -7.857447 0.037260 2.997869
v -6.457447 0.043429 2.797869
v -6.345442 0.036272 3.581909
v -7.857447 0.037260 2.997869
v -6.345442 0.036272 3.581909
v -7.745442 0.029998 3.781909
v -6.854558 0.030782 0.018091
v -5.454558 0.034885 -0.181909
v -5.342553 0.043835 0.602131
v -6.854558 0.030782 0.018091
v -5.342553 0.043835 0.602131
v -6.742553 0.040447 0.802131
v -6.742553 0.040447 0.802131
v -5.342553 0.043835 0.602131
v -5.057447 0.045959 2.597869
v -6.742553 0.040447 0.802131
v -5.057447 0.045959 2.597869
v -6.457447 0.043429 2.797869
v -6.457447 0.043429 2.797869
v -5.057447 0.045959 2.597869
v -4.945442 0.038887 3.381909
v -6.457447 0.043429 2.797869
v -4.945442 0.038887 3.381909
v -6.345442 0.036272 3.581909
v -5.454558 0.034885 -0.181909
v -4.054558 0.035500 -0.381909
v -3.942553 0.043661 0.402131
v -5.454558 0.034885 -0.181909
v -3.942553 0.043661 0.402131
v -5.342553 0.043835 0.602131
v -5.342553 0.043835 0.602131
v -3.942553 0.043661 0.402131
v -3.657447 0.044845 2.397869
v -5.342553 0.043835 0.602131
v -3.657447 0.044845 2.397869
v -5.057447 0.045959 2.597869
v -5.057447 0.045959 2.597869
v -3.657447 0.044845 2.397869
v -3.545442 0.037859 3.181909
v -5.057447 0.045959 2.597869
v -3.545442 0.037859 3.181909
v -4.945442 0.038887 3.381909
v -4.054558 0.035500 -0.381909
v -2.573384 0.033063 -0.591630
v -2.497095 0.040489 0.196687
v -4.054558 0.035500 -0.381909
v -2.497095 0.040489 0.196687
v -3.942553 0.043661 0.402131
v -3.942553 0.043661 0.402131
v -2.497095 0.040489 0.196687
v -2.302905 0.041037 2.203313
v -3.942553 0.043661 0.402131
v -2.302905 0.041037 2.203313
v -3.657447 0.044845 2.397869
v -3.657447 0.044845 2.397869
v -2.302905 0.041037 2.203313
v -2.226616 0.034263 2.991630
v -3.657447 0.044845 2.397869
v -2.226616 0.034263 2.991630
v -3.545442 0.037859 3.181909
v -2.573384 0.033063 -0.591630
v 0.244916 0.025281 -0.797827
v 0.283819 0.031548 -0.006783
v -2.573384 0.033063 -0.591630
v 0.283819 0.031548 -0.006783
v -2.497095 0.040489 0.196687
v -2.497095 0.040489 0.196687
v 0.283819 0.031548 -0.006783
v 0.382847 0.031293 2.006783
v -2.497095 0.040489 0.196687
v 0.382847 0.031293 2.006783
v -2.302905 0.041037 2.203313
v -2.302905 0.041037 2.203313
v 0.382847 0.031293 2.006783
v 0.421751 0.025003 2.797827
v -2.302905 0.041037 2.203313
v 0.421751 0.025003 2.797827
v -2.226616 0.034263 2.991630
v 0.244916 0.025281 -0.797827
v 1.666667 0.023386 -0.800000
v 1.666667 0.029186 -0.008000
v 0.244916 0.025281 -0.797827
v 1.666667 0.029186 -0.008000
v 0.283819 0.031548 -0.006783
v 0.283819 0.031548 -0.006783
v 1.666667 0.029186 -0.008000
v 1.666667 0.028645 2.008000
v 0.283819 0.031548 -0.006783
v 1.666667 0.028645 2.008000
v 0.382847 0.031293 2.006783
v 0.382847 0.031293 2.006783
v 1.666667 0.028645 2.008000
v 1.666667 0.022540 2.800000
v 0.382847 0.031293 2.006783
v 1.666667 0.022540 2.800000
v 0.421751 0.025003 2.797827
v 1.666667 0.023386 -0.800000
v 3.000000 0.025221 -0.800000
v 3.000000 0.030462 -0.008000
v 1.666667 0.023386 -0.800000
v 3.000000 0.030462 -0.008000
v 1.666667 0.029186 -0.008000
v 1.666667 0.029186 -0.008000
v 3.000000 0.030462 -0.008000
v 3.000000 0.029036 2.008000
v 1.666667 0.029186 -0.008000
v 3.000000 0.029036 2.008000
v 1.666667 0.028645 2.008000
v 1.666667 0.028645 2.008000
v 3.000000 0.029036 2.008000
v 3.000000 0.022781 2.800000
v 1.666667 0.028645 2.008000
v 3.000000 0.022781 2.800000
v 1.666667 0.022540 2.800000
v 3.000000 0.025221 -0.800000
v 4.333333 0.031784 -0.800000
v 4.333333 0.036384 -0.008000
v 3.000000 0.025221 -0.800000
v 4.333333 0.036384 -0.008000
v 3.000000 0.030462 -0.008000
v 3.000000 0.030462 -0.008000
v 4.333333 0.036384 -0.008000
v 4.333333 0.033553 2.008000
v 3.000000 0.030462 -0.008000
v 4.333333 0.033553 2.008000
v 3.000000 0.029036 2.008000
v 3.000000 0.029036 2.008000
v 4.333333 0.033553 2.008000
v 4.333333 0.026815 2.800000
v 3.000000 0.029036 2.008000
v 4.333333 0.026815 2.800000
v 3.000000 0.022781 2.800000
v 4.333333 0.031784 -0.800000
v 5.899477 0.046188 -0.784881
v 5.797041 0.048794 0.000467
v 4.333333 0.031784 -0.800000
v 5.797041 0.048794 0.000467
v 4.333333 0.036384 -0.008000
v 4.333333 0.036384 -0.008000
v 5.797041 0.048794 0.000467
v 5.536293 0.041430 1.999533
v 4.333333 0.036384 -0.008000
v 5.536293 0.041430 1.999533
v 4.333333 0.033553 2.008000
v 4.333333 0.033553 2.008000
v 5.536293 0.041430 1.999533
v 5.433856 0.033139 2.784881
v 4.333333 0.033553 2.008000
v 5.433856 0.033139 2.784881
v 4.333333 0.026815 2.800000
v 5.899477 0.046188 -0.784881
v 8.640278 0.082262 -0.236575
v 8.431889 0.080966 0.527518
v 5.899477 0.046188 -0.784881
v 8.431889 0.080966 0.527518
v 5.797041 0.048794 0.000467
v 5.797041 0.048794 0.000467
v 8.431889 0.080966 0.527518
v 7.901444 0.064118 2.472482
v 5.797041 0.048794 0.000467
v 7.901444 0.064118 2.472482
v 5.536293 0.041430 1.999533
v 5.536293 0.041430 1.999533
v 7.901444 0.064118 2.472482
v 7.693055 0.052341 3.236575
v 5.536293 0.041430 1.999533
v 7.693055 0.052341 3.236575
v 5.433856 0.033139 2.784881
v 8.640278 0.082262 -0.236575
v 10.042388 0.099777 0.345539
v 9.730404 0.095893 1.073502
v 8.640278 0.082262 -0.236575
v 9.730404 0.095893 1.073502
v 8.431889 0.080966 0.527518
v 8.431889 0.080966 0.527518
v 9.730404 0.095893 1.073502
v 8.936263 0.073195 2.926498
v 8.431889 0.080966 0.527518
v 8.936263 0.073195 2.926498
v 7.901444 0.064118 2.472482
v 7.901444 0.064118 2.472482
v 8.936263 0.073195 2.926498
v 8.624279 0.059469 3.654461
v 7.901444 0.064118 2.472482
v 8.624279 0.059469 3.654461
v 7.693055 0.052341 3.236575
v 10.042388 0.099777 0.345539
v 11.209055 0.110378 0.845539
v 10.897071 0.105354 1.573502
v 10.042388 0.099777 0.345539
v 10.897071 0.105354 1.573502
v 9.730404 0.095893 1.073502
v 9.730404 0.095893 1.073502
v 10.897071 0.105354 1.573502
v 10.102929 0.079410 3.426498
v 9.730404 0.095893 1.073502
v 10.102929 0.079410 3.426498
v 8.936263 0.073195 2.926498
v 8.936263 0.073195 2.926498
v 10.102929 0.079410 3.426498
v 9.790945 0.064307 4.154461
v 8.936263 0.073195 2.926498
v 9.790945 0.064307 4.154461
v 8.624279 0.059469 3.654461
v 11.209055 0.110378 0.845539
v 12.375721 0.113846 1.345539
v 12.063737 0.107510 2.073502
v 11.209055 0.110378 0.845539
v 12.063737 0.107510 2.073502
v 10.897071 0.105354 1.573502
v 10.897071 0.105354 1.573502
v 12.063737 0.107510 2.073502
v 11.269596 0.077820 3.926498
v 10.897071 0.105354 1.573502
v 11.269596 0.077820 3.926498
v 10.102929 0.079410 3.426498
v 10.102929 0.079410 3.426498
v 11.269596 0.077820 3.926498
v 10.957612 0.061129 4.654461
v 10.102929 0.079410 3.426498
v 10.957612 0.061129 4.654461
v 9.790945 0.064307 4.154461
v 12.375721 0.113846 1.345539
v 13.650400 0.104959 1.896129
v 13.290891 0.097626 2.601832
v 12.375721 0.113846 1.345539
v 13.290891 0.097626 2.601832
v 12.063737 0.107510 2.073502
v 12.063737 0.107510 2.073502
v 13.290891 0.097626 2.601832
v 12.375776 0.065539 4.398168
v 12.063737 0.107510 2.073502
v 12.375776 0.065539 4.398168
v 11.269596 0.077820 3.926498
v 11.269596 0.077820 3.926498
v 12.375776 0.065539 4.398168
v 12.016267 0.048028 5.103871
v 11.269596 0.077820 3.926498
v 12.016267 0.048028 5.103871
v 10.957612 0.061129 4.654461
v 13.650400 0.104959 1.896129
v 16.113270 0.020441 3.248891
v 15.711431 0.012714 3.931379
v 13.650400 0.104959 1.896129
v 15.711431 0.012714 3.931379
v 13.290891 0.097626 2.601832
v 13.290891 0.097626 2.601832
v 15.711431 0.012714 3.931379
v 14.688569 -0.019747 5.668621
v 13.290891 0.097626 2.601832
v 14.688569 -0.019747 5.668621
v 12.375776 0.065539 4.398168
v 12.375776 0.065539 4.398168
v 14.688569 -0.019747 5.668621
v 14.286730 -0.037119 6.351109
v 12.375776 0.065539 4.398168
v 14.286730 -0.037119 6.351109
v 12.016267 0.048028 5.103871
v 16.113270 0.020441 3.248891
v 17.398460 -0.074514 4.102309
v 16.959138 -0.079891 4.761293
v 16.113270 0.020441 3.248891
v 16.959138 -0.079891 4.761293
v 15.711431 0.012714 3.931379
v 15.711431 0.012714 3.931379
v 16.959138 -0.079891 4.761293
v 15.840862 -0.105251 6.438707
v 15.711431 0.012714 3.931379
v 15.840862 -0.105251 6.438707
v 14.688569 -0.019747 5.668621
v 14.688569 -0.019747 5.668621
v 15.840862 -0.105251 6.438707
v 15.401540 -0.119464 7.097691
v 14.688569 -0.019747 5.668621
v 15.401540 -0.119464 7.097691
v 14.286730 -0.037119 6.351109
v 17.398460 -0.074514 4.102309
v 18.598460 -0.198277 4.902309
v 18.159138 -0.203889 5.561293
v 17.398460 -0.074514 4.102309
v 18.159138 -0.203889 5.561293
v 16.959138 -0.079891 4.761293
v 16.959138 -0.079891 4.761293
v 18.159138 -0.203889 5.561293
v 17.040862 -0.228155 7.238707
v 16.959138 -0.079891 4.761293
v 17.040862 -0.228155 7.238707
v 15.840862 -0.105251 6.438707
v 15.840862 -0.105251 6.438707
v 17.040862 -0.228155 7.238707
v 16.601540 -0.241301 7.897691
v 15.840862 -0.105251 6.438707
v 16.601540 -0.241301 7.897691
v 15.401540 -0.119464 7.097691
v 18.598460 -0.198277 4.902309
v 19.798460 -0.357883 5.702309
v 19.359138 -0.364239 6.361293
v 18.598460 -0.198277 4.902309
v 19.359138 -0.364239 6.361293
v 18.159138 -0.203889 5.561293
v 18.159138 -0.203889 5.561293
v 19.359138 -0.364239 6.361293
v 18.240862 -0.388016 8.038707
v 18.159138 -0.203889 5.561293
v 18.240862 -0.388016 8.038707
v 17.040862 -0.228155 7.238707
v 17.040862 -0.228155 7.238707
v 18.240862 -0.388016 8.038707
v 17.801540 -0.400057 8.697691
v 17.040862 -0.228155 7.238707
v 17.801540 -0.400057 8.697691
v 16.601540 -0.241301 7.897691
v 19.798460 -0.357883 5.702309
v 20.998460 -0.553404 6.502309
v 20.559138 -0.561109 7.161293
v 19.798460 -0.357883 5.702309
v 20.559138 -0.561109 7.161293
v 19.359138 -0.364239 6.361293
v 19.359138 -0.364239 6.361293
v 20.559138 -0.561109 7.161293
v 19.440862 -0.585228 8.838707
v 19.359138 -0.364239 6.361293
v 19.440862 -0.585228 8.838707
v 18.240862 -0.388016 8.038707
v 18.240862 -0.388016 8.038707
v 19.440862 -0.585228 8.838707
v 19.001540 -0.596201 9.497691
v 18.240862 -0.388016 8.038707
v 19.001540 -0.596201 9.497691
v 17.801540 -0.400057 8.697691
v -16.000000 -0.032726 13.400000
v -14.750000 -0.055056 13.400000
v -14.750000 -0.054004 14.104000
v -16.000000 -0.032726 13.400000
v -14.750000 -0.054004 14.104000
v -16.000000 -0.029406 14.104000
v -16.000000 -0.029406 14.104000
v -14.750000 -0.054004 14.104000
v -14.750000 -0.071722 15.896000
v -16.000000 -0.029406 14.104000
v -14.750000 -0.071722 15.896000
v -16.000000 -0.040369 15.896000
v -16.000000 -0.040369 15.896000
v -14.750000 -0.071722 15.896000
v -14.750000 -0.086366 16.600000
v -16.000000 -0.040369 15.896000
v -14.750000 -0.086366 16.600000
v -16.000000 -0.051980 16.600000
v -14.750000 -0.055056 13.400000
v -13.500000 -0.066621 13.400000
v -13.500000 -0.067376 14.104000
v -14.750000 -0.055056 13.400000
v -13.500000 -0.067376 14.104000
v -14.750000 -0.054004 14.104000
v -14.750000 -0.054004 14.104000
v -13.500000 -0.067376 14.104000
v -13.500000 -0.090579 15.896000
v -14.750000 -0.054004 14.104000
v -13.500000 -0.090579 15.896000
v -14.750000 -0.071722 15.896000
v -14.750000 -0.071722 15.896000
v -13.500000 -0.090579 15.896000
v -13.500000 -0.107731 16.600000
v -14.750000 -0.071722 15.896000
v -13.500000 -0.107731 16.600000
v -14.750000 -0.086366 16.600000
v -13.500000 -0.066621 13.400000
v -12.388607 -0.069310 13.406015
v -12.327620 -0.071260 14.107368
v -13.500000 -0.066621 13.400000
v -12.327620 -0.071260 14.107368
v -13.500000 -0.067376 14.104000
v -13.500000 -0.067376 14.104000
v -12.327620 -0.071260 14.107368
v -12.172380 -0.098750 15.892632
v -13.500000 -0.067376 14.104000
v -12.172380 -0.098750 15.892632
v -13.500000 -0.090579 15.896000
v -13.500000 -0.090579 15.896000
v -12.172380 -0.098750 15.892632
v -12.111393 -0.118145 16.593985
v -13.500000 -0.090579 15.896000
v -12.111393 -0.118145 16.593985
v -13.500000 -0.107731 16.600000
v -12.388607 -0.069310 13.406015
v -9.935146 -0.051136 13.089353
v -9.817015 -0.052841 13.783371
v -12.388607 -0.069310 13.406015
v -9.817015 -0.052841 13.783371
v -12.327620 -0.071260 14.107368
v -12.327620 -0.071260 14.107368
v -9.817015 -0.052841 13.783371
v -9.516318 -0.080802 15.549962
v -12.327620 -0.071260 14.107368
v -9.516318 -0.080802 15.549962
v -12.172380 -0.098750 15.892632
v -12.172380 -0.098750 15.892632
v -9.516318 -0.080802 15.549962
v -9.398188 -0.100893 16.243981
v -12.172380 -0.098750 15.892632
v -9.398188 -0.100893 16.243981
v -12.111393 -0.118145 16.593985
v -9.935146 -0.051136 13.089353
v -8.721390 -0.033556 12.781105
v -8.550645 -0.033727 13.464086
v -9.935146 -0.051136 13.089353
v -8.550645 -0.033727 13.464086
v -9.817015 -0.052841 13.783371
v -9.817015 -0.052841 13.783371
v -8.550645 -0.033727 13.464086
v -8.116021 -0.057832 15.202581
v -9.817015 -0.052841 13.783371
v -8.116021 -0.057832 15.202581
v -9.516318 -0.080802 15.549962
v -9.516318 -0.080802 15.549962
v -8.116021 -0.057832 15.202581
v -7.945276 -0.076490 15.885561
v -9.516318 -0.080802 15.549962
v -7.945276 -0.076490 15.885561
v -9.398188 -0.100893 16.243981
v -8.721390 -0.033556 12.781105
v -7.388057 -0.012615 12.447772
v -7.217312 -0.011603 13.130752
v -8.721390 -0.033556 12.781105
v -7.217312 -0.011603 13.130752
v -8.550645 -0.033727 13.464086
v -8.550645 -0.033727 13.464086
v -7.217312 -0.011603 13.130752
v -6.782688 -0.032860 14.869248
v -8.550645 -0.033727 13.464086
v -6.782688 -0.032860 14.869248
v -8.116021 -0.057832 15.202581
v -8.116021 -0.057832 15.202581
v -6.782688 -0.032860 14.869248
v -6.611943 -0.050512 15.552228
v -8.116021 -0.057832 15.202581
v -6.611943 -0.050512 15.552228
v -7.945276 -0.076490 15.885561
v -5.868629 -0.195552 22.868629
v -4.868629 -0.198406 23.868629
v -5.366432 -0.208208 24.366432
v -5.868629 -0.195552 22.868629
v -5.366432 -0.208208 24.366432
v -6.366432 -0.204940 23.366432
v -6.366432 -0.204940 23.366432
v -5.366432 -0.208208 24.366432
v -6.633568 -0.245273 25.633568
v -6.366432 -0.204940 23.366432
v -6.633568 -0.245273 25.633568
v -7.633568 -0.240104 24.633568
v -7.633568 -0.240104 24.633568
v -6.633568 -0.245273 25.633568
v -7.131371 -0.263668 26.131371
v -7.633568 -0.240104 24.633568
v -7.131371 -0.263668 26.131371
v -8.131371 -0.257350 25.131371
v -4.868629 -0.198406 23.868629
v -3.868629 -0.198317 24.868629
v -4.366432 -0.208031 25.366432
v -4.868629 -0.198406 23.868629
v -4.366432 -0.208031 25.366432
v -5.366432 -0.208208 24.366432
v -5.366432 -0.208208 24.366432
v -4.366432 -0.208031 25.366432
v -5.633568 -0.245775 26.633568
v -5.366432 -0.208208 24.366432
v -5.633568 -0.245775 26.633568
v -6.633568 -0.245273 25.633568
v -6.633568 -0.245273 25.633568
v -5.633568 -0.245775 26.633568
v -6.131371 -0.264861 27.131371
v -6.633568 -0.245273 25.633568
v -6.131371 -0.264861 27.131371
v -7.131371 -0.263668 26.131371
v -3.868629 -0.198317 24.868629
v -2.804145 -0.195006 25.937018
v -3.330321 -0.204182 26.404730
v -3.868629 -0.198317 24.868629
v -3.330321 -0.204182 26.404730
v -4.366432 -0.208031 25.366432
v -4.366432 -0.208031 25.366432
v -3.330321 -0.204182 26.404730
v -4.669679 -0.241739 27.595270
v -4.366432 -0.208031 25.366432
v -4.669679 -0.241739 27.595270
v -5.633568 -0.245775 26.633568
v -5.633568 -0.245775 26.633568
v -4.669679 -0.241739 27.595270
v -5.195855 -0.261227 28.062982
v -5.633568 -0.245775 26.633568
v -5.195855 -0.261227 28.062982
v -6.131371 -0.264861 27.131371
v -2.804145 -0.195006 25.937018
v -1.070370 -0.185566 28.017695
v -1.626074 -0.192324 28.449909
v -2.804145 -0.195006 25.937018
v -1.626074 -0.192324 28.449909
v -3.330321 -0.204182 26.404730
v -3.330321 -0.204182 26.404730
v -1.626074 -0.192324 28.449909
v -3.040593 -0.226119 29.550091
v -3.330321 -0.204182 26.404730
v -3.040593 -0.226119 29.550091
v -4.669679 -0.241739 27.595270
v -4.669679 -0.241739 27.595270
v -3.040593 -0.226119 29.550091
v -3.596297 -0.245104 29.982305
v -4.669679 -0.241739 27.595270
v -3.596297 -0.245104 29.982305
v -5.195855 -0.261227 28.062982
v -1.070370 -0.185566 28.017695
v -0.335386 -0.178527 29.112480
v -0.921150 -0.183911 29.502989
v -1.070370 -0.185566 28.017695
v -0.921150 -0.183911 29.502989
v -1.626074 -0.192324 28.449909
v -1.626074 -0.192324 28.449909
v -0.921150 -0.183911 29.502989
v -2.412184 -0.215713 30.497011
v -1.626074 -0.192324 28.449909
v -2.412184 -0.215713 30.497011
v -3.040593 -0.226119 29.550091
v -3.040593 -0.226119 29.550091
v -2.412184 -0.215713 30.497011
v -2.997947 -0.234461 30.887520
v -3.040593 -0.226119 29.550091
v -2.997947 -0.234461 30.887520
v -3.596297 -0.245104 29.982305
v -0.335386 -0.178527 29.112480
v 0.331280 -0.168384 30.112480
v -0.254483 -0.172054 30.502989
v -0.335386 -0.178527 29.112480
v -0.254483 -0.172054 30.502989
v -0.921150 -0.183911 29.502989
v -0.921150 -0.183911 29.502989
v -0.254483 -0.172054 30.502989
v -1.745517 -0.200598 31.497011
v -0.921150 -0.183911 29.502989
v -1.745517 -0.200598 31.497011
v -2.412184 -0.215713 30.497011
v -2.412184 -0.215713 30.497011
v -1.745517 -0.200598 31.497011
v -2.331280 -0.218529 31.887520
v -2.412184 -0.215713 30.497011
v -2.331280 -0.218529 31.887520
v -2.997947 -0.234461 30.887520
vt 0.000000 0.000000
vt 0.000000 0.450000
vt 0.333333 0.450000
vt 0.000000 0.000000
vt 0.333333 0.450000
vt 0.333333 0.000000
vt 0.333333 0.000000
vt 0.333333 0.450000
vt 0.666667 0.450000
vt 0.333333 0.000000
vt 0.666667 0.450000
vt 0.666667 0.000000
vt 0.666667 0.000000
vt 0.666667 0.450000
vt 1.000000 0.450000
vt 0.666667 0.000000
vt 1.000000 0.450000
vt 1.000000 0.000000
vt 0.000000 0.450000
vt 0.000000 0.900000
vt 0.333333 0.900000
vt 0.000000 0.450000
vt 0.333333 0.900000
vt 0.333333 0.450000
vt 0.333333 0.450000
vt 0.333333 0.900000
vt 0.666667 0.900000
vt 0.333333 0.450000
vt 0.666667 0.900000
vt 0.666667 0.450000
vt 0.666667 0.450000
vt 0.666667 0.900000
vt 1.000000 0.900000
vt 0.666667 0.450000
vt 1.000000 0.900000
vt 1.000000 0.450000
vt 0.000000 0.900000
vt 0.000000 1.350000
vt 0.333333 1.350000
vt 0.000000 0.900000
vt 0.333333 1.350000
vt 0.333333 0.900000
vt 0.333333 0.900000
vt 0.333333 1.350000
vt 0.666667 1.350000
vt 0.333333 0.900000
vt 0.666667 1.350000
vt 0.666667 0.900000
vt 0.666667 0.900000
vt 0.666667 1.350000
vt 1.000000 1.350000
vt 0.666667 0.900000
vt 1.000000 1.350000
vt 1.000000 0.900000
vt 0.000000 1.350000
vt 0.000000 1.800000
vt 0.333333 1.800000
vt 0.000000 1.350000
vt 0.333333 1.800000
vt 0.333333 1.350000
vt 0.333333 1.350000
vt 0.333333 1.800000
vt 0.666667 1.800000
vt 0.333333 1.350000
vt 0.666667 1.800000
vt 0.666667 1.350000
vt 0.666667 1.350000
vt 0.666667 1.800000
vt 1.000000 1.800000
vt 0.666667 1.350000
vt 1.000000 1.800000
vt 1.000000 1.350000
vt 0.000000 1.800000
vt 0.000000 2.250000
vt 0.333333 2.250000
vt 0.000000 1.800000
vt 0.333333 2.250000
vt 0.333333 1.800000
vt 0.333333 1.800000
vt 0.333333 2.250000
vt 0.666667 2.250000
vt 0.333333 1.800000
vt 0.666667 2.250000
vt 0.666667 1.800000
vt 0.666667 1.800000
vt 0.666667 2.250000
vt 1.000000 2.250000
vt 0.666667 1.800000
vt 1.000000 2.250000
vt 1.000000 1.800000
vt 0.000000 2.250000
vt 0.000000 2.700000
vt 0.333333 2.700000
vt 0.000000 2.250000
vt 0.333333 2.700000
vt 0.333333 2.250000
vt 0.333333 2.250000
vt 0.333333 2.700000
vt 0.666667 2.700000
vt 0.333333 2.250000
vt 0.666667 2.700000
vt 0.666667 2.250000
vt 0.666667 2.250000
vt 0.666667 2.700000
vt 1.000000 2.700000
vt 0.666667 2.250000
vt 1.000000 2.700000
vt 1.000000 2.250000
vt 0.000000 2.700000
vt 0.000000 3.150000
vt 0.333333 3.150000
vt 0.000000 2.700000
vt 0.333333 3.150000
vt 0.333333 2.700000
vt 0.333333 2.700000
vt 0.333333 3.150000
vt 0.666667 3.150000
vt 0.333333 2.700000
vt 0.666667 3.150000
vt 0.666667 2.700000
vt 0.666667 2.700000
vt 0.666667 3.150000
vt 1.000000 3.150000
vt 0.666667 2.700000
vt 1.000000 3.150000
vt 1.000000 2.700000
vt 0.000000 3.150000
vt 0.000000 3.600000
vt 0.333333 3.600000
vt 0.000000 3.150000
vt 0.333333 3.600000
vt 0.333333 3.150000
vt 0.333333 3.150000
vt 0.333333 3.600000
vt 0.666667 3.600000
vt 0.333333 3.150000
vt 0.666667 3.600000
vt 0.666667 3.150000
vt 0.666667 3.150000
vt 0.666667 3.600000
vt 1.000000 3.600000
vt 0.666667 3.150000
vt 1.000000 3.600000
vt 1.000000 3.150000
vt 0.000000 3.600000
vt 0.000000 4.050000
vt 0.333333 4.050000
vt 0.000000 3.600000
vt 0.333333 4.050000
vt 0.333333 3.600000
vt 0.333333 3.600000
vt 0.333333 4.050000
vt 0.666667 4.050000
vt 0.333333 3.600000
vt 0.666667 4.050000
vt 0.666667 3.600000
vt 0.666667 3.600000
vt 0.666667 4.050000
vt 1.000000 4.050000
vt 0.666667 3.600000
vt 1.000000 4.050000
vt 1.000000 3.600000
vt 0.000000 4.050000
vt 0.000000 4.500000
vt 0.333333 4.500000
vt 0.000000 4.050000
vt 0.333333 4.500000
vt 0.333333 4.050000
vt 0.333333 4.050000
vt 0.333333 4.500000
vt 0.666667 4.500000
vt 0.333333 4.050000
vt 0.666667 4.500000
vt 0.666667 4.050000
vt 0.666667 4.050000
vt 0.666667 4.500000
vt 1.000000 4.500000
vt 0.666667 4.050000
vt 1.000000 4.500000
vt 1.000000 4.050000
vt 0.000000 4.500000
vt 0.000000 4.950000
vt 0.333333 4.950000
vt 0.000000 4.500000
vt 0.333333 4.950000
vt 0.333333 4.500000
vt 0.333333 4.500000
vt 0.333333 4.950000
vt 0.666667 4.950000
vt 0.333333 4.500000
vt 0.666667 4.950000
vt 0.666667 4.500000
vt 0.666667 4.500000
vt 0.666667 4.950000
vt 1.000000 4.950000
vt 0.666667 4.500000
vt 1.000000 4.950000
vt 1.000000 4.500000
vt 0.000000 4.950000
vt 0.000000 5.400000
vt 0.333333 5.400000
vt 0.000000 4.950000
vt 0.333333 5.400000
vt 0.333333 4.950000
vt 0.333333 4.950000
vt 0.333333 5.400000
vt 0.666667 5.400000
vt 0.333333 4.950000
vt 0.666667 5.400000
vt 0.666667 4.950000
vt 0.666667 4.950000
vt 0.666667 5.400000
vt 1.000000 5.400000
vt 0.666667 4.950000
vt 1.000000 5.400000
vt 1.000000 4.950000
vt 0.000000 5.400000
vt 0.000000 5.850000
vt 0.333333 5.850000
vt 0.000000 5.400000
vt 0.333333 5.850000
vt 0.333333 5.400000
vt 0.333333 5.400000
vt 0.333333 5.850000
vt 0.666667 5.850000
vt 0.333333 5.400000
vt 0.666667 5.850000
vt 0.666667 5.400000
vt 0.666667 5.400000
vt 0.666667 5.850000
vt 1.000000 5.850000
vt 0.666667 5.400000
vt 1.000000 5.850000
vt 1.000000 5.400000
vt 0.000000 5.850000
vt 0.000000 6.300000
vt 0.333333 6.300000
vt 0.000000 5.850000
vt 0.333333 6.300000
vt 0.333333 5.850000
vt 0.333333 5.850000
vt 0.333333 6.300000
vt 0.666667 6.300000
vt 0.333333 5.850000
vt 0.666667 6.300000
vt 0.666667 5.850000
vt 0.666667 5.850000
vt 0.666667 6.300000
vt 1.000000 6.300000
vt 0.666667 5.850000
vt 1.000000 6.300000
vt 1.000000 5.850000
vt 0.000000 6.300000
vt 0.000000 6.750000
vt 0.333333 6.750000
vt 0.000000 6.300000
vt 0.333333 6.750000
vt 0.333333 6.300000
vt 0.333333 6.300000
vt 0.333333 6.750000
vt 0.666667 6.750000
vt 0.333333 6.300000
vt 0.666667 6.750000
vt 0.666667 6.300000
vt 0.666667 6.300000
vt 0.666667 6.750000
vt 1.000000 6.750000
vt 0.666667 6.300000
vt 1.000000 6.750000
vt 1.000000 6.300000
vt 0.000000 6.750000
vt 0.000000 7.200000
vt 0.333333 7.200000
vt 0.000000 6.750000
vt 0.333333 7.200000
vt 0.333333 6.750000
vt 0.333333 6.750000
vt 0.333333 7.200000
vt 0.666667 7.200000
vt 0.333333 6.750000
vt 0.666667 7.200000
vt 0.666667 6.750000
vt 0.666667 6.750000
vt 0.666667 7.200000
vt 1.000000 7.200000
vt 0.666667 6.750000
vt 1.000000 7.200000
vt 1.000000 6.750000
vt 0.000000 7.200000
vt 0.000000 7.650000
vt 0.333333 7.650000
vt 0.000000 7.200000
vt 0.333333 7.650000
vt 0.333333 7.200000
vt 0.333333 7.200000
vt 0.333333 7.650000
vt 0.666667 7.650000
vt 0.333333 7.200000
vt 0.666667 7.650000
vt 0.666667 7.200000
vt 0.666667 7.200000
vt 0.666667 7.650000
vt 1.000000 7.650000
vt 0.666667 7.200000
vt 1.000000 7.650000
vt 1.000000 7.200000
vt 0.000000 7.650000
vt 0.000000 8.100000
vt 0.333333 8.100000
vt 0.000000 7.650000
vt 0.333333 8.100000
vt 0.333333 7.650000
vt 0.333333 7.650000
vt 0.333333 8.100000
vt 0.666667 8.100000
vt 0.333333 7.650000
vt 0.666667 8.100000
vt 0.666667 7.650000
vt 0.666667 7.650000
vt 0.666667 8.100000
vt 1.000000 8.100000
vt 0.666667 7.650000
vt 1.000000 8.100000
vt 1.000000 7.650000
vt 0.000000 8.100000
vt 0.000000 8.550000
vt 0.333333 8.550000
vt 0.000000 8.100000
vt 0.333333 8.550000
vt 0.333333 8.100000
vt 0.333333 8.100000
vt 0.333333 8.550000
vt 0.666667 8.550000
vt 0.333333 8.100000
vt 0.666667 8.550000
vt 0.666667 8.100000
vt 0.666667 8.100000
vt 0.666667 8.550000
vt 1.000000 8.550000
vt 0.666667 8.100000
vt 1.000000 8.550000
vt 1.000000 8.100000
vt 0.000000 8.550000
vt 0.000000 9.000000
vt 0.333333 9.000000
vt 0.000000 8.550000
vt 0.333333 9.000000
vt 0.333333 8.550000
vt 0.333333 8.550000
vt 0.333333 9.000000
vt 0.666667 9.000000
vt 0.333333 8.550000
vt 0.666667 9.000000
vt 0.666667 8.550000
vt 0.666667 8.550000
vt 0.666667 9.000000
vt 1.000000 9.000000
vt 0.666667 8.550000
vt 1.000000 9.000000
vt 1.000000 8.550000
vt 0.000000 9.000000
vt 0.000000 9.450000
vt 0.333333 9.450000
vt 0.000000 9.000000
vt 0.333333 9.450000
vt 0.333333 9.000000
vt 0.333333 9.000000
vt 0.333333 9.450000
vt 0.666667 9.450000
vt 0.333333 9.000000
vt 0.666667 9.450000
vt 0.666667 9.000000
vt 0.666667 9.000000
vt 0.666667 9.450000
vt 1.000000 9.450000
vt 0.666667 9.000000
vt 1.000000 9.450000
vt 1.000000 9.000000
vt 0.000000 9.450000
vt 0.000000 9.900000
vt 0.333333 9.900000
vt 0.000000 9.450000
vt 0.333333 9.900000
vt 0.333333 9.450000
vt 0.333333 9.450000
vt 0.333333 9.900000
vt 0.666667 9.900000
vt 0.333333 9.450000
vt 0.666667 9.900000
vt 0.666667 9.450000
vt 0.666667 9.450000
vt 0.666667 9.900000
vt 1.000000 9.900000
vt 0.666667 9.450000
vt 1.000000 9.900000
vt 1.000000 9.450000
vt 0.000000 9.900000
vt 0.000000 10.350000
vt 0.333333 10.350000
vt 0.000000 9.900000
vt 0.333333 10.350000
vt 0.333333 9.900000
vt 0.333333 9.900000
vt 0.333333 10.350000
vt 0.666667 10.350000
vt 0.333333 9.900000
vt 0.666667 10.350000
vt 0.666667 9.900000
vt 0.666667 9.900000
vt 0.666667 10.350000
vt 1.000000 10.350000
vt 0.666667 9.900000
vt 1.000000 10.350000
vt 1.000000 9.900000
vt 0.000000 10.350000
vt 0.000000 10.800000
vt 0.333333 10.800000
vt 0.000000 10.350000
vt 0.333333 10.800000
vt 0.333333 10.350000
vt 0.333333 10.350000
vt 0.333333 10.800000
vt 0.666667 10.800000
vt 0.333333 10.350000
vt 0.666667 10.800000
vt 0.666667 10.350000
vt 0.666667 10.350000
vt 0.666667 10.800000
vt 1.000000 10.800000
vt 0.666667 10.350000
vt 1.000000 10.800000
vt 1.000000 10.350000
vt 0.000000 10.800000
vt 0.000000 11.250000
vt 0.333333 11.250000
vt 0.000000 10.800000
vt 0.333333 11.250000
vt 0.333333 10.800000
vt 0.333333 10.800000
vt 0.333333 11.250000
vt 0.666667 11.250000
vt 0.333333 10.800000
vt 0.666667 11.250000
vt 0.666667 10.800000
vt 0.666667 10.800000
vt 0.666667 11.250000
vt 1.000000 11.250000
vt 0.666667 10.800000
vt 1.000000 11.250000
vt 1.000000 10.800000
vt 0.000000 11.250000
vt 0.000000 11.700000
vt 0.333333 11.700000
vt 0.000000 11.250000
vt 0.333333 11.700000
vt 0.333333 11.250000
vt 0.333333 11.250000
vt 0.333333 11.700000
vt 0.666667 11.700000
vt 0.333333 11.250000
vt 0.666667 11.700000
vt 0.666667 11.250000
vt 0.666667 11.250000
vt 0.666667 11.700000
vt 1.000000 11.700000
vt 0.666667 11.250000
vt 1.000000 11.700000
vt 1.000000 11.250000
vt 0.000000 11.700000
vt 0.000000 12.150000
vt 0.333333 12.150000
vt 0.000000 11.700000
vt 0.333333 12.150000
vt 0.333333 11.700000
vt 0.333333 11.700000
vt 0.333333 12.150000
vt 0.666667 12.150000
vt 0.333333 11.700000
vt 0.666667 12.150000
vt 0.666667 11.700000
vt 0.666667 11.700000
vt 0.666667 12.150000
vt 1.000000 12.150000
vt 0.666667 11.700000
vt 1.000000 12.150000
vt 1.000000 11.700000
vt 0.000000 12.150000
vt 0.000000 12.600000
vt 0.333333 12.600000
vt 0.000000 12.150000
vt 0.333333 12.600000
vt 0.333333 12.150000
vt 0.333333 12.150000
vt 0.333333 12.600000
vt 0.666667 12.600000
vt 0.333333 12.150000
vt 0.666667 12.600000
vt 0.666667 12.150000
vt 0.666667 12.150000
vt 0.666667 12.600000
vt 1.000000 12.600000
vt 0.666667 12.150000
vt 1.000000 12.600000
vt 1.000000 12.150000
vt 0.000000 12.600000
vt 0.000000 13.050000
vt 0.333333 13.050000
vt 0.000000 12.600000
vt 0.333333 13.050000
vt 0.333333 12.600000
vt 0.333333 12.600000
vt 0.333333 13.050000
vt 0.666667 13.050000
vt 0.333333 12.600000
vt 0.666667 13.050000
vt 0.666667 12.600000
vt 0.666667 12.600000
vt 0.666667 13.050000
vt 1.000000 13.050000
vt 0.666667 12.600000
vt 1.000000 13.050000
vt 1.000000 12.600000
vt 0.000000 13.050000
vt 0.000000 13.500000
vt 0.333333 13.500000
vt 0.000000 13.050000
vt 0.333333 13.500000
vt 0.333333 13.050000
vt 0.333333 13.050000
vt 0.333333 13.500000
vt 0.666667 13.500000
vt 0.333333 13.050000
vt 0.666667 13.500000
vt 0.666667 13.050000
vt 0.666667 13.050000
vt 0.666667 13.500000
vt 1.000000 13.500000
vt 0.666667 13.050000
vt 1.000000 13.500000
vt 1.000000 13.050000
vt 0.000000 13.500000
vt 0.000000 13.950000
vt 0.333333 13.950000
vt 0.000000 13.500000
vt 0.333333 13.950000
vt 0.333333 13.500000
vt 0.333333 13.500000
vt 0.333333 13.950000
vt 0.666667 13.950000
vt 0.333333 13.500000
vt 0.666667 13.950000
vt 0.666667 13.500000
vt 0.666667 13.500000
vt 0.666667 13.950000
vt 1.000000 13.950000
vt 0.666667 13.500000
vt 1.000000 13.950000
vt 1.000000 13.500000
vt 0.000000 13.950000
vt 0.000000 14.400000
vt 0.333333 14.400000
vt 0.000000 13.950000
vt 0.333333 14.400000
vt 0.333333 13.950000
vt 0.333333 13.950000
vt 0.333333 14.400000
vt 0.666667 14.400000
vt 0.333333 13.950000
vt 0.666667 14.400000
vt 0.666667 13.950000
vt 0.666667 13.950000
vt 0.666667 14.400000
vt 1.000000 14.400000
vt 0.666667 13.950000
vt 1.000000 14.400000
vt 1.000000 13.950000
vt 0.000000 14.400000
vt 0.000000 14.850000
vt 0.333333 14.850000
vt 0.000000 14.400000
vt 0.333333 14.850000
vt 0.333333 14.400000
vt 0.333333 14.400000
vt 0.333333 14.850000
vt 0.666667 14.850000
vt 0.333333 14.400000
vt 0.666667 14.850000
vt 0.666667 14.400000
vt 0.666667 14.400000
vt 0.666667 14.850000
vt 1.000000 14.850000
vt 0.666667 14.400000
vt 1.000000 14.850000
vt 1.000000 14.400000
vt 0.000000 14.850000
vt 0.000000 15.300000
vt 0.333333 15.300000
vt 0.000000 14.850000
vt 0.333333 15.300000
vt 0.333333 14.850000
vt 0.333333 14.850000
vt 0.333333 15.300000
vt 0.666667 15.300000
vt 0.333333 14.850000
vt 0.666667 15.300000
vt 0.666667 14.850000
vt 0.666667 14.850000
vt 0.666667 15.300000
vt 1.000000 15.300000
vt 0.666667 14.850000
vt 1.000000 15.300000
vt 1.000000 14.850000
vt 0.000000 15.300000
vt 0.000000 15.750000
vt 0.333333 15.750000
vt 0.000000 15.300000
vt 0.333333 15.750000
vt 0.333333 15.300000
vt 0.333333 15.300000
vt 0.333333 15.750000
vt 0.666667 15.750000
vt 0.333333 15.300000
vt 0.666667 15.750000
vt 0.666667 15.300000
vt 0.666667 15.300000
vt 0.666667 15.750000
vt 1.000000 15.750000
vt 0.666667 15.300000
vt 1.000000 15.750000
vt 1.000000 15.300000
vt 0.000000 15.750000
vt 0.000000 16.200000
vt 0.333333 16.200000
vt 0.000000 15.750000
vt 0.333333 16.200000
vt 0.333333 15.750000
vt 0.333333 15.750000
vt 0.333333 16.200000
vt 0.666667 16.200000
vt 0.333333 15.750000
vt 0.666667 16.200000
vt 0.666667 15.750000
vt 0.666667 15.750000
vt 0.666667 16.200000
vt 1.000000 16.200000
vt 0.666667 15.750000
vt 1.000000 16.200000
vt 1.000000 15.750000
vt 0.000000 16.200000
vt 0.000000 16.650000
vt 0.333333 16.650000
vt 0.000000 16.200000
vt 0.333333 16.650000
vt 0.333333 16.200000
vt 0.333333 16.200000
vt 0.333333 16.650000
vt 0.666667 16.650000
vt 0.333333 16.200000
vt 0.666667 16.650000
vt 0.666667 16.200000
vt 0.666667 16.200000
vt 0.666667 16.650000
vt 1.000000 16.650000
vt 0.666667 16.200000
vt 1.000000 16.650000
vt 1.000000 16.200000
vt 0.000000 16.650000
vt 0.000000 17.100000
vt 0.333333 17.100000
vt 0.000000 16.650000
vt 0.333333 17.100000
vt 0.333333 16.650000
vt 0.333333 16.650000
vt 0.333333 17.100000
vt 0.666667 17.100000
vt 0.333333 16.650000
vt 0.666667 17.100000
vt 0.666667 16.650000
vt 0.666667 16.650000
vt 0.666667 17.100000
vt 1.000000 17.100000
vt 0.666667 16.650000
vt 1.000000 17.100000
vt 1.000000 16.650000
vt 0.000000 17.100000
vt 0.000000 17.550000
vt 0.333333 17.550000
vt 0.000000 17.100000
vt 0.333333 17.550000
vt 0.333333 17.100000
vt 0.333333 17.100000
vt 0.333333 17.550000
vt 0.666667 17.550000
vt 0.333333 17.100000
vt 0.666667 17.550000
vt 0.666667 17.100000
vt 0.666667 17.100000
vt 0.666667 17.550000
vt 1.000000 17.550000
vt 0.666667 17.100000
vt 1.000000 17.550000
vt 1.000000 17.100000
vt 0.000000 17.550000
vt 0.000000 18.000000
vt 0.333333 18.000000
vt 0.000000 17.550000
vt 0.333333 18.000000
vt 0.333333 17.550000
vt 0.333333 17.550000
vt 0.333333 18.000000
vt 0.666667 18.000000
vt 0.333333 17.550000
vt 0.666667 18.000000
vt 0.666667 17.550000
vt 0.666667 17.550000
vt 0.666667 18.000000
vt 1.000000 18.000000
vt 0.666667 17.550000
vt 1.000000 18.000000
vt 1.000000 17.550000
vt 0.000000 18.000000
vt 0.000000 18.450000
vt 0.333333 18.450000
vt 0.000000 18.000000
vt 0.333333 18.450000
vt 0.333333 18.000000
vt 0.333333 18.000000
vt 0.333333 18.450000
vt 0.666667 18.450000
vt 0.333333 18.000000
vt 0.666667 18.450000
vt 0.666667 18.000000
vt 0.666667 18.000000
vt 0.666667 18.450000
vt 1.000000 18.450000
vt 0.666667 18.000000
vt 1.000000 18.450000
vt 1.000000 18.000000
vt 0.000000 18.450000
vt 0.000000 18.900000
vt 0.333333 18.900000
vt 0.000000 18.450000
vt 0.333333 18.900000
vt 0.333333 18.450000
vt 0.333333 18.450000
vt 0.333333 18.900000
vt 0.666667 18.900000
vt 0.333333 18.450000
vt 0.666667 18.900000
vt 0.666667 18.450000
vt 0.666667 18.450000
vt 0.666667 18.900000
vt 1.000000 18.900000
vt 0.666667 18.450000
vt 1.000000 18.900000
vt 1.000000 18.450000
vt 0.000000 18.900000
vt 0.000000 19.350000
vt 0.333333 19.350000
vt 0.000000 18.900000
vt 0.333333 19.350000
vt 0.333333 18.900000
vt 0.333333 18.900000
vt 0.333333 19.350000
vt 0.666667 19.350000
vt 0.333333 18.900000
vt 0.666667 19.350000
vt 0.666667 18.900000
vt 0.666667 18.900000
vt 0.666667 19.350000
vt 1.000000 19.350000
vt 0.666667 18.900000
vt 1.000000 19.350000
vt 1.000000 18.900000
vt 0.000000 19.350000
vt 0.000000 19.800000
vt 0.333333 19.800000
vt 0.000000 19.350000
vt 0.333333 19.800000
vt 0.333333 19.350000
vt 0.333333 19.350000
vt 0.333333 19.800000
vt 0.666667 19.800000
vt 0.333333 19.350000
vt 0.666667 19.800000
vt 0.666667 19.350000
vt 0.666667 19.350000
vt 0.666667 19.800000
vt 1.000000 19.800000
vt 0.666667 19.350000
vt 1.000000 19.800000
vt 1.000000 19.350000
vt 0.000000 19.800000
vt 0.000000 20.250000
vt 0.333333 20.250000
vt 0.000000 19.800000
vt 0.333333 20.250000
vt 0.333333 19.800000
vt 0.333333 19.800000
vt 0.333333 20.250000
vt 0.666667 20.250000
vt 0.333333 19.800000
vt 0.666667 20.250000
vt 0.666667 19.800000
vt 0.666667 19.800000
vt 0.666667 20.250000
vt 1.000000 20.250000
vt 0.666667 19.800000
vt 1.000000 20.250000
vt 1.000000 19.800000
vt 0.000000 30.000000
vt 0.000000 30.450000
vt 0.333333 30.450000
vt 0.000000 30.000000
vt 0.333333 30.450000
vt 0.333333 30.000000
vt 0.333333 30.000000
vt 0.333333 30.450000
vt 0.666667 30.450000
vt 0.333333 30.000000
vt 0.666667 30.450000
vt 0.666667 30.000000
vt 0.666667 30.000000
vt 0.666667 30.450000
vt 1.000000 30.450000
vt 0.666667 30.000000
vt 1.000000 30.450000
vt 1.000000 30.000000
vt 0.000000 30.450000
vt 0.000000 30.900000
vt 0.333333 30.900000
vt 0.000000 30.450000
vt 0.333333 30.900000
vt 0.333333 30.450000
vt 0.333333 30.450000
vt 0.333333 30.900000
vt 0.666667 30.900000
vt 0.333333 30.450000
vt 0.666667 30.900000
vt 0.666667 30.450000
vt 0.666667 30.450000
vt 0.666667 30.900000
vt 1.000000 30.900000
vt 0.666667 30.450000
vt 1.000000 30.900000
vt 1.000000 30.450000
vt 0.000000 30.900000
vt 0.000000 31.350000
vt 0.333333 31.350000
vt 0.000000 30.900000
vt 0.333333 31.350000
vt 0.333333 30.900000
vt 0.333333 30.900000
vt 0.333333 31.350000
vt 0.666667 31.350000
vt 0.333333 30.900000
vt 0.666667 31.350000
vt 0.666667 30.900000
vt 0.666667 30.900000
vt 0.666667 31.350000
vt 1.000000 31.350000
vt 0.666667 30.900000
vt 1.000000 31.350000
vt 1.000000 30.900000
vt 0.000000 31.350000
vt 0.000000 31.800000
vt 0.333333 31.800000
vt 0.000000 31.350000
vt 0.333333 31.800000
vt 0.333333 31.350000
vt 0.333333 31.350000
vt 0.333333 31.800000
vt 0.666667 31.800000
vt 0.333333 31.350000
vt 0.666667 31.800000
vt 0.666667 31.350000
vt 0.666667 31.350000
vt 0.666667 31.800000
vt 1.000000 31.800000
vt 0.666667 31.350000
vt 1.000000 31.800000
vt 1.000000 31.350000
vt 0.000000 31.800000
vt 0.000000 32.250000
vt 0.333333 32.250000
vt 0.000000 31.800000
vt 0.333333 32.250000
vt 0.333333 31.800000
vt 0.333333 31.800000
vt 0.333333 32.250000
vt 0.666667 32.250000
vt 0.333333 31.800000
vt 0.666667 32.250000
vt 0.666667 31.800000
vt 0.666667 31.800000
vt 0.666667 32.250000
vt 1.000000 32.250000
vt 0.666667 31.800000
vt 1.000000 32.250000
vt 1.000000 31.800000
vt 0.000000 32.250000
vt 0.000000 32.700000
vt 0.333333 32.700000
vt 0.000000 32.250000
vt 0.333333 32.700000
vt 0.333333 32.250000
vt 0.333333 32.250000
vt 0.333333 32.700000
vt 0.666667 32.700000
vt 0.333333 32.250000
vt 0.666667 32.700000
vt 0.666667 32.250000
vt 0.666667 32.250000
vt 0.666667 32.700000
vt 1.000000 32.700000
vt 0.666667 32.250000
vt 1.000000 32.700000
vt 1.000000 32.250000
vt 0.000000 32.700000
vt 0.000000 33.150000
vt 0.333333 33.150000
vt 0.000000 32.700000
vt 0.333333 33.150000
vt 0.333333 32.700000
vt 0.333333 32.700000
vt 0.333333 33.150000
vt 0.666667 33.150000
vt 0.333333 32.700000
vt 0.666667 33.150000
vt 0.666667 32.700000
vt 0.666667 32.700000
vt 0.666667 33.150000
vt 1.000000 33.150000
vt 0.666667 32.700000
vt 1.000000 33.150000
vt 1.000000 32.700000
vt 0.000000 33.150000
vt 0.000000 33.600000
vt 0.333333 33.600000
vt 0.000000 33.150000
vt 0.333333 33.600000
vt 0.333333 33.150000
vt 0.333333 33.150000
vt 0.333333 33.600000
vt 0.666667 33.600000
vt 0.333333 33.150000
vt 0.666667 33.600000
vt 0.666667 33.150000
vt 0.666667 33.150000
vt 0.666667 33.600000
vt 1.000000 33.600000
vt 0.666667 33.150000
vt 1.000000 33.600000
vt 1.000000 33.150000
vt 0.000000 33.600000
vt 0.000000 34.050000
vt 0.333333 34.050000
vt 0.000000 33.600000
vt 0.333333 34.050000
vt 0.333333 33.600000
vt 0.333333 33.600000
vt 0.333333 34.050000
vt 0.666667 34.050000
vt 0.333333 33.600000
vt 0.666667 34.050000
vt 0.666667 33.600000
vt 0.666667 33.600000
vt 0.666667 34.050000
vt 1.000000 34.050000
vt 0.666667 33.600000
vt 1.000000 34.050000
vt 1.000000 33.600000
vt 0.000000 34.050000
vt 0.000000 34.500000
vt 0.333333 34.500000
vt 0.000000 34.050000
vt 0.333333 34.500000
vt 0.333333 34.050000
vt 0.333333 34.050000
vt 0.333333 34.500000
vt 0.666667 34.500000
vt 0.333333 34.050000
vt 0.666667 34.500000
vt 0.666667 34.050000
vt 0.666667 34.050000
vt 0.666667 34.500000
vt 1.000000 34.500000
vt 0.666667 34.050000
vt 1.000000 34.500000
vt 1.000000 34.050000
vt 0.000000 34.500000
vt 0.000000 34.950000
vt 0.333333 34.950000
vt 0.000000 34.500000
vt 0.333333 34.950000
vt 0.333333 34.500000
vt 0.333333 34.500000
vt 0.333333 34.950000
vt 0.666667 34.950000
vt 0.333333 34.500000
vt 0.666667 34.950000
vt 0.666667 34.500000
vt 0.666667 34.500000
vt 0.666667 34.950000
vt 1.000000 34.950000
vt 0.666667 34.500000
vt 1.000000 34.950000
vt 1.000000 34.500000
vt 0.000000 34.950000
vt 0.000000 35.400000
vt 0.333333 35.400000
vt 0.000000 34.950000
vt 0.333333 35.400000
vt 0.333333 34.950000
vt 0.333333 34.950000
vt 0.333333 35.400000
vt 0.666667 35.400000
vt 0.333333 34.950000
vt 0.666667 35.400000
vt 0.666667 34.950000
vt 0.666667 34.950000
vt 0.666667 35.400000
vt 1.000000 35.400000
vt 0.666667 34.950000
vt 1.000000 35.400000
vt 1.000000 34.950000
vt 0.000000 35.400000
vt 0.000000 35.850000
vt 0.333333 35.850000
vt 0.000000 35.400000
vt 0.333333 35.850000
vt 0.333333 35.400000
vt 0.333333 35.400000
vt 0.333333 35.850000
vt 0.666667 35.850000
vt 0.333333 35.400000
vt 0.666667 35.850000
vt 0.666667 35.400000
vt 0.666667 35.400000
vt 0.666667 35.850000
vt 1.000000 35.850000
vt 0.666667 35.400000
vt 1.000000 35.850000
vt 1.000000 35.400000
vt 0.000000 35.850000
vt 0.000000 36.300000
vt 0.333333 36.300000
vt 0.000000 35.850000
vt 0.333333 36.300000
vt 0.333333 35.850000
vt 0.333333 35.850000
vt 0.333333 36.300000
vt 0.666667 36.300000
vt 0.333333 35.850000
vt 0.666667 36.300000
vt 0.666667 35.850000
vt 0.666667 35.850000
vt 0.666667 36.300000
vt 1.000000 36.300000
vt 0.666667 35.850000
vt 1.000000 36.300000
vt 1.000000 35.850000
vt 0.000000 36.300000
vt 0.000000 36.750000
vt 0.333333 36.750000
vt 0.000000 36.300000
vt 0.333333 36.750000
vt 0.333333 36.300000
vt 0.333333 36.300000
vt 0.333333 36.750000
vt 0.666667 36.750000
vt 0.333333 36.300000
vt 0.666667 36.750000
vt 0.666667 36.300000
vt 0.666667 36.300000
vt 0.666667 36.750000
vt 1.000000 36.750000
vt 0.666667 36.300000
vt 1.000000 36.750000
vt 1.000000 36.300000
vt 0.000000 36.750000
vt 0.000000 37.200000
vt 0.333333 37.200000
vt 0.000000 36.750000
vt 0.333333 37.200000
vt 0.333333 36.750000
vt 0.333333 36.750000
vt 0.333333 37.200000
vt 0.666667 37.200000
vt 0.333333 36.750000
vt 0.666667 37.200000
vt 0.666667 36.750000
vt 0.666667 36.750000
vt 0.666667 37.200000
vt 1.000000 37.200000
vt 0.666667 36.750000
vt 1.000000 37.200000
vt 1.000000 36.750000
vt 0.000000 37.200000
vt 0.000000 37.650000
vt 0.333333 37.650000
vt 0.000000 37.200000
vt 0.333333 37.650000
vt 0.333333 37.200000
vt 0.333333 37.200000
vt 0.333333 37.650000
vt 0.666667 37.650000
vt 0.333333 37.200000
vt 0.666667 37.650000
vt 0.666667 37.200000
vt 0.666667 37.200000
vt 0.666667 37.650000
vt 1.000000 37.650000
vt 0.666667 37.200000
vt 1.000000 37.650000
vt 1.000000 37.200000
vt 0.000000 37.650000
vt 0.000000 38.100000
vt 0.333333 38.100000
vt 0.000000 37.650000
vt 0.333333 38.100000
vt 0.333333 37.650000
vt 0.333333 37.650000
vt 0.333333 38.100000
vt 0.666667 38.100000
vt 0.333333 37.650000
vt 0.666667 38.100000
vt 0.666667 37.650000
vt 0.666667 37.650000
vt 0.666667 38.100000
vt 1.000000 38.100000
vt 0.666667 37.650000
vt 1.000000 38.100000
vt 1.000000 37.650000
vt 0.000000 38.100000
vt 0.000000 38.550000
vt 0.333333 38.550000
vt 0.000000 38.100000
vt 0.333333 38.550000
vt 0.333333 38.100000
vt 0.333333 38.100000
vt 0.333333 38.550000
vt 0.666667 38.550000
vt 0.333333 38.100000
vt 0.666667 38.550000
vt 0.666667 38.100000
vt 0.666667 38.100000
vt 0.666667 38.550000
vt 1.000000 38.550000
vt 0.666667 38.100000
vt 1.000000 38.550000
vt 1.000000 38.100000
vt 0.000000 48.000000
vt 0.000000 48.450000
vt 0.333333 48.450000
vt 0.000000 48.000000
vt 0.333333 48.450000
vt 0.333333 48.000000
vt 0.333333 48.000000
vt 0.333333 48.450000
vt 0.666667 48.450000
vt 0.333333 48.000000
vt 0.666667 48.450000
vt 0.666667 48.000000
vt 0.666667 48.000000
vt 0.666667 48.450000
vt 1.000000 48.450000
vt 0.666667 48.000000
vt 1.000000 48.450000
vt 1.000000 48.000000
vt 0.000000 48.450000
vt 0.000000 48.900000
vt 0.333333 48.900000
vt 0.000000 48.450000
vt 0.333333 48.900000
vt 0.333333 48.450000
vt 0.333333 48.450000
vt 0.333333 48.900000
vt 0.666667 48.900000
vt 0.333333 48.450000
vt 0.666667 48.900000
vt 0.666667 48.450000
vt 0.666667 48.450000
vt 0.666667 48.900000
vt 1.000000 48.900000
vt 0.666667 48.450000
vt 1.000000 48.900000
vt 1.000000 48.450000
vt 0.000000 48.900000
vt 0.000000 49.350000
vt 0.333333 49.350000
vt 0.000000 48.900000
vt 0.333333 49.350000
vt 0.333333 48.900000
vt 0.333333 48.900000
vt 0.333333 49.350000
vt 0.666667 49.350000
vt 0.333333 48.900000
vt 0.666667 49.350000
vt 0.666667 48.900000
vt 0.666667 48.900000
vt 0.666667 49.350000
vt 1.000000 49.350000
vt 0.666667 48.900000
vt 1.000000 49.350000
vt 1.000000 48.900000
vt 0.000000 49.350000
vt 0.000000 49.800000
vt 0.333333 49.800000
vt 0.000000 49.350000
vt 0.333333 49.800000
vt 0.333333 49.350000
vt 0.333333 49.350000
vt 0.333333 49.800000
vt 0.666667 49.800000
vt 0.333333 49.350000
vt 0.666667 49.800000
vt 0.666667 49.350000
vt 0.666667 49.350000
vt 0.666667 49.800000
vt 1.000000 49.800000
vt 0.666667 49.350000
vt 1.000000 49.800000
vt 1.000000 49.350000
vt 0.000000 49.800000
vt 0.000000 50.250000
vt 0.333333 50.250000
vt 0.000000 49.800000
vt 0.333333 50.250000
vt 0.333333 49.800000
vt 0.333333 49.800000
vt 0.333333 50.250000
vt 0.666667 50.250000
vt 0.333333 49.800000
vt 0.666667 50.250000
vt 0.666667 49.800000
vt 0.666667 49.800000
vt 0.666667 50.250000
vt 1.000000 50.250000
vt 0.666667 49.800000
vt 1.000000 50.250000
vt 1.000000 49.800000
vt 0.000000 50.250000
vt 0.000000 50.700000
vt 0.333333 50.700000
vt 0.000000 50.250000
vt 0.333333 50.700000
vt 0.333333 50.250000
vt 0.333333 50.250000
vt 0.333333 50.700000
vt 0.666667 50.700000
vt 0.333333 50.250000
vt 0.666667 50.700000
vt 0.666667 50.250000
vt 0.666667 50.250000
vt 0.666667 50.700000
vt 1.000000 50.700000
vt 0.666667 50.250000
vt 1.000000 50.700000
vt 1.000000 50.250000
vt 0.000000 58.000000
vt 0.000000 58.450000
vt 0.333333 58.450000
vt 0.000000 58.000000
vt 0.333333 58.450000
vt 0.333333 58.000000
vt 0.333333 58.000000
vt 0.333333 58.450000
vt 0.666667 58.450000
vt 0.333333 58.000000
vt 0.666667 58.450000
vt 0.666667 58.000000
vt 0.666667 58.000000
vt 0.666667 58.450000
vt 1.000000 58.450000
vt 0.666667 58.000000
vt 1.000000 58.450000
vt 1.000000 58.000000
vt 0.000000 58.450000
vt 0.000000 58.900000
vt 0.333333 58.900000
vt 0.000000 58.450000
vt 0.333333 58.900000
vt 0.333333 58.450000
vt 0.333333 58.450000
vt 0.333333 58.900000
vt 0.666667 58.900000
vt 0.333333 58.450000
vt 0.666667 58.900000
vt 0.666667 58.450000
vt 0.666667 58.450000
vt 0.666667 58.900000
vt 1.000000 58.900000
vt 0.666667 58.450000
vt 1.000000 58.900000
vt 1.000000 58.450000
vt 0.000000 58.900000
vt 0.000000 59.350000
vt 0.333333 59.350000
vt 0.000000 58.900000
vt 0.333333 59.350000
vt 0.333333 58.900000
vt 0.333333 58.900000
vt 0.333333 59.350000
vt 0.666667 59.350000
vt 0.333333 58.900000
vt 0.666667 59.350000
vt 0.666667 58.900000
vt 0.666667 58.900000
vt 0.666667 59.350000
vt 1.000000 59.350000
vt 0.666667 58.900000
vt 1.000000 59.350000
vt 1.000000 58.900000
vt 0.000000 59.350000
vt 0.000000 59.800000
vt 0.333333 59.800000
vt 0.000000 59.350000
vt 0.333333 59.800000
vt 0.333333 59.350000
vt 0.333333 59.350000
vt 0.333333 59.800000
vt 0.666667 59.800000
vt 0.333333 59.350000
vt 0.666667 59.800000
vt 0.666667 59.350000
vt 0.666667 59.350000
vt 0.666667 59.800000
vt 1.000000 59.800000
vt 0.666667 59.350000
vt 1.000000 59.800000
vt 1.000000 59.350000
vt 0.000000 59.800000
vt 0.000000 60.250000
vt 0.333333 60.250000
vt 0.000000 59.800000
vt 0.333333 60.250000
vt 0.333333 59.800000
vt 0.333333 59.800000
vt 0.333333 60.250000
vt 0.666667 60.250000
vt 0.333333 59.800000
vt 0.666667 60.250000
vt 0.666667 59.800000
vt 0.666667 59.800000
vt 0.666667 60.250000
vt 1.000000 60.250000
vt 0.666667 59.800000
vt 1.000000 60.250000
vt 1.000000 59.800000
vt 0.000000 60.250000
vt 0.000000 60.700000
vt 0.333333 60.700000
vt 0.000000 60.250000
vt 0.333333 60.700000
vt 0.333333 60.250000
vt 0.333333 60.250000
vt 0.333333 60.700000
vt 0.666667 60.700000
vt 0.333333 60.250000
vt 0.666667 60.700000
vt 0.666667 60.250000
vt 0.666667 60.250000
vt 0.666667 60.700000
vt 1.000000 60.700000
vt 0.666667 60.250000
vt 1.000000 60.700000
vt 1.000000 60.250000
vn -0.184947 -0.944860 -0.270248
vn -0.184947 -0.944860 -0.270248
vn -0.184947 -0.944860 -0.270248
vn -0.162571 -0.947447 -0.275527
vn -0.162571 -0.947447 -0.275527
vn -0.162571 -0.947447 -0.275527
vn -0.163277 -0.947521 -0.274855
vn -0.163277 -0.947521 -0.274855
vn -0.163277 -0.947521 -0.274855
vn -0.123376 -0.955896 -0.266535
vn -0.123376 -0.955896 -0.266535
vn -0.123376 -0.955896 -0.266535
vn -0.128552 -0.956568 -0.261632
vn -0.128552 -0.956568 -0.261632
vn -0.128552 -0.956568 -0.261632
vn -0.101719 -0.958190 -0.267442
vn -0.101719 -0.958190 -0.267442
vn -0.101719 -0.958190 -0.267442
vn -0.175809 -0.955715 -0.236008
vn -0.175809 -0.955715 -0.236008
vn -0.175809 -0.955715 -0.236008
vn -0.154440 -0.958172 -0.240943
vn -0.154440 -0.958172 -0.240943
vn -0.154440 -0.958172 -0.240943
vn -0.155665 -0.958271 -0.239759
vn -0.155665 -0.958271 -0.239759
vn -0.155665 -0.958271 -0.239759
vn -0.117720 -0.965701 -0.231439
vn -0.117720 -0.965701 -0.231439
vn -0.117720 -0.965701 -0.231439
vn -0.122714 -0.966219 -0.226632
vn -0.122714 -0.966219 -0.226632
vn -0.122714 -0.966219 -0.226632
vn -0.097419 -0.967810 -0.232063
vn -0.097419 -0.967810 -0.232063
vn -0.097419 -0.967810 -0.232063
vn -0.164952 -0.965528 -0.201363
vn -0.164952 -0.965528 -0.201363
vn -0.164952 -0.965528 -0.201363
vn -0.144924 -0.967786 -0.205883
vn -0.144924 -0.967786 -0.205883
vn -0.144924 -0.967786 -0.205883
vn -0.146316 -0.967865 -0.204520
vn -0.146316 -0.967865 -0.204520
vn -0.146316 -0.967865 -0.204520
vn -0.110915 -0.974228 -0.196410
vn -0.110915 -0.974228 -0.196410
vn -0.110915 -0.974228 -0.196410
vn -0.115409 -0.974580 -0.192027
vn -0.115409 -0.974580 -0.192027
vn -0.115409 -0.974580 -0.192027
vn -0.092019 -0.976076 -0.196997
vn -0.092019 -0.976076 -0.196997
vn -0.092019 -0.976076 -0.196997
vn -0.152931 -0.973977 -0.167274
vn -0.152931 -0.973977 -0.167274
vn -0.152931 -0.973977 -0.167274
vn -0.134528 -0.975985 -0.171332
vn -0.134528 -0.975985 -0.171332
vn -0.134528 -0.975985 -0.171332
vn -0.135772 -0.976028 -0.170102
vn -0.135772 -0.976028 -0.170102
vn -0.135772 -0.976028 -0.170102
vn -0.103400 -0.981290 -0.162411
vn -0.103400 -0.981290 -0.162411
vn -0.103400 -0.981290 -0.162411
vn -0.107128 -0.981492 -0.158738
vn -0.107128 -0.981492 -0.158738
vn -0.107128 -0.981492 -0.158738
vn -0.085925 -0.982845 -0.163193
vn -0.085925 -0.982845 -0.163193
vn -0.085925 -0.982845 -0.163193
vn -0.140222 -0.980931 -0.134580
vn -0.140222 -0.980931 -0.134580
vn -0.140222 -0.980931 -0.134580
vn -0.123677 -0.982659 -0.138148
vn -0.123677 -0.982659 -0.138148
vn -0.123677 -0.982659 -0.138148
vn -0.124498 -0.982670 -0.137330
vn -0.124498 -0.982670 -0.137330
vn -0.124498 -0.982670 -0.137330
vn -0.095538 -0.986868 -0.130249
vn -0.095538 -0.986868 -0.130249
vn -0.095538 -0.986868 -0.130249
vn -0.098286 -0.986954 -0.127521
vn -0.098286 -0.986954 -0.127521
vn -0.098286 -0.986954 -0.127521
vn -0.079470 -0.988135 -0.131429
vn -0.079470 -0.988135 -0.131429
vn -0.079470 -0.988135 -0.131429
vn -0.127600 -0.986337 -0.104195
vn -0.127600 -0.986337 -0.104195
vn -0.127600 -0.986337 -0.104195
vn -0.112861 -0.987813 -0.107180
vn -0.112861 -0.987813 -0.107180
vn -0.112861 -0.987813 -0.107180
vn -0.113404 -0.987810 -0.106636
vn -0.113404 -0.987810 -0.106636
vn -0.113404 -0.987810 -0.106636
vn -0.087417 -0.991104 -0.100359
vn -0.087417 -0.991104 -0.100359
vn -0.087417 -0.991104 -0.100359
vn -0.089508 -0.991126 -0.098271
vn -0.089508 -0.991126 -0.098271
vn -0.089508 -0.991126 -0.098271
vn -0.072615 -0.992130 -0.102003
vn -0.072615 -0.992130 -0.102003
vn -0.072615 -0.992130 -0.102003
vn -0.112103 -0.991822 -0.061002
vn -0.112103 -0.991822 -0.061002
vn -0.112103 -0.991822 -0.061002
vn -0.093148 -0.993114 -0.071054
vn -0.093148 -0.993114 -0.071054
vn -0.093148 -0.993114 -0.071054
vn -0.100021 -0.992945 -0.063694
vn -0.100021 -0.992945 -0.063694
vn -0.100021 -0.992945 -0.063694
vn -0.071665 -0.995201 -0.066620
vn -0.071665 -0.995201 -0.066620
vn -0.071665 -0.995201 -0.066620
vn -0.079609 -0.995129 -0.058135
vn -0.079609 -0.995129 -0.058135
vn -0.079609 -0.995129 -0.058135
vn -0.059063 -0.995856 -0.069155
vn -0.059063 -0.995856 -0.069155
vn -0.059063 -0.995856 -0.069155
vn -0.090424 -0.995434 -0.030557
vn -0.090424 -0.995434 -0.030557
vn -0.090424 -0.995434 -0.030557
vn -0.081306 -0.996156 -0.032589
vn -0.081306 -0.996156 -0.032589
vn -0.081306 -0.996156 -0.032589
vn -0.079891 -0.996216 -0.034214
vn -0.079891 -0.996216 -0.034214
vn -0.079891 -0.996216 -0.034214
vn -0.064110 -0.997472 -0.030648
vn -0.064110 -0.997472 -0.030648
vn -0.064110 -0.997472 -0.030648
vn -0.063003 -0.997503 -0.031916
vn -0.063003 -0.997503 -0.031916
vn -0.063003 -0.997503 -0.031916
vn -0.053615 -0.997974 -0.034264
vn -0.053615 -0.997974 -0.034264
vn -0.053615 -0.997974 -0.034264
vn -0.085128 -0.996240 -0.016097
vn -0.085128 -0.996240 -0.016097
vn -0.085128 -0.996240 -0.016097
vn -0.076384 -0.996912 -0.018199
vn -0.076384 -0.996912 -0.018199
vn -0.076384 -0.996912 -0.018199
vn -0.075150 -0.996979 -0.019616
vn -0.075150 -0.996979 -0.019616
vn -0.075150 -0.996979 -0.019616
vn -0.059356 -0.998106 -0.016178
vn -0.059356 -0.998106 -0.016178
vn -0.059356 -0.998106 -0.016178
vn -0.058264 -0.998149 -0.017429
vn -0.058264 -0.998149 -0.017429
vn -0.058264 -0.998149 -0.017429
vn -0.049006 -0.998605 -0.019643
vn -0.049006 -0.998605 -0.019643
vn -0.049006 -0.998605 -0.019643
vn -0.083226 -0.996506 -0.006996
vn -0.083226 -0.996506 -0.006996
vn -0.083226 -0.996506 -0.006996
vn -0.076596 -0.997025 -0.008585
vn -0.076596 -0.997025 -0.008585
vn -0.076596 -0.997025 -0.008585
vn -0.074568 -0.997156 -0.010916
vn -0.074568 -0.997156 -0.010916
vn -0.074568 -0.997156 -0.010916
vn -0.062168 -0.998032 -0.008208
vn -0.062168 -0.998032 -0.008208
vn -0.062168 -0.998032 -0.008208
vn -0.060253 -0.998129 -0.010405
vn -0.060253 -0.998129 -0.010405
vn -0.060253 -0.998129 -0.010405
vn -0.052397 -0.998551 -0.012282
vn -0.052397 -0.998551 -0.012282
vn -0.052397 -0.998551 -0.012282
vn -0.080653 -0.996742 0.000418
vn -0.080653 -0.996742 0.000418
vn -0.080653 -0.996742 0.000418
vn -0.076055 -0.997103 -0.000682
vn -0.076055 -0.997103 -0.000682
vn -0.076055 -0.997103 -0.000682
vn -0.073241 -0.997307 -0.003915
vn -0.073241 -0.997307 -0.003915
vn -0.073241 -0.997307 -0.003915
vn -0.064406 -0.997922 -0.001982
vn -0.064406 -0.997922 -0.001982
vn -0.064406 -0.997922 -0.001982
vn -0.061615 -0.998087 -0.005184
vn -0.061615 -0.998087 -0.005184
vn -0.061615 -0.998087 -0.005184
vn -0.055869 -0.998417 -0.006556
vn -0.055869 -0.998417 -0.006556
vn -0.055869 -0.998417 -0.006556
vn -0.077234 -0.996992 0.006413
vn -0.077234 -0.996992 0.006413
vn -0.077234 -0.996992 0.006413
vn -0.074566 -0.997199 0.005776
vn -0.074566 -0.997199 0.005776
vn -0.074566 -0.997199 0.005776
vn -0.070985 -0.997476 0.001662
vn -0.070985 -0.997476 0.001662
vn -0.070985 -0.997476 0.001662
vn -0.065542 -0.997846 0.002854
vn -0.065542 -0.997846 0.002854
vn -0.065542 -0.997846 0.002854
vn -0.061928 -0.998080 -0.001293
vn -0.061928 -0.998080 -0.001293
vn -0.061928 -0.998080 -0.001293
vn -0.058197 -0.998303 -0.002183
vn -0.058197 -0.998303 -0.002183
vn -0.058197 -0.998303 -0.002183
vn -0.072840 -0.997280 0.011243
vn -0.072840 -0.997280 0.011243
vn -0.072840 -0.997280 0.011243
vn -0.071978 -0.997345 0.011037
vn -0.071978 -0.997345 0.011037
vn -0.071978 -0.997345 0.011037
vn -0.067658 -0.997690 0.006075
vn -0.067658 -0.997690 0.006075
vn -0.067658 -0.997690 0.006075
vn -0.065403 -0.997837 0.006569
vn -0.065403 -0.997837 0.006569
vn -0.065403 -0.997837 0.006569
vn -0.061023 -0.998135 0.001544
vn -0.061023 -0.998135 0.001544
vn -0.061023 -0.998135 0.001544
vn -0.059195 -0.998246 0.001108
vn -0.059195 -0.998246 0.001108
vn -0.059195 -0.998246 0.001108
vn -0.063572 -0.997849 0.015972
vn -0.063572 -0.997849 0.015972
vn -0.063572 -0.997849 0.015972
vn -0.065947 -0.997673 0.017304
vn -0.065947 -0.997673 0.017304
vn -0.065947 -0.997673 0.017304
vn -0.059836 -0.998155 0.010292
vn -0.059836 -0.998155 0.010292
vn -0.059836 -0.998155 0.010292
vn -0.062506 -0.997988 0.010602
vn -0.062506 -0.997988 0.010602
vn -0.062506 -0.997988 0.010602
vn -0.056562 -0.998392 0.003785
vn -0.056562 -0.998392 0.003785
vn -0.056562 -0.998392 0.003785
vn -0.057727 -0.998323 0.004438
vn -0.057727 -0.998323 0.004438
vn -0.057727 -0.998323 0.004438
vn -0.053644 -0.998345 0.020739
vn -0.053644 -0.998345 0.020739
vn -0.053644 -0.998345 0.020739
vn -0.057187 -0.998130 0.021579
vn -0.057187 -0.998130 0.021579
vn -0.057187 -0.998130 0.021579
vn -0.050918 -0.998599 0.014394
vn -0.050918 -0.998599 0.014394
vn -0.050918 -0.998599 0.014394
vn -0.056577 -0.998312 0.013154
vn -0.056577 -0.998312 0.013154
vn -0.056577 -0.998312 0.013154
vn -0.050293 -0.998717 0.005951
vn -0.050293 -0.998717 0.005951
vn -0.050293 -0.998717 0.005951
vn -0.053283 -0.998557 0.006663
vn -0.053283 -0.998557 0.006663
vn -0.053283 -0.998557 0.006663
vn -0.045614 -0.998702 0.022679
vn -0.045614 -0.998702 0.022679
vn -0.045614 -0.998702 0.022679
vn -0.050195 -0.998457 0.023764
vn -0.050195 -0.998457 0.023764
vn -0.050195 -0.998457 0.023764
vn -0.043406 -0.998930 0.015989
vn -0.043406 -0.998930 0.015989
vn -0.043406 -0.998930 0.015989
vn -0.050995 -0.998596 0.014327
vn -0.050995 -0.998596 0.014327
vn -0.050995 -0.998596 0.014327
vn -0.044229 -0.999000 0.006576
vn -0.044229 -0.999000 0.006576
vn -0.044229 -0.999000 0.006576
vn -0.048439 -0.998797 0.007577
vn -0.048439 -0.998797 0.007577
vn -0.048439 -0.998797 0.007577
vn -0.037163 -0.999018 0.024114
vn -0.037163 -0.999018 0.024114
vn -0.037163 -0.999018 0.024114
vn -0.042527 -0.998773 0.025385
vn -0.042527 -0.998773 0.025385
vn -0.042527 -0.998773 0.025385
vn -0.035301 -0.999230 0.017116
vn -0.035301 -0.999230 0.017116
vn -0.035301 -0.999230 0.017116
vn -0.044391 -0.998900 0.015126
vn -0.044391 -0.998900 0.015126
vn -0.044391 -0.998900 0.015126
vn -0.037229 -0.999283 0.006928
vn -0.037229 -0.999283 0.006928
vn -0.037229 -0.999283 0.006928
vn -0.042419 -0.999067 0.008162
vn -0.042419 -0.999067 0.008162
vn -0.042419 -0.999067 0.008162
vn -0.028626 -0.999276 0.025055
vn -0.028626 -0.999276 0.025055
vn -0.028626 -0.999276 0.025055
vn -0.034500 -0.999055 0.026446
vn -0.034500 -0.999055 0.026446
vn -0.034500 -0.999055 0.026446
vn -0.026931 -0.999479 0.017791
vn -0.026931 -0.999479 0.017791
vn -0.026931 -0.999479 0.017791
vn -0.037057 -0.999192 0.015577
vn -0.037057 -0.999192 0.015577
vn -0.037057 -0.999192 0.015577
vn -0.029595 -0.999537 0.007041
vn -0.029595 -0.999537 0.007041
vn -0.029595 -0.999537 0.007041
vn -0.035500 -0.999334 0.008444
vn -0.035500 -0.999334 0.008444
vn -0.035500 -0.999334 0.008444
vn -0.020369 -0.999467 0.025492
vn -0.020369 -0.999467 0.025492
vn -0.020369 -0.999467 0.025492
vn -0.026473 -0.999286 0.026939
vn -0.026473 -0.999286 0.026939
vn -0.026473 -0.999286 0.026939
vn -0.018664 -0.999664 0.018014
vn -0.018664 -0.999664 0.018014
vn -0.018664 -0.999664 0.018014
vn -0.029340 -0.999446 0.015682
vn -0.029340 -0.999446 0.015682
vn -0.029340 -0.999446 0.015682
vn -0.021676 -0.999741 0.006919
vn -0.021676 -0.999741 0.006919
vn -0.021676 -0.999741 0.006919
vn -0.028015 -0.999572 0.008424
vn -0.028015 -0.999572 0.008424
vn -0.028015 -0.999572 0.008424
vn -0.012284 -0.999606 0.025227
vn -0.012284 -0.999606 0.025227
vn -0.012284 -0.999606 0.025227
vn -0.018723 -0.999462 0.026932
vn -0.018723 -0.999462 0.026932
vn -0.018723 -0.999462 0.026932
vn -0.010867 -0.999779 0.017991
vn -0.010867 -0.999779 0.017991
vn -0.010867 -0.999779 0.017991
vn -0.021731 -0.999646 0.015330
vn -0.021731 -0.999646 0.015330
vn -0.021731 -0.999646 0.015330
vn -0.014245 -0.999876 0.006735
vn -0.014245 -0.999876 0.006735
vn -0.014245 -0.999876 0.006735
vn -0.020565 -0.999757 0.007891
vn -0.020565 -0.999757 0.007891
vn -0.020565 -0.999757 0.007891
vn -0.001680 -0.999763 0.021709
vn -0.001680 -0.999763 0.021709
vn -0.001680 -0.999763 0.021709
vn -0.011342 -0.999593 0.026168
vn -0.011342 -0.999593 0.026168
vn -0.011342 -0.999593 0.026168
vn 0.000560 -0.999887 0.015015
vn 0.000560 -0.999887 0.015015
vn 0.000560 -0.999887 0.015015
vn -0.013387 -0.999791 0.015472
vn -0.013387 -0.999791 0.015472
vn -0.013387 -0.999791 0.015472
vn -0.001650 -0.999989 0.004469
vn -0.001650 -0.999989 0.004469
vn -0.001650 -0.999989 0.004469
vn -0.012021 -0.999888 0.008959
vn -0.012021 -0.999888 0.008959
vn -0.012021 -0.999888 0.008959
vn 0.002145 -0.999799 0.019938
vn 0.002145 -0.999799 0.019938
vn 0.002145 -0.999799 0.019938
vn -0.002736 -0.999786 0.020509
vn -0.002736 -0.999786 0.020509
vn -0.002736 -0.999786 0.020509
vn 0.005362 -0.999885 0.014193
vn 0.005362 -0.999885 0.014193
vn 0.005362 -0.999885 0.014193
vn -0.002812 -0.999934 0.011184
vn -0.002812 -0.999934 0.011184
vn -0.002812 -0.999934 0.011184
vn 0.004882 -0.999974 0.005221
vn 0.004882 -0.999974 0.005221
vn 0.004882 -0.999974 0.005221
vn -0.000743 -0.999985 0.005499
vn -0.000743 -0.999985 0.005499
vn -0.000743 -0.999985 0.005499
vn 0.003760 -0.999842 0.017360
vn 0.003760 -0.999842 0.017360
vn 0.003760 -0.999842 0.017360
vn 0.000339 -0.999845 0.017618
vn 0.000339 -0.999845 0.017618
vn 0.000339 -0.999845 0.017618
vn 0.007916 -0.999900 0.011726
vn 0.007916 -0.999900 0.011726
vn 0.007916 -0.999900 0.011726
vn 0.001467 -0.999957 0.009185
vn 0.001467 -0.999957 0.009185
vn 0.001467 -0.999957 0.009185
vn 0.008836 -0.999955 0.003454
vn 0.008836 -0.999955 0.003454
vn 0.008836 -0.999955 0.003454
vn 0.003802 -0.999985 0.003833
vn 0.003802 -0.999985 0.003833
vn 0.003802 -0.999985 0.003833
vn 0.004089 -0.999883 0.014721
vn 0.004089 -0.999883 0.014721
vn 0.004089 -0.999883 0.014721
vn 0.001838 -0.999887 0.014890
vn 0.001838 -0.999887 0.014890
vn 0.001838 -0.999887 0.014890
vn 0.009207 -0.999916 0.009160
vn 0.009207 -0.999916 0.009160
vn 0.009207 -0.999916 0.009160
vn 0.004468 -0.999963 0.007293
vn 0.004468 -0.999963 0.007293
vn 0.004468 -0.999963 0.007293
vn 0.011704 -0.999930 0.001664
vn 0.011704 -0.999930 0.001664
vn 0.011704 -0.999930 0.001664
vn 0.007679 -0.999969 0.001967
vn 0.007679 -0.999969 0.001967
vn 0.007679 -0.999969 0.001967
vn 0.003318 -0.999920 0.012190
vn 0.003318 -0.999920 0.012190
vn 0.003318 -0.999920 0.012190
vn 0.002187 -0.999922 0.012275
vn 0.002187 -0.999922 0.012275
vn 0.002187 -0.999922 0.012275
vn 0.009391 -0.999934 0.006672
vn 0.009391 -0.999934 0.006672
vn 0.009391 -0.999934 0.006672
vn 0.006336 -0.999965 0.005469
vn 0.006336 -0.999965 0.005469
vn 0.006336 -0.999965 0.005469
vn 0.013501 -0.999909 -0.000104
vn 0.013501 -0.999909 -0.000104
vn 0.013501 -0.999909 -0.000104
vn 0.010503 -0.999945 0.000121
vn 0.010503 -0.999945 0.000121
vn 0.010503 -0.999945 0.000121
vn 0.001725 -0.999949 0.009951
vn 0.001725 -0.999949 0.009951
vn 0.001725 -0.999949 0.009951
vn 0.001584 -0.999949 0.009961
vn 0.001584 -0.999949 0.009961
vn 0.001584 -0.999949 0.009961
vn 0.008701 -0.999952 0.004426
vn 0.008701 -0.999952 0.004426
vn 0.008701 -0.999952 0.004426
vn 0.007177 -0.999967 0.003825
vn 0.007177 -0.999967 0.003825
vn 0.007177 -0.999967 0.003825
vn 0.014361 -0.999895 -0.001764
vn 0.014361 -0.999895 -0.001764
vn 0.014361 -0.999895 -0.001764
vn 0.012329 -0.999923 -0.001611
vn 0.012329 -0.999923 -0.001611
vn 0.012329 -0.999923 -0.001611
vn -0.001036 -0.999967 0.008052
vn -0.001036 -0.999967 0.008052
vn -0.001036 -0.999967 0.008052
vn 0.000130 -0.999969 0.007900
vn 0.000130 -0.999969 0.007900
vn 0.000130 -0.999969 0.007900
vn 0.007213 -0.999971 0.002527
vn 0.007213 -0.999971 0.002527
vn 0.007213 -0.999971 0.002527
vn 0.007232 -0.999971 0.002536
vn 0.007232 -0.999971 0.002536
vn 0.007232 -0.999971 0.002536
vn 0.014360 -0.999892 -0.003200
vn 0.014360 -0.999892 -0.003200
vn 0.014360 -0.999892 -0.003200
vn 0.013189 -0.999908 -0.003270
vn 0.013189 -0.999908 -0.003270
vn 0.013189 -0.999908 -0.003270
vn -0.004802 -0.999979 0.004395
vn -0.004802 -0.999979 0.004395
vn -0.004802 -0.999979 0.004395
vn -0.003006 -0.999986 0.004260
vn -0.003006 -0.999986 0.004260
vn -0.003006 -0.999986 0.004260
vn 0.005769 -0.999983 0.000741
vn 0.005769 -0.999983 0.000741
vn 0.005769 -0.999983 0.000741
vn 0.006408 -0.999979 0.000977
vn 0.006408 -0.999979 0.000977
vn 0.006408 -0.999979 0.000977
vn 0.015378 -0.999878 -0.002622
vn 0.015378 -0.999878 -0.002622
vn 0.015378 -0.999878 -0.002622
vn 0.014659 -0.999889 -0.002625
vn 0.014659 -0.999889 -0.002625
vn 0.014659 -0.999889 -0.002625
vn -0.005009 -0.999986 0.001532
vn -0.005009 -0.999986 0.001532
vn -0.005009 -0.999986 0.001532
vn -0.005714 -0.999983 0.001241
vn -0.005714 -0.999983 0.001241
vn -0.005714 -0.999983 0.001241
vn 0.005981 -0.999982 0.000090
vn 0.005981 -0.999982 0.000090
vn 0.005981 -0.999982 0.000090
vn 0.005348 -0.999985 -0.000714
vn 0.005348 -0.999985 -0.000714
vn 0.005348 -0.999985 -0.000714
vn 0.015876 -0.999873 -0.001364
vn 0.015876 -0.999873 -0.001364
vn 0.015876 -0.999873 -0.001364
vn 0.015705 -0.999876 -0.001491
vn 0.015705 -0.999876 -0.001491
vn 0.015705 -0.999876 -0.001491
vn -0.004114 -0.999991 0.000955
vn -0.004114 -0.999991 0.000955
vn -0.004114 -0.999991 0.000955
vn -0.005105 -0.999987 0.000371
vn -0.005105 -0.999987 0.000371
vn -0.005105 -0.999987 0.000371
vn 0.006686 -0.999977 -0.000612
vn 0.006686 -0.999977 -0.000612
vn 0.006686 -0.999977 -0.000612
vn 0.005814 -0.999981 -0.001913
vn 0.005814 -0.999981 -0.001913
vn 0.005814 -0.999981 -0.001913
vn 0.016336 -0.999863 -0.002790
vn 0.016336 -0.999863 -0.002790
vn 0.016336 -0.999863 -0.002790
vn 0.015728 -0.999871 -0.003149
vn 0.015728 -0.999871 -0.003149
vn 0.015728 -0.999871 -0.003149
vn -0.002827 -0.999996 0.000185
vn -0.002827 -0.999996 0.000185
vn -0.002827 -0.999996 0.000185
vn -0.004248 -0.999991 -0.000652
vn -0.004248 -0.999991 -0.000652
vn -0.004248 -0.999991 -0.000652
vn 0.007691 -0.999969 -0.001647
vn 0.007691 -0.999969 -0.001647
vn 0.007691 -0.999969 -0.001647
vn 0.006444 -0.999973 -0.003507
vn 0.006444 -0.999973 -0.003507
vn 0.006444 -0.999973 -0.003507
vn 0.017003 -0.999846 -0.004387
vn 0.017003 -0.999846 -0.004387
vn 0.017003 -0.999846 -0.004387
vn 0.016162 -0.999857 -0.004883
vn 0.016162 -0.999857 -0.004883
vn 0.016162 -0.999857 -0.004883
vn -0.001248 -0.999999 -0.001083
vn -0.001248 -0.999999 -0.001083
vn -0.001248 -0.999999 -0.001083
vn -0.003020 -0.999993 -0.002127
vn -0.003020 -0.999993 -0.002127
vn -0.003020 -0.999993 -0.002127
vn 0.008918 -0.999955 -0.003121
vn 0.008918 -0.999955 -0.003121
vn 0.008918 -0.999955 -0.003121
vn 0.007376 -0.999958 -0.005423
vn 0.007376 -0.999958 -0.005423
vn 0.007376 -0.999958 -0.005423
vn 0.017804 -0.999822 -0.006291
vn 0.017804 -0.999822 -0.006291
vn 0.017804 -0.999822 -0.006291
vn 0.016795 -0.999835 -0.006886
vn 0.016795 -0.999835 -0.006886
vn 0.016795 -0.999835 -0.006886
vn 0.000523 -0.999996 -0.002893
vn 0.000523 -0.999996 -0.002893
vn 0.000523 -0.999996 -0.002893
vn -0.001498 -0.999991 -0.004084
vn -0.001498 -0.999991 -0.004084
vn -0.001498 -0.999991 -0.004084
vn 0.010276 -0.999934 -0.005065
vn 0.010276 -0.999934 -0.005065
vn 0.010276 -0.999934 -0.005065
vn 0.008540 -0.999934 -0.007656
vn 0.008540 -0.999934 -0.007656
vn 0.008540 -0.999934 -0.007656
vn 0.018657 -0.999790 -0.008498
vn 0.018657 -0.999790 -0.008498
vn 0.018657 -0.999790 -0.008498
vn 0.017566 -0.999804 -0.009141
vn 0.017566 -0.999804 -0.009141
vn 0.017566 -0.999804 -0.009141
vn 0.002380 -0.999984 -0.005214
vn 0.002380 -0.999984 -0.005214
vn 0.002380 -0.999984 -0.005214
vn 0.000224 -0.999979 -0.006484
vn 0.000224 -0.999979 -0.006484
vn 0.000224 -0.999979 -0.006484
vn 0.011666 -0.999904 -0.007437
vn 0.011666 -0.999904 -0.007437
vn 0.011666 -0.999904 -0.007437
vn 0.009852 -0.999900 -0.010143
vn 0.009852 -0.999900 -0.010143
vn 0.009852 -0.999900 -0.010143
vn 0.019477 -0.999750 -0.010944
vn 0.019477 -0.999750 -0.010944
vn 0.019477 -0.999750 -0.010944
vn 0.018400 -0.999764 -0.011579
vn 0.018400 -0.999764 -0.011579
vn 0.018400 -0.999764 -0.011579
vn 0.004216 -0.999959 -0.007952
vn 0.004216 -0.999959 -0.007952
vn 0.004216 -0.999959 -0.007952
vn 0.002045 -0.999955 -0.009225
vn 0.002045 -0.999955 -0.009225
vn 0.002045 -0.999955 -0.009225
vn 0.012979 -0.999864 -0.010135
vn 0.012979 -0.999864 -0.010135
vn 0.012979 -0.999864 -0.010135
vn 0.011221 -0.999856 -0.012767
vn 0.011221 -0.999856 -0.012767
vn 0.011221 -0.999856 -0.012767
vn 0.020168 -0.999705 -0.013511
vn 0.020168 -0.999705 -0.013511
vn 0.020168 -0.999705 -0.013511
vn 0.019215 -0.999716 -0.014076
vn 0.019215 -0.999716 -0.014076
vn 0.019215 -0.999716 -0.014076
vn 0.007623 -0.999891 -0.012643
vn 0.007623 -0.999891 -0.012643
vn 0.007623 -0.999891 -0.012643
vn 0.003764 -0.999900 -0.013647
vn 0.003764 -0.999900 -0.013647
vn 0.003764 -0.999900 -0.013647
vn 0.015208 -0.999779 -0.014529
vn 0.015208 -0.999779 -0.014529
vn 0.015208 -0.999779 -0.014529
vn 0.012467 -0.999785 -0.016586
vn 0.012467 -0.999785 -0.016586
vn 0.012467 -0.999785 -0.016586
vn 0.020975 -0.999631 -0.017241
vn 0.020975 -0.999631 -0.017241
vn 0.020975 -0.999631 -0.017241
vn 0.019848 -0.999649 -0.017536
vn 0.019848 -0.999649 -0.017536
vn 0.019848 -0.999649 -0.017536
vn 0.008786 -0.999815 -0.017085
vn 0.008786 -0.999815 -0.017085
vn 0.008786 -0.999815 -0.017085
vn 0.007221 -0.999812 -0.017979
vn 0.007221 -0.999812 -0.017979
vn 0.007221 -0.999812 -0.017979
vn 0.015727 -0.999704 -0.018585
vn 0.015727 -0.999704 -0.018585
vn 0.015727 -0.999704 -0.018585
vn 0.014799 -0.999692 -0.019939
vn 0.014799 -0.999692 -0.019939
vn 0.014799 -0.999692 -0.019939
vn 0.020747 -0.999577 -0.020361
vn 0.020747 -0.999577 -0.020361
vn 0.020747 -0.999577 -0.020361
vn 0.020738 -0.999577 -0.020366
vn 0.020738 -0.999577 -0.020366
vn 0.020738 -0.999577 -0.020366
vn 0.009708 -0.999762 -0.019536
vn 0.009708 -0.999762 -0.019536
vn 0.009708 -0.999762 -0.019536
vn 0.008563 -0.999759 -0.020195
vn 0.008563 -0.999759 -0.020195
vn 0.008563 -0.999759 -0.020195
vn 0.015988 -0.999657 -0.020723
vn 0.015988 -0.999657 -0.020723
vn 0.015988 -0.999657 -0.020723
vn 0.015525 -0.999650 -0.021401
vn 0.015525 -0.999650 -0.021401
vn 0.015525 -0.999650 -0.021401
vn 0.020225 -0.999559 -0.021735
vn 0.020225 -0.999559 -0.021735
vn 0.020225 -0.999559 -0.021735
vn 0.020666 -0.999556 -0.021481
vn 0.020666 -0.999556 -0.021481
vn 0.020666 -0.999556 -0.021481
vn 0.010262 -0.999722 -0.021238
vn 0.010262 -0.999722 -0.021238
vn 0.010262 -0.999722 -0.021238
vn 0.009557 -0.999720 -0.021643
vn 0.009557 -0.999720 -0.021643
vn 0.009557 -0.999720 -0.021643
vn 0.015869 -0.999630 -0.022092
vn 0.015869 -0.999630 -0.022092
vn 0.015869 -0.999630 -0.022092
vn 0.015892 -0.999630 -0.022057
vn 0.015892 -0.999630 -0.022057
vn 0.015892 -0.999630 -0.022057
vn 0.019320 -0.999565 -0.022301
vn 0.019320 -0.999565 -0.022301
vn 0.019320 -0.999565 -0.022301
vn 0.020222 -0.999558 -0.021782
vn 0.020222 -0.999558 -0.021782
vn 0.020222 -0.999558 -0.021782
vn 0.010454 -0.999703 -0.022011
vn 0.010454 -0.999703 -0.022011
vn 0.010454 -0.999703 -0.022011
vn 0.010196 -0.999702 -0.022159
vn 0.010196 -0.999702 -0.022159
vn 0.010196 -0.999702 -0.022159
vn 0.015385 -0.999628 -0.022528
vn 0.015385 -0.999628 -0.022528
vn 0.015385 -0.999628 -0.022528
vn 0.015890 -0.999636 -0.021789
vn 0.015890 -0.999636 -0.021789
vn 0.015890 -0.999636 -0.021789
vn 0.018058 -0.999596 -0.021943
vn 0.018058 -0.999596 -0.021943
vn 0.018058 -0.999596 -0.021943
vn 0.019401 -0.999588 -0.021170
vn 0.019401 -0.999588 -0.021170
vn 0.019401 -0.999588 -0.021170
vn 0.010319 -0.999711 -0.021735
vn 0.010319 -0.999711 -0.021735
vn 0.010319 -0.999711 -0.021735
vn 0.010480 -0.999711 -0.021642
vn 0.010480 -0.999711 -0.021642
vn 0.010480 -0.999711 -0.021642
vn 0.014579 -0.999653 -0.021934
vn 0.014579 -0.999653 -0.021934
vn 0.014579 -0.999653 -0.021934
vn 0.015528 -0.999668 -0.020545
vn 0.015528 -0.999668 -0.020545
vn 0.015528 -0.999668 -0.020545
vn 0.016489 -0.999652 -0.020614
vn 0.016489 -0.999652 -0.020614
vn 0.016489 -0.999652 -0.020614
vn 0.018225 -0.999641 -0.019616
vn 0.018225 -0.999641 -0.019616
vn 0.018225 -0.999641 -0.019616
vn 0.009912 -0.999743 -0.020369
vn 0.009912 -0.999743 -0.020369
vn 0.009912 -0.999743 -0.020369
vn 0.010439 -0.999744 -0.020066
vn 0.010439 -0.999744 -0.020066
vn 0.010439 -0.999744 -0.020066
vn 0.013512 -0.999703 -0.020285
vn 0.013512 -0.999703 -0.020285
vn 0.013512 -0.999703 -0.020285
vn 0.014837 -0.999722 -0.018345
vn 0.014837 -0.999722 -0.018345
vn 0.014837 -0.999722 -0.018345
vn 0.014684 -0.999724 -0.018334
vn 0.014684 -0.999724 -0.018334
vn 0.014684 -0.999724 -0.018334
vn 0.016738 -0.999713 -0.017153
vn 0.016738 -0.999713 -0.017153
vn 0.016738 -0.999713 -0.017153
vn 0.009301 -0.999796 -0.017950
vn 0.009301 -0.999796 -0.017950
vn 0.009301 -0.999796 -0.017950
vn 0.010119 -0.999796 -0.017480
vn 0.010119 -0.999796 -0.017480
vn 0.010119 -0.999796 -0.017480
vn 0.012261 -0.999769 -0.017633
vn 0.012261 -0.999769 -0.017633
vn 0.012261 -0.999769 -0.017633
vn 0.013871 -0.999787 -0.015274
vn 0.013871 -0.999787 -0.015274
vn 0.013871 -0.999787 -0.015274
vn 0.012725 -0.999804 -0.015193
vn 0.012725 -0.999804 -0.015193
vn 0.012725 -0.999804 -0.015193
vn 0.015003 -0.999791 -0.013883
vn 0.015003 -0.999791 -0.013883
vn 0.015003 -0.999791 -0.013883
vn 0.008566 -0.999857 -0.014590
vn 0.008566 -0.999857 -0.014590
vn 0.008566 -0.999857 -0.014590
vn 0.009583 -0.999856 -0.014005
vn 0.009583 -0.999856 -0.014005
vn 0.009583 -0.999856 -0.014005
vn 0.010911 -0.999841 -0.014100
vn 0.010911 -0.999841 -0.014100
vn 0.010911 -0.999841 -0.014100
vn 0.012701 -0.999853 -0.011478
vn 0.012701 -0.999853 -0.011478
vn 0.012701 -0.999853 -0.011478
vn 0.010707 -0.999878 -0.011335
vn 0.010707 -0.999878 -0.011335
vn 0.010707 -0.999878 -0.011335
vn 0.013100 -0.999865 -0.009959
vn 0.013100 -0.999865 -0.009959
vn 0.013100 -0.999865 -0.009959
vn 0.007792 -0.999915 -0.010460
vn 0.007792 -0.999915 -0.010460
vn 0.007792 -0.999915 -0.010460
vn 0.008908 -0.999912 -0.009818
vn 0.008908 -0.999912 -0.009818
vn 0.008908 -0.999912 -0.009818
vn 0.009553 -0.999906 -0.009865
vn 0.009553 -0.999906 -0.009865
vn 0.009553 -0.999906 -0.009865
vn 0.011408 -0.999909 -0.007148
vn 0.011408 -0.999909 -0.007148
vn 0.011408 -0.999909 -0.007148
vn 0.008725 -0.999938 -0.006956
vn 0.008725 -0.999938 -0.006956
vn 0.008725 -0.999938 -0.006956
vn 0.011119 -0.999923 -0.005580
vn 0.011119 -0.999923 -0.005580
vn 0.011119 -0.999923 -0.005580
vn 0.006899 -0.999912 0.011340
vn 0.006899 -0.999912 0.011340
vn 0.006899 -0.999912 0.011340
vn 0.006601 -0.999905 0.012111
vn 0.006601 -0.999905 0.012111
vn 0.006601 -0.999905 0.012111
vn 0.004983 -0.999987 0.000782
vn 0.004983 -0.999987 0.000782
vn 0.004983 -0.999987 0.000782
vn 0.004573 -0.999989 0.001167
vn 0.004573 -0.999989 0.001167
vn 0.004573 -0.999989 0.001167
vn 0.003040 -0.999950 -0.009561
vn 0.003040 -0.999950 -0.009561
vn 0.003040 -0.999950 -0.009561
vn 0.003095 -0.999948 -0.009704
vn 0.003095 -0.999948 -0.009704
vn 0.003095 -0.999948 -0.009704
vn 0.004470 -0.999932 0.010776
vn 0.004470 -0.999932 0.010776
vn 0.004470 -0.999932 0.010776
vn 0.004097 -0.999923 0.011741
vn 0.004097 -0.999923 0.011741
vn 0.004097 -0.999923 0.011741
vn 0.002521 -0.999997 0.000704
vn 0.002521 -0.999997 0.000704
vn 0.002521 -0.999997 0.000704
vn 0.001981 -0.999997 0.001211
vn 0.001981 -0.999997 0.001211
vn 0.001981 -0.999997 0.001211
vn 0.000509 -0.999959 -0.009093
vn 0.000509 -0.999959 -0.009093
vn 0.000509 -0.999959 -0.009093
vn 0.000552 -0.999957 -0.009206
vn 0.000552 -0.999957 -0.009206
vn 0.000552 -0.999957 -0.009206
vn 0.001888 -0.999947 0.010139
vn 0.001888 -0.999947 0.010139
vn 0.001888 -0.999947 0.010139
vn 0.001477 -0.999936 0.011204
vn 0.001477 -0.999936 0.011204
vn 0.001477 -0.999936 0.011204
vn -0.000038 -1.000000 0.000599
vn -0.000038 -1.000000 0.000599
vn -0.000038 -1.000000 0.000599
vn -0.000631 -0.999999 0.001155
vn -0.000631 -0.999999 0.001155
vn -0.000631 -0.999999 0.001155
vn -0.002027 -0.999961 -0.008620
vn -0.002027 -0.999961 -0.008620
vn -0.002027 -0.999961 -0.008620
vn -0.001982 -0.999960 -0.008737
vn -0.001982 -0.999960 -0.008737
vn -0.001982 -0.999960 -0.008737
vn -0.000307 -0.999955 0.009450
vn -0.000307 -0.999955 0.009450
vn -0.000307 -0.999955 0.009450
vn -0.000701 -0.999945 0.010509
vn -0.000701 -0.999945 0.010509
vn -0.000701 -0.999945 0.010509
vn -0.002127 -0.999998 0.000479
vn -0.002127 -0.999998 0.000479
vn -0.002127 -0.999998 0.000479
vn -0.002671 -0.999996 0.000975
vn -0.002671 -0.999996 0.000975
vn -0.002671 -0.999996 0.000975
vn -0.003990 -0.999958 -0.008206
vn -0.003990 -0.999958 -0.008206
vn -0.003990 -0.999958 -0.008206
vn -0.003931 -0.999957 -0.008349
vn -0.003931 -0.999957 -0.008349
vn -0.003931 -0.999957 -0.008349
vn -0.002174 -0.999965 0.008029
vn -0.002174 -0.999965 0.008029
vn -0.002174 -0.999965 0.008029
vn -0.002508 -0.999950 0.009663
vn -0.002508 -0.999950 0.009663
vn -0.002508 -0.999950 0.009663
vn -0.003213 -0.999995 0.000031
vn -0.003213 -0.999995 0.000031
vn -0.003213 -0.999995 0.000031
vn -0.003583 -0.999993 0.000620
vn -0.003583 -0.999993 0.000620
vn -0.003583 -0.999993 0.000620
vn -0.004195 -0.999961 -0.007745
vn -0.004195 -0.999961 -0.007745
vn -0.004195 -0.999961 -0.007745
vn -0.004096 -0.999958 -0.008196
vn -0.004096 -0.999958 -0.008196
vn -0.004096 -0.999958 -0.008196
vn -0.001322 -0.999972 0.007323
vn -0.001322 -0.999972 0.007323
vn -0.001322 -0.999972 0.007323
vn -0.001701 -0.999967 0.008006
vn -0.001701 -0.999967 0.008006
vn -0.001701 -0.999967 0.008006
vn -0.001709 -0.999999 -0.000268
vn -0.001709 -0.999999 -0.000268
vn -0.001709 -0.999999 -0.000268
vn -0.002063 -0.999998 -0.000025
vn -0.002063 -0.999998 -0.000025
vn -0.002063 -0.999998 -0.000025
vn -0.002055 -0.999968 -0.007708
vn -0.002055 -0.999968 -0.007708
vn -0.002055 -0.999968 -0.007708
vn -0.001964 -0.999967 -0.007855
vn -0.001964 -0.999967 -0.007855
vn -0.001964 -0.999967 -0.007855
vn 0.001377 -0.999977 0.006616
vn 0.001377 -0.999977 0.006616
vn 0.001377 -0.999977 0.006616
vn 0.000957 -0.999973 0.007323
vn 0.000957 -0.999973 0.007323
vn 0.000957 -0.999973 0.007323
vn 0.000957 -0.999999 -0.000707
vn 0.000957 -0.999999 -0.000707
vn 0.000957 -0.999999 -0.000707
vn 0.000293 -1.000000 -0.000268
vn 0.000293 -1.000000 -0.000268
vn 0.000293 -1.000000 -0.000268
vn 0.000293 -0.999969 -0.007898
vn 0.000293 -0.999969 -0.007898
vn 0.000293 -0.999969 -0.007898
vn 0.000180 -0.999970 -0.007708
vn 0.000180 -0.999970 -0.007708
vn 0.000180 -0.999970 -0.007708
vn 0.004922 -0.999971 0.005809
vn 0.004922 -0.999971 0.005809
vn 0.004922 -0.999971 0.005809
vn 0.004442 -0.999968 0.006616
vn 0.004442 -0.999968 0.006616
vn 0.004442 -0.999968 0.006616
vn 0.004442 -0.999989 -0.001405
vn 0.004442 -0.999989 -0.001405
vn 0.004442 -0.999989 -0.001405
vn 0.003387 -0.999994 -0.000707
vn 0.003387 -0.999994 -0.000707
vn 0.003387 -0.999994 -0.000707
vn 0.003387 -0.999958 -0.008506
vn 0.003387 -0.999958 -0.008506
vn 0.003387 -0.999958 -0.008506
vn 0.003026 -0.999964 -0.007898
vn 0.003026 -0.999964 -0.007898
vn 0.003026 -0.999964 -0.007898
vn 0.009153 -0.999948 0.004513
vn 0.009153 -0.999948 0.004513
vn 0.009153 -0.999948 0.004513
vn 0.008444 -0.999947 0.005809
vn 0.008444 -0.999947 0.005809
vn 0.008444 -0.999947 0.005809
vn 0.008493 -0.999961 -0.002576
vn 0.008493 -0.999961 -0.002576
vn 0.008493 -0.999961 -0.002576
vn 0.006538 -0.999978 -0.001405
vn 0.006538 -0.999978 -0.001405
vn 0.006538 -0.999978 -0.001405
vn 0.006480 -0.999932 -0.009711
vn 0.006480 -0.999932 -0.009711
vn 0.006480 -0.999932 -0.009711
vn 0.005629 -0.999948 -0.008506
vn 0.005629 -0.999948 -0.008506
vn 0.005629 -0.999948 -0.008506
vn 0.012802 -0.999916 0.001795
vn 0.012802 -0.999916 0.001795
vn 0.012802 -0.999916 0.001795
vn 0.011252 -0.999925 0.004786
vn 0.011252 -0.999925 0.004786
vn 0.011252 -0.999925 0.004786
vn 0.013220 -0.999900 -0.005056
vn 0.013220 -0.999900 -0.005056
vn 0.013220 -0.999900 -0.005056
vn 0.010066 -0.999947 -0.002371
vn 0.010066 -0.999947 -0.002371
vn 0.010066 -0.999947 -0.002371
vn 0.012017 -0.999854 -0.012133
vn 0.012017 -0.999854 -0.012133
vn 0.012017 -0.999854 -0.012133
vn 0.010340 -0.999904 -0.009207
vn 0.010340 -0.999904 -0.009207
vn 0.010340 -0.999904 -0.009207
vn 0.012485 -0.999922 0.000015
vn 0.012485 -0.999922 0.000015
vn 0.012485 -0.999922 0.000015
vn 0.010952 -0.999939 0.001291
vn 0.010952 -0.999939 0.001291
vn 0.010952 -0.999939 0.001291
vn 0.014103 -0.999881 -0.006204
vn 0.014103 -0.999881 -0.006204
vn 0.014103 -0.999881 -0.006204
vn 0.011227 -0.999921 -0.005600
vn 0.011227 -0.999921 -0.005600
vn 0.011227 -0.999921 -0.005600
vn 0.014344 -0.999816 -0.012704
vn 0.014344 -0.999816 -0.012704
vn 0.014344 -0.999816 -0.012704
vn 0.012980 -0.999845 -0.011870
vn 0.012980 -0.999845 -0.011870
vn 0.012980 -0.999845 -0.011870
vn 0.010174 -0.999945 -0.002540
vn 0.010174 -0.999945 -0.002540
vn 0.010174 -0.999945 -0.002540
vn 0.008783 -0.999960 -0.001571
vn 0.008783 -0.999960 -0.001571
vn 0.008783 -0.999960 -0.001571
vn 0.011920 -0.999889 -0.008891
vn 0.011920 -0.999889 -0.008891
vn 0.011920 -0.999889 -0.008891
vn 0.008935 -0.999925 -0.008419
vn 0.008935 -0.999925 -0.008419
vn 0.008935 -0.999925 -0.008419
vn 0.012010 -0.999806 -0.015595
vn 0.012010 -0.999806 -0.015595
vn 0.012010 -0.999806 -0.015595
vn 0.010329 -0.999843 -0.014425
vn 0.010329 -0.999843 -0.014425
vn 0.010329 -0.999843 -0.014425
vn 0.005663 -0.999964 -0.006276
vn 0.005663 -0.999964 -0.006276
vn 0.005663 -0.999964 -0.006276
vn 0.004059 -0.999978 -0.005160
vn 0.004059 -0.999978 -0.005160
vn 0.004059 -0.999978 -0.005160
vn 0.007362 -0.999890 -0.012866
vn 0.007362 -0.999890 -0.012866
vn 0.007362 -0.999890 -0.012866
vn 0.003917 -0.999916 -0.012321
vn 0.003917 -0.999916 -0.012321
vn 0.003917 -0.999916 -0.012321
vn 0.007148 -0.999777 -0.019859
vn 0.007148 -0.999777 -0.019859
vn 0.007148 -0.999777 -0.019859
vn 0.005209 -0.999815 -0.018510
vn 0.005209 -0.999815 -0.018510
vn 0.005209 -0.999815 -0.018510
vn -0.002036 -0.999933 -0.011427
vn -0.002036 -0.999933 -0.011427
vn -0.002036 -0.999933 -0.011427
vn -0.003636 -0.999941 -0.010261
vn -0.003636 -0.999941 -0.010261
vn -0.003636 -0.999941 -0.010261
vn -0.000299 -0.999838 -0.018012
vn -0.000299 -0.999838 -0.018012
vn -0.000299 -0.999838 -0.018012
vn -0.003610 -0.999839 -0.017567
vn -0.003610 -0.999839 -0.017567
vn -0.003610 -0.999839 -0.017567
vn -0.000429 -0.999687 -0.025023
vn -0.000429 -0.999687 -0.025023
vn -0.000429 -0.999687 -0.025023
vn -0.002235 -0.999712 -0.023879
vn -0.002235 -0.999712 -0.023879
vn -0.002235 -0.999712 -0.023879
vn -0.021221 -0.999491 -0.023811
vn -0.021221 -0.999491 -0.023811
vn -0.021221 -0.999491 -0.023811
vn -0.022939 -0.999493 -0.022071
vn -0.022939 -0.999493 -0.022071
vn -0.022939 -0.999493 -0.022071
vn -0.018741 -0.999383 -0.029708
vn -0.018741 -0.999383 -0.029708
vn -0.018741 -0.999383 -0.029708
vn -0.021132 -0.999367 -0.028617
vn -0.021132 -0.999367 -0.028617
vn -0.021132 -0.999367 -0.028617
vn -0.017284 -0.999216 -0.035612
vn -0.017284 -0.999216 -0.035612
vn -0.017284 -0.999216 -0.035612
vn -0.018638 -0.999238 -0.034288
vn -0.018638 -0.999238 -0.034288
vn -0.018638 -0.999238 -0.034288
vn -0.047367 -0.998087 -0.039721
vn -0.047367 -0.998087 -0.039721
vn -0.047367 -0.998087 -0.039721
vn -0.047829 -0.998076 -0.039462
vn -0.047829 -0.998076 -0.039462
vn -0.047829 -0.998076 -0.039462
vn -0.044364 -0.998017 -0.044664
vn -0.044364 -0.998017 -0.044664
vn -0.044364 -0.998017 -0.044664
vn -0.044201 -0.998023 -0.044673
vn -0.044201 -0.998023 -0.044673
vn -0.044201 -0.998023 -0.044673
vn -0.041276 -0.997943 -0.049042
vn -0.041276 -0.997943 -0.049042
vn -0.041276 -0.997943 -0.049042
vn -0.040666 -0.997953 -0.049347
vn -0.040666 -0.997953 -0.049347
vn -0.040666 -0.997953 -0.049347
vn -0.067222 -0.996313 -0.053300
vn -0.067222 -0.996313 -0.053300
vn -0.067222 -0.996313 -0.053300
vn -0.067521 -0.996302 -0.053143
vn -0.067521 -0.996302 -0.053143
vn -0.067521 -0.996302 -0.053143
vn -0.064618 -0.996253 -0.057490
vn -0.064618 -0.996253 -0.057490
vn -0.064618 -0.996253 -0.057490
vn -0.063693 -0.996310 -0.057524
vn -0.063693 -0.996310 -0.057524
vn -0.063693 -0.996310 -0.057524
vn -0.061468 -0.996252 -0.060852
vn -0.061468 -0.996252 -0.060852
vn -0.061468 -0.996252 -0.060852
vn -0.060111 -0.996291 -0.061563
vn -0.060111 -0.996291 -0.061563
vn -0.060111 -0.996291 -0.061563
vn -0.087095 -0.993900 -0.067649
vn -0.087095 -0.993900 -0.067649
vn -0.087095 -0.993900 -0.067649
vn -0.088034 -0.993851 -0.067154
vn -0.088034 -0.993851 -0.067154
vn -0.088034 -0.993851 -0.067154
vn -0.085435 -0.993808 -0.071044
vn -0.085435 -0.993808 -0.071044
vn -0.085435 -0.993808 -0.071044
vn -0.085024 -0.993842 -0.071060
vn -0.085024 -0.993842 -0.071060
vn -0.085024 -0.993842 -0.071060
vn -0.083275 -0.993799 -0.073675
vn -0.083275 -0.993799 -0.073675
vn -0.083275 -0.993799 -0.073675
vn -0.081877 -0.993861 -0.074411
vn -0.081877 -0.993861 -0.074411
vn -0.081877 -0.993861 -0.074411
vn -0.106425 -0.990889 -0.082536
vn -0.106425 -0.990889 -0.082536
vn -0.106425 -0.990889 -0.082536
vn -0.108122 -0.990780 -0.081637
vn -0.108122 -0.990780 -0.081637
vn -0.108122 -0.990780 -0.081637
vn -0.105953 -0.990742 -0.084881
vn -0.105953 -0.990742 -0.084881
vn -0.105953 -0.990742 -0.084881
vn -0.106238 -0.990712 -0.084869
vn -0.106238 -0.990712 -0.084869
vn -0.106238 -0.990712 -0.084869
vn -0.105103 -0.990687 -0.086565
vn -0.105103 -0.990687 -0.086565
vn -0.105103 -0.990687 -0.086565
vn -0.103760 -0.990766 -0.087276
vn -0.103760 -0.990766 -0.087276
vn -0.103760 -0.990766 -0.087276
vn -0.017861 -0.999839 0.001493
vn -0.017861 -0.999839 0.001493
vn -0.017861 -0.999839 0.001493
vn -0.019675 -0.999795 0.004715
vn -0.019675 -0.999795 0.004715
vn -0.019675 -0.999795 0.004715
vn -0.019674 -0.999758 -0.009884
vn -0.019674 -0.999758 -0.009884
vn -0.019674 -0.999758 -0.009884
vn -0.025074 -0.999667 -0.006116
vn -0.025074 -0.999667 -0.006116
vn -0.025074 -0.999667 -0.006116
vn -0.025069 -0.999470 -0.020791
vn -0.025069 -0.999470 -0.020791
vn -0.025069 -0.999470 -0.020791
vn -0.027495 -0.999486 -0.016484
vn -0.027495 -0.999486 -0.016484
vn -0.027495 -0.999486 -0.016484
vn -0.009252 -0.999957 -0.001073
vn -0.009252 -0.999957 -0.001073
vn -0.009252 -0.999957 -0.001073
vn -0.010696 -0.999942 0.001493
vn -0.010696 -0.999942 0.001493
vn -0.010696 -0.999942 0.001493
vn -0.010696 -0.999859 -0.012947
vn -0.010696 -0.999859 -0.012947
vn -0.010696 -0.999859 -0.012947
vn -0.015084 -0.999837 -0.009885
vn -0.015084 -0.999837 -0.009885
vn -0.015084 -0.999837 -0.009885
vn -0.015080 -0.999590 -0.024352
vn -0.015080 -0.999590 -0.024352
vn -0.015080 -0.999590 -0.024352
vn -0.017085 -0.999638 -0.020795
vn -0.017085 -0.999638 -0.020795
vn -0.017085 -0.999638 -0.020795
vn -0.002406 -0.999994 -0.002571
vn -0.002406 -0.999994 -0.002571
vn -0.002406 -0.999994 -0.002571
vn -0.003310 -0.999994 -0.001073
vn -0.003310 -0.999994 -0.001073
vn -0.003310 -0.999994 -0.001073
vn -0.003269 -0.999880 -0.015112
vn -0.003269 -0.999880 -0.015112
vn -0.003269 -0.999880 -0.015112
vn -0.006187 -0.999897 -0.012947
vn -0.006187 -0.999897 -0.012947
vn -0.006187 -0.999897 -0.012947
vn -0.006221 -0.999613 -0.027101
vn -0.006221 -0.999613 -0.027101
vn -0.006221 -0.999613 -0.027101
vn -0.007603 -0.999674 -0.024354
vn -0.007603 -0.999674 -0.024354
vn -0.007603 -0.999674 -0.024354
vn 0.006938 -0.999969 -0.003638
vn 0.006938 -0.999969 -0.003638
vn 0.006938 -0.999969 -0.003638
vn 0.006900 -0.999970 -0.003381
vn 0.006900 -0.999970 -0.003381
vn 0.006900 -0.999970 -0.003381
vn 0.005179 -0.999847 -0.016707
vn 0.005179 -0.999847 -0.016707
vn 0.005179 -0.999847 -0.016707
vn 0.004717 -0.999864 -0.015807
vn 0.004717 -0.999864 -0.015807
vn 0.004717 -0.999864 -0.015807
vn 0.002956 -0.999562 -0.029439
vn 0.002956 -0.999562 -0.029439
vn 0.002956 -0.999562 -0.029439
vn 0.002759 -0.999607 -0.027882
vn 0.002759 -0.999607 -0.027882
vn 0.002759 -0.999607 -0.027882
vn 0.013558 -0.999901 -0.003640
vn 0.013558 -0.999901 -0.003640
vn 0.013558 -0.999901 -0.003640
vn 0.013877 -0.999892 -0.004819
vn 0.013877 -0.999892 -0.004819
vn 0.013877 -0.999892 -0.004819
vn 0.010908 -0.999803 -0.016590
vn 0.010908 -0.999803 -0.016590
vn 0.010908 -0.999803 -0.016590
vn 0.011969 -0.999769 -0.017861
vn 0.011969 -0.999769 -0.017861
vn 0.011969 -0.999769 -0.017861
vn 0.009060 -0.999522 -0.029571
vn 0.009060 -0.999522 -0.029571
vn 0.009060 -0.999522 -0.029571
vn 0.009261 -0.999492 -0.030510
vn 0.009261 -0.999492 -0.030510
vn 0.009261 -0.999492 -0.030510
vn 0.015129 -0.999883 -0.002300
vn 0.015129 -0.999883 -0.002300
vn 0.015129 -0.999883 -0.002300
vn 0.015556 -0.999870 -0.004140
vn 0.015556 -0.999870 -0.004140
vn 0.015556 -0.999870 -0.004140
vn 0.012738 -0.999800 -0.015410
vn 0.012738 -0.999800 -0.015410
vn 0.012738 -0.999800 -0.015410
vn 0.014361 -0.999745 -0.017452
vn 0.014361 -0.999745 -0.017452
vn 0.014361 -0.999745 -0.017452
vn 0.011541 -0.999521 -0.028718
vn 0.011541 -0.999521 -0.028718
vn 0.011541 -0.999521 -0.028718
vn 0.011904 -0.999471 -0.030280
vn 0.011904 -0.999471 -0.030280
vn 0.011904 -0.999471 -0.030280
vn 0.008417 -0.999901 -0.011271
vn 0.008417 -0.999901 -0.011271
vn 0.008417 -0.999901 -0.011271
vn 0.007796 -0.999908 -0.011063
vn 0.007796 -0.999908 -0.011063
vn 0.007796 -0.999908 -0.011063
vn 0.012989 -0.999783 -0.016256
vn 0.012989 -0.999783 -0.016256
vn 0.012989 -0.999783 -0.016256
vn 0.011288 -0.999801 -0.016457
vn 0.011288 -0.999801 -0.016457
vn 0.011288 -0.999801 -0.016457
vn 0.015886 -0.999652 -0.021053
vn 0.015886 -0.999652 -0.021053
vn 0.015886 -0.999652 -0.021053
vn 0.014159 -0.999690 -0.020475
vn 0.014159 -0.999690 -0.020475
vn 0.014159 -0.999690 -0.020475
vn 0.009801 -0.999905 -0.009711
vn 0.009801 -0.999905 -0.009711
vn 0.009801 -0.999905 -0.009711
vn 0.009933 -0.999903 -0.009756
vn 0.009933 -0.999903 -0.009756
vn 0.009933 -0.999903 -0.009756
vn 0.014979 -0.999778 -0.014802
vn 0.014979 -0.999778 -0.014802
vn 0.014979 -0.999778 -0.014802
vn 0.014372 -0.999786 -0.014873
vn 0.014372 -0.999786 -0.014873
vn 0.014372 -0.999786 -0.014873
vn 0.018912 -0.999633 -0.019414
vn 0.018912 -0.999633 -0.019414
vn 0.018912 -0.999633 -0.019414
vn 0.017873 -0.999658 -0.019066
vn 0.017873 -0.999658 -0.019066
vn 0.017873 -0.999658 -0.019066
vn 0.010708 -0.999914 -0.007570
vn 0.010708 -0.999914 -0.007570
vn 0.010708 -0.999914 -0.007570
vn 0.011622 -0.999901 -0.007890
vn 0.011622 -0.999901 -0.007890
vn 0.011622 -0.999901 -0.007890
vn 0.016603 -0.999779 -0.012861
vn 0.016603 -0.999779 -0.012861
vn 0.016603 -0.999779 -0.012861
vn 0.016969 -0.999774 -0.012811
vn 0.016969 -0.999774 -0.012811
vn 0.016969 -0.999774 -0.012811
vn 0.021552 -0.999616 -0.017406
vn 0.021552 -0.999616 -0.017406
vn 0.021552 -0.999616 -0.017406
vn 0.021068 -0.999629 -0.017258
vn 0.021068 -0.999629 -0.017258
vn 0.021068 -0.999629 -0.017258
vn 0.009520 -0.999949 -0.003396
vn 0.009520 -0.999949 -0.003396
vn 0.009520 -0.999949 -0.003396
vn 0.012977 -0.999903 -0.005017
vn 0.012977 -0.999903 -0.005017
vn 0.012977 -0.999903 -0.005017
vn 0.017229 -0.999815 -0.008560
vn 0.017229 -0.999815 -0.008560
vn 0.017229 -0.999815 -0.008560
vn 0.020184 -0.999757 -0.008832
vn 0.020184 -0.999757 -0.008832
vn 0.020184 -0.999757 -0.008832
vn 0.024489 -0.999623 -0.012421
vn 0.024489 -0.999623 -0.012421
vn 0.024489 -0.999623 -0.012421
vn 0.025556 -0.999590 -0.012901
vn 0.025556 -0.999590 -0.012901
vn 0.025556 -0.999590 -0.012901
vn 0.009309 -0.999957 0.000179
vn 0.009309 -0.999957 0.000179
vn 0.009309 -0.999957 0.000179
vn 0.012084 -0.999927 -0.000100
vn 0.012084 -0.999927 -0.000100
vn 0.012084 -0.999927 -0.000100
vn 0.018428 -0.999821 -0.004347
vn 0.018428 -0.999821 -0.004347
vn 0.018428 -0.999821 -0.004347
vn 0.021390 -0.999766 -0.003209
vn 0.021390 -0.999766 -0.003209
vn 0.021390 -0.999766 -0.003209
vn 0.027257 -0.999603 -0.007104
vn 0.027257 -0.999603 -0.007104
vn 0.027257 -0.999603 -0.007104
vn 0.028590 -0.999566 -0.007146
vn 0.028590 -0.999566 -0.007146
vn 0.028590 -0.999566 -0.007146
vn 0.009018 -0.999951 0.004131
vn 0.009018 -0.999951 0.004131
vn 0.009018 -0.999951 0.004131
vn 0.011834 -0.999922 0.003967
vn 0.011834 -0.999922 0.003967
vn 0.011834 -0.999922 0.003967
vn 0.018723 -0.999825 -0.000627
vn 0.018723 -0.999825 -0.000627
vn 0.018723 -0.999825 -0.000627
vn 0.021738 -0.999764 0.000620
vn 0.021738 -0.999764 0.000620
vn 0.021738 -0.999764 0.000620
vn 0.028157 -0.999597 -0.003662
vn 0.028157 -0.999597 -0.003662
vn 0.028157 -0.999597 -0.003662
vn 0.029498 -0.999558 -0.003740
vn 0.029498 -0.999558 -0.003740
vn 0.029498 -0.999558 -0.003740
usemtl earth
f 1/1/1 2/2/2 3/3/3
f 4/4/4 5/5/5 6/6/6
usemtl stone
f 7/7/7 8/8/8 9/9/9
f 10/10/10 11/11/11 12/12/12
usemtl earth
f 13/13/13 14/14/14 15/15/15
f 16/16/16 17/17/17 18/18/18
f 19/19/19 20/20/20 21/21/21
f 22/22/22 23/23/23 24/24/24
usemtl stone
f 25/25/25 26/26/26 27/27/27
f 28/28/28 29/29/29 30/30/30
usemtl earth
f 31/31/31 32/32/32 33/33/33
f 34/34/34 35/35/35 36/36/36
f 37/37/37 38/38/38 39/39/39
f 40/40/40 41/41/41 42/42/42
usemtl stone
f 43/43/43 44/44/44 45/45/45
f 46/46/46 47/47/47 48/48/48
usemtl earth
f 49/49/49 50/50/50 51/51/51
f 52/52/52 53/53/53 54/54/54
f 55/55/55 56/56/56 57/57/57
f 58/58/58 59/59/59 60/60/60
usemtl stone
f 61/61/61 62/62/62 63/63/63
f 64/64/64 65/65/65 66/66/66
usemtl earth
f 67/67/67 68/68/68 69/69/69
f 70/70/70 71/71/71 72/72/72
f 73/73/73 74/74/74 75/75/75
f 76/76/76 77/77/77 78/78/78
usemtl stone
f 79/79/79 80/80/80 81/81/81
f 82/82/82 83/83/83 84/84/84
usemtl earth
f 85/85/85 86/86/86 87/87/87
f 88/88/88 89/89/89 90/90/90
f 91/91/91 92/92/92 93/93/93
f 94/94/94 95/95/95 96/96/96
usemtl stone
f 97/97/97 98/98/98 99/99/99
f 100/100/100 101/101/101 102/102/102
usemtl earth
f 103/103/103 104/104/104 105/105/105
f 106/106/106 107/107/107 108/108/108
f 109/109/109 110/110/110 111/111/111
f 112/112/112 113/113/113 114/114/114
usemtl stone
f 115/115/115 116/116/116 117/117/117
f 118/118/118 119/119/119 120/120/120
usemtl earth
f 121/121/121 122/122/122 123/123/123
f 124/124/124 125/125/125 126/126/126
f 127/127/127 128/128/128 129/129/129
f 130/130/130 131/131/131 132/132/132
usemtl stone
f 133/133/133 134/134/134 135/135/135
f 136/136/136 137/137/137 138/138/138
usemtl earth
f 139/139/139 140/140/140 141/141/141
f 142/142/142 143/143/143 144/144/144
f 145/145/145 146/146/146 147/147/147
f 148/148/148 149/149/149 150/150/150
usemtl stone
f 151/151/151 152/152/152 153/153/153
f 154/154/154 155/155/155 156/156/156
usemtl earth
f 157/157/157 158/158/158 159/159/159
f 160/160/160 161/161/161 162/162/162
f 163/163/163 164/164/164 165/165/165
f 166/166/166 167/167/167 168/168/168
usemtl stone
f 169/169/169 170/170/170 171/171/171
f 172/172/172 173/173/173 174/174/174
usemtl earth
f 175/175/175 176/176/176 177/177/177
f 178/178/178 179/179/179 180/180/180
f 181/181/181 182/182/182 183/183/183
f 184/184/184 185/185/185 186/186/186
usemtl stone
f 187/187/187 188/188/188 189/189/189
f 190/190/190 191/191/191 192/192/192
usemtl earth
f 193/193/193 194/194/194 195/195/195
f 196/196/196 197/197/197 198/198/198
f 199/199/199 200/200/200 201/201/201
f 202/202/202 203/203/203 204/204/204
usemtl stone
f 205/205/205 206/206/206 207/207/207
f 208/208/208 209/209/209 210/210/210
usemtl earth
f 211/211/211 212/212/212 213/213/213
f 214/214/214 215/215/215 216/216/216
f 217/217/217 218/218/218 219/219/219
f 220/220/220 221/221/221 222/222/222
usemtl stone
f 223/223/223 224/224/224 225/225/225
f 226/226/226 227/227/227 228/228/228
usemtl earth
f 229/229/229 230/230/230 231/231/231
f 232/232/232 233/233/233 234/234/234
f 235/235/235 236/236/236 237/237/237
f 238/238/238 239/239/239 240/240/240
usemtl stone
f 241/241/241 242/242/242 243/243/243
f 244/244/244 245/245/245 246/246/246
usemtl earth
f 247/247/247 248/248/248 249/249/249
f 250/250/250 251/251/251 252/252/252
f 253/253/253 254/254/254 255/255/255
f 256/256/256 257/257/257 258/258/258
usemtl stone
f 259/259/259 260/260/260 261/261/261
f 262/262/262 263/263/263 264/264/264
usemtl earth
f 265/265/265 266/266/266 267/267/267
f 268/268/268 269/269/269 270/270/270
f 271/271/271 272/272/272 273/273/273
f 274/274/274 275/275/275 276/276/276
usemtl stone
f 277/277/277 278/278/278 279/279/279
f 280/280/280 281/281/281 282/282/282
usemtl earth
f 283/283/283 284/284/284 285/285/285
f 286/286/286 287/287/287 288/288/288
f 289/289/289 290/290/290 291/291/291
f 292/292/292 293/293/293 294/294/294
usemtl stone
f 295/295/295 296/296/296 297/297/297
f 298/298/298 299/299/299 300/300/300
usemtl earth
f 301/301/301 302/302/302 303/303/303
f 304/304/304 305/305/305 306/306/306
f 307/307/307 308/308/308 309/309/309
f 310/310/310 311/311/311 312/312/312
usemtl stone
f 313/313/313 314/314/314 315/315/315
f 316/316/316 317/317/317 318/318/318
usemtl earth
f 319/319/319 320/320/320 321/321/321
f 322/322/322 323/323/323 324/324/324
f 325/325/325 326/326/326 327/327/327
f 328/328/328 329/329/329 330/330/330
usemtl stone
f 331/331/331 332/332/332 333/333/333
f 334/334/334 335/335/335 336/336/336
usemtl earth
f 337/337/337 338/338/338 339/339/339
f 340/340/340 341/341/341 342/342/342
f 343/343/343 344/344/344 345/345/345
f 346/346/346 347/347/347 348/348/348
usemtl stone
f 349/349/349 350/350/350 351/351/351
f 352/352/352 353/353/353 354/354/354
usemtl earth
f 355/355/355 356/356/356 357/357/357
f 358/358/358 359/359/359 360/360/360
f 361/361/361 362/362/362 363/363/363
f 364/364/364 365/365/365 366/366/366
usemtl stone
f 367/367/367 368/368/368 369/369/369
f 370/370/370 371/371/371 372/372/372
usemtl earth
f 373/373/373 374/374/374 375/375/375
f 376/376/376 377/377/377 378/378/378
f 379/379/379 380/380/380 381/381/381
f 382/382/382 383/383/383 384/384/384
usemtl stone
f 385/385/385 386/386/386 387/387/387
f 388/388/388 389/389/389 390/390/390
usemtl earth
f 391/391/391 392/392/392 393/393/393
f 394/394/394 395/395/395 396/396/396
f 397/397/397 398/398/398 399/399/399
f 400/400/400 401/401/401 402/402/402
usemtl stone
f 403/403/403 404/404/404 405/405/405
f 406/406/406 407/407/407 408/408/408
usemtl earth
f 409/409/409 410/410/410 411/411/411
f 412/412/412 413/413/413 414/414/414
f 415/415/415 416/416/416 417/417/417
f 418/418/418 419/419/419 420/420/420
usemtl stone
f 421/421/421 422/422/422 423/423/423
f 424/424/424 425/425/425 426/426/426
usemtl earth
f 427/427/427 428/428/428 429/429/429
f 430/430/430 431/431/431 432/432/432
f 433/433/433 434/434/434 435/435/435
f 436/436/436 437/437/437 438/438/438
usemtl stone
f 439/439/439 440/440/440 441/441/441
f 442/442/442 443/443/443 444/444/444
usemtl earth
f 445/445/445 446/446/446 447/447/447
f 448/448/448 449/449/449 450/450/450
f 451/451/451 452/452/452 453/453/453
f 454/454/454 455/455/455 456/456/456
usemtl stone
f 457/457/457 458/458/458 459/459/459
f 460/460/460 461/461/461 462/462/462
usemtl earth
f 463/463/463 464/464/464 465/465/465
f 466/466/466 467/467/467 468/468/468
f 469/469/469 470/470/470 471/471/471
f 472/472/472 473/473/473 474/474/474
usemtl stone
f 475/475/475 476/476/476 477/477/477
f 478/478/478 479/479/479 480/480/480
usemtl earth
f 481/481/481 482/482/482 483/483/483
f 484/484/484 485/485/485 486/486/486
f 487/487/487 488/488/488 489/489/489
f 490/490/490 491/491/491 492/492/492
usemtl stone
f 493/493/493 494/494/494 495/495/495
f 496/496/496 497/497/497 498/498/498
usemtl earth
f 499/499/499 500/500/500 501/501/501
f 502/502/502 503/503/503 504/504/504
f 505/505/505 506/506/506 507/507/507
f 508/508/508 509/509/509 510/510/510
usemtl stone
f 511/511/511 512/512/512 513/513/513
f 514/514/514 515/515/515 516/516/516
usemtl earth
f 517/517/517 518/518/518 519/519/519
f 520/520/520 521/521/521 522/522/522
f 523/523/523 524/524/524 525/525/525
f 526/526/526 527/527/527 528/528/528
usemtl stone
f 529/529/529 530/530/530 531/531/531
f 532/532/532 533/533/533 534/534/534
usemtl earth
f 535/535/535 536/536/536 537/537/537
f 538/538/538 539/539/539 540/540/540
f 541/541/541 542/542/542 543/543/543
f 544/544/544 545/545/545 546/546/546
usemtl stone
f 547/547/547 548/548/548 549/549/549
f 550/550/550 551/551/551 552/552/552
usemtl earth
f 553/553/553 554/554/554 555/555/555
f 556/556/556 557/557/557 558/558/558
f 559/559/559 560/560/560 561/561/561
f 562/562/562 563/563/563 564/564/564
usemtl stone
f 565/565/565 566/566/566 567/567/567
f 568/568/568 569/569/569 570/570/570
usemtl earth
f 571/571/571 572/572/572 573/573/573
f 574/574/574 575/575/575 576/576/576
f 577/577/577 578/578/578 579/579/579
f 580/580/580 581/581/581 582/582/582
usemtl stone
f 583/583/583 584/584/584 585/585/585
f 586/586/586 587/587/587 588/588/588
usemtl earth
f 589/589/589 590/590/590 591/591/591
f 592/592/592 593/593/593 594/594/594
f 595/595/595 596/596/596 597/597/597
f 598/598/598 599/599/599 600/600/600
usemtl stone
f 601/601/601 602/602/602 603/603/603
f 604/604/604 605/605/605 606/606/606
usemtl earth
f 607/607/607 608/608/608 609/609/609
f 610/610/610 611/611/611 612/612/612
f 613/613/613 614/614/614 615/615/615
f 616/616/616 617/617/617 618/618/618
usemtl stone
f 619/619/619 620/620/620 621/621/621
f 622/622/622 623/623/623 624/624/624
usemtl earth
f 625/625/625 626/626/626 627/627/627
f 628/628/628 629/629/629 630/630/630
f 631/631/631 632/632/632 633/633/633
f 634/634/634 635/635/635 636/636/636
usemtl stone
f 637/637/637 638/638/638 639/639/639
f 640/640/640 641/641/641 642/642/642
usemtl earth
f 643/643/643 644/644/644 645/645/645
f 646/646/646 647/647/647 648/648/648
f 649/649/649 650/650/650 651/651/651
f 652/652/652 653/653/653 654/654/654
usemtl stone
f 655/655/655 656/656/656 657/657/657
f 658/658/658 659/659/659 660/660/660
usemtl earth
f 661/661/661 662/662/662 663/663/663
f 664/664/664 665/665/665 666/666/666
f 667/667/667 668/668/668 669/669/669
f 670/670/670 671/671/671 672/672/672
usemtl stone
f 673/673/673 674/674/674 675/675/675
f 676/676/676 677/677/677 678/678/678
usemtl earth
f 679/679/679 680/680/680 681/681/681
f 682/682/682 683/683/683 684/684/684
f 685/685/685 686/686/686 687/687/687
f 688/688/688 689/689/689 690/690/690
usemtl stone
f 691/691/691 692/692/692 693/693/693
f 694/694/694 695/695/695 696/696/696
usemtl earth
f 697/697/697 698/698/698 699/699/699
f 700/700/700 701/701/701 702/702/702
f 703/703/703 704/704/704 705/705/705
f 706/706/706 707/707/707 708/708/708
usemtl stone
f 709/709/709 710/710/710 711/711/711
f 712/712/712 713/713/713 714/714/714
usemtl earth
f 715/715/715 716/716/716 717/717/717
f 718/718/718 719/719/719 720/720/720
f 721/721/721 722/722/722 723/723/723
f 724/724/724 725/725/725 726/726/726
usemtl stone
f 727/727/727 728/728/728 729/729/729
f 730/730/730 731/731/731 732/732/732
usemtl earth
f 733/733/733 734/734/734 735/735/735
f 736/736/736 737/737/737 738/738/738
f 739/739/739 740/740/740 741/741/741
f 742/742/742 743/743/743 744/744/744
usemtl stone
f 745/745/745 746/746/746 747/747/747
f 748/748/748 749/749/749 750/750/750
usemtl earth
f 751/751/751 752/752/752 753/753/753
f 754/754/754 755/755/755 756/756/756
f 757/757/757 758/758/758 759/759/759
f 760/760/760 761/761/761 762/762/762
usemtl stone
f 763/763/763 764/764/764 765/765/765
f 766/766/766 767/767/767 768/768/768
usemtl earth
f 769/769/769 770/770/770 771/771/771
f 772/772/772 773/773/773 774/774/774
f 775/775/775 776/776/776 777/777/777
f 778/778/778 779/779/779 780/780/780
usemtl stone
f 781/781/781 782/782/782 783/783/783
f 784/784/784 785/785/785 786/786/786
usemtl earth
f 787/787/787 788/788/788 789/789/789
f 790/790/790 791/791/791 792/792/792
f 793/793/793 794/794/794 795/795/795
f 796/796/796 797/797/797 798/798/798
usemtl stone
f 799/799/799 800/800/800 801/801/801
f 802/802/802 803/803/803 804/804/804
usemtl earth
f 805/805/805 806/806/806 807/807/807
f 808/808/808 809/809/809 810/810/810
f 811/811/811 812/812/812 813/813/813
f 814/814/814 815/815/815 816/816/816
usemtl stone
f 817/817/817 818/818/818 819/819/819
f 820/820/820 821/821/821 822/822/822
usemtl earth
f 823/823/823 824/824/824 825/825/825
f 826/826/826 827/827/827 828/828/828
f 829/829/829 830/830/830 831/831/831
f 832/832/832 833/833/833 834/834/834
usemtl stone
f 835/835/835 836/836/836 837/837/837
f 838/838/838 839/839/839 840/840/840
usemtl earth
f 841/841/841 842/842/842 843/843/843
f 844/844/844 845/845/845 846/846/846
f 847/847/847 848/848/848 849/849/849
f 850/850/850 851/851/851 852/852/852
usemtl stone
f 853/853/853 854/854/854 855/855/855
f 856/856/856 857/857/857 858/858/858
usemtl earth
f 859/859/859 860/860/860 861/861/861
f 862/862/862 863/863/863 864/864/864
f 865/865/865 866/866/866 867/867/867
f 868/868/868 869/869/869 870/870/870
usemtl stone
f 871/871/871 872/872/872 873/873/873
f 874/874/874 875/875/875 876/876/876
usemtl earth
f 877/877/877 878/878/878 879/879/879
f 880/880/880 881/881/881 882/882/882
f 883/883/883 884/884/884 885/885/885
f 886/886/886 887/887/887 888/888/888
usemtl stone
f 889/889/889 890/890/890 891/891/891
f 892/892/892 893/893/893 894/894/894
usemtl earth
f 895/895/895 896/896/896 897/897/897
f 898/898/898 899/899/899 900/900/900
f 901/901/901 902/902/902 903/903/903
f 904/904/904 905/905/905 906/906/906
usemtl stone
f 907/907/907 908/908/908 909/909/909
f 910/910/910 911/911/911 912/912/912
usemtl earth
f 913/913/913 914/914/914 915/915/915
f 916/916/916 917/917/917 918/918/918
f 919/919/919 920/920/920 921/921/921
f 922/922/922 923/923/923 924/924/924
usemtl stone
f 925/925/925 926/926/926 927/927/927
f 928/928/928 929/929/929 930/930/930
usemtl earth
f 931/931/931 932/932/932 933/933/933
f 934/934/934 935/935/935 936/936/936
f 937/937/937 938/938/938 939/939/939
f 940/940/940 941/941/941 942/942/942
usemtl stone
f 943/943/943 944/944/944 945/945/945
f 946/946/946 947/947/947 948/948/948
usemtl earth
f 949/949/949 950/950/950 951/951/951
f 952/952/952 953/953/953 954/954/954
f 955/955/955 956/956/956 957/957/957
f 958/958/958 959/959/959 960/960/960
usemtl stone
f 961/961/961 962/962/962 963/963/963
f 964/964/964 965/965/965 966/966/966
usemtl earth
f 967/967/967 968/968/968 969/969/969
f 970/970/970 971/971/971 972/972/972
f 973/973/973 974/974/974 975/975/975
f 976/976/976 977/977/977 978/978/978
usemtl stone
f 979/979/979 980/980/980 981/981/981
f 982/982/982 983/983/983 984/984/984
usemtl earth
f 985/985/985 986/986/986 987/987/987
f 988/988/988 989/989/989 990/990/990
f 991/991/991 992/992/992 993/993/993
f 994/994/994 995/995/995 996/996/996
usemtl stone
f 997/997/997 998/998/998 999/999/999
f 1000/1000/1000 1001/1001/1001 1002/1002/1002
usemtl earth
f 1003/1003/1003 1004/1004/1004 1005/1005/1005
f 1006/1006/1006 1007/1007/1007 1008/1008/1008
f 1009/1009/1009 1010/1010/1010 1011/1011/1011
f 1012/1012/1012 1013/1013/1013 1014/1014/1014
usemtl stone
f 1015/1015/1015 1016/1016/1016 1017/1017/1017
f 1018/1018/1018 1019/1019/1019 1020/1020/1020
usemtl earth
f 1021/1021/1021 1022/1022/1022 1023/1023/1023
f 1024/1024/1024 1025/1025/1025 1026/1026/1026
f 1027/1027/1027 1028/1028/1028 1029/1029/1029
f 1030/1030/1030 1031/1031/1031 1032/1032/1032
usemtl stone
f 1033/1033/1033 1034/1034/1034 1035/1035/1035
f 1036/1036/1036 1037/1037/1037 1038/1038/1038
usemtl earth
f 1039/1039/1039 1040/1040/1040 1041/1041/1041
f 1042/1042/1042 1043/1043/1043 1044/1044/1044
f 1045/1045/1045 1046/1046/1046 1047/1047/1047
f 1048/1048/1048 1049/1049/1049 1050/1050/1050
usemtl stone
f 1051/1051/1051 1052/1052/1052 1053/1053/1053
f 1054/1054/1054 1055/1055/1055 1056/1056/1056
usemtl earth
f 1057/1057/1057 1058/1058/1058 1059/1059/1059
f 1060/1060/1060 1061/1061/1061 1062/1062/1062
f 1063/1063/1063 1064/1064/1064 1065/1065/1065
f 1066/1066/1066 1067/1067/1067 1068/1068/1068
usemtl stone
f 1069/1069/1069 1070/1070/1070 1071/1071/1071
f 1072/1072/1072 1073/1073/1073 1074/1074/1074
usemtl earth
f 1075/1075/1075 1076/1076/1076 1077/1077/1077
f 1078/1078/1078 1079/1079/1079 1080/1080/1080
f 1081/1081/1081 1082/1082/1082 1083/1083/1083
f 1084/1084/1084 1085/1085/1085 1086/1086/1086
usemtl stone
f 1087/1087/1087 1088/1088/1088 1089/1089/1089
f 1090/1090/1090 1091/1091/1091 1092/1092/1092
usemtl earth
f 1093/1093/1093 1094/1094/1094 1095/1095/1095
f 1096/1096/1096 1097/1097/1097 1098/1098/1098
f 1099/1099/1099 1100/1100/1100 1101/1101/1101
f 1102/1102/1102 1103/1103/1103 1104/1104/1104
usemtl stone
f 1105/1105/1105 1106/1106/1106 1107/1107/1107
f 1108/1108/1108 1109/1109/1109 1110/1110/1110
usemtl earth
f 1111/1111/1111 1112/1112/1112 1113/1113/1113
f 1114/1114/1114 1115/1115/1115 1116/1116/1116
f 1117/1117/1117 1118/1118/1118 1119/1119/1119
f 1120/1120/1120 1121/1121/1121 1122/1122/1122
usemtl stone
f 1123/1123/1123 1124/1124/1124 1125/1125/1125
f 1126/1126/1126 1127/1127/1127 1128/1128/1128
usemtl earth
f 1129/1129/1129 1130/1130/1130 1131/1131/1131
f 1132/1132/1132 1133/1133/1133 1134/1134/1134
f 1135/1135/1135 1136/1136/1136 1137/1137/1137
f 1138/1138/1138 1139/1139/1139 1140/1140/1140
usemtl stone
f 1141/1141/1141 1142/1142/1142 1143/1143/1143
f 1144/1144/1144 1145/1145/1145 1146/1146/1146
usemtl earth
f 1147/1147/1147 1148/1148/1148 1149/1149/1149
f 1150/1150/1150 1151/1151/1151 1152/1152/1152
f 1153/1153/1153 1154/1154/1154 1155/1155/1155
f 1156/1156/1156 1157/1157/1157 1158/1158/1158
usemtl stone
f 1159/1159/1159 1160/1160/1160 1161/1161/1161
f 1162/1162/1162 1163/1163/1163 1164/1164/1164
usemtl earth
f 1165/1165/1165 1166/1166/1166 1167/1167/1167
f 1168/1168/1168 1169/1169/1169 1170/1170/1170
f 1171/1171/1171 1172/1172/1172 1173/1173/1173
f 1174/1174/1174 1175/1175/1175 1176/1176/1176
usemtl stone
f 1177/1177/1177 1178/1178/1178 1179/1179/1179
f 1180/1180/1180 1181/1181/1181 1182/1182/1182
usemtl earth
f 1183/1183/1183 1184/1184/1184 1185/1185/1185
f 1186/1186/1186 1187/1187/1187 1188/1188/1188
f 1189/1189/1189 1190/1190/1190 1191/1191/1191
f 1192/1192/1192 1193/1193/1193 1194/1194/1194
usemtl stone
f 1195/1195/1195 1196/1196/1196 1197/1197/1197
f 1198/1198/1198 1199/1199/1199 1200/1200/1200
usemtl earth
f 1201/1201/1201 1202/1202/1202 1203/1203/1203
f 1204/1204/1204 1205/1205/1205 1206/1206/1206
f 1207/1207/1207 1208/1208/1208 1209/1209/1209
f 1210/1210/1210 1211/1211/1211 1212/1212/1212
usemtl stone
f 1213/1213/1213 1214/1214/1214 1215/1215/1215
f 1216/1216/1216 1217/1217/1217 1218/1218/1218
usemtl earth
f 1219/1219/1219 1220/1220/1220 1221/1221/1221
f 1222/1222/1222 1223/1223/1223 1224/1224/1224
f 1225/1225/1225 1226/1226/1226 1227/1227/1227
f 1228/1228/1228 1229/1229/1229 1230/1230/1230
usemtl stone
f 1231/1231/1231 1232/1232/1232 1233/1233/1233
f 1234/1234/1234 1235/1235/1235 1236/1236/1236
usemtl earth
f 1237/1237/1237 1238/1238/1238 1239/1239/1239
f 1240/1240/1240 1241/1241/1241 1242/1242/1242
f 1243/1243/1243 1244/1244/1244 1245/1245/1245
f 1246/1246/1246 1247/1247/1247 1248/1248/1248
usemtl stone
f 1249/1249/1249 1250/1250/1250 1251/1251/1251
f 1252/1252/1252 1253/1253/1253 1254/1254/1254
usemtl earth
f 1255/1255/1255 1256/1256/1256 1257/1257/1257
f 1258/1258/1258 1259/1259/1259 1260/1260/1260
f 1261/1261/1261 1262/1262/1262 1263/1263/1263
f 1264/1264/1264 1265/1265/1265 1266/1266/1266
usemtl stone
f 1267/1267/1267 1268/1268/1268 1269/1269/1269
f 1270/1270/1270 1271/1271/1271 1272/1272/1272
usemtl earth
f 1273/1273/1273 1274/1274/1274 1275/1275/1275
f 1276/1276/1276 1277/1277/1277 1278/1278/1278
f 1279/1279/1279 1280/1280/1280 1281/1281/1281
f 1282/1282/1282 1283/1283/1283 1284/1284/1284
usemtl stone
f 1285/1285/1285 1286/1286/1286 1287/1287/1287
f 1288/1288/1288 1289/1289/1289 1290/1290/1290
usemtl earth
f 1291/1291/1291 1292/1292/1292 1293/1293/1293
f 1294/1294/1294 1295/1295/1295 1296/1296/1296
f 1297/1297/1297 1298/1298/1298 1299/1299/1299
f 1300/1300/1300 1301/1301/1301 1302/1302/1302
usemtl stone
f 1303/1303/1303 1304/1304/1304 1305/1305/1305
f 1306/1306/1306 1307/1307/1307 1308/1308/1308
usemtl earth
f 1309/1309/1309 1310/1310/1310 1311/1311/1311
f 1312/1312/1312 1313/1313/1313 1314/1314/1314
f 1315/1315/1315 1316/1316/1316 1317/1317/1317
f 1318/1318/1318 1319/1319/1319 1320/1320/1320
usemtl stone
f 1321/1321/1321 1322/1322/1322 1323/1323/1323
f 1324/1324/1324 1325/1325/1325 1326/1326/1326
usemtl earth
f 1327/1327/1327 1328/1328/1328 1329/1329/1329
f 1330/1330/1330 1331/1331/1331 1332/1332/1332
f 1333/1333/1333 1334/1334/1334 1335/1335/1335
f 1336/1336/1336 1337/1337/1337 1338/1338/1338
usemtl stone
f 1339/1339/1339 1340/1340/1340 1341/1341/1341
f 1342/1342/1342 1343/1343/1343 1344/1344/1344
usemtl earth
f 1345/1345/1345 1346/1346/1346 1347/1347/1347
f 1348/1348/1348 1349/1349/1349 1350/1350/1350
f 1351/1351/1351 1352/1352/1352 1353/1353/1353
f 1354/1354/1354 1355/1355/1355 1356/1356/1356
usemtl stone
f 1357/1357/1357 1358/1358/1358 1359/1359/1359
f 1360/1360/1360 1361/1361/1361 1362/1362/1362
usemtl earth
f 1363/1363/1363 1364/1364/1364 1365/1365/1365
f 1366/1366/1366 1367/1367/1367 1368/1368/1368
