# Deterministic Story World v4 grounded asset: rock_v4.obj
# Triangles: 360
mtllib story_world_v4.mtl
o rock_v4
s 1
v 0.000000 3.121669 0.000000
v 0.858056 2.889630 0.000000
v 0.733530 2.962016 0.472033
v 0.000000 3.121669 0.000000
v 0.733530 2.962016 0.472033
v 0.000000 3.195582 0.000000
v 0.000000 3.195582 0.000000
v 0.733530 2.962016 0.472033
v 0.284194 2.979736 0.774697
v 0.000000 3.195582 0.000000
v 0.284194 2.979736 0.774697
v 0.000000 3.167780 0.000000
v 0.000000 3.167780 0.000000
v 0.284194 2.979736 0.774697
v -0.244959 2.918348 0.667746
v 0.000000 3.167780 0.000000
v -0.244959 2.918348 0.667746
v 0.000000 3.086995 0.000000
v 0.000000 3.086995 0.000000
v -0.244959 2.918348 0.667746
v -0.737381 2.876756 0.474512
v 0.000000 3.086995 0.000000
v -0.737381 2.876756 0.474512
v 0.000000 3.136013 0.000000
v 0.000000 3.136013 0.000000
v -0.737381 2.876756 0.474512
v -0.819507 2.966311 0.000000
v 0.000000 3.136013 0.000000
v -0.819507 2.966311 0.000000
v 0.000000 3.190859 0.000000
v 0.000000 3.190859 0.000000
v -0.819507 2.966311 0.000000
v -0.673137 2.900265 -0.433170
v 0.000000 3.190859 0.000000
v -0.673137 2.900265 -0.433170
v 0.000000 3.104923 0.000000
v 0.000000 3.104923 0.000000
v -0.673137 2.900265 -0.433170
v -0.261122 2.955807 -0.711804
v 0.000000 3.104923 0.000000
v -0.261122 2.955807 -0.711804
v 0.000000 3.198210 0.000000
v 0.000000 3.198210 0.000000
v -0.261122 2.955807 -0.711804
v 0.275912 2.881047 -0.752122
v 0.000000 3.198210 0.000000
v 0.275912 2.881047 -0.752122
v 0.000000 3.131286 0.000000
v 0.000000 3.131286 0.000000
v 0.275912 2.881047 -0.752122
v 0.647985 2.953433 -0.416984
v 0.000000 3.131286 0.000000
v 0.647985 2.953433 -0.416984
v 0.000000 3.205199 0.000000
v 0.000000 3.205199 0.000000
v 0.647985 2.953433 -0.416984
v 0.817832 2.870481 0.000000
v 0.000000 3.205199 0.000000
v 0.817832 2.870481 0.000000
v 0.000000 3.138339 0.000000
v 0.858056 2.889630 0.000000
v 1.423728 2.388514 0.000000
v 1.183112 2.346752 0.761343
v 0.858056 2.889630 0.000000
v 1.183112 2.346752 0.761343
v 0.733530 2.962016 0.472033
v 0.733530 2.962016 0.472033
v 1.183112 2.346752 0.761343
v 0.444835 2.365459 1.212596
v 0.733530 2.962016 0.472033
v 0.444835 2.365459 1.212596
v 0.284194 2.979736 0.774697
v 0.284194 2.979736 0.774697
v 0.444835 2.365459 1.212596
v -0.475228 2.401159 1.295446
v 0.284194 2.979736 0.774697
v -0.475228 2.401159 1.295446
v -0.244959 2.918348 0.667746
v -0.244959 2.918348 0.667746
v -0.475228 2.401159 1.295446
v -1.174559 2.376536 0.755839
v -0.244959 2.918348 0.667746
v -1.174559 2.376536 0.755839
v -0.737381 2.876756 0.474512
v -0.737381 2.876756 0.474512
v -1.174559 2.376536 0.755839
v -1.489568 2.354071 0.000000
v -0.737381 2.876756 0.474512
v -1.489568 2.354071 0.000000
v -0.819507 2.966311 0.000000
v -0.819507 2.966311 0.000000
v -1.489568 2.354071 0.000000
v -1.286946 2.392231 -0.828162
v -0.819507 2.966311 0.000000
v -1.286946 2.392231 -0.828162
v -0.673137 2.900265 -0.433170
v -0.673137 2.900265 -0.433170
v -1.286946 2.392231 -0.828162
v -0.484498 2.350431 -1.320715
v -0.673137 2.900265 -0.433170
v -0.484498 2.350431 -1.320715
v -0.261122 2.955807 -0.711804
v -0.261122 2.955807 -0.711804
v -0.484498 2.350431 -1.320715
v 0.458587 2.383857 -1.250086
v -0.261122 2.955807 -0.711804
v 0.458587 2.383857 -1.250086
v 0.275912 2.881047 -0.752122
v 0.275912 2.881047 -0.752122
v 0.458587 2.383857 -1.250086
v 1.231120 2.342093 -0.792237
v 0.275912 2.881047 -0.752122
v 1.231120 2.342093 -0.792237
v 0.647985 2.953433 -0.416984
v 0.647985 2.953433 -0.416984
v 1.231120 2.342093 -0.792237
v 1.494127 2.380177 0.000000
v 0.647985 2.953433 -0.416984
v 1.494127 2.380177 0.000000
v 0.817832 2.870481 0.000000
v 1.423728 2.388514 0.000000
v 1.774046 1.608347 0.000000
v 1.483955 1.608347 0.954938
v 1.423728 2.388514 0.000000
v 1.483955 1.608347 0.954938
v 1.183112 2.346752 0.761343
v 1.183112 2.346752 0.761343
v 1.483955 1.608347 0.954938
v 0.553400 1.608347 1.508540
v 1.183112 2.346752 0.761343
v 0.553400 1.608347 1.508540
v 0.444835 2.365459 1.212596
v 0.444835 2.365459 1.212596
v 0.553400 1.608347 1.508540
v -0.507483 1.608347 1.383373
v 0.444835 2.365459 1.212596
v -0.507483 1.608347 1.383373
v -0.475228 2.401159 1.295446
v -0.475228 2.401159 1.295446
v -0.507483 1.608347 1.383373
v -1.463840 1.608347 0.941995
v -0.475228 2.401159 1.295446
v -1.463840 1.608347 0.941995
v -1.174559 2.376536 0.755839
v -1.174559 2.376536 0.755839
v -1.463840 1.608347 0.941995
v -1.590854 1.608347 0.000000
v -1.174559 2.376536 0.755839
v -1.590854 1.608347 0.000000
v -1.489568 2.354071 0.000000
v -1.489568 2.354071 0.000000
v -1.590854 1.608347 0.000000
v -1.364055 1.608347 -0.877782
v -1.489568 2.354071 0.000000
v -1.364055 1.608347 -0.877782
v -1.286946 2.392231 -0.828162
v -1.286946 2.392231 -0.828162
v -1.364055 1.608347 -0.877782
v -0.518409 1.608347 -1.413157
v -1.286946 2.392231 -0.828162
v -0.518409 1.608347 -1.413157
v -0.484498 2.350431 -1.320715
v -0.484498 2.350431 -1.320715
v -0.518409 1.608347 -1.413157
v 0.569283 1.608347 -1.551837
v -0.484498 2.350431 -1.320715
v 0.569283 1.608347 -1.551837
v 0.458587 2.383857 -1.250086
v 0.458587 2.383857 -1.250086
v 0.569283 1.608347 -1.551837
v 1.313473 1.608347 -0.845232
v 0.458587 2.383857 -1.250086
v 1.313473 1.608347 -0.845232
v 1.231120 2.342093 -0.792237
v 1.231120 2.342093 -0.792237
v 1.313473 1.608347 -0.845232
v 1.578891 1.608347 0.000000
v 1.231120 2.342093 -0.792237
v 1.578891 1.608347 0.000000
v 1.494127 2.380177 0.000000
v 1.774046 1.608347 0.000000
v 1.413034 0.822431 0.000000
v 1.185635 0.862982 0.762967
v 1.774046 1.608347 0.000000
v 1.185635 0.862982 0.762967
v 1.483955 1.608347 0.954938
v 1.483955 1.608347 0.954938
v 1.185635 0.862982 0.762967
v 0.441231 0.857596 1.202773
v 1.483955 1.608347 0.954938
v 0.441231 0.857596 1.202773
v 0.553400 1.608347 1.508540
v 0.553400 1.608347 1.508540
v 0.441231 0.857596 1.202773
v -0.476313 0.820684 1.298404
v 0.553400 1.608347 1.508540
v -0.476313 0.820684 1.298404
v -0.507483 1.608347 1.383373
v -0.507483 1.608347 1.383373
v -0.476313 0.820684 1.298404
v -1.165115 0.835010 0.749762
v -0.507483 1.608347 1.383373
v -1.165115 0.835010 0.749762
v -1.463840 1.608347 0.941995
v -1.463840 1.608347 0.941995
v -1.165115 0.835010 0.749762
v -1.493065 0.865346 0.000000
v -1.463840 1.608347 0.941995
v -1.493065 0.865346 0.000000
v -1.590854 1.608347 0.000000
v -1.590854 1.608347 0.000000
v -1.493065 0.865346 0.000000
v -1.277976 0.830822 -0.822389
v -1.590854 1.608347 0.000000
v -1.277976 0.830822 -0.822389
v -1.364055 1.608347 -0.877782
v -1.364055 1.608347 -0.877782
v -1.277976 0.830822 -0.822389
v -0.485867 0.861723 -1.324449
v -1.364055 1.608347 -0.877782
v -0.485867 0.861723 -1.324449
v -0.518409 1.608347 -1.413157
v -0.518409 1.608347 -1.413157
v -0.485867 0.861723 -1.324449
v 0.454992 0.837376 -1.240286
v -0.518409 1.608347 -1.413157
v 0.454992 0.837376 -1.240286
v 0.569283 1.608347 -1.551837
v 0.569283 1.608347 -1.551837
v 0.454992 0.837376 -1.240286
v 1.234038 0.877928 -0.794114
v 0.569283 1.608347 -1.551837
v 1.234038 0.877928 -0.794114
v 1.313473 1.608347 -0.845232
v 1.313473 1.608347 -0.845232
v 1.234038 0.877928 -0.794114
v 1.490637 0.833789 0.000000
v 1.313473 1.608347 -0.845232
v 1.490637 0.833789 0.000000
v 1.578891 1.608347 0.000000
v 1.413034 0.822431 0.000000
v 0.880374 0.277142 0.000000
v 0.743789 0.339075 0.478635
v 1.413034 0.822431 0.000000
v 0.743789 0.339075 0.478635
v 1.185635 0.862982 0.762967
v 1.185635 0.862982 0.762967
v 0.743789 0.339075 0.478635
v 0.280103 0.287581 0.763545
v 1.185635 0.862982 0.762967
v 0.280103 0.287581 0.763545
v 0.441231 0.857596 1.202773
v 0.441231 0.857596 1.202773
v 0.280103 0.287581 0.763545
v -0.248983 0.215148 0.678715
v 0.441231 0.857596 1.202773
v -0.248983 0.215148 0.678715
v -0.476313 0.820684 1.298404
v -0.476313 0.820684 1.298404
v -0.248983 0.215148 0.678715
v -0.726693 0.255347 0.467634
v -0.476313 0.820684 1.298404
v -0.726693 0.255347 0.467634
v -1.165115 0.835010 0.749762
v -1.165115 0.835010 0.749762
v -0.726693 0.255347 0.467634
v -0.797517 0.334973 0.000000
v -1.165115 0.835010 0.749762
v -0.797517 0.334973 0.000000
v -1.493065 0.865346 0.000000
v -1.493065 0.865346 0.000000
v -0.797517 0.334973 0.000000
v -0.690920 0.266834 -0.444613
v -1.493065 0.865346 0.000000
v -0.690920 0.266834 -0.444613
v -1.277976 0.830822 -0.822389
v -1.277976 0.830822 -0.822389
v -0.690920 0.266834 -0.444613
v -0.254504 0.345416 -0.693765
v -1.277976 0.830822 -0.822389
v -0.254504 0.345416 -0.693765
v -0.485867 0.861723 -1.324449
v -0.485867 0.861723 -1.324449
v -0.254504 0.345416 -0.693765
v 0.282638 0.251248 -0.770458
v -0.485867 0.861723 -1.324449
v 0.282638 0.251248 -0.770458
v 0.454992 0.837376 -1.240286
v 0.454992 0.837376 -1.240286
v 0.282638 0.251248 -0.770458
v 0.658473 0.313179 -0.423733
v 0.454992 0.837376 -1.240286
v 0.658473 0.313179 -0.423733
v 1.234038 0.877928 -0.794114
v 1.234038 0.877928 -0.794114
v 0.658473 0.313179 -0.423733
v 0.804797 0.261687 0.000000
v 1.234038 0.877928 -0.794114
v 0.804797 0.261687 0.000000
v 1.490637 0.833789 0.000000
v 0.880374 0.277142 0.000000
v 0.000000 0.142948 0.000000
v 0.000000 0.069149 0.000000
v 0.880374 0.277142 0.000000
v 0.000000 0.069149 0.000000
v 0.743789 0.339075 0.478635
v 0.743789 0.339075 0.478635
v 0.000000 0.069149 0.000000
v 0.000000 0.000000 0.000000
v 0.743789 0.339075 0.478635
v 0.000000 0.000000 0.000000
v 0.280103 0.287581 0.763545
v 0.280103 0.287581 0.763545
v 0.000000 0.000000 0.000000
v 0.000000 0.081656 0.000000
v 0.280103 0.287581 0.763545
v 0.000000 0.081656 0.000000
v -0.248983 0.215148 0.678715
v -0.248983 0.215148 0.678715
v 0.000000 0.081656 0.000000
v 0.000000 0.129294 0.000000
v -0.248983 0.215148 0.678715
v 0.000000 0.129294 0.000000
v -0.726693 0.255347 0.467634
v -0.726693 0.255347 0.467634
v 0.000000 0.129294 0.000000
v 0.000000 0.054733 0.000000
v -0.726693 0.255347 0.467634
v 0.000000 0.054733 0.000000
v -0.797517 0.334973 0.000000
v -0.797517 0.334973 0.000000
v 0.000000 0.054733 0.000000
v 0.000000 0.140733 0.000000
v -0.797517 0.334973 0.000000
v 0.000000 0.140733 0.000000
v -0.690920 0.266834 -0.444613
v -0.690920 0.266834 -0.444613
v 0.000000 0.140733 0.000000
v 0.000000 0.066783 0.000000
v -0.690920 0.266834 -0.444613
v 0.000000 0.066783 0.000000
v -0.254504 0.345416 -0.693765
v -0.254504 0.345416 -0.693765
v 0.000000 0.066783 0.000000
v 0.000000 0.114874 0.000000
v -0.254504 0.345416 -0.693765
v 0.000000 0.114874 0.000000
v 0.282638 0.251248 -0.770458
v 0.282638 0.251248 -0.770458
v 0.000000 0.114874 0.000000
v 0.000000 0.041071 0.000000
v 0.282638 0.251248 -0.770458
v 0.000000 0.041071 0.000000
v 0.658473 0.313179 -0.423733
v 0.658473 0.313179 -0.423733
v 0.000000 0.041071 0.000000
v 0.000000 0.126928 0.000000
v 0.658473 0.313179 -0.423733
v 0.000000 0.126928 0.000000
v 0.804797 0.261687 0.000000
v -0.650000 1.931712 0.550000
v -0.168038 1.814787 0.550000
v -0.250023 1.778745 0.811540
v -0.650000 1.931712 0.550000
v -0.250023 1.778745 0.811540
v -0.650000 1.890057 0.550000
v -0.650000 1.890057 0.550000
v -0.250023 1.778745 0.811540
v -0.505735 1.827363 0.949603
v -0.650000 1.890057 0.550000
v -0.505735 1.827363 0.949603
v -0.650000 1.925837 0.550000
v -0.650000 1.925837 0.550000
v -0.505735 1.827363 0.949603
v -0.798108 1.790977 0.960246
v -0.650000 1.925837 0.550000
v -0.798108 1.790977 0.960246
v -0.650000 1.888826 0.550000
v -0.650000 1.888826 0.550000
v -0.798108 1.790977 0.960246
v -1.063920 1.816959 0.820658
v -0.650000 1.888826 0.550000
v -1.063920 1.816959 0.820658
v -0.650000 1.939463 0.550000
v -0.650000 1.939463 0.550000
v -1.063920 1.816959 0.820658
v -1.174306 1.781128 0.550000
v -0.650000 1.939463 0.550000
v -1.174306 1.781128 0.550000
v -0.650000 1.897946 0.550000
v -0.650000 1.897946 0.550000
v -1.174306 1.781128 0.550000
v -1.051792 1.811431 0.287273
v -0.650000 1.897946 0.550000
v -1.051792 1.811431 0.287273
v -0.650000 1.933102 0.550000
v -0.650000 1.933102 0.550000
v -1.051792 1.811431 0.287273
v -0.807351 1.784205 0.114152
v -0.650000 1.933102 0.550000
v -0.807351 1.784205 0.114152
v -0.650000 1.896555 0.550000
v -0.650000 1.896555 0.550000
v -0.807351 1.784205 0.114152
v -0.494792 1.810457 0.120087
v -0.650000 1.896555 0.550000
v -0.494792 1.810457 0.120087
v -0.650000 1.906370 0.550000
v -0.650000 1.906370 0.550000
v -0.494792 1.810457 0.120087
v -0.233409 1.845432 0.277596
v -0.650000 1.906370 0.550000
v -0.233409 1.845432 0.277596
v -0.650000 1.946693 0.550000
v -0.650000 1.946693 0.550000
v -0.233409 1.845432 0.277596
v -0.162727 1.805006 0.550000
v -0.650000 1.946693 0.550000
v -0.162727 1.805006 0.550000
v -0.650000 1.899853 0.550000
v -0.168038 1.814787 0.550000
v 0.257406 1.497231 0.550000
v -0.017615 1.517423 0.963509
v -0.168038 1.814787 0.550000
v -0.017615 1.517423 0.963509
v -0.250023 1.778745 0.811540
v -0.250023 1.778745 0.811540
v -0.017615 1.517423 0.963509
v -0.377056 1.498888 1.306031
v -0.250023 1.778745 0.811540
v -0.377056 1.498888 1.306031
v -0.505735 1.827363 0.949603
v -0.505735 1.827363 0.949603
v -0.377056 1.498888 1.306031
v -0.926908 1.521922 1.317012
v -0.505735 1.827363 0.949603
v -0.926908 1.521922 1.317012
v -0.798108 1.790977 0.960246
v -0.798108 1.790977 0.960246
v -0.926908 1.521922 1.317012
v -1.315185 1.495923 0.984957
v -0.798108 1.790977 0.960246
v -1.315185 1.495923 0.984957
v -1.063920 1.816959 0.820658
v -1.063920 1.816959 0.820658
v -1.315185 1.495923 0.984957
v -1.485689 1.516076 0.550000
v -1.063920 1.816959 0.820658
v -1.485689 1.516076 0.550000
v -1.174306 1.781128 0.550000
v -1.174306 1.781128 0.550000
v -1.485689 1.516076 0.550000
v -1.294343 1.497857 0.128672
v -1.174306 1.781128 0.550000
v -1.294343 1.497857 0.128672
v -1.051792 1.811431 0.287273
v -1.051792 1.811431 0.287273
v -1.294343 1.497857 0.128672
v -0.900113 1.515450 -0.142793
v -1.051792 1.811431 0.287273
v -0.900113 1.515450 -0.142793
v -0.807351 1.784205 0.114152
v -0.807351 1.784205 0.114152
v -0.900113 1.515450 -0.142793
v -0.401611 1.530447 -0.138015
v -0.807351 1.784205 0.114152
v -0.401611 1.530447 -0.138015
v -0.494792 1.810457 0.120087
v -0.494792 1.810457 0.120087
v -0.401611 1.530447 -0.138015
v 0.011216 1.509640 0.117638
v -0.494792 1.810457 0.120087
v 0.011216 1.509640 0.117638
v -0.233409 1.845432 0.277596
v -0.233409 1.845432 0.277596
v 0.011216 1.509640 0.117638
v 0.266603 1.532424 0.550000
v -0.233409 1.845432 0.277596
v 0.266603 1.532424 0.550000
v -0.162727 1.805006 0.550000
v 0.257406 1.497231 0.550000
v 0.301520 1.108347 0.550000
v 0.172279 1.108347 1.087678
v 0.257406 1.497231 0.550000
v 0.172279 1.108347 1.087678
v -0.017615 1.517423 0.963509
v -0.017615 1.517423 0.963509
v 0.172279 1.108347 1.087678
v -0.371543 1.108347 1.321301
v -0.017615 1.517423 0.963509
v -0.371543 1.108347 1.321301
v -0.377056 1.498888 1.306031
v -0.377056 1.498888 1.306031
v -0.371543 1.108347 1.321301
v -0.948505 1.108347 1.376832
v -0.377056 1.498888 1.306031
v -0.948505 1.108347 1.376832
v -0.926908 1.521922 1.317012
v -0.926908 1.521922 1.317012
v -0.948505 1.108347 1.376832
v -1.500012 1.108347 1.105813
v -0.926908 1.521922 1.317012
v -1.500012 1.108347 1.105813
v -1.315185 1.495923 0.984957
v -1.315185 1.495923 0.984957
v -1.500012 1.108347 1.105813
v -1.686208 1.108347 0.550000
v -1.315185 1.495923 0.984957
v -1.686208 1.108347 0.550000
v -1.485689 1.516076 0.550000
v -1.485689 1.516076 0.550000
v -1.686208 1.108347 0.550000
v -1.459730 1.108347 0.020527
v -1.485689 1.516076 0.550000
v -1.459730 1.108347 0.020527
v -1.294343 1.497857 0.128672
v -1.294343 1.497857 0.128672
v -1.459730 1.108347 0.020527
v -0.954629 1.108347 -0.293796
v -1.294343 1.497857 0.128672
v -0.954629 1.108347 -0.293796
v -0.900113 1.515450 -0.142793
v -0.900113 1.515450 -0.142793
v -0.954629 1.108347 -0.293796
v -0.343476 1.108347 -0.299046
v -0.900113 1.515450 -0.142793
v -0.343476 1.108347 -0.299046
v -0.401611 1.530447 -0.138015
v -0.401611 1.530447 -0.138015
v -0.343476 1.108347 -0.299046
v 0.205479 1.108347 -0.009388
v -0.401611 1.530447 -0.138015
v 0.205479 1.108347 -0.009388
v 0.011216 1.509640 0.117638
v 0.011216 1.509640 0.117638
v 0.205479 1.108347 -0.009388
v 0.292139 1.108347 0.550000
v 0.011216 1.509640 0.117638
v 0.292139 1.108347 0.550000
v 0.266603 1.532424 0.550000
v 0.301520 1.108347 0.550000
v 0.246665 0.722182 0.550000
v 0.001940 0.701995 0.976296
v 0.301520 1.108347 0.550000
v 0.001940 0.701995 0.976296
v 0.172279 1.108347 1.087678
v 0.172279 1.108347 1.087678
v 0.001940 0.701995 0.976296
v -0.385864 0.715080 1.281635
v 0.172279 1.108347 1.087678
v -0.385864 0.715080 1.281635
v -0.371543 1.108347 1.321301
v -0.371543 1.108347 1.321301
v -0.385864 0.715080 1.281635
v -0.928889 0.692371 1.322499
v -0.371543 1.108347 1.321301
v -0.928889 0.692371 1.322499
v -0.948505 1.108347 1.376832
v -0.948505 1.108347 1.376832
v -0.928889 0.692371 1.322499
v -1.334822 0.718372 0.997797
v -0.948505 1.108347 1.376832
v -1.334822 0.718372 0.997797
v -1.500012 1.108347 1.105813
v -1.500012 1.108347 1.105813
v -1.334822 0.718372 0.997797
v -1.474407 0.698214 0.550000
v -1.500012 1.108347 1.105813
v -1.474407 0.698214 0.550000
v -1.686208 1.108347 0.550000
v -1.686208 1.108347 0.550000
v -1.474407 0.698214 0.550000
v -1.299666 0.721556 0.125191
v -1.686208 1.108347 0.550000
v -1.299666 0.721556 0.125191
v -1.459730 1.108347 0.020527
v -1.459730 1.108347 0.020527
v -1.299666 0.721556 0.125191
v -0.891473 0.698840 -0.118861
v -1.459730 1.108347 0.020527
v -0.891473 0.698840 -0.118861
v -0.954629 1.108347 -0.293796
v -0.954629 1.108347 -0.293796
v -0.891473 0.698840 -0.118861
v -0.404815 0.683849 -0.129140
v -0.954629 1.108347 -0.293796
v -0.404815 0.683849 -0.129140
v -0.343476 1.108347 -0.299046
v -0.343476 1.108347 -0.299046
v -0.404815 0.683849 -0.129140
v 0.030087 0.704651 0.105299
v -0.343476 1.108347 -0.299046
v 0.030087 0.704651 0.105299
v 0.205479 1.108347 -0.009388
v 0.205479 1.108347 -0.009388
v 0.030087 0.704651 0.105299
v 0.238541 0.686996 0.550000
v 0.205479 1.108347 -0.009388
v 0.238541 0.686996 0.550000
v 0.292139 1.108347 0.550000
v 0.246665 0.722182 0.550000
v -0.170402 0.375571 0.550000
v -0.239706 0.410536 0.818287
v 0.246665 0.722182 0.550000
v -0.239706 0.410536 0.818287
v 0.001940 0.701995 0.976296
v 0.001940 0.701995 0.976296
v -0.239706 0.410536 0.818287
v -0.509676 0.378977 0.938685
v 0.001940 0.701995 0.976296
v -0.509676 0.378977 0.938685
v -0.385864 0.715080 1.281635
v -0.385864 0.715080 1.281635
v -0.509676 0.378977 0.938685
v -0.798839 0.418311 0.962270
v -0.385864 0.715080 1.281635
v -0.798839 0.418311 0.962270
v -0.928889 0.692371 1.322499
v -0.928889 0.692371 1.322499
v -0.798839 0.418311 0.962270
v -1.078221 0.373296 0.830009
v -0.928889 0.692371 1.322499
v -1.078221 0.373296 0.830009
v -1.334822 0.718372 0.997797
v -1.334822 0.718372 0.997797
v -1.078221 0.373296 0.830009
v -1.166628 0.408194 0.550000
v -1.334822 0.718372 0.997797
v -1.166628 0.408194 0.550000
v -1.474407 0.698214 0.550000
v -1.474407 0.698214 0.550000
v -1.166628 0.408194 0.550000
v -1.057969 0.376638 0.283234
v -1.474407 0.698214 0.550000
v -1.057969 0.376638 0.283234
v -1.299666 0.721556 0.125191
v -1.299666 0.721556 0.125191
v -1.057969 0.376638 0.283234
v -0.801961 0.407127 0.129080
v -1.299666 0.721556 0.125191
v -0.801961 0.407127 0.129080
v -0.891473 0.698840 -0.118861
v -0.891473 0.698840 -0.118861
v -0.801961 0.407127 0.129080
v -0.495510 0.433094 0.122075
v -0.891473 0.698840 -0.118861
v -0.495510 0.433094 0.122075
v -0.404815 0.683849 -0.129140
v -0.404815 0.683849 -0.129140
v -0.495510 0.433094 0.122075
v -0.223438 0.397046 0.271076
v -0.404815 0.683849 -0.129140
v -0.223438 0.397046 0.271076
v 0.030087 0.704651 0.105299
v 0.030087 0.704651 0.105299
v -0.223438 0.397046 0.271076
v -0.175092 0.436501 0.550000
v 0.030087 0.704651 0.105299
v -0.175092 0.436501 0.550000
v 0.238541 0.686996 0.550000
v -0.170402 0.375571 0.550000
v -0.650000 0.300174 0.550000
v -0.650000 0.259800 0.550000
v -0.170402 0.375571 0.550000
v -0.650000 0.259800 0.550000
v -0.239706 0.410536 0.818287
v -0.239706 0.410536 0.818287
v -0.650000 0.259800 0.550000
v -0.650000 0.316581 0.550000
v -0.239706 0.410536 0.818287
v -0.650000 0.316581 0.550000
v -0.509676 0.378977 0.938685
v -0.509676 0.378977 0.938685
v -0.650000 0.316581 0.550000
v -0.650000 0.271402 0.550000
v -0.509676 0.378977 0.938685
v -0.650000 0.271402 0.550000
v -0.798839 0.418311 0.962270
v -0.798839 0.418311 0.962270
v -0.650000 0.271402 0.550000
v -0.650000 0.302640 0.550000
v -0.798839 0.418311 0.962270
v -0.650000 0.302640 0.550000
v -1.078221 0.373296 0.830009
v -1.078221 0.373296 0.830009
v -0.650000 0.302640 0.550000
v -0.650000 0.262585 0.550000
v -1.078221 0.373296 0.830009
v -0.650000 0.262585 0.550000
v -1.166628 0.408194 0.550000
v -1.166628 0.408194 0.550000
v -0.650000 0.262585 0.550000
v -0.650000 0.298862 0.550000
v -1.166628 0.408194 0.550000
v -0.650000 0.298862 0.550000
v -1.057969 0.376638 0.283234
v -1.057969 0.376638 0.283234
v -0.650000 0.298862 0.550000
v -0.650000 0.263576 0.550000
v -1.057969 0.376638 0.283234
v -0.650000 0.263576 0.550000
v -0.801961 0.407127 0.129080
v -0.801961 0.407127 0.129080
v -0.650000 0.263576 0.550000
v -0.650000 0.295172 0.550000
v -0.801961 0.407127 0.129080
v -0.650000 0.295172 0.550000
v -0.495510 0.433094 0.122075
v -0.495510 0.433094 0.122075
v -0.650000 0.295172 0.550000
v -0.650000 0.336797 0.550000
v -0.495510 0.433094 0.122075
v -0.650000 0.336797 0.550000
v -0.223438 0.397046 0.271076
v -0.223438 0.397046 0.271076
v -0.650000 0.336797 0.550000
v -0.650000 0.291398 0.550000
v -0.223438 0.397046 0.271076
v -0.650000 0.291398 0.550000
v -0.175092 0.436501 0.550000
v 0.750000 1.615059 -0.420000
v 1.185736 1.533552 -0.420000
v 1.086937 1.506619 -0.186587
v 0.750000 1.615059 -0.420000
v 1.086937 1.506619 -0.186587
v 0.750000 1.579620 -0.420000
v 0.750000 1.579620 -0.420000
v 1.086937 1.506619 -0.186587
v 0.888623 1.538204 -0.013206
v 0.750000 1.579620 -0.420000
v 0.888623 1.538204 -0.013206
v 0.750000 1.641564 -0.420000
v 0.750000 1.641564 -0.420000
v 0.888623 1.538204 -0.013206
v 0.617370 1.503679 -0.030793
v 0.750000 1.641564 -0.420000
v 0.617370 1.503679 -0.030793
v 0.750000 1.580491 -0.420000
v 0.750000 1.580491 -0.420000
v 0.617370 1.503679 -0.030793
v 0.432448 1.542826 -0.200016
v 0.750000 1.580491 -0.420000
v 0.432448 1.542826 -0.200016
v 0.750000 1.638486 -0.420000
v 0.750000 1.638486 -0.420000
v 0.432448 1.542826 -0.200016
v 0.307945 1.508303 -0.420000
v 0.750000 1.638486 -0.420000
v 0.307945 1.508303 -0.420000
v 0.750000 1.611412 -0.420000
v 0.750000 1.611412 -0.420000
v 0.307945 1.508303 -0.420000
v 0.422048 1.541267 -0.647189
v 0.750000 1.611412 -0.420000
v 0.422048 1.541267 -0.647189
v 0.750000 1.640952 -0.420000
v 0.750000 1.640952 -0.420000
v 0.422048 1.541267 -0.647189
v 0.620055 1.512955 -0.801327
v 0.750000 1.640952 -0.420000
v 0.620055 1.512955 -0.801327
v 0.750000 1.603917 -0.420000
v 0.750000 1.603917 -0.420000
v 0.620055 1.512955 -0.801327
v 0.889869 1.545890 -0.830451
v 0.750000 1.603917 -0.420000
v 0.889869 1.545890 -0.830451
v 0.750000 1.633489 -0.420000
v 0.750000 1.633489 -0.420000
v 0.889869 1.545890 -0.830451
v 1.100493 1.516887 -0.662804
v 0.750000 1.633489 -0.420000
v 1.100493 1.516887 -0.662804
v 0.750000 1.600041 -0.420000
v 0.750000 1.600041 -0.420000
v 1.100493 1.516887 -0.662804
v 1.152999 1.550541 -0.420000
v 0.750000 1.600041 -0.420000
v 1.152999 1.550541 -0.420000
v 0.750000 1.630375 -0.420000
v 1.185736 1.533552 -0.420000
v 1.453536 1.270408 -0.420000
v 1.352380 1.286521 -0.002702
v 1.185736 1.533552 -0.420000
v 1.352380 1.286521 -0.002702
v 1.086937 1.506619 -0.186587
v 1.086937 1.506619 -0.186587
v 1.352380 1.286521 -0.002702
v 0.960454 1.262452 0.197585
v 1.086937 1.506619 -0.186587
v 0.960454 1.262452 0.197585
v 0.888623 1.538204 -0.013206
v 0.888623 1.538204 -0.013206
v 0.960454 1.262452 0.197585
v 0.526866 1.287165 0.234795
v 0.888623 1.538204 -0.013206
v 0.526866 1.287165 0.234795
v 0.617370 1.503679 -0.030793
v 0.617370 1.503679 -0.030793
v 0.526866 1.287165 0.234795
v 0.120825 1.265053 0.015861
v 0.617370 1.503679 -0.030793
v 0.120825 1.265053 0.015861
v 0.432448 1.542826 -0.200016
v 0.432448 1.542826 -0.200016
v 0.120825 1.265053 0.015861
v 0.050416 1.281267 -0.420000
v 0.432448 1.542826 -0.200016
v 0.050416 1.281267 -0.420000
v 0.307945 1.508303 -0.420000
v 0.307945 1.508303 -0.420000
v 0.050416 1.281267 -0.420000
v 0.139021 1.266227 -0.843255
v 0.307945 1.508303 -0.420000
v 0.139021 1.266227 -0.843255
v 0.422048 1.541267 -0.647189
v 0.422048 1.541267 -0.647189
v 0.139021 1.266227 -0.843255
v 0.522360 1.281810 -1.088018
v 0.422048 1.541267 -0.647189
v 0.522360 1.281810 -1.088018
v 0.620055 1.512955 -0.801327
v 0.620055 1.512955 -0.801327
v 0.522360 1.281810 -1.088018
v 0.958005 1.258272 -1.030399
v 0.620055 1.512955 -0.801327
v 0.958005 1.258272 -1.030399
v 0.889869 1.545890 -0.830451
v 0.889869 1.545890 -0.830451
v 0.958005 1.258272 -1.030399
v 1.327774 1.275514 -0.820253
v 0.889869 1.545890 -0.830451
v 1.327774 1.275514 -0.820253
v 1.100493 1.516887 -0.662804
v 1.100493 1.516887 -0.662804
v 1.327774 1.275514 -0.820253
v 1.514195 1.260874 -0.420000
v 1.100493 1.516887 -0.662804
v 1.514195 1.260874 -0.420000
v 1.152999 1.550541 -0.420000
v 1.453536 1.270408 -0.420000
v 1.627974 0.938347 -0.420000
v 1.387280 0.938347 0.021475
v 1.453536 1.270408 -0.420000
v 1.387280 0.938347 0.021475
v 1.352380 1.286521 -0.002702
v 1.352380 1.286521 -0.002702
v 1.387280 0.938347 0.021475
v 1.013267 0.938347 0.352568
v 1.352380 1.286521 -0.002702
v 1.013267 0.938347 0.352568
v 0.960454 1.262452 0.197585
v 0.960454 1.262452 0.197585
v 1.013267 0.938347 0.352568
v 0.472091 0.938347 0.395534
v 0.960454 1.262452 0.197585
v 0.472091 0.938347 0.395534
v 0.526866 1.287165 0.234795
v 0.526866 1.287165 0.234795
v 0.472091 0.938347 0.395534
v 0.081781 0.938347 0.042909
v 0.526866 1.287165 0.234795
v 0.081781 0.938347 0.042909
v 0.120825 1.265053 0.015861
v 0.120825 1.265053 0.015861
v 0.081781 0.938347 0.042909
v -0.123412 0.938347 -0.420000
v 0.120825 1.265053 0.015861
v -0.123412 0.938347 -0.420000
v 0.050416 1.281267 -0.420000
v 0.050416 1.281267 -0.420000
v -0.123412 0.938347 -0.420000
v 0.102753 0.938347 -0.868380
v 0.050416 1.281267 -0.420000
v 0.102753 0.938347 -0.868380
v 0.139021 1.266227 -0.843255
v 0.139021 1.266227 -0.843255
v 0.102753 0.938347 -0.868380
v 0.509393 0.938347 -1.126069
v 0.139021 1.266227 -0.843255
v 0.509393 0.938347 -1.126069
v 0.522360 1.281810 -1.088018
v 0.522360 1.281810 -1.088018
v 0.509393 0.938347 -1.126069
v 1.010455 0.938347 -1.184315
v 0.522360 1.281810 -1.088018
v 1.010455 0.938347 -1.184315
v 0.958005 1.258272 -1.030399
v 0.958005 1.258272 -1.030399
v 1.010455 0.938347 -1.184315
v 1.470187 0.938347 -0.918909
v 0.958005 1.258272 -1.030399
v 1.470187 0.938347 -0.918909
v 1.327774 1.275514 -0.820253
v 1.327774 1.275514 -0.820253
v 1.470187 0.938347 -0.918909
v 1.566799 0.938347 -0.420000
v 1.327774 1.275514 -0.820253
v 1.566799 0.938347 -0.420000
v 1.514195 1.260874 -0.420000
v 1.627974 0.938347 -0.420000
v 1.457886 0.612701 -0.420000
v 1.343613 0.596509 -0.008775
v 1.627974 0.938347 -0.420000
v 1.343613 0.596509 -0.008775
v 1.387280 0.938347 0.021475
v 1.387280 0.938347 0.021475
v 1.343613 0.596509 -0.008775
v 0.957249 0.607891 0.188179
v 1.387280 0.938347 0.021475
v 0.957249 0.607891 0.188179
v 1.013267 0.938347 0.352568
v 1.013267 0.938347 0.352568
v 0.957249 0.607891 0.188179
v 0.525477 0.595949 0.238872
v 1.013267 0.938347 0.352568
v 0.525477 0.595949 0.238872
v 0.472091 0.938347 0.395534
v 0.472091 0.938347 0.395534
v 0.525477 0.595949 0.238872
v 0.116812 0.609471 0.018641
v 0.472091 0.938347 0.395534
v 0.116812 0.609471 0.018641
v 0.081781 0.938347 0.042909
v 0.081781 0.938347 0.042909
v 0.116812 0.609471 0.018641
v 0.060496 0.589028 -0.420000
v 0.081781 0.938347 0.042909
v 0.060496 0.589028 -0.420000
v -0.123412 0.938347 -0.420000
v -0.123412 0.938347 -0.420000
v 0.060496 0.589028 -0.420000
v 0.146800 0.608380 -0.837866
v -0.123412 0.938347 -0.420000
v 0.146800 0.608380 -0.837866
v 0.102753 0.938347 -0.868380
v 0.102753 0.938347 -0.868380
v 0.146800 0.608380 -0.837866
v 0.520809 0.592718 -1.092569
v 0.102753 0.938347 -0.868380
v 0.520809 0.592718 -1.092569
v 0.509393 0.938347 -1.126069
v 0.509393 0.938347 -1.126069
v 0.520809 0.592718 -1.092569
v 0.959700 0.603586 -1.035372
v 0.509393 0.938347 -1.126069
v 0.959700 0.603586 -1.035372
v 1.010455 0.938347 -1.184315
v 1.010455 0.938347 -1.184315
v 0.959700 0.603586 -1.035372
v 1.320112 0.586331 -0.814945
v 1.010455 0.938347 -1.184315
v 1.320112 0.586331 -0.814945
v 1.470187 0.938347 -0.918909
v 1.470187 0.938347 -0.918909
v 1.320112 0.586331 -0.814945
v 1.523840 0.605150 -0.420000
v 1.470187 0.938347 -0.918909
v 1.523840 0.605150 -0.420000
v 1.566799 0.938347 -0.420000
v 1.457886 0.612701 -0.420000
v 1.191432 0.335482 -0.420000
v 1.067111 0.363472 -0.200321
v 1.457886 0.612701 -0.420000
v 1.067111 0.363472 -0.200321
v 1.343613 0.596509 -0.008775
v 1.343613 0.596509 -0.008775
v 1.067111 0.363472 -0.200321
v 0.882462 0.345582 -0.031286
v 1.343613 0.596509 -0.008775
v 0.882462 0.345582 -0.031286
v 0.957249 0.607891 0.188179
v 0.957249 0.607891 0.188179
v 0.882462 0.345582 -0.031286
v 0.611572 0.366269 -0.013780
v 0.957249 0.607891 0.188179
v 0.611572 0.366269 -0.013780
v 0.525477 0.595949 0.238872
v 0.525477 0.595949 0.238872
v 0.611572 0.366269 -0.013780
v 0.413575 0.341074 -0.186941
v 0.525477 0.595949 0.238872
v 0.413575 0.341074 -0.186941
v 0.116812 0.609471 0.018641
v 0.116812 0.609471 0.018641
v 0.413575 0.341074 -0.186941
v 0.314883 0.376481 -0.420000
v 0.116812 0.609471 0.018641
v 0.314883 0.376481 -0.420000
v 0.060496 0.589028 -0.420000
v 0.060496 0.589028 -0.420000
v 0.314883 0.376481 -0.420000
v 0.423965 0.342950 -0.645861
v 0.060496 0.589028 -0.420000
v 0.423965 0.342950 -0.645861
v 0.146800 0.608380 -0.837866
v 0.146800 0.608380 -0.837866
v 0.423965 0.342950 -0.645861
v 0.630130 0.371859 -0.771764
v 0.146800 0.608380 -0.837866
v 0.630130 0.371859 -0.771764
v 0.520809 0.592718 -1.092569
v 0.520809 0.592718 -1.092569
v 0.630130 0.371859 -0.771764
v 0.881206 0.353050 -0.805030
v 0.520809 0.592718 -1.092569
v 0.881206 0.353050 -0.805030
v 0.959700 0.603586 -1.035372
v 0.959700 0.603586 -1.035372
v 0.881206 0.353050 -0.805030
v 1.109148 0.381154 -0.668800
v 0.959700 0.603586 -1.035372
v 1.109148 0.381154 -0.668800
v 1.320112 0.586331 -0.814945
v 1.320112 0.586331 -0.814945
v 1.109148 0.381154 -0.668800
v 1.155369 0.348543 -0.420000
v 1.320112 0.586331 -0.814945
v 1.155369 0.348543 -0.420000
v 1.523840 0.605150 -0.420000
v 1.191432 0.335482 -0.420000
v 0.750000 0.231613 -0.420000
v 0.750000 0.268123 -0.420000
v 1.191432 0.335482 -0.420000
v 0.750000 0.268123 -0.420000
v 1.067111 0.363472 -0.200321
v 1.067111 0.363472 -0.200321
v 0.750000 0.268123 -0.420000
v 0.750000 0.264609 -0.420000
v 1.067111 0.363472 -0.200321
v 0.750000 0.264609 -0.420000
v 0.882462 0.345582 -0.031286
v 0.882462 0.345582 -0.031286
v 0.750000 0.264609 -0.420000
v 0.750000 0.267252 -0.420000
v 0.882462 0.345582 -0.031286
v 0.750000 0.267252 -0.420000
v 0.611572 0.366269 -0.013780
v 0.611572 0.366269 -0.013780
v 0.750000 0.267252 -0.420000
v 0.750000 0.259190 -0.420000
v 0.611572 0.366269 -0.013780
v 0.750000 0.259190 -0.420000
v 0.413575 0.341074 -0.186941
v 0.413575 0.341074 -0.186941
v 0.750000 0.259190 -0.420000
v 0.750000 0.295835 -0.420000
v 0.413575 0.341074 -0.186941
v 0.750000 0.295835 -0.420000
v 0.314883 0.376481 -0.420000
v 0.314883 0.376481 -0.420000
v 0.750000 0.295835 -0.420000
v 0.750000 0.257255 -0.420000
v 0.314883 0.376481 -0.420000
v 0.750000 0.257255 -0.420000
v 0.423965 0.342950 -0.645861
v 0.423965 0.342950 -0.645861
v 0.750000 0.257255 -0.420000
v 0.750000 0.294830 -0.420000
v 0.423965 0.342950 -0.645861
v 0.750000 0.294830 -0.420000
v 0.630130 0.371859 -0.771764
v 0.630130 0.371859 -0.771764
v 0.750000 0.294830 -0.420000
v 0.750000 0.256219 -0.420000
v 0.630130 0.371859 -0.771764
v 0.750000 0.256219 -0.420000
v 0.881206 0.353050 -0.805030
v 0.881206 0.353050 -0.805030
v 0.750000 0.256219 -0.420000
v 0.750000 0.288612 -0.420000
v 0.881206 0.353050 -0.805030
v 0.750000 0.288612 -0.420000
v 1.109148 0.381154 -0.668800
v 1.109148 0.381154 -0.668800
v 0.750000 0.288612 -0.420000
v 0.750000 0.250832 -0.420000
v 1.109148 0.381154 -0.668800
v 0.750000 0.250832 -0.420000
v 1.155369 0.348543 -0.420000
vt 0.000000 0.000000
vt 0.000000 0.166667
vt 0.100000 0.166667
vt 0.000000 0.000000
vt 0.100000 0.166667
vt 0.100000 0.000000
vt 0.100000 0.000000
vt 0.100000 0.166667
vt 0.200000 0.166667
vt 0.100000 0.000000
vt 0.200000 0.166667
vt 0.200000 0.000000
vt 0.200000 0.000000
vt 0.200000 0.166667
vt 0.300000 0.166667
vt 0.200000 0.000000
vt 0.300000 0.166667
vt 0.300000 0.000000
vt 0.300000 0.000000
vt 0.300000 0.166667
vt 0.400000 0.166667
vt 0.300000 0.000000
vt 0.400000 0.166667
vt 0.400000 0.000000
vt 0.400000 0.000000
vt 0.400000 0.166667
vt 0.500000 0.166667
vt 0.400000 0.000000
vt 0.500000 0.166667
vt 0.500000 0.000000
vt 0.500000 0.000000
vt 0.500000 0.166667
vt 0.600000 0.166667
vt 0.500000 0.000000
vt 0.600000 0.166667
vt 0.600000 0.000000
vt 0.600000 0.000000
vt 0.600000 0.166667
vt 0.700000 0.166667
vt 0.600000 0.000000
vt 0.700000 0.166667
vt 0.700000 0.000000
vt 0.700000 0.000000
vt 0.700000 0.166667
vt 0.800000 0.166667
vt 0.700000 0.000000
vt 0.800000 0.166667
vt 0.800000 0.000000
vt 0.800000 0.000000
vt 0.800000 0.166667
vt 0.900000 0.166667
vt 0.800000 0.000000
vt 0.900000 0.166667
vt 0.900000 0.000000
vt 0.900000 0.000000
vt 0.900000 0.166667
vt 1.000000 0.166667
vt 0.900000 0.000000
vt 1.000000 0.166667
vt 1.000000 0.000000
vt 0.000000 0.166667
vt 0.000000 0.333333
vt 0.100000 0.333333
vt 0.000000 0.166667
vt 0.100000 0.333333
vt 0.100000 0.166667
vt 0.100000 0.166667
vt 0.100000 0.333333
vt 0.200000 0.333333
vt 0.100000 0.166667
vt 0.200000 0.333333
vt 0.200000 0.166667
vt 0.200000 0.166667
vt 0.200000 0.333333
vt 0.300000 0.333333
vt 0.200000 0.166667
vt 0.300000 0.333333
vt 0.300000 0.166667
vt 0.300000 0.166667
vt 0.300000 0.333333
vt 0.400000 0.333333
vt 0.300000 0.166667
vt 0.400000 0.333333
vt 0.400000 0.166667
vt 0.400000 0.166667
vt 0.400000 0.333333
vt 0.500000 0.333333
vt 0.400000 0.166667
vt 0.500000 0.333333
vt 0.500000 0.166667
vt 0.500000 0.166667
vt 0.500000 0.333333
vt 0.600000 0.333333
vt 0.500000 0.166667
vt 0.600000 0.333333
vt 0.600000 0.166667
vt 0.600000 0.166667
vt 0.600000 0.333333
vt 0.700000 0.333333
vt 0.600000 0.166667
vt 0.700000 0.333333
vt 0.700000 0.166667
vt 0.700000 0.166667
vt 0.700000 0.333333
vt 0.800000 0.333333
vt 0.700000 0.166667
vt 0.800000 0.333333
vt 0.800000 0.166667
vt 0.800000 0.166667
vt 0.800000 0.333333
vt 0.900000 0.333333
vt 0.800000 0.166667
vt 0.900000 0.333333
vt 0.900000 0.166667
vt 0.900000 0.166667
vt 0.900000 0.333333
vt 1.000000 0.333333
vt 0.900000 0.166667
vt 1.000000 0.333333
vt 1.000000 0.166667
vt 0.000000 0.333333
vt 0.000000 0.500000
vt 0.100000 0.500000
vt 0.000000 0.333333
vt 0.100000 0.500000
vt 0.100000 0.333333
vt 0.100000 0.333333
vt 0.100000 0.500000
vt 0.200000 0.500000
vt 0.100000 0.333333
vt 0.200000 0.500000
vt 0.200000 0.333333
vt 0.200000 0.333333
vt 0.200000 0.500000
vt 0.300000 0.500000
vt 0.200000 0.333333
vt 0.300000 0.500000
vt 0.300000 0.333333
vt 0.300000 0.333333
vt 0.300000 0.500000
vt 0.400000 0.500000
vt 0.300000 0.333333
vt 0.400000 0.500000
vt 0.400000 0.333333
vt 0.400000 0.333333
vt 0.400000 0.500000
vt 0.500000 0.500000
vt 0.400000 0.333333
vt 0.500000 0.500000
vt 0.500000 0.333333
vt 0.500000 0.333333
vt 0.500000 0.500000
vt 0.600000 0.500000
vt 0.500000 0.333333
vt 0.600000 0.500000
vt 0.600000 0.333333
vt 0.600000 0.333333
vt 0.600000 0.500000
vt 0.700000 0.500000
vt 0.600000 0.333333
vt 0.700000 0.500000
vt 0.700000 0.333333
vt 0.700000 0.333333
vt 0.700000 0.500000
vt 0.800000 0.500000
vt 0.700000 0.333333
vt 0.800000 0.500000
vt 0.800000 0.333333
vt 0.800000 0.333333
vt 0.800000 0.500000
vt 0.900000 0.500000
vt 0.800000 0.333333
vt 0.900000 0.500000
vt 0.900000 0.333333
vt 0.900000 0.333333
vt 0.900000 0.500000
vt 1.000000 0.500000
vt 0.900000 0.333333
vt 1.000000 0.500000
vt 1.000000 0.333333
vt 0.000000 0.500000
vt 0.000000 0.666667
vt 0.100000 0.666667
vt 0.000000 0.500000
vt 0.100000 0.666667
vt 0.100000 0.500000
vt 0.100000 0.500000
vt 0.100000 0.666667
vt 0.200000 0.666667
vt 0.100000 0.500000
vt 0.200000 0.666667
vt 0.200000 0.500000
vt 0.200000 0.500000
vt 0.200000 0.666667
vt 0.300000 0.666667
vt 0.200000 0.500000
vt 0.300000 0.666667
vt 0.300000 0.500000
vt 0.300000 0.500000
vt 0.300000 0.666667
vt 0.400000 0.666667
vt 0.300000 0.500000
vt 0.400000 0.666667
vt 0.400000 0.500000
vt 0.400000 0.500000
vt 0.400000 0.666667
vt 0.500000 0.666667
vt 0.400000 0.500000
vt 0.500000 0.666667
vt 0.500000 0.500000
vt 0.500000 0.500000
vt 0.500000 0.666667
vt 0.600000 0.666667
vt 0.500000 0.500000
vt 0.600000 0.666667
vt 0.600000 0.500000
vt 0.600000 0.500000
vt 0.600000 0.666667
vt 0.700000 0.666667
vt 0.600000 0.500000
vt 0.700000 0.666667
vt 0.700000 0.500000
vt 0.700000 0.500000
vt 0.700000 0.666667
vt 0.800000 0.666667
vt 0.700000 0.500000
vt 0.800000 0.666667
vt 0.800000 0.500000
vt 0.800000 0.500000
vt 0.800000 0.666667
vt 0.900000 0.666667
vt 0.800000 0.500000
vt 0.900000 0.666667
vt 0.900000 0.500000
vt 0.900000 0.500000
vt 0.900000 0.666667
vt 1.000000 0.666667
vt 0.900000 0.500000
vt 1.000000 0.666667
vt 1.000000 0.500000
vt 0.000000 0.666667
vt 0.000000 0.833333
vt 0.100000 0.833333
vt 0.000000 0.666667
vt 0.100000 0.833333
vt 0.100000 0.666667
vt 0.100000 0.666667
vt 0.100000 0.833333
vt 0.200000 0.833333
vt 0.100000 0.666667
vt 0.200000 0.833333
vt 0.200000 0.666667
vt 0.200000 0.666667
vt 0.200000 0.833333
vt 0.300000 0.833333
vt 0.200000 0.666667
vt 0.300000 0.833333
vt 0.300000 0.666667
vt 0.300000 0.666667
vt 0.300000 0.833333
vt 0.400000 0.833333
vt 0.300000 0.666667
vt 0.400000 0.833333
vt 0.400000 0.666667
vt 0.400000 0.666667
vt 0.400000 0.833333
vt 0.500000 0.833333
vt 0.400000 0.666667
vt 0.500000 0.833333
vt 0.500000 0.666667
vt 0.500000 0.666667
vt 0.500000 0.833333
vt 0.600000 0.833333
vt 0.500000 0.666667
vt 0.600000 0.833333
vt 0.600000 0.666667
vt 0.600000 0.666667
vt 0.600000 0.833333
vt 0.700000 0.833333
vt 0.600000 0.666667
vt 0.700000 0.833333
vt 0.700000 0.666667
vt 0.700000 0.666667
vt 0.700000 0.833333
vt 0.800000 0.833333
vt 0.700000 0.666667
vt 0.800000 0.833333
vt 0.800000 0.666667
vt 0.800000 0.666667
vt 0.800000 0.833333
vt 0.900000 0.833333
vt 0.800000 0.666667
vt 0.900000 0.833333
vt 0.900000 0.666667
vt 0.900000 0.666667
vt 0.900000 0.833333
vt 1.000000 0.833333
vt 0.900000 0.666667
vt 1.000000 0.833333
vt 1.000000 0.666667
vt 0.000000 0.833333
vt 0.000000 1.000000
vt 0.100000 1.000000
vt 0.000000 0.833333
vt 0.100000 1.000000
vt 0.100000 0.833333
vt 0.100000 0.833333
vt 0.100000 1.000000
vt 0.200000 1.000000
vt 0.100000 0.833333
vt 0.200000 1.000000
vt 0.200000 0.833333
vt 0.200000 0.833333
vt 0.200000 1.000000
vt 0.300000 1.000000
vt 0.200000 0.833333
vt 0.300000 1.000000
vt 0.300000 0.833333
vt 0.300000 0.833333
vt 0.300000 1.000000
vt 0.400000 1.000000
vt 0.300000 0.833333
vt 0.400000 1.000000
vt 0.400000 0.833333
vt 0.400000 0.833333
vt 0.400000 1.000000
vt 0.500000 1.000000
vt 0.400000 0.833333
vt 0.500000 1.000000
vt 0.500000 0.833333
vt 0.500000 0.833333
vt 0.500000 1.000000
vt 0.600000 1.000000
vt 0.500000 0.833333
vt 0.600000 1.000000
vt 0.600000 0.833333
vt 0.600000 0.833333
vt 0.600000 1.000000
vt 0.700000 1.000000
vt 0.600000 0.833333
vt 0.700000 1.000000
vt 0.700000 0.833333
vt 0.700000 0.833333
vt 0.700000 1.000000
vt 0.800000 1.000000
vt 0.700000 0.833333
vt 0.800000 1.000000
vt 0.800000 0.833333
vt 0.800000 0.833333
vt 0.800000 1.000000
vt 0.900000 1.000000
vt 0.800000 0.833333
vt 0.900000 1.000000
vt 0.900000 0.833333
vt 0.900000 0.833333
vt 0.900000 1.000000
vt 1.000000 1.000000
vt 0.900000 0.833333
vt 1.000000 1.000000
vt 1.000000 0.833333
vt 0.000000 0.000000
vt 0.000000 0.166667
vt 0.100000 0.166667
vt 0.000000 0.000000
vt 0.100000 0.166667
vt 0.100000 0.000000
vt 0.100000 0.000000
vt 0.100000 0.166667
vt 0.200000 0.166667
vt 0.100000 0.000000
vt 0.200000 0.166667
vt 0.200000 0.000000
vt 0.200000 0.000000
vt 0.200000 0.166667
vt 0.300000 0.166667
vt 0.200000 0.000000
vt 0.300000 0.166667
vt 0.300000 0.000000
vt 0.300000 0.000000
vt 0.300000 0.166667
vt 0.400000 0.166667
vt 0.300000 0.000000
vt 0.400000 0.166667
vt 0.400000 0.000000
vt 0.400000 0.000000
vt 0.400000 0.166667
vt 0.500000 0.166667
vt 0.400000 0.000000
vt 0.500000 0.166667
vt 0.500000 0.000000
vt 0.500000 0.000000
vt 0.500000 0.166667
vt 0.600000 0.166667
vt 0.500000 0.000000
vt 0.600000 0.166667
vt 0.600000 0.000000
vt 0.600000 0.000000
vt 0.600000 0.166667
vt 0.700000 0.166667
vt 0.600000 0.000000
vt 0.700000 0.166667
vt 0.700000 0.000000
vt 0.700000 0.000000
vt 0.700000 0.166667
vt 0.800000 0.166667
vt 0.700000 0.000000
vt 0.800000 0.166667
vt 0.800000 0.000000
vt 0.800000 0.000000
vt 0.800000 0.166667
vt 0.900000 0.166667
vt 0.800000 0.000000
vt 0.900000 0.166667
vt 0.900000 0.000000
vt 0.900000 0.000000
vt 0.900000 0.166667
vt 1.000000 0.166667
vt 0.900000 0.000000
vt 1.000000 0.166667
vt 1.000000 0.000000
vt 0.000000 0.166667
vt 0.000000 0.333333
vt 0.100000 0.333333
vt 0.000000 0.166667
vt 0.100000 0.333333
vt 0.100000 0.166667
vt 0.100000 0.166667
vt 0.100000 0.333333
vt 0.200000 0.333333
vt 0.100000 0.166667
vt 0.200000 0.333333
vt 0.200000 0.166667
vt 0.200000 0.166667
vt 0.200000 0.333333
vt 0.300000 0.333333
vt 0.200000 0.166667
vt 0.300000 0.333333
vt 0.300000 0.166667
vt 0.300000 0.166667
vt 0.300000 0.333333
vt 0.400000 0.333333
vt 0.300000 0.166667
vt 0.400000 0.333333
vt 0.400000 0.166667
vt 0.400000 0.166667
vt 0.400000 0.333333
vt 0.500000 0.333333
vt 0.400000 0.166667
vt 0.500000 0.333333
vt 0.500000 0.166667
vt 0.500000 0.166667
vt 0.500000 0.333333
vt 0.600000 0.333333
vt 0.500000 0.166667
vt 0.600000 0.333333
vt 0.600000 0.166667
vt 0.600000 0.166667
vt 0.600000 0.333333
vt 0.700000 0.333333
vt 0.600000 0.166667
vt 0.700000 0.333333
vt 0.700000 0.166667
vt 0.700000 0.166667
vt 0.700000 0.333333
vt 0.800000 0.333333
vt 0.700000 0.166667
vt 0.800000 0.333333
vt 0.800000 0.166667
vt 0.800000 0.166667
vt 0.800000 0.333333
vt 0.900000 0.333333
vt 0.800000 0.166667
vt 0.900000 0.333333
vt 0.900000 0.166667
vt 0.900000 0.166667
vt 0.900000 0.333333
vt 1.000000 0.333333
vt 0.900000 0.166667
vt 1.000000 0.333333
vt 1.000000 0.166667
vt 0.000000 0.333333
vt 0.000000 0.500000
vt 0.100000 0.500000
vt 0.000000 0.333333
vt 0.100000 0.500000
vt 0.100000 0.333333
vt 0.100000 0.333333
vt 0.100000 0.500000
vt 0.200000 0.500000
vt 0.100000 0.333333
vt 0.200000 0.500000
vt 0.200000 0.333333
vt 0.200000 0.333333
vt 0.200000 0.500000
vt 0.300000 0.500000
vt 0.200000 0.333333
vt 0.300000 0.500000
vt 0.300000 0.333333
vt 0.300000 0.333333
vt 0.300000 0.500000
vt 0.400000 0.500000
vt 0.300000 0.333333
vt 0.400000 0.500000
vt 0.400000 0.333333
vt 0.400000 0.333333
vt 0.400000 0.500000
vt 0.500000 0.500000
vt 0.400000 0.333333
vt 0.500000 0.500000
vt 0.500000 0.333333
vt 0.500000 0.333333
vt 0.500000 0.500000
vt 0.600000 0.500000
vt 0.500000 0.333333
vt 0.600000 0.500000
vt 0.600000 0.333333
vt 0.600000 0.333333
vt 0.600000 0.500000
vt 0.700000 0.500000
vt 0.600000 0.333333
vt 0.700000 0.500000
vt 0.700000 0.333333
vt 0.700000 0.333333
vt 0.700000 0.500000
vt 0.800000 0.500000
vt 0.700000 0.333333
vt 0.800000 0.500000
vt 0.800000 0.333333
vt 0.800000 0.333333
vt 0.800000 0.500000
vt 0.900000 0.500000
vt 0.800000 0.333333
vt 0.900000 0.500000
vt 0.900000 0.333333
vt 0.900000 0.333333
vt 0.900000 0.500000
vt 1.000000 0.500000
vt 0.900000 0.333333
vt 1.000000 0.500000
vt 1.000000 0.333333
vt 0.000000 0.500000
vt 0.000000 0.666667
vt 0.100000 0.666667
vt 0.000000 0.500000
vt 0.100000 0.666667
vt 0.100000 0.500000
vt 0.100000 0.500000
vt 0.100000 0.666667
vt 0.200000 0.666667
vt 0.100000 0.500000
vt 0.200000 0.666667
vt 0.200000 0.500000
vt 0.200000 0.500000
vt 0.200000 0.666667
vt 0.300000 0.666667
vt 0.200000 0.500000
vt 0.300000 0.666667
vt 0.300000 0.500000
vt 0.300000 0.500000
vt 0.300000 0.666667
vt 0.400000 0.666667
vt 0.300000 0.500000
vt 0.400000 0.666667
vt 0.400000 0.500000
vt 0.400000 0.500000
vt 0.400000 0.666667
vt 0.500000 0.666667
vt 0.400000 0.500000
vt 0.500000 0.666667
vt 0.500000 0.500000
vt 0.500000 0.500000
vt 0.500000 0.666667
vt 0.600000 0.666667
vt 0.500000 0.500000
vt 0.600000 0.666667
vt 0.600000 0.500000
vt 0.600000 0.500000
vt 0.600000 0.666667
vt 0.700000 0.666667
vt 0.600000 0.500000
vt 0.700000 0.666667
vt 0.700000 0.500000
vt 0.700000 0.500000
vt 0.700000 0.666667
vt 0.800000 0.666667
vt 0.700000 0.500000
vt 0.800000 0.666667
vt 0.800000 0.500000
vt 0.800000 0.500000
vt 0.800000 0.666667
vt 0.900000 0.666667
vt 0.800000 0.500000
vt 0.900000 0.666667
vt 0.900000 0.500000
vt 0.900000 0.500000
vt 0.900000 0.666667
vt 1.000000 0.666667
vt 0.900000 0.500000
vt 1.000000 0.666667
vt 1.000000 0.500000
vt 0.000000 0.666667
vt 0.000000 0.833333
vt 0.100000 0.833333
vt 0.000000 0.666667
vt 0.100000 0.833333
vt 0.100000 0.666667
vt 0.100000 0.666667
vt 0.100000 0.833333
vt 0.200000 0.833333
vt 0.100000 0.666667
vt 0.200000 0.833333
vt 0.200000 0.666667
vt 0.200000 0.666667
vt 0.200000 0.833333
vt 0.300000 0.833333
vt 0.200000 0.666667
vt 0.300000 0.833333
vt 0.300000 0.666667
vt 0.300000 0.666667
vt 0.300000 0.833333
vt 0.400000 0.833333
vt 0.300000 0.666667
vt 0.400000 0.833333
vt 0.400000 0.666667
vt 0.400000 0.666667
vt 0.400000 0.833333
vt 0.500000 0.833333
vt 0.400000 0.666667
vt 0.500000 0.833333
vt 0.500000 0.666667
vt 0.500000 0.666667
vt 0.500000 0.833333
vt 0.600000 0.833333
vt 0.500000 0.666667
vt 0.600000 0.833333
vt 0.600000 0.666667
vt 0.600000 0.666667
vt 0.600000 0.833333
vt 0.700000 0.833333
vt 0.600000 0.666667
vt 0.700000 0.833333
vt 0.700000 0.666667
vt 0.700000 0.666667
vt 0.700000 0.833333
vt 0.800000 0.833333
vt 0.700000 0.666667
vt 0.800000 0.833333
vt 0.800000 0.666667
vt 0.800000 0.666667
vt 0.800000 0.833333
vt 0.900000 0.833333
vt 0.800000 0.666667
vt 0.900000 0.833333
vt 0.900000 0.666667
vt 0.900000 0.666667
vt 0.900000 0.833333
vt 1.000000 0.833333
vt 0.900000 0.666667
vt 1.000000 0.833333
vt 1.000000 0.666667
vt 0.000000 0.833333
vt 0.000000 1.000000
vt 0.100000 1.000000
vt 0.000000 0.833333
vt 0.100000 1.000000
vt 0.100000 0.833333
vt 0.100000 0.833333
vt 0.100000 1.000000
vt 0.200000 1.000000
vt 0.100000 0.833333
vt 0.200000 1.000000
vt 0.200000 0.833333
vt 0.200000 0.833333
vt 0.200000 1.000000
vt 0.300000 1.000000
vt 0.200000 0.833333
vt 0.300000 1.000000
vt 0.300000 0.833333
vt 0.300000 0.833333
vt 0.300000 1.000000
vt 0.400000 1.000000
vt 0.300000 0.833333
vt 0.400000 1.000000
vt 0.400000 0.833333
vt 0.400000 0.833333
vt 0.400000 1.000000
vt 0.500000 1.000000
vt 0.400000 0.833333
vt 0.500000 1.000000
vt 0.500000 0.833333
vt 0.500000 0.833333
vt 0.500000 1.000000
vt 0.600000 1.000000
vt 0.500000 0.833333
vt 0.600000 1.000000
vt 0.600000 0.833333
vt 0.600000 0.833333
vt 0.600000 1.000000
vt 0.700000 1.000000
vt 0.600000 0.833333
vt 0.700000 1.000000
vt 0.700000 0.833333
vt 0.700000 0.833333
vt 0.700000 1.000000
vt 0.800000 1.000000
vt 0.700000 0.833333
vt 0.800000 1.000000
vt 0.800000 0.833333
vt 0.800000 0.833333
vt 0.800000 1.000000
vt 0.900000 1.000000
vt 0.800000 0.833333
vt 0.900000 1.000000
vt 0.900000 0.833333
vt 0.900000 0.833333
vt 0.900000 1.000000
vt 1.000000 1.000000
vt 0.900000 0.833333
vt 1.000000 1.000000
vt 1.000000 0.833333
vt 0.000000 0.000000
vt 0.000000 0.166667
vt 0.100000 0.166667
vt 0.000000 0.000000
vt 0.100000 0.166667
vt 0.100000 0.000000
vt 0.100000 0.000000
vt 0.100000 0.166667
vt 0.200000 0.166667
vt 0.100000 0.000000
vt 0.200000 0.166667
vt 0.200000 0.000000
vt 0.200000 0.000000
vt 0.200000 0.166667
vt 0.300000 0.166667
vt 0.200000 0.000000
vt 0.300000 0.166667
vt 0.300000 0.000000
vt 0.300000 0.000000
vt 0.300000 0.166667
vt 0.400000 0.166667
vt 0.300000 0.000000
vt 0.400000 0.166667
vt 0.400000 0.000000
vt 0.400000 0.000000
vt 0.400000 0.166667
vt 0.500000 0.166667
vt 0.400000 0.000000
vt 0.500000 0.166667
vt 0.500000 0.000000
vt 0.500000 0.000000
vt 0.500000 0.166667
vt 0.600000 0.166667
vt 0.500000 0.000000
vt 0.600000 0.166667
vt 0.600000 0.000000
vt 0.600000 0.000000
vt 0.600000 0.166667
vt 0.700000 0.166667
vt 0.600000 0.000000
vt 0.700000 0.166667
vt 0.700000 0.000000
vt 0.700000 0.000000
vt 0.700000 0.166667
vt 0.800000 0.166667
vt 0.700000 0.000000
vt 0.800000 0.166667
vt 0.800000 0.000000
vt 0.800000 0.000000
vt 0.800000 0.166667
vt 0.900000 0.166667
vt 0.800000 0.000000
vt 0.900000 0.166667
vt 0.900000 0.000000
vt 0.900000 0.000000
vt 0.900000 0.166667
vt 1.000000 0.166667
vt 0.900000 0.000000
vt 1.000000 0.166667
vt 1.000000 0.000000
vt 0.000000 0.166667
vt 0.000000 0.333333
vt 0.100000 0.333333
vt 0.000000 0.166667
vt 0.100000 0.333333
vt 0.100000 0.166667
vt 0.100000 0.166667
vt 0.100000 0.333333
vt 0.200000 0.333333
vt 0.100000 0.166667
vt 0.200000 0.333333
vt 0.200000 0.166667
vt 0.200000 0.166667
vt 0.200000 0.333333
vt 0.300000 0.333333
vt 0.200000 0.166667
vt 0.300000 0.333333
vt 0.300000 0.166667
vt 0.300000 0.166667
vt 0.300000 0.333333
vt 0.400000 0.333333
vt 0.300000 0.166667
vt 0.400000 0.333333
vt 0.400000 0.166667
vt 0.400000 0.166667
vt 0.400000 0.333333
vt 0.500000 0.333333
vt 0.400000 0.166667
vt 0.500000 0.333333
vt 0.500000 0.166667
vt 0.500000 0.166667
vt 0.500000 0.333333
vt 0.600000 0.333333
vt 0.500000 0.166667
vt 0.600000 0.333333
vt 0.600000 0.166667
vt 0.600000 0.166667
vt 0.600000 0.333333
vt 0.700000 0.333333
vt 0.600000 0.166667
vt 0.700000 0.333333
vt 0.700000 0.166667
vt 0.700000 0.166667
vt 0.700000 0.333333
vt 0.800000 0.333333
vt 0.700000 0.166667
vt 0.800000 0.333333
vt 0.800000 0.166667
vt 0.800000 0.166667
vt 0.800000 0.333333
vt 0.900000 0.333333
vt 0.800000 0.166667
vt 0.900000 0.333333
vt 0.900000 0.166667
vt 0.900000 0.166667
vt 0.900000 0.333333
vt 1.000000 0.333333
vt 0.900000 0.166667
vt 1.000000 0.333333
vt 1.000000 0.166667
vt 0.000000 0.333333
vt 0.000000 0.500000
vt 0.100000 0.500000
vt 0.000000 0.333333
vt 0.100000 0.500000
vt 0.100000 0.333333
vt 0.100000 0.333333
vt 0.100000 0.500000
vt 0.200000 0.500000
vt 0.100000 0.333333
vt 0.200000 0.500000
vt 0.200000 0.333333
vt 0.200000 0.333333
vt 0.200000 0.500000
vt 0.300000 0.500000
vt 0.200000 0.333333
vt 0.300000 0.500000
vt 0.300000 0.333333
vt 0.300000 0.333333
vt 0.300000 0.500000
vt 0.400000 0.500000
vt 0.300000 0.333333
vt 0.400000 0.500000
vt 0.400000 0.333333
vt 0.400000 0.333333
vt 0.400000 0.500000
vt 0.500000 0.500000
vt 0.400000 0.333333
vt 0.500000 0.500000
vt 0.500000 0.333333
vt 0.500000 0.333333
vt 0.500000 0.500000
vt 0.600000 0.500000
vt 0.500000 0.333333
vt 0.600000 0.500000
vt 0.600000 0.333333
vt 0.600000 0.333333
vt 0.600000 0.500000
vt 0.700000 0.500000
vt 0.600000 0.333333
vt 0.700000 0.500000
vt 0.700000 0.333333
vt 0.700000 0.333333
vt 0.700000 0.500000
vt 0.800000 0.500000
vt 0.700000 0.333333
vt 0.800000 0.500000
vt 0.800000 0.333333
vt 0.800000 0.333333
vt 0.800000 0.500000
vt 0.900000 0.500000
vt 0.800000 0.333333
vt 0.900000 0.500000
vt 0.900000 0.333333
vt 0.900000 0.333333
vt 0.900000 0.500000
vt 1.000000 0.500000
vt 0.900000 0.333333
vt 1.000000 0.500000
vt 1.000000 0.333333
vt 0.000000 0.500000
vt 0.000000 0.666667
vt 0.100000 0.666667
vt 0.000000 0.500000
vt 0.100000 0.666667
vt 0.100000 0.500000
vt 0.100000 0.500000
vt 0.100000 0.666667
vt 0.200000 0.666667
vt 0.100000 0.500000
vt 0.200000 0.666667
vt 0.200000 0.500000
vt 0.200000 0.500000
vt 0.200000 0.666667
vt 0.300000 0.666667
vt 0.200000 0.500000
vt 0.300000 0.666667
vt 0.300000 0.500000
vt 0.300000 0.500000
vt 0.300000 0.666667
vt 0.400000 0.666667
vt 0.300000 0.500000
vt 0.400000 0.666667
vt 0.400000 0.500000
vt 0.400000 0.500000
vt 0.400000 0.666667
vt 0.500000 0.666667
vt 0.400000 0.500000
vt 0.500000 0.666667
vt 0.500000 0.500000
vt 0.500000 0.500000
vt 0.500000 0.666667
vt 0.600000 0.666667
vt 0.500000 0.500000
vt 0.600000 0.666667
vt 0.600000 0.500000
vt 0.600000 0.500000
vt 0.600000 0.666667
vt 0.700000 0.666667
vt 0.600000 0.500000
vt 0.700000 0.666667
vt 0.700000 0.500000
vt 0.700000 0.500000
vt 0.700000 0.666667
vt 0.800000 0.666667
vt 0.700000 0.500000
vt 0.800000 0.666667
vt 0.800000 0.500000
vt 0.800000 0.500000
vt 0.800000 0.666667
vt 0.900000 0.666667
vt 0.800000 0.500000
vt 0.900000 0.666667
vt 0.900000 0.500000
vt 0.900000 0.500000
vt 0.900000 0.666667
vt 1.000000 0.666667
vt 0.900000 0.500000
vt 1.000000 0.666667
vt 1.000000 0.500000
vt 0.000000 0.666667
vt 0.000000 0.833333
vt 0.100000 0.833333
vt 0.000000 0.666667
vt 0.100000 0.833333
vt 0.100000 0.666667
vt 0.100000 0.666667
vt 0.100000 0.833333
vt 0.200000 0.833333
vt 0.100000 0.666667
vt 0.200000 0.833333
vt 0.200000 0.666667
vt 0.200000 0.666667
vt 0.200000 0.833333
vt 0.300000 0.833333
vt 0.200000 0.666667
vt 0.300000 0.833333
vt 0.300000 0.666667
vt 0.300000 0.666667
vt 0.300000 0.833333
vt 0.400000 0.833333
vt 0.300000 0.666667
vt 0.400000 0.833333
vt 0.400000 0.666667
vt 0.400000 0.666667
vt 0.400000 0.833333
vt 0.500000 0.833333
vt 0.400000 0.666667
vt 0.500000 0.833333
vt 0.500000 0.666667
vt 0.500000 0.666667
vt 0.500000 0.833333
vt 0.600000 0.833333
vt 0.500000 0.666667
vt 0.600000 0.833333
vt 0.600000 0.666667
vt 0.600000 0.666667
vt 0.600000 0.833333
vt 0.700000 0.833333
vt 0.600000 0.666667
vt 0.700000 0.833333
vt 0.700000 0.666667
vt 0.700000 0.666667
vt 0.700000 0.833333
vt 0.800000 0.833333
vt 0.700000 0.666667
vt 0.800000 0.833333
vt 0.800000 0.666667
vt 0.800000 0.666667
vt 0.800000 0.833333
vt 0.900000 0.833333
vt 0.800000 0.666667
vt 0.900000 0.833333
vt 0.900000 0.666667
vt 0.900000 0.666667
vt 0.900000 0.833333
vt 1.000000 0.833333
vt 0.900000 0.666667
vt 1.000000 0.833333
vt 1.000000 0.666667
vt 0.000000 0.833333
vt 0.000000 1.000000
vt 0.100000 1.000000
vt 0.000000 0.833333
vt 0.100000 1.000000
vt 0.100000 0.833333
vt 0.100000 0.833333
vt 0.100000 1.000000
vt 0.200000 1.000000
vt 0.100000 0.833333
vt 0.200000 1.000000
vt 0.200000 0.833333
vt 0.200000 0.833333
vt 0.200000 1.000000
vt 0.300000 1.000000
vt 0.200000 0.833333
vt 0.300000 1.000000
vt 0.300000 0.833333
vt 0.300000 0.833333
vt 0.300000 1.000000
vt 0.400000 1.000000
vt 0.300000 0.833333
vt 0.400000 1.000000
vt 0.400000 0.833333
vt 0.400000 0.833333
vt 0.400000 1.000000
vt 0.500000 1.000000
vt 0.400000 0.833333
vt 0.500000 1.000000
vt 0.500000 0.833333
vt 0.500000 0.833333
vt 0.500000 1.000000
vt 0.600000 1.000000
vt 0.500000 0.833333
vt 0.600000 1.000000
vt 0.600000 0.833333
vt 0.600000 0.833333
vt 0.600000 1.000000
vt 0.700000 1.000000
vt 0.600000 0.833333
vt 0.700000 1.000000
vt 0.700000 0.833333
vt 0.700000 0.833333
vt 0.700000 1.000000
vt 0.800000 1.000000
vt 0.700000 0.833333
vt 0.800000 1.000000
vt 0.800000 0.833333
vt 0.800000 0.833333
vt 0.800000 1.000000
vt 0.900000 1.000000
vt 0.800000 0.833333
vt 0.900000 1.000000
vt 0.900000 0.833333
vt 0.900000 0.833333
vt 0.900000 1.000000
vt 1.000000 1.000000
vt 0.900000 0.833333
vt 1.000000 1.000000
vt 1.000000 0.833333
vn 0.000000 1.000000 0.000000
vn 0.465084 0.885266 0.000000
vn 0.372508 0.876281 0.305565
vn 0.000000 1.000000 0.000000
vn 0.372508 0.876281 0.305565
vn 0.000000 1.000000 0.000000
vn 0.000000 1.000000 0.000000
vn 0.372508 0.876281 0.305565
vn 0.140150 0.862088 0.486993
vn 0.000000 1.000000 0.000000
vn 0.140150 0.862088 0.486993
vn 0.000000 1.000000 0.000000
vn 0.000000 1.000000 0.000000
vn 0.140150 0.862088 0.486993
vn -0.129592 0.883420 0.450305
vn 0.000000 1.000000 0.000000
vn -0.129592 0.883420 0.450305
vn 0.000000 1.000000 0.000000
vn 0.000000 1.000000 0.000000
vn -0.129592 0.883420 0.450305
vn -0.392812 0.861321 0.322220
vn 0.000000 1.000000 0.000000
vn -0.392812 0.861321 0.322220
vn 0.000000 1.000000 0.000000
vn 0.000000 1.000000 0.000000
vn -0.392812 0.861321 0.322220
vn -0.427895 0.903828 0.000000
vn 0.000000 1.000000 0.000000
vn -0.427895 0.903828 0.000000
vn 0.000000 1.000000 0.000000
vn 0.000000 1.000000 0.000000
vn -0.427895 0.903828 0.000000
vn -0.361357 0.884058 -0.296418
vn 0.000000 1.000000 0.000000
vn -0.361357 0.884058 -0.296418
vn 0.000000 1.000000 0.000000
vn 0.000000 1.000000 0.000000
vn -0.361357 0.884058 -0.296418
vn -0.133224 0.876328 -0.462926
vn 0.000000 1.000000 0.000000
vn -0.133224 0.876328 -0.462926
vn 0.000000 1.000000 0.000000
vn 0.000000 1.000000 0.000000
vn -0.133224 0.876328 -0.462926
vn 0.144871 0.851823 -0.503398
vn 0.000000 1.000000 0.000000
vn 0.144871 0.851823 -0.503398
vn 0.000000 1.000000 0.000000
vn 0.000000 1.000000 0.000000
vn 0.144871 0.851823 -0.503398
vn 0.339531 0.898415 -0.278513
vn 0.000000 1.000000 0.000000
vn 0.339531 0.898415 -0.278513
vn 0.000000 1.000000 0.000000
vn 0.000000 1.000000 0.000000
vn 0.339531 0.898415 -0.278513
vn 0.453144 0.891437 -0.000000
vn 0.000000 1.000000 0.000000
vn 0.453144 0.891437 -0.000000
vn 0.000000 1.000000 0.000000
vn 0.465084 0.885266 0.000000
vn 0.819805 0.572643 0.000000
vn 0.658548 0.523925 0.540201
vn 0.465084 0.885266 0.000000
vn 0.658548 0.523925 0.540201
vn 0.372508 0.876281 0.305565
vn 0.372508 0.876281 0.305565
vn 0.658548 0.523925 0.540201
vn 0.237147 0.514508 0.824040
vn 0.372508 0.876281 0.305565
vn 0.237147 0.514508 0.824040
vn 0.140150 0.862088 0.486993
vn 0.140150 0.862088 0.486993
vn 0.237147 0.514508 0.824040
vn -0.238389 0.506952 0.828354
vn 0.140150 0.862088 0.486993
vn -0.238389 0.506952 0.828354
vn -0.129592 0.883420 0.450305
vn -0.129592 0.883420 0.450305
vn -0.238389 0.506952 0.828354
vn -0.649855 0.541779 0.533070
vn -0.129592 0.883420 0.450305
vn -0.649855 0.541779 0.533070
vn -0.392812 0.861321 0.322220
vn -0.392812 0.861321 0.322220
vn -0.649855 0.541779 0.533070
vn -0.842975 0.537953 0.000000
vn -0.392812 0.861321 0.322220
vn -0.842975 0.537953 0.000000
vn -0.427895 0.903828 0.000000
vn -0.427895 0.903828 0.000000
vn -0.842975 0.537953 0.000000
vn -0.662888 0.514688 -0.543760
vn -0.427895 0.903828 0.000000
vn -0.662888 0.514688 -0.543760
vn -0.361357 0.884058 -0.296418
vn -0.361357 0.884058 -0.296418
vn -0.662888 0.514688 -0.543760
vn -0.243351 0.475125 -0.845598
vn -0.361357 0.884058 -0.296418
vn -0.243351 0.475125 -0.845598
vn -0.133224 0.876328 -0.462926
vn -0.133224 0.876328 -0.462926
vn -0.243351 0.475125 -0.845598
vn 0.237550 0.512074 -0.825439
vn -0.133224 0.876328 -0.462926
vn 0.237550 0.512074 -0.825439
vn 0.144871 0.851823 -0.503398
vn 0.144871 0.851823 -0.503398
vn 0.237550 0.512074 -0.825439
vn 0.666657 0.506478 -0.546852
vn 0.144871 0.851823 -0.503398
vn 0.666657 0.506478 -0.546852
vn 0.339531 0.898415 -0.278513
vn 0.339531 0.898415 -0.278513
vn 0.666657 0.506478 -0.546852
vn 0.835190 0.549962 -0.000000
vn 0.339531 0.898415 -0.278513
vn 0.835190 0.549962 -0.000000
vn 0.453144 0.891437 -0.000000
vn 0.819805 0.572643 0.000000
vn 1.000000 0.000000 0.000000
vn 0.773158 0.000000 0.634214
vn 0.819805 0.572643 0.000000
vn 0.773158 0.000000 0.634214
vn 0.658548 0.523925 0.540201
vn 0.658548 0.523925 0.540201
vn 0.773158 0.000000 0.634214
vn 0.276561 0.000000 0.960996
vn 0.658548 0.523925 0.540201
vn 0.276561 0.000000 0.960996
vn 0.237147 0.514508 0.824040
vn 0.237147 0.514508 0.824040
vn 0.276561 0.000000 0.960996
vn -0.276561 0.000000 0.960996
vn 0.237147 0.514508 0.824040
vn -0.276561 0.000000 0.960996
vn -0.238389 0.506952 0.828354
vn -0.238389 0.506952 0.828354
vn -0.276561 0.000000 0.960996
vn -0.773158 0.000000 0.634214
vn -0.238389 0.506952 0.828354
vn -0.773158 0.000000 0.634214
vn -0.649855 0.541779 0.533070
vn -0.649855 0.541779 0.533070
vn -0.773158 0.000000 0.634214
vn -1.000000 0.000000 0.000000
vn -0.649855 0.541779 0.533070
vn -1.000000 0.000000 0.000000
vn -0.842975 0.537953 0.000000
vn -0.842975 0.537953 0.000000
vn -1.000000 0.000000 0.000000
vn -0.773158 0.000000 -0.634214
vn -0.842975 0.537953 0.000000
vn -0.773158 0.000000 -0.634214
vn -0.662888 0.514688 -0.543760
vn -0.662888 0.514688 -0.543760
vn -0.773158 0.000000 -0.634214
vn -0.276561 0.000000 -0.960996
vn -0.662888 0.514688 -0.543760
vn -0.276561 0.000000 -0.960996
vn -0.243351 0.475125 -0.845598
vn -0.243351 0.475125 -0.845598
vn -0.276561 0.000000 -0.960996
vn 0.276561 0.000000 -0.960996
vn -0.243351 0.475125 -0.845598
vn 0.276561 0.000000 -0.960996
vn 0.237550 0.512074 -0.825439
vn 0.237550 0.512074 -0.825439
vn 0.276561 0.000000 -0.960996
vn 0.773158 0.000000 -0.634214
vn 0.237550 0.512074 -0.825439
vn 0.773158 0.000000 -0.634214
vn 0.666657 0.506478 -0.546852
vn 0.666657 0.506478 -0.546852
vn 0.773158 0.000000 -0.634214
vn 1.000000 0.000000 -0.000000
vn 0.666657 0.506478 -0.546852
vn 1.000000 0.000000 -0.000000
vn 0.835190 0.549962 -0.000000
vn 1.000000 0.000000 0.000000
vn 0.815774 -0.578371 0.000000
vn 0.657232 -0.526683 0.539121
vn 1.000000 0.000000 0.000000
vn 0.657232 -0.526683 0.539121
vn 0.773158 0.000000 0.634214
vn 0.773158 0.000000 0.634214
vn 0.657232 -0.526683 0.539121
vn 0.237166 -0.514394 0.824106
vn 0.773158 0.000000 0.634214
vn 0.237166 -0.514394 0.824106
vn 0.276561 0.000000 0.960996
vn 0.276561 0.000000 0.960996
vn 0.237166 -0.514394 0.824106
vn -0.238925 -0.503642 0.830217
vn 0.276561 0.000000 0.960996
vn -0.238925 -0.503642 0.830217
vn -0.276561 0.000000 0.960996
vn -0.276561 0.000000 0.960996
vn -0.238925 -0.503642 0.830217
vn -0.647018 -0.547430 0.530742
vn -0.276561 0.000000 0.960996
vn -0.647018 -0.547430 0.530742
vn -0.773158 0.000000 0.634214
vn -0.773158 0.000000 0.634214
vn -0.647018 -0.547430 0.530742
vn -0.844434 -0.535660 0.000000
vn -0.773158 0.000000 0.634214
vn -0.844434 -0.535660 0.000000
vn -1.000000 0.000000 0.000000
vn -1.000000 0.000000 0.000000
vn -0.844434 -0.535660 0.000000
vn -0.663090 -0.514253 -0.543926
vn -1.000000 0.000000 0.000000
vn -0.663090 -0.514253 -0.543926
vn -0.773158 0.000000 -0.634214
vn -0.773158 0.000000 -0.634214
vn -0.663090 -0.514253 -0.543926
vn -0.243171 -0.476331 -0.844972
vn -0.773158 0.000000 -0.634214
vn -0.243171 -0.476331 -0.844972
vn -0.276561 0.000000 -0.960996
vn -0.276561 0.000000 -0.960996
vn -0.243171 -0.476331 -0.844972
vn 0.237425 -0.512830 -0.825006
vn -0.276561 0.000000 -0.960996
vn 0.237425 -0.512830 -0.825006
vn 0.276561 0.000000 -0.960996
vn 0.276561 0.000000 -0.960996
vn 0.237425 -0.512830 -0.825006
vn 0.667834 -0.503878 -0.547818
vn 0.276561 0.000000 -0.960996
vn 0.667834 -0.503878 -0.547818
vn 0.773158 0.000000 -0.634214
vn 0.773158 0.000000 -0.634214
vn 0.667834 -0.503878 -0.547818
vn 0.833703 -0.552212 -0.000000
vn 0.773158 0.000000 -0.634214
vn 0.833703 -0.552212 -0.000000
vn 1.000000 0.000000 -0.000000
vn 0.815774 -0.578371 0.000000
vn 0.460522 -0.887648 0.000000
vn 0.395138 -0.859539 0.324127
vn 0.815774 -0.578371 0.000000
vn 0.395138 -0.859539 0.324127
vn 0.657232 -0.526683 0.539121
vn 0.657232 -0.526683 0.539121
vn 0.395138 -0.859539 0.324127
vn 0.142563 -0.856898 0.495380
vn 0.657232 -0.526683 0.539121
vn 0.142563 -0.856898 0.495380
vn 0.237166 -0.514394 0.824106
vn 0.237166 -0.514394 0.824106
vn 0.142563 -0.856898 0.495380
vn -0.125049 -0.891939 0.434520
vn 0.237166 -0.514394 0.824106
vn -0.125049 -0.891939 0.434520
vn -0.238925 -0.503642 0.830217
vn -0.238925 -0.503642 0.830217
vn -0.125049 -0.891939 0.434520
vn -0.369975 -0.878075 0.303486
vn -0.238925 -0.503642 0.830217
vn -0.369975 -0.878075 0.303486
vn -0.647018 -0.547430 0.530742
vn -0.647018 -0.547430 0.530742
vn -0.369975 -0.878075 0.303486
vn -0.440976 -0.897519 0.000000
vn -0.647018 -0.547430 0.530742
vn -0.440976 -0.897519 0.000000
vn -0.844434 -0.535660 0.000000
vn -0.844434 -0.535660 0.000000
vn -0.440976 -0.897519 0.000000
vn -0.358089 -0.886279 -0.293737
vn -0.844434 -0.535660 0.000000
vn -0.358089 -0.886279 -0.293737
vn -0.663090 -0.514253 -0.543926
vn -0.663090 -0.514253 -0.543926
vn -0.358089 -0.886279 -0.293737
vn -0.137248 -0.868170 -0.476911
vn -0.663090 -0.514253 -0.543926
vn -0.137248 -0.868170 -0.476911
vn -0.243171 -0.476331 -0.844972
vn -0.243171 -0.476331 -0.844972
vn -0.137248 -0.868170 -0.476911
vn 0.140670 -0.860980 -0.488799
vn -0.243171 -0.476331 -0.844972
vn 0.140670 -0.860980 -0.488799
vn 0.237425 -0.512830 -0.825006
vn 0.237425 -0.512830 -0.825006
vn 0.140670 -0.860980 -0.488799
vn 0.354457 -0.888719 -0.290757
vn 0.237425 -0.512830 -0.825006
vn 0.354457 -0.888719 -0.290757
vn 0.667834 -0.503878 -0.547818
vn 0.667834 -0.503878 -0.547818
vn 0.354457 -0.888719 -0.290757
vn 0.424494 -0.905431 -0.000000
vn 0.667834 -0.503878 -0.547818
vn 0.424494 -0.905431 -0.000000
vn 0.833703 -0.552212 -0.000000
vn 0.460522 -0.887648 0.000000
vn 0.000000 -1.000000 0.000000
vn 0.000000 -1.000000 0.000000
vn 0.460522 -0.887648 0.000000
vn 0.000000 -1.000000 0.000000
vn 0.395138 -0.859539 0.324127
vn 0.395138 -0.859539 0.324127
vn 0.000000 -1.000000 0.000000
vn 0.000000 -1.000000 0.000000
vn 0.395138 -0.859539 0.324127
vn 0.000000 -1.000000 0.000000
vn 0.142563 -0.856898 0.495380
vn 0.142563 -0.856898 0.495380
vn 0.000000 -1.000000 0.000000
vn -0.000000 -1.000000 0.000000
vn 0.142563 -0.856898 0.495380
vn -0.000000 -1.000000 0.000000
vn -0.125049 -0.891939 0.434520
vn -0.125049 -0.891939 0.434520
vn -0.000000 -1.000000 0.000000
vn -0.000000 -1.000000 0.000000
vn -0.125049 -0.891939 0.434520
vn -0.000000 -1.000000 0.000000
vn -0.369975 -0.878075 0.303486
vn -0.369975 -0.878075 0.303486
vn -0.000000 -1.000000 0.000000
vn -0.000000 -1.000000 0.000000
vn -0.369975 -0.878075 0.303486
vn -0.000000 -1.000000 0.000000
vn -0.440976 -0.897519 0.000000
vn -0.440976 -0.897519 0.000000
vn -0.000000 -1.000000 0.000000
vn -0.000000 -1.000000 -0.000000
vn -0.440976 -0.897519 0.000000
vn -0.000000 -1.000000 -0.000000
vn -0.358089 -0.886279 -0.293737
vn -0.358089 -0.886279 -0.293737
vn -0.000000 -1.000000 -0.000000
vn -0.000000 -1.000000 -0.000000
vn -0.358089 -0.886279 -0.293737
vn -0.000000 -1.000000 -0.000000
vn -0.137248 -0.868170 -0.476911
vn -0.137248 -0.868170 -0.476911
vn -0.000000 -1.000000 -0.000000
vn 0.000000 -1.000000 -0.000000
vn -0.137248 -0.868170 -0.476911
vn 0.000000 -1.000000 -0.000000
vn 0.140670 -0.860980 -0.488799
vn 0.140670 -0.860980 -0.488799
vn 0.000000 -1.000000 -0.000000
vn 0.000000 -1.000000 -0.000000
vn 0.140670 -0.860980 -0.488799
vn 0.000000 -1.000000 -0.000000
vn 0.354457 -0.888719 -0.290757
vn 0.354457 -0.888719 -0.290757
vn 0.000000 -1.000000 -0.000000
vn 0.000000 -1.000000 -0.000000
vn 0.354457 -0.888719 -0.290757
vn 0.000000 -1.000000 -0.000000
vn 0.424494 -0.905431 -0.000000
vn 0.000000 1.000000 0.000000
vn 0.416959 0.908925 0.000000
vn 0.356570 0.888820 0.287848
vn 0.000000 1.000000 0.000000
vn 0.356570 0.888820 0.287848
vn 0.000000 1.000000 0.000000
vn 0.000000 1.000000 0.000000
vn 0.356570 0.888820 0.287848
vn 0.121594 0.901286 0.415810
vn 0.000000 1.000000 0.000000
vn 0.121594 0.901286 0.415810
vn 0.000000 1.000000 0.000000
vn 0.000000 1.000000 0.000000
vn 0.121594 0.901286 0.415810
vn -0.129446 0.887297 0.442661
vn 0.000000 1.000000 0.000000
vn -0.129446 0.887297 0.442661
vn 0.000000 1.000000 0.000000
vn 0.000000 1.000000 0.000000
vn -0.129446 0.887297 0.442661
vn -0.350630 0.892715 0.283053
vn 0.000000 1.000000 0.000000
vn -0.350630 0.892715 0.283053
vn 0.000000 1.000000 0.000000
vn 0.000000 1.000000 0.000000
vn -0.350630 0.892715 0.283053
vn -0.464145 0.885759 0.000000
vn 0.000000 1.000000 0.000000
vn -0.464145 0.885759 0.000000
vn 0.000000 1.000000 0.000000
vn 0.000000 1.000000 0.000000
vn -0.464145 0.885759 0.000000
vn -0.344535 0.896626 -0.278132
vn 0.000000 1.000000 0.000000
vn -0.344535 0.896626 -0.278132
vn 0.000000 1.000000 0.000000
vn 0.000000 1.000000 0.000000
vn -0.344535 0.896626 -0.278132
vn -0.136718 0.873342 -0.467527
vn 0.000000 1.000000 0.000000
vn -0.136718 0.873342 -0.467527
vn 0.000000 1.000000 0.000000
vn 0.000000 1.000000 0.000000
vn -0.136718 0.873342 -0.467527
vn 0.131357 0.883725 -0.449195
vn 0.000000 1.000000 0.000000
vn 0.131357 0.883725 -0.449195
vn 0.000000 1.000000 0.000000
vn 0.000000 1.000000 0.000000
vn 0.131357 0.883725 -0.449195
vn 0.341479 0.898555 -0.275666
vn 0.000000 1.000000 0.000000
vn 0.341479 0.898555 -0.275666
vn 0.000000 1.000000 0.000000
vn 0.000000 1.000000 0.000000
vn 0.341479 0.898555 -0.275666
vn 0.425587 0.904917 -0.000000
vn 0.000000 1.000000 0.000000
vn 0.425587 0.904917 -0.000000
vn 0.000000 1.000000 0.000000
vn 0.416959 0.908925 0.000000
vn 0.843277 0.537479 0.000000
vn 0.622910 0.599266 0.502856
vn 0.416959 0.908925 0.000000
vn 0.622910 0.599266 0.502856
vn 0.356570 0.888820 0.287848
vn 0.356570 0.888820 0.287848
vn 0.622910 0.599266 0.502856
vn 0.240966 0.512768 0.824018
vn 0.356570 0.888820 0.287848
vn 0.240966 0.512768 0.824018
vn 0.121594 0.901286 0.415810
vn 0.121594 0.901286 0.415810
vn 0.240966 0.512768 0.824018
vn -0.238178 0.529044 0.814484
vn 0.121594 0.901286 0.415810
vn -0.238178 0.529044 0.814484
vn -0.129446 0.887297 0.442661
vn -0.129446 0.887297 0.442661
vn -0.238178 0.529044 0.814484
vn -0.645152 0.559048 0.520811
vn -0.129446 0.887297 0.442661
vn -0.645152 0.559048 0.520811
vn -0.350630 0.892715 0.283053
vn -0.350630 0.892715 0.283053
vn -0.645152 0.559048 0.520811
vn -0.809378 0.587287 0.000000
vn -0.350630 0.892715 0.283053
vn -0.809378 0.587287 0.000000
vn -0.464145 0.885759 0.000000
vn -0.464145 0.885759 0.000000
vn -0.809378 0.587287 0.000000
vn -0.637585 0.573207 -0.514703
vn -0.464145 0.885759 0.000000
vn -0.637585 0.573207 -0.514703
vn -0.344535 0.896626 -0.278132
vn -0.344535 0.896626 -0.278132
vn -0.637585 0.573207 -0.514703
vn -0.232158 0.561984 -0.793899
vn -0.344535 0.896626 -0.278132
vn -0.232158 0.561984 -0.793899
vn -0.136718 0.873342 -0.467527
vn -0.136718 0.873342 -0.467527
vn -0.232158 0.561984 -0.793899
vn 0.228927 0.578566 -0.782850
vn -0.136718 0.873342 -0.467527
vn 0.228927 0.578566 -0.782850
vn 0.131357 0.883725 -0.449195
vn 0.131357 0.883725 -0.449195
vn 0.228927 0.578566 -0.782850
vn 0.636755 0.574729 -0.514033
vn 0.131357 0.883725 -0.449195
vn 0.636755 0.574729 -0.514033
vn 0.341479 0.898555 -0.275666
vn 0.341479 0.898555 -0.275666
vn 0.636755 0.574729 -0.514033
vn 0.823820 0.566851 -0.000000
vn 0.341479 0.898555 -0.275666
vn 0.823820 0.566851 -0.000000
vn 0.425587 0.904917 -0.000000
vn 0.843277 0.537479 0.000000
vn 1.000000 0.000000 0.000000
vn 0.778102 0.000000 0.628138
vn 0.843277 0.537479 0.000000
vn 0.778102 0.000000 0.628138
vn 0.622910 0.599266 0.502856
vn 0.622910 0.599266 0.502856
vn 0.778102 0.000000 0.628138
vn 0.280673 0.000000 0.959803
vn 0.622910 0.599266 0.502856
vn 0.280673 0.000000 0.959803
vn 0.240966 0.512768 0.824018
vn 0.240966 0.512768 0.824018
vn 0.280673 0.000000 0.959803
vn -0.280673 0.000000 0.959803
vn 0.240966 0.512768 0.824018
vn -0.280673 0.000000 0.959803
vn -0.238178 0.529044 0.814484
vn -0.238178 0.529044 0.814484
vn -0.280673 0.000000 0.959803
vn -0.778102 0.000000 0.628138
vn -0.238178 0.529044 0.814484
vn -0.778102 0.000000 0.628138
vn -0.645152 0.559048 0.520811
vn -0.645152 0.559048 0.520811
vn -0.778102 0.000000 0.628138
vn -1.000000 0.000000 0.000000
vn -0.645152 0.559048 0.520811
vn -1.000000 0.000000 0.000000
vn -0.809378 0.587287 0.000000
vn -0.809378 0.587287 0.000000
vn -1.000000 0.000000 0.000000
vn -0.778102 0.000000 -0.628138
vn -0.809378 0.587287 0.000000
vn -0.778102 0.000000 -0.628138
vn -0.637585 0.573207 -0.514703
vn -0.637585 0.573207 -0.514703
vn -0.778102 0.000000 -0.628138
vn -0.280673 0.000000 -0.959803
vn -0.637585 0.573207 -0.514703
vn -0.280673 0.000000 -0.959803
vn -0.232158 0.561984 -0.793899
vn -0.232158 0.561984 -0.793899
vn -0.280673 0.000000 -0.959803
vn 0.280673 0.000000 -0.959803
vn -0.232158 0.561984 -0.793899
vn 0.280673 0.000000 -0.959803
vn 0.228927 0.578566 -0.782850
vn 0.228927 0.578566 -0.782850
vn 0.280673 0.000000 -0.959803
vn 0.778102 0.000000 -0.628138
vn 0.228927 0.578566 -0.782850
vn 0.778102 0.000000 -0.628138
vn 0.636755 0.574729 -0.514033
vn 0.636755 0.574729 -0.514033
vn 0.778102 0.000000 -0.628138
vn 1.000000 0.000000 -0.000000
vn 0.636755 0.574729 -0.514033
vn 1.000000 0.000000 -0.000000
vn 0.823820 0.566851 -0.000000
vn 1.000000 0.000000 0.000000
vn 0.842082 -0.539349 0.000000
vn 0.631073 -0.584988 0.509446
vn 1.000000 0.000000 0.000000
vn 0.631073 -0.584988 0.509446
vn 0.778102 0.000000 0.628138
vn 0.778102 0.000000 0.628138
vn 0.631073 -0.584988 0.509446
vn 0.238386 -0.527852 0.815196
vn 0.778102 0.000000 0.628138
vn 0.238386 -0.527852 0.815196
vn 0.280673 0.000000 0.959803
vn 0.280673 0.000000 0.959803
vn 0.238386 -0.527852 0.815196
vn -0.238267 -0.528534 0.814789
vn 0.280673 0.000000 0.959803
vn -0.238267 -0.528534 0.814789
vn -0.280673 0.000000 0.959803
vn -0.280673 0.000000 0.959803
vn -0.238267 -0.528534 0.814789
vn -0.649718 -0.550245 0.524497
vn -0.280673 0.000000 0.959803
vn -0.649718 -0.550245 0.524497
vn -0.778102 0.000000 0.628138
vn -0.778102 0.000000 0.628138
vn -0.649718 -0.550245 0.524497
vn -0.803892 -0.594775 0.000000
vn -0.778102 0.000000 0.628138
vn -0.803892 -0.594775 0.000000
vn -1.000000 0.000000 0.000000
vn -1.000000 0.000000 0.000000
vn -0.803892 -0.594775 0.000000
vn -0.640751 -0.567346 -0.517259
vn -1.000000 0.000000 0.000000
vn -0.640751 -0.567346 -0.517259
vn -0.778102 0.000000 -0.628138
vn -0.778102 0.000000 -0.628138
vn -0.640751 -0.567346 -0.517259
vn -0.229084 -0.577776 -0.783387
vn -0.778102 0.000000 -0.628138
vn -0.229084 -0.577776 -0.783387
vn -0.280673 0.000000 -0.959803
vn -0.280673 0.000000 -0.959803
vn -0.229084 -0.577776 -0.783387
vn 0.227485 -0.585743 -0.777918
vn -0.280673 0.000000 -0.959803
vn 0.227485 -0.585743 -0.777918
vn 0.280673 0.000000 -0.959803
vn 0.280673 0.000000 -0.959803
vn 0.227485 -0.585743 -0.777918
vn 0.641366 -0.566198 -0.517755
vn 0.280673 0.000000 -0.959803
vn 0.641366 -0.566198 -0.517755
vn 0.778102 0.000000 -0.628138
vn 0.778102 0.000000 -0.628138
vn 0.641366 -0.566198 -0.517755
vn 0.817214 -0.576334 -0.000000
vn 0.778102 0.000000 -0.628138
vn 0.817214 -0.576334 -0.000000
vn 1.000000 0.000000 -0.000000
vn 0.842082 -0.539349 0.000000
vn 0.402801 -0.915287 0.000000
vn 0.352465 -0.891520 0.284535
vn 0.842082 -0.539349 0.000000
vn 0.352465 -0.891520 0.284535
vn 0.631073 -0.584988 0.509446
vn 0.631073 -0.584988 0.509446
vn 0.352465 -0.891520 0.284535
vn 0.117485 -0.908179 0.401757
vn 0.631073 -0.584988 0.509446
vn 0.117485 -0.908179 0.401757
vn 0.238386 -0.527852 0.815196
vn 0.238386 -0.527852 0.815196
vn 0.117485 -0.908179 0.401757
vn -0.128849 -0.888400 0.440617
vn 0.238386 -0.527852 0.815196
vn -0.128849 -0.888400 0.440617
vn -0.238267 -0.528534 0.814789
vn -0.238267 -0.528534 0.814789
vn -0.128849 -0.888400 0.440617
vn -0.349886 -0.893197 0.282452
vn -0.238267 -0.528534 0.814789
vn -0.349886 -0.893197 0.282452
vn -0.649718 -0.550245 0.524497
vn -0.649718 -0.550245 0.524497
vn -0.349886 -0.893197 0.282452
vn -0.444452 -0.895803 0.000000
vn -0.649718 -0.550245 0.524497
vn -0.444452 -0.895803 0.000000
vn -0.803892 -0.594775 0.000000
vn -0.803892 -0.594775 0.000000
vn -0.444452 -0.895803 0.000000
vn -0.337742 -0.900884 -0.272649
vn -0.803892 -0.594775 0.000000
vn -0.337742 -0.900884 -0.272649
vn -0.640751 -0.567346 -0.517259
vn -0.640751 -0.567346 -0.517259
vn -0.337742 -0.900884 -0.272649
vn -0.129326 -0.887520 -0.442248
vn -0.640751 -0.567346 -0.517259
vn -0.129326 -0.887520 -0.442248
vn -0.229084 -0.577776 -0.783387
vn -0.229084 -0.577776 -0.783387
vn -0.129326 -0.887520 -0.442248
vn 0.134903 -0.876918 -0.461320
vn -0.229084 -0.577776 -0.783387
vn 0.134903 -0.876918 -0.461320
vn 0.227485 -0.585743 -0.777918
vn 0.227485 -0.585743 -0.777918
vn 0.134903 -0.876918 -0.461320
vn 0.358015 -0.887860 -0.289015
vn 0.227485 -0.585743 -0.777918
vn 0.358015 -0.887860 -0.289015
vn 0.641366 -0.566198 -0.517755
vn 0.641366 -0.566198 -0.517755
vn 0.358015 -0.887860 -0.289015
vn 0.429278 -0.903172 -0.000000
vn 0.641366 -0.566198 -0.517755
vn 0.429278 -0.903172 -0.000000
vn 0.817214 -0.576334 -0.000000
vn 0.402801 -0.915287 0.000000
vn 0.000000 -1.000000 0.000000
vn 0.000000 -1.000000 0.000000
vn 0.402801 -0.915287 0.000000
vn 0.000000 -1.000000 0.000000
vn 0.352465 -0.891520 0.284535
vn 0.352465 -0.891520 0.284535
vn 0.000000 -1.000000 0.000000
vn 0.000000 -1.000000 0.000000
vn 0.352465 -0.891520 0.284535
vn 0.000000 -1.000000 0.000000
vn 0.117485 -0.908179 0.401757
vn 0.117485 -0.908179 0.401757
vn 0.000000 -1.000000 0.000000
vn -0.000000 -1.000000 0.000000
vn 0.117485 -0.908179 0.401757
vn -0.000000 -1.000000 0.000000
vn -0.128849 -0.888400 0.440617
vn -0.128849 -0.888400 0.440617
vn -0.000000 -1.000000 0.000000
vn -0.000000 -1.000000 0.000000
vn -0.128849 -0.888400 0.440617
vn -0.000000 -1.000000 0.000000
vn -0.349886 -0.893197 0.282452
vn -0.349886 -0.893197 0.282452
vn -0.000000 -1.000000 0.000000
vn -0.000000 -1.000000 0.000000
vn -0.349886 -0.893197 0.282452
vn -0.000000 -1.000000 0.000000
vn -0.444452 -0.895803 0.000000
vn -0.444452 -0.895803 0.000000
vn -0.000000 -1.000000 0.000000
vn -0.000000 -1.000000 -0.000000
vn -0.444452 -0.895803 0.000000
vn -0.000000 -1.000000 -0.000000
vn -0.337742 -0.900884 -0.272649
vn -0.337742 -0.900884 -0.272649
vn -0.000000 -1.000000 -0.000000
vn -0.000000 -1.000000 -0.000000
vn -0.337742 -0.900884 -0.272649
vn -0.000000 -1.000000 -0.000000
vn -0.129326 -0.887520 -0.442248
vn -0.129326 -0.887520 -0.442248
vn -0.000000 -1.000000 -0.000000
vn 0.000000 -1.000000 -0.000000
vn -0.129326 -0.887520 -0.442248
vn 0.000000 -1.000000 -0.000000
vn 0.134903 -0.876918 -0.461320
vn 0.134903 -0.876918 -0.461320
vn 0.000000 -1.000000 -0.000000
vn 0.000000 -1.000000 -0.000000
vn 0.134903 -0.876918 -0.461320
vn 0.000000 -1.000000 -0.000000
vn 0.358015 -0.887860 -0.289015
vn 0.358015 -0.887860 -0.289015
vn 0.000000 -1.000000 -0.000000
vn 0.000000 -1.000000 -0.000000
vn 0.358015 -0.887860 -0.289015
vn 0.000000 -1.000000 -0.000000
vn 0.429278 -0.903172 -0.000000
vn 0.000000 1.000000 0.000000
vn 0.416176 0.909284 0.000000
vn 0.335995 0.906399 0.256023
vn 0.000000 1.000000 0.000000
vn 0.335995 0.906399 0.256023
vn 0.000000 1.000000 0.000000
vn 0.000000 1.000000 0.000000
vn 0.335995 0.906399 0.256023
vn 0.129833 0.898620 0.419076
vn 0.000000 1.000000 0.000000
vn 0.129833 0.898620 0.419076
vn 0.000000 1.000000 0.000000
vn 0.000000 1.000000 0.000000
vn 0.129833 0.898620 0.419076
vn -0.131419 0.895983 0.424197
vn 0.000000 1.000000 0.000000
vn -0.131419 0.895983 0.424197
vn 0.000000 1.000000 0.000000
vn 0.000000 1.000000 0.000000
vn -0.131419 0.895983 0.424197
vn -0.303576 0.924301 0.231320
vn 0.000000 1.000000 0.000000
vn -0.303576 0.924301 0.231320
vn 0.000000 1.000000 0.000000
vn 0.000000 1.000000 0.000000
vn -0.303576 0.924301 0.231320
vn -0.436314 0.899794 0.000000
vn 0.000000 1.000000 0.000000
vn -0.436314 0.899794 0.000000
vn 0.000000 1.000000 0.000000
vn 0.000000 1.000000 0.000000
vn -0.436314 0.899794 0.000000
vn -0.312692 0.919485 -0.238266
vn 0.000000 1.000000 0.000000
vn -0.312692 0.919485 -0.238266
vn 0.000000 1.000000 0.000000
vn 0.000000 1.000000 0.000000
vn -0.312692 0.919485 -0.238266
vn -0.127574 0.902307 -0.411785
vn 0.000000 1.000000 0.000000
vn -0.127574 0.902307 -0.411785
vn 0.000000 1.000000 0.000000
vn 0.000000 1.000000 0.000000
vn -0.127574 0.902307 -0.411785
vn 0.129437 0.899273 -0.417797
vn 0.000000 1.000000 0.000000
vn 0.129437 0.899273 -0.417797
vn 0.000000 1.000000 0.000000
vn 0.000000 1.000000 0.000000
vn 0.129437 0.899273 -0.417797
vn 0.341970 0.902861 -0.260575
vn 0.000000 1.000000 0.000000
vn 0.341970 0.902861 -0.260575
vn 0.000000 1.000000 0.000000
vn 0.000000 1.000000 0.000000
vn 0.341970 0.902861 -0.260575
vn 0.380590 0.924744 -0.000000
vn 0.000000 1.000000 0.000000
vn 0.380590 0.924744 -0.000000
vn 0.000000 1.000000 0.000000
vn 0.416176 0.909284 0.000000
vn 0.798105 0.602519 0.000000
vn 0.640800 0.592418 0.488279
vn 0.416176 0.909284 0.000000
vn 0.640800 0.592418 0.488279
vn 0.335995 0.906399 0.256023
vn 0.335995 0.906399 0.256023
vn 0.640800 0.592418 0.488279
vn 0.239139 0.589058 0.771896
vn 0.335995 0.906399 0.256023
vn 0.239139 0.589058 0.771896
vn 0.129833 0.898620 0.419076
vn 0.129833 0.898620 0.419076
vn 0.239139 0.589058 0.771896
vn -0.237887 0.594817 0.767856
vn 0.129833 0.898620 0.419076
vn -0.237887 0.594817 0.767856
vn -0.131419 0.895983 0.424197
vn -0.131419 0.895983 0.424197
vn -0.237887 0.594817 0.767856
vn -0.663661 0.551202 0.505699
vn -0.131419 0.895983 0.424197
vn -0.663661 0.551202 0.505699
vn -0.303576 0.924301 0.231320
vn -0.303576 0.924301 0.231320
vn -0.663661 0.551202 0.505699
vn -0.786962 0.617001 0.000000
vn -0.303576 0.924301 0.231320
vn -0.786962 0.617001 0.000000
vn -0.436314 0.899794 0.000000
vn -0.436314 0.899794 0.000000
vn -0.786962 0.617001 0.000000
vn -0.656901 0.563856 -0.500548
vn -0.436314 0.899794 0.000000
vn -0.656901 0.563856 -0.500548
vn -0.312692 0.919485 -0.238266
vn -0.312692 0.919485 -0.238266
vn -0.656901 0.563856 -0.500548
vn -0.240822 0.581175 -0.777329
vn -0.312692 0.919485 -0.238266
vn -0.240822 0.581175 -0.777329
vn -0.127574 0.902307 -0.411785
vn -0.127574 0.902307 -0.411785
vn -0.240822 0.581175 -0.777329
vn 0.239245 0.588566 -0.772239
vn -0.127574 0.902307 -0.411785
vn 0.239245 0.588566 -0.772239
vn 0.129437 0.899273 -0.417797
vn 0.129437 0.899273 -0.417797
vn 0.239245 0.588566 -0.772239
vn 0.638636 0.596101 -0.486630
vn 0.129437 0.899273 -0.417797
vn 0.638636 0.596101 -0.486630
vn 0.341970 0.902861 -0.260575
vn 0.341970 0.902861 -0.260575
vn 0.638636 0.596101 -0.486630
vn 0.828827 0.559506 -0.000000
vn 0.341970 0.902861 -0.260575
vn 0.828827 0.559506 -0.000000
vn 0.380590 0.924744 -0.000000
vn 0.798105 0.602519 0.000000
vn 1.000000 0.000000 0.000000
vn 0.795401 0.000000 0.606083
vn 0.798105 0.602519 0.000000
vn 0.795401 0.000000 0.606083
vn 0.640800 0.592418 0.488279
vn 0.640800 0.592418 0.488279
vn 0.795401 0.000000 0.606083
vn 0.295931 0.000000 0.955209
vn 0.640800 0.592418 0.488279
vn 0.295931 0.000000 0.955209
vn 0.239139 0.589058 0.771896
vn 0.239139 0.589058 0.771896
vn 0.295931 0.000000 0.955209
vn -0.295931 0.000000 0.955209
vn 0.239139 0.589058 0.771896
vn -0.295931 0.000000 0.955209
vn -0.237887 0.594817 0.767856
vn -0.237887 0.594817 0.767856
vn -0.295931 0.000000 0.955209
vn -0.795401 0.000000 0.606083
vn -0.237887 0.594817 0.767856
vn -0.795401 0.000000 0.606083
vn -0.663661 0.551202 0.505699
vn -0.663661 0.551202 0.505699
vn -0.795401 0.000000 0.606083
vn -1.000000 0.000000 0.000000
vn -0.663661 0.551202 0.505699
vn -1.000000 0.000000 0.000000
vn -0.786962 0.617001 0.000000
vn -0.786962 0.617001 0.000000
vn -1.000000 0.000000 0.000000
vn -0.795401 0.000000 -0.606083
vn -0.786962 0.617001 0.000000
vn -0.795401 0.000000 -0.606083
vn -0.656901 0.563856 -0.500548
vn -0.656901 0.563856 -0.500548
vn -0.795401 0.000000 -0.606083
vn -0.295931 0.000000 -0.955209
vn -0.656901 0.563856 -0.500548
vn -0.295931 0.000000 -0.955209
vn -0.240822 0.581175 -0.777329
vn -0.240822 0.581175 -0.777329
vn -0.295931 0.000000 -0.955209
vn 0.295931 0.000000 -0.955209
vn -0.240822 0.581175 -0.777329
vn 0.295931 0.000000 -0.955209
vn 0.239245 0.588566 -0.772239
vn 0.239245 0.588566 -0.772239
vn 0.295931 0.000000 -0.955209
vn 0.795401 0.000000 -0.606083
vn 0.239245 0.588566 -0.772239
vn 0.795401 0.000000 -0.606083
vn 0.638636 0.596101 -0.486630
vn 0.638636 0.596101 -0.486630
vn 0.795401 0.000000 -0.606083
vn 1.000000 0.000000 -0.000000
vn 0.638636 0.596101 -0.486630
vn 1.000000 0.000000 -0.000000
vn 0.828827 0.559506 -0.000000
vn 1.000000 0.000000 0.000000
vn 0.805456 -0.592656 0.000000
vn 0.641632 -0.590993 0.488913
vn 1.000000 0.000000 0.000000
vn 0.641632 -0.590993 0.488913
vn 0.795401 0.000000 0.606083
vn 0.795401 0.000000 0.606083
vn 0.641632 -0.590993 0.488913
vn 0.236207 -0.602413 0.762434
vn 0.795401 0.000000 0.606083
vn 0.236207 -0.602413 0.762434
vn 0.295931 0.000000 0.955209
vn 0.295931 0.000000 0.955209
vn 0.236207 -0.602413 0.762434
vn -0.239949 -0.585285 0.774510
vn 0.295931 0.000000 0.955209
vn -0.239949 -0.585285 0.774510
vn -0.295931 0.000000 0.955209
vn -0.295931 0.000000 0.955209
vn -0.239949 -0.585285 0.774510
vn -0.663608 -0.551302 0.505658
vn -0.295931 0.000000 0.955209
vn -0.663608 -0.551302 0.505658
vn -0.795401 0.000000 0.606083
vn -0.795401 0.000000 0.606083
vn -0.663608 -0.551302 0.505658
vn -0.776937 -0.629579 0.000000
vn -0.795401 0.000000 0.606083
vn -0.776937 -0.629579 0.000000
vn -1.000000 0.000000 0.000000
vn -1.000000 0.000000 0.000000
vn -0.776937 -0.629579 0.000000
vn -0.652860 -0.571226 -0.497468
vn -1.000000 0.000000 0.000000
vn -0.652860 -0.571226 -0.497468
vn -0.795401 0.000000 -0.606083
vn -0.795401 0.000000 -0.606083
vn -0.652860 -0.571226 -0.497468
vn -0.240863 -0.580981 -0.777461
vn -0.795401 0.000000 -0.606083
vn -0.240863 -0.580981 -0.777461
vn -0.295931 0.000000 -0.955209
vn -0.295931 0.000000 -0.955209
vn -0.240863 -0.580981 -0.777461
vn 0.236106 -0.602868 -0.762105
vn -0.295931 0.000000 -0.955209
vn 0.236106 -0.602868 -0.762105
vn 0.295931 0.000000 -0.955209
vn 0.295931 0.000000 -0.955209
vn 0.236106 -0.602868 -0.762105
vn 0.625492 -0.617736 -0.476615
vn 0.295931 0.000000 -0.955209
vn 0.625492 -0.617736 -0.476615
vn 0.795401 0.000000 -0.606083
vn 0.795401 0.000000 -0.606083
vn 0.625492 -0.617736 -0.476615
vn 0.823581 -0.567198 -0.000000
vn 0.795401 0.000000 -0.606083
vn 0.823581 -0.567198 -0.000000
vn 1.000000 0.000000 -0.000000
vn 0.805456 -0.592656 0.000000
vn 0.416245 -0.909252 0.000000
vn 0.316411 -0.917472 0.241100
vn 0.805456 -0.592656 0.000000
vn 0.316411 -0.917472 0.241100
vn 0.641632 -0.590993 0.488913
vn 0.641632 -0.590993 0.488913
vn 0.316411 -0.917472 0.241100
vn 0.126339 -0.904289 0.407798
vn 0.641632 -0.590993 0.488913
vn 0.126339 -0.904289 0.407798
vn 0.236207 -0.602413 0.762434
vn 0.236207 -0.602413 0.762434
vn 0.126339 -0.904289 0.407798
vn -0.134702 -0.890400 0.434792
vn 0.236207 -0.602413 0.762434
vn -0.134702 -0.890400 0.434792
vn -0.239949 -0.585285 0.774510
vn -0.239949 -0.585285 0.774510
vn -0.134702 -0.890400 0.434792
vn -0.322009 -0.914388 0.245365
vn -0.239949 -0.585285 0.774510
vn -0.322009 -0.914388 0.245365
vn -0.663608 -0.551302 0.505658
vn -0.663608 -0.551302 0.505658
vn -0.322009 -0.914388 0.245365
vn -0.435776 -0.900055 0.000000
vn -0.663608 -0.551302 0.505658
vn -0.435776 -0.900055 0.000000
vn -0.776937 -0.629579 0.000000
vn -0.776937 -0.629579 0.000000
vn -0.435776 -0.900055 0.000000
vn -0.314465 -0.918529 -0.239617
vn -0.776937 -0.629579 0.000000
vn -0.314465 -0.918529 -0.239617
vn -0.652860 -0.571226 -0.497468
vn -0.652860 -0.571226 -0.497468
vn -0.314465 -0.918529 -0.239617
vn -0.120775 -0.912928 -0.389841
vn -0.652860 -0.571226 -0.497468
vn -0.120775 -0.912928 -0.389841
vn -0.240863 -0.580981 -0.777461
vn -0.240863 -0.580981 -0.777461
vn -0.120775 -0.912928 -0.389841
vn 0.126665 -0.903768 -0.408851
vn -0.240863 -0.580981 -0.777461
vn 0.126665 -0.903768 -0.408851
vn 0.236106 -0.602868 -0.762105
vn 0.236106 -0.602868 -0.762105
vn 0.126665 -0.903768 -0.408851
vn 0.359480 -0.892044 -0.273918
vn 0.236106 -0.602868 -0.762105
vn 0.359480 -0.892044 -0.273918
vn 0.625492 -0.617736 -0.476615
vn 0.625492 -0.617736 -0.476615
vn 0.359480 -0.892044 -0.273918
vn 0.394794 -0.918770 -0.000000
vn 0.625492 -0.617736 -0.476615
vn 0.394794 -0.918770 -0.000000
vn 0.823581 -0.567198 -0.000000
vn 0.416245 -0.909252 0.000000
vn 0.000000 -1.000000 0.000000
vn 0.000000 -1.000000 0.000000
vn 0.416245 -0.909252 0.000000
vn 0.000000 -1.000000 0.000000
vn 0.316411 -0.917472 0.241100
vn 0.316411 -0.917472 0.241100
vn 0.000000 -1.000000 0.000000
vn 0.000000 -1.000000 0.000000
vn 0.316411 -0.917472 0.241100
vn 0.000000 -1.000000 0.000000
vn 0.126339 -0.904289 0.407798
vn 0.126339 -0.904289 0.407798
vn 0.000000 -1.000000 0.000000
vn -0.000000 -1.000000 0.000000
vn 0.126339 -0.904289 0.407798
vn -0.000000 -1.000000 0.000000
vn -0.134702 -0.890400 0.434792
vn -0.134702 -0.890400 0.434792
vn -0.000000 -1.000000 0.000000
vn -0.000000 -1.000000 0.000000
vn -0.134702 -0.890400 0.434792
vn -0.000000 -1.000000 0.000000
vn -0.322009 -0.914388 0.245365
vn -0.322009 -0.914388 0.245365
vn -0.000000 -1.000000 0.000000
vn -0.000000 -1.000000 0.000000
vn -0.322009 -0.914388 0.245365
vn -0.000000 -1.000000 0.000000
vn -0.435776 -0.900055 0.000000
vn -0.435776 -0.900055 0.000000
vn -0.000000 -1.000000 0.000000
vn -0.000000 -1.000000 -0.000000
vn -0.435776 -0.900055 0.000000
vn -0.000000 -1.000000 -0.000000
vn -0.314465 -0.918529 -0.239617
vn -0.314465 -0.918529 -0.239617
vn -0.000000 -1.000000 -0.000000
vn -0.000000 -1.000000 -0.000000
vn -0.314465 -0.918529 -0.239617
vn -0.000000 -1.000000 -0.000000
vn -0.120775 -0.912928 -0.389841
vn -0.120775 -0.912928 -0.389841
vn -0.000000 -1.000000 -0.000000
vn 0.000000 -1.000000 -0.000000
vn -0.120775 -0.912928 -0.389841
vn 0.000000 -1.000000 -0.000000
vn 0.126665 -0.903768 -0.408851
vn 0.126665 -0.903768 -0.408851
vn 0.000000 -1.000000 -0.000000
vn 0.000000 -1.000000 -0.000000
vn 0.126665 -0.903768 -0.408851
vn 0.000000 -1.000000 -0.000000
vn 0.359480 -0.892044 -0.273918
vn 0.359480 -0.892044 -0.273918
vn 0.000000 -1.000000 -0.000000
vn 0.000000 -1.000000 -0.000000
vn 0.359480 -0.892044 -0.273918
vn 0.000000 -1.000000 -0.000000
vn 0.394794 -0.918770 -0.000000
usemtl rock
f 1/1/1 2/2/2 3/3/3
f 4/4/4 5/5/5 6/6/6
f 7/7/7 8/8/8 9/9/9
f 10/10/10 11/11/11 12/12/12
f 13/13/13 14/14/14 15/15/15
f 16/16/16 17/17/17 18/18/18
f 19/19/19 20/20/20 21/21/21
f 22/22/22 23/23/23 24/24/24
f 25/25/25 26/26/26 27/27/27
f 28/28/28 29/29/29 30/30/30
f 31/31/31 32/32/32 33/33/33
f 34/34/34 35/35/35 36/36/36
f 37/37/37 38/38/38 39/39/39
f 40/40/40 41/41/41 42/42/42
f 43/43/43 44/44/44 45/45/45
f 46/46/46 47/47/47 48/48/48
f 49/49/49 50/50/50 51/51/51
f 52/52/52 53/53/53 54/54/54
f 55/55/55 56/56/56 57/57/57
f 58/58/58 59/59/59 60/60/60
f 61/61/61 62/62/62 63/63/63
f 64/64/64 65/65/65 66/66/66
f 67/67/67 68/68/68 69/69/69
f 70/70/70 71/71/71 72/72/72
f 73/73/73 74/74/74 75/75/75
f 76/76/76 77/77/77 78/78/78
f 79/79/79 80/80/80 81/81/81
f 82/82/82 83/83/83 84/84/84
f 85/85/85 86/86/86 87/87/87
f 88/88/88 89/89/89 90/90/90
f 91/91/91 92/92/92 93/93/93
f 94/94/94 95/95/95 96/96/96
f 97/97/97 98/98/98 99/99/99
f 100/100/100 101/101/101 102/102/102
f 103/103/103 104/104/104 105/105/105
f 106/106/106 107/107/107 108/108/108
f 109/109/109 110/110/110 111/111/111
f 112/112/112 113/113/113 114/114/114
f 115/115/115 116/116/116 117/117/117
f 118/118/118 119/119/119 120/120/120
f 121/121/121 122/122/122 123/123/123
f 124/124/124 125/125/125 126/126/126
f 127/127/127 128/128/128 129/129/129
f 130/130/130 131/131/131 132/132/132
f 133/133/133 134/134/134 135/135/135
f 136/136/136 137/137/137 138/138/138
f 139/139/139 140/140/140 141/141/141
f 142/142/142 143/143/143 144/144/144
f 145/145/145 146/146/146 147/147/147
f 148/148/148 149/149/149 150/150/150
f 151/151/151 152/152/152 153/153/153
f 154/154/154 155/155/155 156/156/156
f 157/157/157 158/158/158 159/159/159
f 160/160/160 161/161/161 162/162/162
f 163/163/163 164/164/164 165/165/165
f 166/166/166 167/167/167 168/168/168
f 169/169/169 170/170/170 171/171/171
f 172/172/172 173/173/173 174/174/174
f 175/175/175 176/176/176 177/177/177
f 178/178/178 179/179/179 180/180/180
f 181/181/181 182/182/182 183/183/183
f 184/184/184 185/185/185 186/186/186
f 187/187/187 188/188/188 189/189/189
f 190/190/190 191/191/191 192/192/192
f 193/193/193 194/194/194 195/195/195
f 196/196/196 197/197/197 198/198/198
f 199/199/199 200/200/200 201/201/201
f 202/202/202 203/203/203 204/204/204
f 205/205/205 206/206/206 207/207/207
f 208/208/208 209/209/209 210/210/210
f 211/211/211 212/212/212 213/213/213
f 214/214/214 215/215/215 216/216/216
f 217/217/217 218/218/218 219/219/219
f 220/220/220 221/221/221 222/222/222
f 223/223/223 224/224/224 225/225/225
f 226/226/226 227/227/227 228/228/228
f 229/229/229 230/230/230 231/231/231
f 232/232/232 233/233/233 234/234/234
f 235/235/235 236/236/236 237/237/237
f 238/238/238 239/239/239 240/240/240
f 241/241/241 242/242/242 243/243/243
f 244/244/244 245/245/245 246/246/246
f 247/247/247 248/248/248 249/249/249
f 250/250/250 251/251/251 252/252/252
f 253/253/253 254/254/254 255/255/255
f 256/256/256 257/257/257 258/258/258
f 259/259/259 260/260/260 261/261/261
f 262/262/262 263/263/263 264/264/264
f 265/265/265 266/266/266 267/267/267
f 268/268/268 269/269/269 270/270/270
f 271/271/271 272/272/272 273/273/273
f 274/274/274 275/275/275 276/276/276
f 277/277/277 278/278/278 279/279/279
f 280/280/280 281/281/281 282/282/282
f 283/283/283 284/284/284 285/285/285
f 286/286/286 287/287/287 288/288/288
f 289/289/289 290/290/290 291/291/291
f 292/292/292 293/293/293 294/294/294
f 295/295/295 296/296/296 297/297/297
f 298/298/298 299/299/299 300/300/300
f 301/301/301 302/302/302 303/303/303
f 304/304/304 305/305/305 306/306/306
f 307/307/307 308/308/308 309/309/309
f 310/310/310 311/311/311 312/312/312
f 313/313/313 314/314/314 315/315/315
f 316/316/316 317/317/317 318/318/318
f 319/319/319 320/320/320 321/321/321
f 322/322/322 323/323/323 324/324/324
f 325/325/325 326/326/326 327/327/327
f 328/328/328 329/329/329 330/330/330
f 331/331/331 332/332/332 333/333/333
f 334/334/334 335/335/335 336/336/336
f 337/337/337 338/338/338 339/339/339
f 340/340/340 341/341/341 342/342/342
f 343/343/343 344/344/344 345/345/345
f 346/346/346 347/347/347 348/348/348
f 349/349/349 350/350/350 351/351/351
f 352/352/352 353/353/353 354/354/354
f 355/355/355 356/356/356 357/357/357
f 358/358/358 359/359/359 360/360/360
usemtl stone_dark
f 361/361/361 362/362/362 363/363/363
f 364/364/364 365/365/365 366/366/366
f 367/367/367 368/368/368 369/369/369
f 370/370/370 371/371/371 372/372/372
f 373/373/373 374/374/374 375/375/375
f 376/376/376 377/377/377 378/378/378
f 379/379/379 380/380/380 381/381/381
f 382/382/382 383/383/383 384/384/384
f 385/385/385 386/386/386 387/387/387
f 388/388/388 389/389/389 390/390/390
f 391/391/391 392/392/392 393/393/393
f 394/394/394 395/395/395 396/396/396
f 397/397/397 398/398/398 399/399/399
f 400/400/400 401/401/401 402/402/402
f 403/403/403 404/404/404 405/405/405
f 406/406/406 407/407/407 408/408/408
f 409/409/409 410/410/410 411/411/411
f 412/412/412 413/413/413 414/414/414
f 415/415/415 416/416/416 417/417/417
f 418/418/418 419/419/419 420/420/420
f 421/421/421 422/422/422 423/423/423
f 424/424/424 425/425/425 426/426/426
f 427/427/427 428/428/428 429/429/429
f 430/430/430 431/431/431 432/432/432
f 433/433/433 434/434/434 435/435/435
f 436/436/436 437/437/437 438/438/438
f 439/439/439 440/440/440 441/441/441
f 442/442/442 443/443/443 444/444/444
f 445/445/445 446/446/446 447/447/447
f 448/448/448 449/449/449 450/450/450
f 451/451/451 452/452/452 453/453/453
f 454/454/454 455/455/455 456/456/456
f 457/457/457 458/458/458 459/459/459
f 460/460/460 461/461/461 462/462/462
f 463/463/463 464/464/464 465/465/465
f 466/466/466 467/467/467 468/468/468
f 469/469/469 470/470/470 471/471/471
f 472/472/472 473/473/473 474/474/474
f 475/475/475 476/476/476 477/477/477
f 478/478/478 479/479/479 480/480/480
f 481/481/481 482/482/482 483/483/483
f 484/484/484 485/485/485 486/486/486
f 487/487/487 488/488/488 489/489/489
f 490/490/490 491/491/491 492/492/492
f 493/493/493 494/494/494 495/495/495
f 496/496/496 497/497/497 498/498/498
f 499/499/499 500/500/500 501/501/501
f 502/502/502 503/503/503 504/504/504
f 505/505/505 506/506/506 507/507/507
f 508/508/508 509/509/509 510/510/510
f 511/511/511 512/512/512 513/513/513
f 514/514/514 515/515/515 516/516/516
f 517/517/517 518/518/518 519/519/519
f 520/520/520 521/521/521 522/522/522
f 523/523/523 524/524/524 525/525/525
f 526/526/526 527/527/527 528/528/528
f 529/529/529 530/530/530 531/531/531
f 532/532/532 533/533/533 534/534/534
f 535/535/535 536/536/536 537/537/537
f 538/538/538 539/539/539 540/540/540
f 541/541/541 542/542/542 543/543/543
f 544/544/544 545/545/545 546/546/546
f 547/547/547 548/548/548 549/549/549
f 550/550/550 551/551/551 552/552/552
f 553/553/553 554/554/554 555/555/555
f 556/556/556 557/557/557 558/558/558
f 559/559/559 560/560/560 561/561/561
f 562/562/562 563/563/563 564/564/564
f 565/565/565 566/566/566 567/567/567
f 568/568/568 569/569/569 570/570/570
f 571/571/571 572/572/572 573/573/573
f 574/574/574 575/575/575 576/576/576
f 577/577/577 578/578/578 579/579/579
f 580/580/580 581/581/581 582/582/582
f 583/583/583 584/584/584 585/585/585
f 586/586/586 587/587/587 588/588/588
f 589/589/589 590/590/590 591/591/591
f 592/592/592 593/593/593 594/594/594
f 595/595/595 596/596/596 597/597/597
f 598/598/598 599/599/599 600/600/600
f 601/601/601 602/602/602 603/603/603
f 604/604/604 605/605/605 606/606/606
f 607/607/607 608/608/608 609/609/609
f 610/610/610 611/611/611 612/612/612
f 613/613/613 614/614/614 615/615/615
f 616/616/616 617/617/617 618/618/618
f 619/619/619 620/620/620 621/621/621
f 622/622/622 623/623/623 624/624/624
f 625/625/625 626/626/626 627/627/627
f 628/628/628 629/629/629 630/630/630
f 631/631/631 632/632/632 633/633/633
f 634/634/634 635/635/635 636/636/636
f 637/637/637 638/638/638 639/639/639
f 640/640/640 641/641/641 642/642/642
f 643/643/643 644/644/644 645/645/645
f 646/646/646 647/647/647 648/648/648
f 649/649/649 650/650/650 651/651/651
f 652/652/652 653/653/653 654/654/654
f 655/655/655 656/656/656 657/657/657
f 658/658/658 659/659/659 660/660/660
f 661/661/661 662/662/662 663/663/663
f 664/664/664 665/665/665 666/666/666
f 667/667/667 668/668/668 669/669/669
f 670/670/670 671/671/671 672/672/672
f 673/673/673 674/674/674 675/675/675
f 676/676/676 677/677/677 678/678/678
f 679/679/679 680/680/680 681/681/681
f 682/682/682 683/683/683 684/684/684
f 685/685/685 686/686/686 687/687/687
f 688/688/688 689/689/689 690/690/690
f 691/691/691 692/692/692 693/693/693
f 694/694/694 695/695/695 696/696/696
f 697/697/697 698/698/698 699/699/699
f 700/700/700 701/701/701 702/702/702
f 703/703/703 704/704/704 705/705/705
f 706/706/706 707/707/707 708/708/708
f 709/709/709 710/710/710 711/711/711
f 712/712/712 713/713/713 714/714/714
f 715/715/715 716/716/716 717/717/717
f 718/718/718 719/719/719 720/720/720
f 721/721/721 722/722/722 723/723/723
f 724/724/724 725/725/725 726/726/726
f 727/727/727 728/728/728 729/729/729
f 730/730/730 731/731/731 732/732/732
f 733/733/733 734/734/734 735/735/735
f 736/736/736 737/737/737 738/738/738
f 739/739/739 740/740/740 741/741/741
f 742/742/742 743/743/743 744/744/744
f 745/745/745 746/746/746 747/747/747
f 748/748/748 749/749/749 750/750/750
f 751/751/751 752/752/752 753/753/753
f 754/754/754 755/755/755 756/756/756
f 757/757/757 758/758/758 759/759/759
f 760/760/760 761/761/761 762/762/762
f 763/763/763 764/764/764 765/765/765
f 766/766/766 767/767/767 768/768/768
f 769/769/769 770/770/770 771/771/771
f 772/772/772 773/773/773 774/774/774
f 775/775/775 776/776/776 777/777/777
f 778/778/778 779/779/779 780/780/780
f 781/781/781 782/782/782 783/783/783
f 784/784/784 785/785/785 786/786/786
f 787/787/787 788/788/788 789/789/789
f 790/790/790 791/791/791 792/792/792
f 793/793/793 794/794/794 795/795/795
f 796/796/796 797/797/797 798/798/798
f 799/799/799 800/800/800 801/801/801
f 802/802/802 803/803/803 804/804/804
f 805/805/805 806/806/806 807/807/807
f 808/808/808 809/809/809 810/810/810
f 811/811/811 812/812/812 813/813/813
f 814/814/814 815/815/815 816/816/816
f 817/817/817 818/818/818 819/819/819
f 820/820/820 821/821/821 822/822/822
f 823/823/823 824/824/824 825/825/825
f 826/826/826 827/827/827 828/828/828
f 829/829/829 830/830/830 831/831/831
f 832/832/832 833/833/833 834/834/834
f 835/835/835 836/836/836 837/837/837
f 838/838/838 839/839/839 840/840/840
f 841/841/841 842/842/842 843/843/843
f 844/844/844 845/845/845 846/846/846
f 847/847/847 848/848/848 849/849/849
f 850/850/850 851/851/851 852/852/852
f 853/853/853 854/854/854 855/855/855
f 856/856/856 857/857/857 858/858/858
f 859/859/859 860/860/860 861/861/861
f 862/862/862 863/863/863 864/864/864
f 865/865/865 866/866/866 867/867/867
f 868/868/868 869/869/869 870/870/870
f 871/871/871 872/872/872 873/873/873
f 874/874/874 875/875/875 876/876/876
f 877/877/877 878/878/878 879/879/879
f 880/880/880 881/881/881 882/882/882
f 883/883/883 884/884/884 885/885/885
f 886/886/886 887/887/887 888/888/888
f 889/889/889 890/890/890 891/891/891
f 892/892/892 893/893/893 894/894/894
f 895/895/895 896/896/896 897/897/897
f 898/898/898 899/899/899 900/900/900
f 901/901/901 902/902/902 903/903/903
f 904/904/904 905/905/905 906/906/906
f 907/907/907 908/908/908 909/909/909
f 910/910/910 911/911/911 912/912/912
f 913/913/913 914/914/914 915/915/915
f 916/916/916 917/917/917 918/918/918
f 919/919/919 920/920/920 921/921/921
f 922/922/922 923/923/923 924/924/924
f 925/925/925 926/926/926 927/927/927
f 928/928/928 929/929/929 930/930/930
f 931/931/931 932/932/932 933/933/933
f 934/934/934 935/935/935 936/936/936
f 937/937/937 938/938/938 939/939/939
f 940/940/940 941/941/941 942/942/942
f 943/943/943 944/944/944 945/945/945
f 946/946/946 947/947/947 948/948/948
f 949/949/949 950/950/950 951/951/951
f 952/952/952 953/953/953 954/954/954
f 955/955/955 956/956/956 957/957/957
f 958/958/958 959/959/959 960/960/960
f 961/961/961 962/962/962 963/963/963
f 964/964/964 965/965/965 966/966/966
f 967/967/967 968/968/968 969/969/969
f 970/970/970 971/971/971 972/972/972
f 973/973/973 974/974/974 975/975/975
f 976/976/976 977/977/977 978/978/978
f 979/979/979 980/980/980 981/981/981
f 982/982/982 983/983/983 984/984/984
f 985/985/985 986/986/986 987/987/987
f 988/988/988 989/989/989 990/990/990
f 991/991/991 992/992/992 993/993/993
f 994/994/994 995/995/995 996/996/996
f 997/997/997 998/998/998 999/999/999
f 1000/1000/1000 1001/1001/1001 1002/1002/1002
f 1003/1003/1003 1004/1004/1004 1005/1005/1005
f 1006/1006/1006 1007/1007/1007 1008/1008/1008
f 1009/1009/1009 1010/1010/1010 1011/1011/1011
f 1012/1012/1012 1013/1013/1013 1014/1014/1014
f 1015/1015/1015 1016/1016/1016 1017/1017/1017
f 1018/1018/1018 1019/1019/1019 1020/1020/1020
f 1021/1021/1021 1022/1022/1022 1023/1023/1023
f 1024/1024/1024 1025/1025/1025 1026/1026/1026
f 1027/1027/1027 1028/1028/1028 1029/1029/1029
f 1030/1030/1030 1031/1031/1031 1032/1032/1032
f 1033/1033/1033 1034/1034/1034 1035/1035/1035
f 1036/1036/1036 1037/1037/1037 1038/1038/1038
f 1039/1039/1039 1040/1040/1040 1041/1041/1041
f 1042/1042/1042 1043/1043/1043 1044/1044/1044
f 1045/1045/1045 1046/1046/1046 1047/1047/1047
f 1048/1048/1048 1049/1049/1049 1050/1050/1050
f 1051/1051/1051 1052/1052/1052 1053/1053/1053
f 1054/1054/1054 1055/1055/1055 1056/1056/1056
f 1057/1057/1057 1058/1058/1058 1059/1059/1059
f 1060/1060/1060 1061/1061/1061 1062/1062/1062
f 1063/1063/1063 1064/1064/1064 1065/1065/1065
f 1066/1066/1066 1067/1067/1067 1068/1068/1068
f 1069/1069/1069 1070/1070/1070 1071/1071/1071
f 1072/1072/1072 1073/1073/1073 1074/1074/1074
f 1075/1075/1075 1076/1076/1076 1077/1077/1077
f 1078/1078/1078 1079/1079/1079 1080/1080/1080
