# Deterministic Story World v3 asset: tree_v3_b
# Triangles: 936
mtllib story_world_v3.mtl
o tree_v3_b
s 1
v 0.000000 0.005682 0.379958
v 0.223302 -0.000411 0.307467
v 0.343302 5.349589 0.227467
v 0.000000 0.005682 0.379958
v 0.343302 5.349589 0.227467
v 0.120000 5.355682 0.299958
v 0.000000 0.000000 0.000000
v 0.223302 -0.000411 0.307467
v 0.000000 0.005682 0.379958
v 0.120000 5.350000 -0.080000
v 0.120000 5.355682 0.299958
v 0.343302 5.349589 0.227467
v 0.223302 -0.000411 0.307467
v 0.361311 -0.006347 0.117534
v 0.481311 5.343653 0.037534
v 0.223302 -0.000411 0.307467
v 0.481311 5.343653 0.037534
v 0.343302 5.349589 0.227467
v 0.000000 0.000000 0.000000
v 0.361311 -0.006347 0.117534
v 0.223302 -0.000411 0.307467
v 0.120000 5.350000 -0.080000
v 0.343302 5.349589 0.227467
v 0.481311 5.343653 0.037534
v 0.361311 -0.006347 0.117534
v 0.361311 -0.009858 -0.117292
v 0.481311 5.340142 -0.197292
v 0.361311 -0.006347 0.117534
v 0.481311 5.340142 -0.197292
v 0.481311 5.343653 0.037534
v 0.000000 0.000000 0.000000
v 0.361311 -0.009858 -0.117292
v 0.361311 -0.006347 0.117534
v 0.120000 5.350000 -0.080000
v 0.481311 5.343653 0.037534
v 0.481311 5.340142 -0.197292
v 0.361311 -0.009858 -0.117292
v 0.223302 -0.009604 -0.307317
v 0.343302 5.340396 -0.387317
v 0.361311 -0.009858 -0.117292
v 0.343302 5.340396 -0.387317
v 0.481311 5.340142 -0.197292
v 0.000000 0.000000 0.000000
v 0.223302 -0.009604 -0.307317
v 0.361311 -0.009858 -0.117292
v 0.120000 5.350000 -0.080000
v 0.481311 5.340142 -0.197292
v 0.343302 5.340396 -0.387317
v 0.223302 -0.009604 -0.307317
v 0.000000 -0.005682 -0.379958
v 0.120000 5.344318 -0.459958
v 0.223302 -0.009604 -0.307317
v 0.120000 5.344318 -0.459958
v 0.343302 5.340396 -0.387317
v 0.000000 0.000000 0.000000
v 0.000000 -0.005682 -0.379958
v 0.223302 -0.009604 -0.307317
v 0.120000 5.350000 -0.080000
v 0.343302 5.340396 -0.387317
v 0.120000 5.344318 -0.459958
v 0.000000 -0.005682 -0.379958
v -0.223302 0.000411 -0.307467
v -0.103302 5.350411 -0.387467
v 0.000000 -0.005682 -0.379958
v -0.103302 5.350411 -0.387467
v 0.120000 5.344318 -0.459958
v 0.000000 0.000000 0.000000
v -0.223302 0.000411 -0.307467
v 0.000000 -0.005682 -0.379958
v 0.120000 5.350000 -0.080000
v 0.120000 5.344318 -0.459958
v -0.103302 5.350411 -0.387467
v -0.223302 0.000411 -0.307467
v -0.361311 0.006347 -0.117534
v -0.241311 5.356347 -0.197534
v -0.223302 0.000411 -0.307467
v -0.241311 5.356347 -0.197534
v -0.103302 5.350411 -0.387467
v 0.000000 0.000000 0.000000
v -0.361311 0.006347 -0.117534
v -0.223302 0.000411 -0.307467
v 0.120000 5.350000 -0.080000
v -0.103302 5.350411 -0.387467
v -0.241311 5.356347 -0.197534
v -0.361311 0.006347 -0.117534
v -0.361311 0.009858 0.117292
v -0.241311 5.359858 0.037292
v -0.361311 0.006347 -0.117534
v -0.241311 5.359858 0.037292
v -0.241311 5.356347 -0.197534
v 0.000000 0.000000 0.000000
v -0.361311 0.009858 0.117292
v -0.361311 0.006347 -0.117534
v 0.120000 5.350000 -0.080000
v -0.241311 5.356347 -0.197534
v -0.241311 5.359858 0.037292
v -0.361311 0.009858 0.117292
v -0.223302 0.009604 0.307317
v -0.103302 5.359604 0.227317
v -0.361311 0.009858 0.117292
v -0.103302 5.359604 0.227317
v -0.241311 5.359858 0.037292
v 0.000000 0.000000 0.000000
v -0.223302 0.009604 0.307317
v -0.361311 0.009858 0.117292
v 0.120000 5.350000 -0.080000
v -0.241311 5.359858 0.037292
v -0.103302 5.359604 0.227317
v -0.223302 0.009604 0.307317
v 0.000000 0.005682 0.379958
v 0.120000 5.355682 0.299958
v -0.223302 0.009604 0.307317
v 0.120000 5.355682 0.299958
v -0.103302 5.359604 0.227317
v 0.000000 0.000000 0.000000
v 0.000000 0.005682 0.379958
v -0.223302 0.009604 0.307317
v 0.120000 5.350000 -0.080000
v -0.103302 5.359604 0.227317
v 0.120000 5.355682 0.299958
v -0.080700 2.900000 0.161120
v 0.041518 2.978063 0.171881
v -1.078482 4.828063 -0.528119
v -0.080700 2.900000 0.161120
v -1.078482 4.828063 -0.528119
v -1.200700 4.750000 -0.538880
v 0.020000 2.900000 0.000000
v 0.041518 2.978063 0.171881
v -0.080700 2.900000 0.161120
v -1.100000 4.750000 -0.700000
v -1.200700 4.750000 -0.538880
v -1.078482 4.828063 -0.528119
v 0.041518 2.978063 0.171881
v 0.151131 3.010398 0.081957
v -0.968869 4.860398 -0.618043
v 0.041518 2.978063 0.171881
v -0.968869 4.860398 -0.618043
v -1.078482 4.828063 -0.528119
v 0.020000 2.900000 0.000000
v 0.151131 3.010398 0.081957
v 0.041518 2.978063 0.171881
v -1.100000 4.750000 -0.700000
v -1.078482 4.828063 -0.528119
v -0.968869 4.860398 -0.618043
v 0.151131 3.010398 0.081957
v 0.183929 2.978063 -0.055977
v -0.936071 4.828063 -0.755977
v 0.151131 3.010398 0.081957
v -0.936071 4.828063 -0.755977
v -0.968869 4.860398 -0.618043
v 0.020000 2.900000 0.000000
v 0.183929 2.978063 -0.055977
v 0.151131 3.010398 0.081957
v -1.100000 4.750000 -0.700000
v -0.968869 4.860398 -0.618043
v -0.936071 4.828063 -0.755977
v 0.183929 2.978063 -0.055977
v 0.120700 2.900000 -0.161120
v -0.999300 4.750000 -0.861120
v 0.183929 2.978063 -0.055977
v -0.999300 4.750000 -0.861120
v -0.936071 4.828063 -0.755977
v 0.020000 2.900000 0.000000
v 0.120700 2.900000 -0.161120
v 0.183929 2.978063 -0.055977
v -1.100000 4.750000 -0.700000
v -0.936071 4.828063 -0.755977
v -0.999300 4.750000 -0.861120
v 0.120700 2.900000 -0.161120
v -0.001518 2.821937 -0.171881
v -1.121518 4.671937 -0.871881
v 0.120700 2.900000 -0.161120
v -1.121518 4.671937 -0.871881
v -0.999300 4.750000 -0.861120
v 0.020000 2.900000 0.000000
v -0.001518 2.821937 -0.171881
v 0.120700 2.900000 -0.161120
v -1.100000 4.750000 -0.700000
v -0.999300 4.750000 -0.861120
v -1.121518 4.671937 -0.871881
v -0.001518 2.821937 -0.171881
v -0.111131 2.789602 -0.081957
v -1.231131 4.639602 -0.781957
v -0.001518 2.821937 -0.171881
v -1.231131 4.639602 -0.781957
v -1.121518 4.671937 -0.871881
v 0.020000 2.900000 0.000000
v -0.111131 2.789602 -0.081957
v -0.001518 2.821937 -0.171881
v -1.100000 4.750000 -0.700000
v -1.121518 4.671937 -0.871881
v -1.231131 4.639602 -0.781957
v -0.111131 2.789602 -0.081957
v -0.143929 2.821937 0.055977
v -1.263929 4.671937 -0.644023
v -0.111131 2.789602 -0.081957
v -1.263929 4.671937 -0.644023
v -1.231131 4.639602 -0.781957
v 0.020000 2.900000 0.000000
v -0.143929 2.821937 0.055977
v -0.111131 2.789602 -0.081957
v -1.100000 4.750000 -0.700000
v -1.231131 4.639602 -0.781957
v -1.263929 4.671937 -0.644023
v -0.143929 2.821937 0.055977
v -0.080700 2.900000 0.161120
v -1.200700 4.750000 -0.538880
v -0.143929 2.821937 0.055977
v -1.200700 4.750000 -0.538880
v -1.263929 4.671937 -0.644023
v 0.020000 2.900000 0.000000
v -0.080700 2.900000 0.161120
v -0.143929 2.821937 0.055977
v -1.100000 4.750000 -0.700000
v -1.263929 4.671937 -0.644023
v -1.200700 4.750000 -0.538880
v 0.145540 3.300000 -0.169655
v 0.025046 3.381398 -0.168085
v 1.215046 5.131398 0.431915
v 0.145540 3.300000 -0.169655
v 1.215046 5.131398 0.431915
v 1.335540 5.050000 0.430345
v 0.060000 3.300000 0.000000
v 0.025046 3.381398 -0.168085
v 0.145540 3.300000 -0.169655
v 1.250000 5.050000 0.600000
v 1.335540 5.050000 0.430345
v 1.215046 5.131398 0.431915
v 0.025046 3.381398 -0.168085
v -0.074972 3.415114 -0.068053
v 1.115028 5.165114 0.531947
v 0.025046 3.381398 -0.168085
v 1.115028 5.165114 0.531947
v 1.215046 5.131398 0.431915
v 0.060000 3.300000 0.000000
v -0.074972 3.415114 -0.068053
v 0.025046 3.381398 -0.168085
v 1.250000 5.050000 0.600000
v 1.215046 5.131398 0.431915
v 1.115028 5.165114 0.531947
v -0.074972 3.415114 -0.068053
v -0.095926 3.381398 0.071843
v 1.094074 5.131398 0.671843
v -0.074972 3.415114 -0.068053
v 1.094074 5.131398 0.671843
v 1.115028 5.165114 0.531947
v 0.060000 3.300000 0.000000
v -0.095926 3.381398 0.071843
v -0.074972 3.415114 -0.068053
v 1.250000 5.050000 0.600000
v 1.115028 5.165114 0.531947
v 1.094074 5.131398 0.671843
v -0.095926 3.381398 0.071843
v -0.025540 3.300000 0.169655
v 1.164460 5.050000 0.769655
v -0.095926 3.381398 0.071843
v 1.164460 5.050000 0.769655
v 1.094074 5.131398 0.671843
v 0.060000 3.300000 0.000000
v -0.025540 3.300000 0.169655
v -0.095926 3.381398 0.071843
v 1.250000 5.050000 0.600000
v 1.094074 5.131398 0.671843
v 1.164460 5.050000 0.769655
v -0.025540 3.300000 0.169655
v 0.094954 3.218602 0.168085
v 1.284954 4.968602 0.768085
v -0.025540 3.300000 0.169655
v 1.284954 4.968602 0.768085
v 1.164460 5.050000 0.769655
v 0.060000 3.300000 0.000000
v 0.094954 3.218602 0.168085
v -0.025540 3.300000 0.169655
v 1.250000 5.050000 0.600000
v 1.164460 5.050000 0.769655
v 1.284954 4.968602 0.768085
v 0.094954 3.218602 0.168085
v 0.194972 3.184886 0.068053
v 1.384972 4.934886 0.668053
v 0.094954 3.218602 0.168085
v 1.384972 4.934886 0.668053
v 1.284954 4.968602 0.768085
v 0.060000 3.300000 0.000000
v 0.194972 3.184886 0.068053
v 0.094954 3.218602 0.168085
v 1.250000 5.050000 0.600000
v 1.284954 4.968602 0.768085
v 1.384972 4.934886 0.668053
v 0.194972 3.184886 0.068053
v 0.215926 3.218602 -0.071843
v 1.405926 4.968602 0.528157
v 0.194972 3.184886 0.068053
v 1.405926 4.968602 0.528157
v 1.384972 4.934886 0.668053
v 0.060000 3.300000 0.000000
v 0.215926 3.218602 -0.071843
v 0.194972 3.184886 0.068053
v 1.250000 5.050000 0.600000
v 1.384972 4.934886 0.668053
v 1.405926 4.968602 0.528157
v 0.215926 3.218602 -0.071843
v 0.145540 3.300000 -0.169655
v 1.335540 5.050000 0.430345
v 0.215926 3.218602 -0.071843
v 1.335540 5.050000 0.430345
v 1.405926 4.968602 0.528157
v 0.060000 3.300000 0.000000
v 0.145540 3.300000 -0.169655
v 0.215926 3.218602 -0.071843
v 1.250000 5.050000 0.600000
v 1.405926 4.968602 0.528157
v 1.335540 5.050000 0.430345
v 0.050000 3.790737 0.185581
v 0.180693 3.748395 0.137901
v 0.680693 5.798395 -0.312099
v 0.050000 3.790737 0.185581
v 0.680693 5.798395 -0.312099
v 0.550000 5.840737 -0.264419
v 0.050000 3.750000 0.000000
v 0.180693 3.748395 0.137901
v 0.050000 3.790737 0.185581
v 0.550000 5.800000 -0.450000
v 0.550000 5.840737 -0.264419
v 0.680693 5.798395 -0.312099
v 0.180693 3.748395 0.137901
v 0.234828 3.706992 0.009441
v 0.734828 5.756992 -0.440559
v 0.180693 3.748395 0.137901
v 0.734828 5.756992 -0.440559
v 0.680693 5.798395 -0.312099
v 0.050000 3.750000 0.000000
v 0.234828 3.706992 0.009441
v 0.180693 3.748395 0.137901
v 0.550000 5.800000 -0.450000
v 0.680693 5.798395 -0.312099
v 0.734828 5.756992 -0.440559
v 0.234828 3.706992 0.009441
v 0.180693 3.690783 -0.124550
v 0.680693 5.740783 -0.574550
v 0.234828 3.706992 0.009441
v 0.680693 5.740783 -0.574550
v 0.734828 5.756992 -0.440559
v 0.050000 3.750000 0.000000
v 0.180693 3.690783 -0.124550
v 0.234828 3.706992 0.009441
v 0.550000 5.800000 -0.450000
v 0.734828 5.756992 -0.440559
v 0.680693 5.740783 -0.574550
v 0.180693 3.690783 -0.124550
v 0.050000 3.709263 -0.185581
v 0.550000 5.759263 -0.635581
v 0.180693 3.690783 -0.124550
v 0.550000 5.759263 -0.635581
v 0.680693 5.740783 -0.574550
v 0.050000 3.750000 0.000000
v 0.050000 3.709263 -0.185581
v 0.180693 3.690783 -0.124550
v 0.550000 5.800000 -0.450000
v 0.680693 5.740783 -0.574550
v 0.550000 5.759263 -0.635581
v 0.050000 3.709263 -0.185581
v -0.080693 3.751605 -0.137901
v 0.419307 5.801605 -0.587901
v 0.050000 3.709263 -0.185581
v 0.419307 5.801605 -0.587901
v 0.550000 5.759263 -0.635581
v 0.050000 3.750000 0.000000
v -0.080693 3.751605 -0.137901
v 0.050000 3.709263 -0.185581
v 0.550000 5.800000 -0.450000
v 0.550000 5.759263 -0.635581
v 0.419307 5.801605 -0.587901
v -0.080693 3.751605 -0.137901
v -0.134828 3.793008 -0.009441
v 0.365172 5.843008 -0.459441
v -0.080693 3.751605 -0.137901
v 0.365172 5.843008 -0.459441
v 0.419307 5.801605 -0.587901
v 0.050000 3.750000 0.000000
v -0.134828 3.793008 -0.009441
v -0.080693 3.751605 -0.137901
v 0.550000 5.800000 -0.450000
v 0.419307 5.801605 -0.587901
v 0.365172 5.843008 -0.459441
v -0.134828 3.793008 -0.009441
v -0.080693 3.809217 0.124550
v 0.419307 5.859217 -0.325450
v -0.134828 3.793008 -0.009441
v 0.419307 5.859217 -0.325450
v 0.365172 5.843008 -0.459441
v 0.050000 3.750000 0.000000
v -0.080693 3.809217 0.124550
v -0.134828 3.793008 -0.009441
v 0.550000 5.800000 -0.450000
v 0.365172 5.843008 -0.459441
v 0.419307 5.859217 -0.325450
v -0.080693 3.809217 0.124550
v 0.050000 3.790737 0.185581
v 0.550000 5.840737 -0.264419
v -0.080693 3.809217 0.124550
v 0.550000 5.840737 -0.264419
v 0.419307 5.859217 -0.325450
v 0.050000 3.750000 0.000000
v 0.050000 3.790737 0.185581
v -0.080693 3.809217 0.124550
v 0.550000 5.800000 -0.450000
v 0.419307 5.859217 -0.325450
v 0.550000 5.840737 -0.264419
v 0.156893 4.000000 0.131759
v 0.192537 4.078240 0.014478
v -0.577463 5.628240 0.814478
v 0.156893 4.000000 0.131759
v -0.577463 5.628240 0.814478
v -0.613107 5.550000 0.931759
v 0.020000 4.000000 0.000000
v 0.192537 4.078240 0.014478
v 0.156893 4.000000 0.131759
v -0.750000 5.550000 0.800000
v -0.613107 5.550000 0.931759
v -0.577463 5.628240 0.814478
v 0.192537 4.078240 0.014478
v 0.127111 4.110647 -0.111285
v -0.642889 5.660647 0.688715
v 0.192537 4.078240 0.014478
v -0.642889 5.660647 0.688715
v -0.577463 5.628240 0.814478
v 0.020000 4.000000 0.000000
v 0.127111 4.110647 -0.111285
v 0.192537 4.078240 0.014478
v -0.750000 5.550000 0.800000
v -0.577463 5.628240 0.814478
v -0.642889 5.660647 0.688715
v 0.127111 4.110647 -0.111285
v -0.001058 4.078240 -0.171858
v -0.771058 5.628240 0.628142
v 0.127111 4.110647 -0.111285
v -0.771058 5.628240 0.628142
v -0.642889 5.660647 0.688715
v 0.020000 4.000000 0.000000
v -0.001058 4.078240 -0.171858
v 0.127111 4.110647 -0.111285
v -0.750000 5.550000 0.800000
v -0.642889 5.660647 0.688715
v -0.771058 5.628240 0.628142
v -0.001058 4.078240 -0.171858
v -0.116893 4.000000 -0.131759
v -0.886893 5.550000 0.668241
v -0.001058 4.078240 -0.171858
v -0.886893 5.550000 0.668241
v -0.771058 5.628240 0.628142
v 0.020000 4.000000 0.000000
v -0.116893 4.000000 -0.131759
v -0.001058 4.078240 -0.171858
v -0.750000 5.550000 0.800000
v -0.771058 5.628240 0.628142
v -0.886893 5.550000 0.668241
v -0.116893 4.000000 -0.131759
v -0.152537 3.921760 -0.014478
v -0.922537 5.471760 0.785522
v -0.116893 4.000000 -0.131759
v -0.922537 5.471760 0.785522
v -0.886893 5.550000 0.668241
v 0.020000 4.000000 0.000000
v -0.152537 3.921760 -0.014478
v -0.116893 4.000000 -0.131759
v -0.750000 5.550000 0.800000
v -0.886893 5.550000 0.668241
v -0.922537 5.471760 0.785522
v -0.152537 3.921760 -0.014478
v -0.087111 3.889353 0.111285
v -0.857111 5.439353 0.911285
v -0.152537 3.921760 -0.014478
v -0.857111 5.439353 0.911285
v -0.922537 5.471760 0.785522
v 0.020000 4.000000 0.000000
v -0.087111 3.889353 0.111285
v -0.152537 3.921760 -0.014478
v -0.750000 5.550000 0.800000
v -0.922537 5.471760 0.785522
v -0.857111 5.439353 0.911285
v -0.087111 3.889353 0.111285
v 0.041058 3.921760 0.171858
v -0.728942 5.471760 0.971858
v -0.087111 3.889353 0.111285
v -0.728942 5.471760 0.971858
v -0.857111 5.439353 0.911285
v 0.020000 4.000000 0.000000
v 0.041058 3.921760 0.171858
v -0.087111 3.889353 0.111285
v -0.750000 5.550000 0.800000
v -0.857111 5.439353 0.911285
v -0.728942 5.471760 0.971858
v 0.041058 3.921760 0.171858
v 0.156893 4.000000 0.131759
v -0.613107 5.550000 0.931759
v 0.041058 3.921760 0.171858
v -0.613107 5.550000 0.931759
v -0.728942 5.471760 0.971858
v 0.020000 4.000000 0.000000
v 0.156893 4.000000 0.131759
v 0.041058 3.921760 0.171858
v -0.750000 5.550000 0.800000
v -0.728942 5.471760 0.971858
v -0.613107 5.550000 0.931759
v 0.200000 8.146270 0.000000
v 1.073474 7.917051 0.000000
v 0.906975 7.999194 0.435383
v 0.200000 8.146270 0.000000
v 0.906975 7.999194 0.435383
v 0.200000 8.018460 0.000000
v 0.200000 8.018460 0.000000
v 0.906975 7.999194 0.435383
v 0.641136 7.909996 0.815008
v 0.200000 8.018460 0.000000
v 0.641136 7.909996 0.815008
v 0.200000 8.159141 0.000000
v 0.200000 8.159141 0.000000
v 0.641136 7.909996 0.815008
v 0.200000 7.992143 0.918029
v 0.200000 8.159141 0.000000
v 0.200000 7.992143 0.918029
v 0.200000 8.072740 0.000000
v 0.200000 8.072740 0.000000
v 0.200000 7.992143 0.918029
v -0.193869 7.902948 0.727681
v 0.200000 8.072740 0.000000
v -0.193869 7.902948 0.727681
v 0.200000 8.161932 0.000000
v 0.200000 8.161932 0.000000
v -0.193869 7.902948 0.727681
v -0.493308 7.985089 0.426967
v 0.200000 8.161932 0.000000
v -0.493308 7.985089 0.426967
v 0.200000 8.075541 0.000000
v 0.200000 8.075541 0.000000
v -0.493308 7.985089 0.426967
v -0.664338 7.895894 0.000000
v 0.200000 8.075541 0.000000
v -0.664338 7.895894 0.000000
v 0.200000 8.133715 0.000000
v 0.200000 8.133715 0.000000
v -0.664338 7.895894 0.000000
v -0.530747 7.978044 -0.450023
v 0.200000 8.133715 0.000000
v -0.530747 7.978044 -0.450023
v 0.200000 8.047157 0.000000
v 0.200000 8.047157 0.000000
v -0.530747 7.978044 -0.450023
v -0.253785 7.888841 -0.838377
v 0.200000 8.047157 0.000000
v -0.253785 7.888841 -0.838377
v 0.200000 8.136192 0.000000
v 0.200000 8.136192 0.000000
v -0.253785 7.888841 -0.838377
v 0.200000 7.970991 -0.908274
v 0.200000 8.136192 0.000000
v 0.200000 7.970991 -0.908274
v 0.200000 8.049959 0.000000
v 0.200000 8.049959 0.000000
v 0.200000 7.970991 -0.908274
v 0.589296 8.033038 -0.719233
v 0.200000 8.049959 0.000000
v 0.589296 8.033038 -0.719233
v 0.200000 8.024346 0.000000
v 0.200000 8.024346 0.000000
v 0.589296 8.033038 -0.719233
v 0.974868 7.962746 -0.477195
v 0.200000 8.024346 0.000000
v 0.974868 7.962746 -0.477195
v 0.200000 8.061698 0.000000
v 0.200000 8.061698 0.000000
v 0.974868 7.962746 -0.477195
v 1.014292 8.025987 -0.000000
v 0.200000 8.061698 0.000000
v 1.014292 8.025987 -0.000000
v 0.200000 8.026823 0.000000
v 1.073474 7.917051 0.000000
v 1.672787 7.554279 0.000000
v 1.621590 7.653769 0.875472
v 1.073474 7.917051 0.000000
v 1.621590 7.653769 0.875472
v 0.906975 7.999194 0.435383
v 0.906975 7.999194 0.435383
v 1.621590 7.653769 0.875472
v 0.960338 7.548853 1.404740
v 0.906975 7.999194 0.435383
v 0.960338 7.548853 1.404740
v 0.641136 7.909996 0.815008
v 0.641136 7.909996 0.815008
v 0.960338 7.548853 1.404740
v 0.200000 7.619062 1.528892
v 0.641136 7.909996 0.815008
v 0.200000 7.619062 1.528892
v 0.200000 7.992143 0.918029
v 0.200000 7.992143 0.918029
v 0.200000 7.619062 1.528892
v -0.584538 7.550496 1.449451
v 0.200000 7.992143 0.918029
v -0.584538 7.550496 1.449451
v -0.193869 7.902948 0.727681
v -0.193869 7.902948 0.727681
v -0.584538 7.550496 1.449451
v -1.193027 7.606115 0.857882
v -0.193869 7.902948 0.727681
v -1.193027 7.606115 0.857882
v -0.493308 7.985089 0.426967
v -0.493308 7.985089 0.426967
v -1.193027 7.606115 0.857882
v -1.287689 7.574123 0.000000
v -0.493308 7.985089 0.426967
v -1.287689 7.574123 0.000000
v -0.664338 7.895894 0.000000
v -0.664338 7.895894 0.000000
v -1.287689 7.574123 0.000000
v -1.234491 7.629860 -0.883417
v -0.664338 7.895894 0.000000
v -1.234491 7.629860 -0.883417
v -0.530747 7.978044 -0.450023
v -0.530747 7.978044 -0.450023
v -1.234491 7.629860 -0.883417
v -0.567799 7.561405 -1.418525
v -0.530747 7.978044 -0.450023
v -0.567799 7.561405 -1.418525
v -0.253785 7.888841 -0.838377
v -0.253785 7.888841 -0.838377
v -0.567799 7.561405 -1.418525
v 0.200000 7.631496 -1.544813
v -0.253785 7.888841 -0.838377
v 0.200000 7.631496 -1.544813
v 0.200000 7.970991 -0.908274
v 0.200000 7.970991 -0.908274
v 0.200000 7.631496 -1.544813
v 0.991985 7.644167 -1.463209
v 0.200000 7.970991 -0.908274
v 0.991985 7.644167 -1.463209
v 0.589296 8.033038 -0.719233
v 0.589296 8.033038 -0.719233
v 0.991985 7.644167 -1.463209
v 1.495693 7.626870 -0.797940
v 0.589296 8.033038 -0.719233
v 1.495693 7.626870 -0.797940
v 0.974868 7.962746 -0.477195
v 0.974868 7.962746 -0.477195
v 1.495693 7.626870 -0.797940
v 1.845799 7.646033 -0.000000
v 0.974868 7.962746 -0.477195
v 1.845799 7.646033 -0.000000
v 1.014292 8.025987 -0.000000
v 1.672787 7.554279 0.000000
v 2.282892 7.069413 0.000000
v 1.920183 7.079698 1.059358
v 1.672787 7.554279 0.000000
v 1.920183 7.079698 1.059358
v 1.621590 7.653769 0.875472
v 1.621590 7.653769 0.875472
v 1.920183 7.079698 1.059358
v 1.272731 7.074339 1.981894
v 1.621590 7.653769 0.875472
v 1.272731 7.074339 1.981894
v 0.960338 7.548853 1.404740
v 0.960338 7.548853 1.404740
v 1.272731 7.074339 1.981894
v 0.200000 7.100470 2.188734
v 0.960338 7.548853 1.404740
v 0.200000 7.100470 2.188734
v 0.200000 7.619062 1.528892
v 0.200000 7.619062 1.528892
v 0.200000 7.100470 2.188734
v -0.737952 7.071213 1.732886
v 0.200000 7.619062 1.528892
v -0.737952 7.071213 1.732886
v -0.584538 7.550496 1.449451
v -0.584538 7.550496 1.449451
v -0.737952 7.071213 1.732886
v -1.487400 7.105242 1.039169
v -0.584538 7.550496 1.449451
v -1.487400 7.105242 1.039169
v -1.193027 7.606115 0.857882
v -1.193027 7.606115 0.857882
v -1.487400 7.105242 1.039169
v -1.902165 7.060415 0.000000
v -1.193027 7.606115 0.857882
v -1.902165 7.060415 0.000000
v -1.287689 7.574123 0.000000
v -1.287689 7.574123 0.000000
v -1.902165 7.060415 0.000000
v -1.541572 7.094381 -1.072530
v -1.287689 7.574123 0.000000
v -1.541572 7.094381 -1.072530
v -1.234491 7.629860 -0.883417
v -1.234491 7.629860 -0.883417
v -1.541572 7.094381 -1.072530
v -0.882481 7.065310 -1.999906
v -1.234491 7.629860 -0.883417
v -0.882481 7.065310 -1.999906
v -0.567799 7.561405 -1.418525
v -0.567799 7.561405 -1.418525
v -0.882481 7.065310 -1.999906
v 0.200000 7.091506 -2.209528
v -0.567799 7.561405 -1.418525
v 0.200000 7.091506 -2.209528
v 0.200000 7.631496 -1.544813
v 0.200000 7.631496 -1.544813
v 0.200000 7.091506 -2.209528
v 1.147700 7.086391 -1.750895
v 0.200000 7.631496 -1.544813
v 1.147700 7.086391 -1.750895
v 0.991985 7.644167 -1.463209
v 0.991985 7.644167 -1.463209
v 1.147700 7.086391 -1.750895
v 2.048090 7.096738 -1.138128
v 0.991985 7.644167 -1.463209
v 2.048090 7.096738 -1.138128
v 1.495693 7.626870 -0.797940
v 1.495693 7.626870 -0.797940
v 2.048090 7.096738 -1.138128
v 2.191737 7.083392 -0.000000
v 1.495693 7.626870 -0.797940
v 2.191737 7.083392 -0.000000
v 1.845799 7.646033 -0.000000
v 2.282892 7.069413 0.000000
v 2.345195 6.450000 0.000000
v 2.166321 6.450000 1.210940
v 2.282892 7.069413 0.000000
v 2.166321 6.450000 1.210940
v 1.920183 7.079698 1.059358
v 1.920183 7.079698 1.059358
v 2.166321 6.450000 1.210940
v 1.238565 6.450000 1.918770
v 1.920183 7.079698 1.059358
v 1.238565 6.450000 1.918770
v 1.272731 7.074339 1.981894
v 1.272731 7.074339 1.981894
v 1.238565 6.450000 1.918770
v 0.200000 6.450000 2.347760
v 1.272731 7.074339 1.981894
v 0.200000 6.450000 2.347760
v 0.200000 7.100470 2.188734
v 0.200000 7.100470 2.188734
v 0.200000 6.450000 2.347760
v -0.985244 6.450000 2.189763
v 0.200000 7.100470 2.188734
v -0.985244 6.450000 2.189763
v -0.737952 7.071213 1.732886
v -0.737952 7.071213 1.732886
v -0.985244 6.450000 2.189763
v -1.804555 6.450000 1.234486
v -0.737952 7.071213 1.732886
v -1.804555 6.450000 1.234486
v -1.487400 7.105242 1.039169
v -1.487400 7.105242 1.039169
v -1.804555 6.450000 1.234486
v -1.921006 6.450000 0.000000
v -1.487400 7.105242 1.039169
v -1.921006 6.450000 0.000000
v -1.902165 7.060415 0.000000
v -1.902165 7.060415 0.000000
v -1.921006 6.450000 0.000000
v -1.745597 6.450000 -1.198177
v -1.902165 7.060415 0.000000
v -1.745597 6.450000 -1.198177
v -1.541572 7.094381 -1.072530
v -1.541572 7.094381 -1.072530
v -1.745597 6.450000 -1.198177
v -0.826615 6.450000 -1.896692
v -1.541572 7.094381 -1.072530
v -0.826615 6.450000 -1.896692
v -0.882481 7.065310 -1.999906
v -0.882481 7.065310 -1.999906
v -0.826615 6.450000 -1.896692
v 0.200000 6.450000 -2.322274
v -0.882481 7.065310 -1.999906
v 0.200000 6.450000 -2.322274
v 0.200000 7.091506 -2.209528
v 0.200000 7.091506 -2.209528
v 0.200000 6.450000 -2.322274
v 1.373276 6.450000 -2.167651
v 0.200000 7.091506 -2.209528
v 1.373276 6.450000 -2.167651
v 1.147700 7.086391 -1.750895
v 1.147700 7.086391 -1.750895
v 1.373276 6.450000 -2.167651
v 2.027706 6.450000 -1.125575
v 1.147700 7.086391 -1.750895
v 2.027706 6.450000 -1.125575
v 2.048090 7.096738 -1.138128
v 2.048090 7.096738 -1.138128
v 2.027706 6.450000 -1.125575
v 2.465854 6.450000 -0.000000
v 2.048090 7.096738 -1.138128
v 2.465854 6.450000 -0.000000
v 2.191737 7.083392 -0.000000
v 2.345195 6.450000 0.000000
v 2.298612 5.818947 0.000000
v 1.915438 5.832192 1.056436
v 2.345195 6.450000 0.000000
v 1.915438 5.832192 1.056436
v 2.166321 6.450000 1.210940
v 2.166321 6.450000 1.210940
v 1.915438 5.832192 1.056436
v 1.280383 5.821884 1.996031
v 2.166321 6.450000 1.210940
v 1.280383 5.821884 1.996031
v 1.238565 6.450000 1.918770
v 1.238565 6.450000 1.918770
v 1.280383 5.821884 1.996031
v 0.200000 5.850976 2.182803
v 1.238565 6.450000 1.918770
v 0.200000 5.850976 2.182803
v 0.200000 6.450000 2.347760
v 0.200000 6.450000 2.347760
v 0.200000 5.850976 2.182803
v -0.745566 5.824694 1.746953
v 0.200000 6.450000 2.347760
v -0.745566 5.824694 1.746953
v -0.985244 6.450000 2.189763
v -0.985244 6.450000 2.189763
v -0.745566 5.824694 1.746953
v -1.482998 5.853790 1.036458
v -0.985244 6.450000 2.189763
v -1.482998 5.853790 1.036458
v -1.804555 6.450000 1.234486
v -1.804555 6.450000 1.234486
v -1.482998 5.853790 1.036458
v -1.918275 5.811907 0.000000
v -1.804555 6.450000 1.234486
v -1.918275 5.811907 0.000000
v -1.921006 6.450000 0.000000
v -1.921006 6.450000 0.000000
v -1.918275 5.811907 0.000000
v -1.536823 5.840940 -1.069606
v -1.921006 6.450000 0.000000
v -1.536823 5.840940 -1.069606
v -1.745597 6.450000 -1.198177
v -1.745597 6.450000 -1.198177
v -1.536823 5.840940 -1.069606
v -0.890130 5.814844 -2.014038
v -1.745597 6.450000 -1.198177
v -0.890130 5.814844 -2.014038
v -0.826615 6.450000 -1.896692
v -0.826615 6.450000 -1.896692
v -0.890130 5.814844 -2.014038
v 0.200000 5.844000 -2.203603
v -0.826615 6.450000 -1.896692
v 0.200000 5.844000 -2.203603
v 0.200000 6.450000 -2.322274
v 0.200000 6.450000 -2.322274
v 0.200000 5.844000 -2.203603
v 1.155316 5.833443 -1.764966
v 0.200000 6.450000 -2.322274
v 1.155316 5.833443 -1.764966
v 1.373276 6.450000 -2.167651
v 1.373276 6.450000 -2.167651
v 1.155316 5.833443 -1.764966
v 2.044048 5.846750 -1.135639
v 1.373276 6.450000 -2.167651
v 2.044048 5.846750 -1.135639
v 2.027706 6.450000 -1.125575
v 2.027706 6.450000 -1.125575
v 2.044048 5.846750 -1.135639
v 2.176676 5.836379 -0.000000
v 2.027706 6.450000 -1.125575
v 2.176676 5.836379 -0.000000
v 2.465854 6.450000 -0.000000
v 2.298612 5.818947 0.000000
v 1.697098 5.243723 0.000000
v 1.600650 5.348683 0.862577
v 2.298612 5.818947 0.000000
v 1.600650 5.348683 0.862577
v 1.915438 5.832192 1.056436
v 1.915438 5.832192 1.056436
v 1.600650 5.348683 0.862577
v 0.940794 5.249207 1.368632
v 1.915438 5.832192 1.056436
v 0.940794 5.249207 1.368632
v 1.280383 5.821884 1.996031
v 1.280383 5.821884 1.996031
v 0.940794 5.249207 1.368632
v 0.200000 5.295716 1.639548
v 1.280383 5.821884 1.996031
v 0.200000 5.295716 1.639548
v 0.200000 5.850976 2.182803
v 0.200000 5.850976 2.182803
v 0.200000 5.295716 1.639548
v -0.627947 5.247225 1.529650
v 0.200000 5.850976 2.182803
v -0.627947 5.247225 1.529650
v -0.745566 5.824694 1.746953
v -0.745566 5.824694 1.746953
v -0.627947 5.247225 1.529650
v -1.226979 5.308321 0.878791
v -0.745566 5.824694 1.746953
v -1.226979 5.308321 0.878791
v -1.482998 5.853790 1.036458
v -1.482998 5.853790 1.036458
v -1.226979 5.308321 0.878791
v -1.312120 5.252595 0.000000
v -1.482998 5.853790 1.036458
v -1.312120 5.252595 0.000000
v -1.918275 5.811907 0.000000
v -1.918275 5.811907 0.000000
v -1.312120 5.252595 0.000000
v -1.158443 5.313799 -0.836584
v -1.918275 5.811907 0.000000
v -1.158443 5.313799 -0.836584
v -1.536823 5.840940 -1.069606
v -1.536823 5.840940 -1.069606
v -1.158443 5.313799 -0.836584
v -0.516429 5.265427 -1.323617
v -1.536823 5.840940 -1.069606
v -0.516429 5.265427 -1.323617
v -0.890130 5.814844 -2.014038
v -0.890130 5.814844 -2.014038
v -0.516429 5.265427 -1.323617
v 0.200000 5.311819 -1.655448
v -0.890130 5.814844 -2.014038
v 0.200000 5.311819 -1.655448
v 0.200000 5.844000 -2.203603
v 0.200000 5.844000 -2.203603
v 0.200000 5.311819 -1.655448
v 1.035400 5.329019 -1.543420
v 0.200000 5.844000 -2.203603
v 1.035400 5.329019 -1.543420
v 1.155316 5.833443 -1.764966
v 1.155316 5.833443 -1.764966
v 1.035400 5.329019 -1.543420
v 1.474661 5.317190 -0.784988
v 1.155316 5.833443 -1.764966
v 1.474661 5.317190 -0.784988
v 2.044048 5.846750 -1.135639
v 2.044048 5.846750 -1.135639
v 1.474661 5.317190 -0.784988
v 1.822490 5.327266 -0.000000
v 2.044048 5.846750 -1.135639
v 1.822490 5.327266 -0.000000
v 2.176676 5.836379 -0.000000
v 1.697098 5.243723 0.000000
v 1.093002 4.897786 0.000000
v 0.886280 4.987152 0.422639
v 1.697098 5.243723 0.000000
v 0.886280 4.987152 0.422639
v 1.600650 5.348683 0.862577
v 1.600650 5.348683 0.862577
v 0.886280 4.987152 0.422639
v 0.633492 4.885784 0.800885
v 1.600650 5.348683 0.862577
v 0.633492 4.885784 0.800885
v 0.940794 5.249207 1.368632
v 0.940794 5.249207 1.368632
v 0.633492 4.885784 0.800885
v 0.200000 4.975148 0.966195
v 0.940794 5.249207 1.368632
v 0.200000 4.975148 0.966195
v 0.200000 5.295716 1.639548
v 0.200000 5.295716 1.639548
v 0.200000 4.975148 0.966195
v -0.220752 4.892838 0.777348
v 0.200000 5.295716 1.639548
v -0.220752 4.892838 0.777348
v -0.627947 5.247225 1.529650
v -0.627947 5.247225 1.529650
v -0.220752 4.892838 0.777348
v -0.502757 4.963147 0.432786
v -0.627947 5.247225 1.529650
v -0.502757 4.963147 0.432786
v -1.226979 5.308321 0.878791
v -1.226979 5.308321 0.878791
v -0.502757 4.963147 0.432786
v -0.683825 4.880837 0.000000
v -1.226979 5.308321 0.878791
v -0.683825 4.880837 0.000000
v -1.312120 5.252595 0.000000
v -1.312120 5.252595 0.000000
v -0.683825 4.880837 0.000000
v -0.480223 4.951150 -0.418909
v -1.312120 5.252595 0.000000
v -0.480223 4.951150 -0.418909
v -1.158443 5.313799 -0.836584
v -1.158443 5.313799 -0.836584
v -0.480223 4.951150 -0.418909
v -0.228919 4.868834 -0.792438
v -1.158443 5.313799 -0.836584
v -0.228919 4.868834 -0.792438
v -0.516429 5.265427 -1.323617
v -0.516429 5.265427 -1.323617
v -0.228919 4.868834 -0.792438
v 0.200000 4.958204 -0.956442
v -0.516429 5.265427 -1.323617
v 0.200000 4.958204 -0.956442
v 0.200000 5.311819 -1.655448
v 0.200000 5.311819 -1.655448
v 0.200000 4.958204 -0.956442
v 0.616180 5.009273 -0.768901
v 0.200000 5.311819 -1.655448
v 0.616180 5.009273 -0.768901
v 1.035400 5.329019 -1.543420
v 1.035400 5.329019 -1.543420
v 0.616180 5.009273 -0.768901
v 0.954465 4.946198 -0.464630
v 1.035400 5.329019 -1.543420
v 0.954465 4.946198 -0.464630
v 1.474661 5.317190 -0.784988
v 1.474661 5.317190 -0.784988
v 0.954465 4.946198 -0.464630
v 0.995038 5.016324 -0.000000
v 1.474661 5.317190 -0.784988
v 0.995038 5.016324 -0.000000
v 1.822490 5.327266 -0.000000
v 1.093002 4.897786 0.000000
v 0.200000 4.876053 0.000000
v 0.200000 4.758533 0.000000
v 1.093002 4.897786 0.000000
v 0.200000 4.758533 0.000000
v 0.886280 4.987152 0.422639
v 0.886280 4.987152 0.422639
v 0.200000 4.758533 0.000000
v 0.200000 4.863142 0.000000
v 0.886280 4.987152 0.422639
v 0.200000 4.863142 0.000000
v 0.633492 4.885784 0.800885
v 0.633492 4.885784 0.800885
v 0.200000 4.863142 0.000000
v 0.200000 4.787034 0.000000
v 0.633492 4.885784 0.800885
v 0.200000 4.787034 0.000000
v 0.200000 4.975148 0.966195
v 0.200000 4.975148 0.966195
v 0.200000 4.787034 0.000000
v 0.200000 4.860788 0.000000
v 0.200000 4.975148 0.966195
v 0.200000 4.860788 0.000000
v -0.220752 4.892838 0.777348
v -0.220752 4.892838 0.777348
v 0.200000 4.860788 0.000000
v 0.200000 4.784677 0.000000
v -0.220752 4.892838 0.777348
v 0.200000 4.784677 0.000000
v -0.502757 4.963147 0.432786
v -0.502757 4.963147 0.432786
v 0.200000 4.784677 0.000000
v 0.200000 4.889287 0.000000
v -0.502757 4.963147 0.432786
v 0.200000 4.889287 0.000000
v -0.683825 4.880837 0.000000
v -0.683825 4.880837 0.000000
v 0.200000 4.889287 0.000000
v 0.200000 4.813025 -0.000000
v -0.683825 4.880837 0.000000
v 0.200000 4.813025 -0.000000
v -0.480223 4.951150 -0.418909
v -0.480223 4.951150 -0.418909
v 0.200000 4.813025 -0.000000
v 0.200000 4.886609 -0.000000
v -0.480223 4.951150 -0.418909
v 0.200000 4.886609 -0.000000
v -0.228919 4.868834 -0.792438
v -0.228919 4.868834 -0.792438
v 0.200000 4.886609 -0.000000
v 0.200000 4.810667 -0.000000
v -0.228919 4.868834 -0.792438
v 0.200000 4.810667 -0.000000
v 0.200000 4.958204 -0.956442
v 0.200000 4.958204 -0.956442
v 0.200000 4.810667 -0.000000
v 0.200000 4.750270 -0.000000
v 0.200000 4.958204 -0.956442
v 0.200000 4.750270 -0.000000
v 0.616180 5.009273 -0.768901
v 0.616180 5.009273 -0.768901
v 0.200000 4.750270 -0.000000
v 0.200000 4.797916 -0.000000
v 0.616180 5.009273 -0.768901
v 0.200000 4.797916 -0.000000
v 0.954465 4.946198 -0.464630
v 0.954465 4.946198 -0.464630
v 0.200000 4.797916 -0.000000
v 0.200000 4.747592 -0.000000
v 0.954465 4.946198 -0.464630
v 0.200000 4.747592 -0.000000
v 0.995038 5.016324 -0.000000
v -1.200000 7.290773 -0.800000
v -0.573431 7.200540 -0.800000
v -0.690659 7.137073 -0.524904
v -1.200000 7.290773 -0.800000
v -0.690659 7.137073 -0.524904
v -1.200000 7.247689 -0.800000
v -1.200000 7.247689 -0.800000
v -0.690659 7.137073 -0.524904
v -0.901514 7.194527 -0.316362
v -1.200000 7.247689 -0.800000
v -0.901514 7.194527 -0.316362
v -1.200000 7.318377 -0.800000
v -1.200000 7.318377 -0.800000
v -0.901514 7.194527 -0.316362
v -1.200000 7.131243 -0.277149
v -1.200000 7.318377 -0.800000
v -1.200000 7.131243 -0.277149
v -1.200000 7.249783 -0.800000
v -1.200000 7.249783 -0.800000
v -1.200000 7.131243 -0.277149
v -1.483474 7.189573 -0.340686
v -1.200000 7.249783 -0.800000
v -1.483474 7.189573 -0.340686
v -1.200000 7.304243 -0.800000
v -1.200000 7.304243 -0.800000
v -1.483474 7.189573 -0.340686
v -1.699121 7.126201 -0.530424
v -1.200000 7.304243 -0.800000
v -1.699121 7.126201 -0.530424
v -1.200000 7.244148 -0.800000
v -1.200000 7.244148 -0.800000
v -1.699121 7.126201 -0.530424
v -1.737906 7.246103 -0.800000
v -1.200000 7.244148 -0.800000
v -1.737906 7.246103 -0.800000
v -1.200000 7.331648 -0.800000
v -1.200000 7.331648 -0.800000
v -1.737906 7.246103 -0.800000
v -1.673489 7.182610 -1.055732
v -1.200000 7.331648 -0.800000
v -1.673489 7.182610 -1.055732
v -1.200000 7.263247 -0.800000
v -1.200000 7.263247 -0.800000
v -1.673489 7.182610 -1.055732
v -1.477667 7.240089 -1.249905
v -1.200000 7.263247 -0.800000
v -1.477667 7.240089 -1.249905
v -1.200000 7.333939 -0.800000
v -1.200000 7.333939 -0.800000
v -1.477667 7.240089 -1.249905
v -1.200000 7.176838 -1.372160
v -1.200000 7.333939 -0.800000
v -1.200000 7.176838 -1.372160
v -1.200000 7.256840 -0.800000
v -1.200000 7.256840 -0.800000
v -1.200000 7.176838 -1.372160
v -0.889865 7.234139 -1.302513
v -1.200000 7.256840 -0.800000
v -0.889865 7.234139 -1.302513
v -1.200000 7.327198 -0.800000
v -1.200000 7.327198 -0.800000
v -0.889865 7.234139 -1.302513
v -0.696114 7.170762 -1.072150
v -1.200000 7.327198 -0.800000
v -0.696114 7.170762 -1.072150
v -1.200000 7.258668 -0.800000
v -1.200000 7.258668 -0.800000
v -0.696114 7.170762 -1.072150
v -0.609756 7.228368 -0.800000
v -1.200000 7.258668 -0.800000
v -0.609756 7.228368 -0.800000
v -1.200000 7.346099 -0.800000
v -0.573431 7.200540 -0.800000
v -0.142250 6.940431 -0.800000
v -0.345558 6.874087 -0.338514
v -0.573431 7.200540 -0.800000
v -0.345558 6.874087 -0.338514
v -0.690659 7.137073 -0.524904
v -0.690659 7.137073 -0.524904
v -0.345558 6.874087 -0.338514
v -0.687455 6.924082 0.030479
v -0.690659 7.137073 -0.524904
v -0.687455 6.924082 0.030479
v -0.901514 7.194527 -0.316362
v -0.901514 7.194527 -0.316362
v -0.687455 6.924082 0.030479
v -1.200000 6.875636 0.257108
v -0.901514 7.194527 -0.316362
v -1.200000 6.875636 0.257108
v -1.200000 7.131243 -0.277149
v -1.200000 7.131243 -0.277149
v -1.200000 6.875636 0.257108
v -1.762894 6.924897 0.112060
v -1.200000 7.131243 -0.277149
v -1.762894 6.924897 0.112060
v -1.483474 7.189573 -0.340686
v -1.483474 7.189573 -0.340686
v -1.762894 6.924897 0.112060
v -2.187522 6.882415 -0.266637
v -1.483474 7.189573 -0.340686
v -2.187522 6.882415 -0.266637
v -1.699121 7.126201 -0.530424
v -1.699121 7.126201 -0.530424
v -2.187522 6.882415 -0.266637
v -2.291073 6.908547 -0.800000
v -1.699121 7.126201 -0.530424
v -2.291073 6.908547 -0.800000
v -1.737906 7.246103 -0.800000
v -1.737906 7.246103 -0.800000
v -2.291073 6.908547 -0.800000
v -2.159239 6.860100 -1.318087
v -1.737906 7.246103 -0.800000
v -2.159239 6.860100 -1.318087
v -1.673489 7.182610 -1.055732
v -1.673489 7.182610 -1.055732
v -2.159239 6.860100 -1.318087
v -1.752046 6.910098 -1.694483
v -1.673489 7.182610 -1.055732
v -1.752046 6.910098 -1.694483
v -1.477667 7.240089 -1.249905
v -1.477667 7.240089 -1.249905
v -1.752046 6.910098 -1.694483
v -1.200000 6.867616 -1.766326
v -1.477667 7.240089 -1.249905
v -1.200000 6.867616 -1.766326
v -1.200000 7.176838 -1.372160
v -1.200000 7.176838 -1.372160
v -1.200000 6.867616 -1.766326
v -0.664625 6.917611 -1.667471
v -1.200000 7.176838 -1.372160
v -0.664625 6.917611 -1.667471
v -0.889865 7.234139 -1.302513
v -0.889865 7.234139 -1.302513
v -0.664625 6.917611 -1.667471
v -0.334302 6.869167 -1.267565
v -0.889865 7.234139 -1.302513
v -0.334302 6.869167 -1.267565
v -0.696114 7.170762 -1.072150
v -0.696114 7.170762 -1.072150
v -0.334302 6.869167 -1.267565
v -0.206654 6.895297 -0.800000
v -0.696114 7.170762 -1.072150
v -0.206654 6.895297 -0.800000
v -0.609756 7.228368 -0.800000
v -0.142250 6.940431 -0.800000
v 0.302015 6.439178 -0.800000
v 0.020284 6.471124 -0.140922
v -0.142250 6.940431 -0.800000
v 0.020284 6.471124 -0.140922
v -0.345558 6.874087 -0.338514
v -0.345558 6.874087 -0.338514
v 0.020284 6.471124 -0.140922
v -0.470400 6.443283 0.382174
v -0.345558 6.874087 -0.338514
v -0.470400 6.443283 0.382174
v -0.687455 6.924082 0.030479
v -0.687455 6.924082 0.030479
v -0.470400 6.443283 0.382174
v -1.200000 6.468696 0.479098
v -0.687455 6.924082 0.030479
v -1.200000 6.468696 0.479098
v -1.200000 6.875636 0.257108
v -1.200000 6.875636 0.257108
v -1.200000 6.468696 0.479098
v -1.879038 6.446956 0.300249
v -1.200000 6.875636 0.257108
v -1.879038 6.446956 0.300249
v -1.762894 6.924897 0.112060
v -1.762894 6.924897 0.112060
v -1.879038 6.446956 0.300249
v -2.395758 6.472392 -0.154169
v -1.762894 6.924897 0.112060
v -2.395758 6.472392 -0.154169
v -2.187522 6.882415 -0.266637
v -2.187522 6.882415 -0.266637
v -2.395758 6.472392 -0.154169
v -2.516435 6.450986 -0.800000
v -2.187522 6.882415 -0.266637
v -2.516435 6.450986 -0.800000
v -2.291073 6.908547 -0.800000
v -2.291073 6.908547 -0.800000
v -2.516435 6.450986 -0.800000
v -2.358678 6.476472 -1.425804
v -2.291073 6.908547 -0.800000
v -2.358678 6.476472 -1.425804
v -2.159239 6.860100 -1.318087
v -2.159239 6.860100 -1.318087
v -2.358678 6.476472 -1.425804
v -1.864935 6.448633 -1.877398
v -2.159239 6.860100 -1.318087
v -1.864935 6.448633 -1.877398
v -1.752046 6.910098 -1.694483
v -1.752046 6.910098 -1.694483
v -1.864935 6.448633 -1.877398
v -1.200000 6.480478 -2.171347
v -1.752046 6.910098 -1.694483
v -1.200000 6.480478 -2.171347
v -1.200000 6.867616 -1.766326
v -1.200000 6.867616 -1.766326
v -1.200000 6.480478 -2.171347
v -0.442361 6.452713 -2.027606
v -1.200000 6.867616 -1.766326
v -0.442361 6.452713 -2.027606
v -0.664625 6.917611 -1.667471
v -0.664625 6.917611 -1.667471
v -0.442361 6.452713 -2.027606
v 0.031918 6.478151 -1.465361
v -0.664625 6.917611 -1.667471
v 0.031918 6.478151 -1.465361
v -0.334302 6.869167 -1.267565
v -0.334302 6.869167 -1.267565
v 0.031918 6.478151 -1.465361
v 0.214153 6.456717 -0.800000
v -0.334302 6.869167 -1.267565
v 0.214153 6.456717 -0.800000
v -0.206654 6.895297 -0.800000
v 0.302015 6.439178 -0.800000
v 0.268969 5.950000 -0.800000
v 0.038489 5.950000 -0.131090
v 0.302015 6.439178 -0.800000
v 0.038489 5.950000 -0.131090
v 0.020284 6.471124 -0.140922
v 0.020284 6.471124 -0.140922
v 0.038489 5.950000 -0.131090
v -0.488914 5.950000 0.352176
v 0.020284 6.471124 -0.140922
v -0.488914 5.950000 0.352176
v -0.470400 6.443283 0.382174
v -0.470400 6.443283 0.382174
v -0.488914 5.950000 0.352176
v -1.200000 5.950000 0.727801
v -0.470400 6.443283 0.382174
v -1.200000 5.950000 0.727801
v -1.200000 6.468696 0.479098
v -1.200000 6.468696 0.479098
v -1.200000 5.950000 0.727801
v -2.013295 5.950000 0.517787
v -1.200000 6.468696 0.479098
v -2.013295 5.950000 0.517787
v -1.879038 6.446956 0.300249
v -1.879038 6.446956 0.300249
v -2.013295 5.950000 0.517787
v -2.573258 5.950000 -0.058301
v -1.879038 6.446956 0.300249
v -2.573258 5.950000 -0.058301
v -2.395758 6.472392 -0.154169
v -2.395758 6.472392 -0.154169
v -2.573258 5.950000 -0.058301
v -2.777796 5.950000 -0.800000
v -2.395758 6.472392 -0.154169
v -2.777796 5.950000 -0.800000
v -2.516435 6.450986 -0.800000
v -2.516435 6.450986 -0.800000
v -2.777796 5.950000 -0.800000
v -2.532732 5.950000 -1.519811
v -2.516435 6.450986 -0.800000
v -2.532732 5.950000 -1.519811
v -2.358678 6.476472 -1.425804
v -2.358678 6.476472 -1.425804
v -2.532732 5.950000 -1.519811
v -1.967106 5.950000 -2.042945
v -2.358678 6.476472 -1.425804
v -1.967106 5.950000 -2.042945
v -1.864935 6.448633 -1.877398
v -1.864935 6.448633 -1.877398
v -1.967106 5.950000 -2.042945
v -1.200000 5.950000 -2.198850
v -1.864935 6.448633 -1.877398
v -1.200000 5.950000 -2.198850
v -1.200000 6.480478 -2.171347
v -1.200000 6.480478 -2.171347
v -1.200000 5.950000 -2.198850
v -0.456294 5.950000 -2.005031
v -1.200000 6.480478 -2.171347
v -0.456294 5.950000 -2.005031
v -0.442361 6.452713 -2.027606
v -0.442361 6.452713 -2.027606
v -0.456294 5.950000 -2.005031
v 0.054411 5.950000 -1.477510
v -0.442361 6.452713 -2.027606
v 0.054411 5.950000 -1.477510
v 0.031918 6.478151 -1.465361
v 0.031918 6.478151 -1.465361
v 0.054411 5.950000 -1.477510
v 0.239953 5.950000 -0.800000
v 0.031918 6.478151 -1.465361
v 0.239953 5.950000 -0.800000
v 0.214153 6.456717 -0.800000
v 0.268969 5.950000 -0.800000
v 0.278273 5.464250 -0.800000
v 0.061676 5.425854 -0.118567
v 0.268969 5.950000 -0.800000
v 0.061676 5.425854 -0.118567
v 0.038489 5.950000 -0.131090
v 0.038489 5.950000 -0.131090
v 0.061676 5.425854 -0.118567
v -0.496535 5.453688 0.339828
v 0.038489 5.950000 -0.131090
v -0.496535 5.453688 0.339828
v -0.488914 5.950000 0.352176
v -0.488914 5.950000 0.352176
v -0.496535 5.453688 0.339828
v -1.200000 5.428283 0.494557
v -0.488914 5.950000 0.352176
v -1.200000 5.428283 0.494557
v -1.200000 5.950000 0.727801
v -1.200000 5.950000 0.727801
v -1.200000 5.428283 0.494557
v -1.894965 5.456073 0.326055
v -1.200000 5.950000 0.727801
v -1.894965 5.456073 0.326055
v -2.013295 5.950000 0.517787
v -2.013295 5.950000 0.517787
v -1.894965 5.456073 0.326055
v -2.386823 5.430629 -0.158995
v -2.013295 5.950000 0.517787
v -2.386823 5.430629 -0.158995
v -2.573258 5.950000 -0.058301
v -2.573258 5.950000 -0.058301
v -2.386823 5.430629 -0.158995
v -2.520376 5.445586 -0.800000
v -2.573258 5.950000 -0.058301
v -2.520376 5.445586 -0.800000
v -2.777796 5.950000 -0.800000
v -2.777796 5.950000 -0.800000
v -2.520376 5.445586 -0.800000
v -2.325036 5.420091 -1.407634
v -2.777796 5.950000 -0.800000
v -2.325036 5.420091 -1.407634
v -2.532732 5.950000 -1.519811
v -2.532732 5.950000 -1.519811
v -2.325036 5.420091 -1.407634
v -1.851690 5.447938 -1.855937
v -2.532732 5.950000 -1.519811
v -1.851690 5.447938 -1.855937
v -1.967106 5.950000 -2.042945
v -1.967106 5.950000 -2.042945
v -1.851690 5.447938 -1.855937
v -1.200000 5.422545 -2.213705
v -1.967106 5.950000 -2.042945
v -1.200000 5.422545 -2.213705
v -1.200000 5.950000 -2.198850
v -1.200000 5.950000 -2.198850
v -1.200000 5.422545 -2.213705
v -0.469420 5.450315 -1.983763
v -1.200000 5.950000 -2.198850
v -0.469420 5.450315 -1.983763
v -0.456294 5.950000 -2.005031
v -0.456294 5.950000 -2.005031
v -0.469420 5.450315 -1.983763
v 0.046957 5.424872 -1.473484
v -0.456294 5.950000 -2.005031
v 0.046957 5.424872 -1.473484
v 0.054411 5.950000 -1.477510
v 0.054411 5.950000 -1.477510
v 0.046957 5.424872 -1.473484
v 0.247740 5.439852 -0.800000
v 0.054411 5.950000 -1.477510
v 0.247740 5.439852 -0.800000
v 0.239953 5.950000 -0.800000
v 0.278273 5.464250 -0.800000
v -0.169439 5.019538 -0.800000
v -0.321938 4.966685 -0.325757
v 0.278273 5.464250 -0.800000
v -0.321938 4.966685 -0.325757
v 0.061676 5.425854 -0.118567
v 0.061676 5.425854 -0.118567
v -0.321938 4.966685 -0.325757
v -0.701264 5.012208 0.008106
v 0.061676 5.425854 -0.118567
v -0.701264 5.012208 0.008106
v -0.496535 5.453688 0.339828
v -0.496535 5.453688 0.339828
v -0.701264 5.012208 0.008106
v -1.200000 4.965181 0.282943
v -0.496535 5.453688 0.339828
v -1.200000 4.965181 0.282943
v -1.200000 5.428283 0.494557
v -1.200000 5.428283 0.494557
v -1.200000 4.965181 0.282943
v -1.771008 5.010410 0.125208
v -1.200000 5.428283 0.494557
v -1.771008 5.010410 0.125208
v -1.894965 5.456073 0.326055
v -1.894965 5.456073 0.326055
v -1.771008 5.010410 0.125208
v -2.173468 4.957490 -0.274228
v -1.894965 5.456073 0.326055
v -2.173468 4.957490 -0.274228
v -2.386823 5.430629 -0.158995
v -2.386823 5.430629 -0.158995
v -2.173468 4.957490 -0.274228
v -2.307387 5.050669 -0.800000
v -2.386823 5.430629 -0.158995
v -2.307387 5.050669 -0.800000
v -2.520376 5.445586 -0.800000
v -2.520376 5.445586 -0.800000
v -2.307387 5.050669 -0.800000
v -2.144813 5.003809 -1.310296
v -2.520376 5.445586 -0.800000
v -2.144813 5.003809 -1.310296
v -2.325036 5.420091 -1.407634
v -2.325036 5.420091 -1.407634
v -2.144813 5.003809 -1.310296
v -1.738283 5.049306 -1.672182
v -2.325036 5.420091 -1.407634
v -1.738283 5.049306 -1.672182
v -1.851690 5.447938 -1.855937
v -1.851690 5.447938 -1.855937
v -1.738283 5.049306 -1.672182
v -1.200000 4.996291 -1.791761
v -1.851690 5.447938 -1.855937
v -1.200000 4.996291 -1.791761
v -1.200000 5.422545 -2.213705
v -1.200000 5.422545 -2.213705
v -1.200000 4.996291 -1.791761
v -0.678262 5.041558 -1.645374
v -1.200000 5.422545 -2.213705
v -0.678262 5.041558 -1.645374
v -0.469420 5.450315 -1.983763
v -0.469420 5.450315 -1.983763
v -0.678262 5.041558 -1.645374
v -0.310681 4.994602 -1.280323
v -0.469420 5.450315 -1.983763
v -0.310681 4.994602 -1.280323
v 0.046957 5.424872 -1.473484
v 0.046957 5.424872 -1.473484
v -0.310681 4.994602 -1.280323
v -0.190082 5.040008 -0.800000
v 0.046957 5.424872 -1.473484
v -0.190082 5.040008 -0.800000
v 0.247740 5.439852 -0.800000
v -0.169439 5.019538 -0.800000
v -0.592650 4.722926 -0.800000
v -0.681760 4.677089 -0.520098
v -0.169439 5.019538 -0.800000
v -0.681760 4.677089 -0.520098
v -0.321938 4.966685 -0.325757
v -0.321938 4.966685 -0.325757
v -0.681760 4.677089 -0.520098
v -0.905261 4.744288 -0.322433
v -0.321938 4.966685 -0.325757
v -0.905261 4.744288 -0.322433
v -0.701264 5.012208 0.008106
v -0.701264 5.012208 0.008106
v -0.905261 4.744288 -0.322433
v -1.200000 4.682860 -0.256287
v -0.701264 5.012208 0.008106
v -1.200000 4.682860 -0.256287
v -1.200000 4.965181 0.282943
v -1.200000 4.965181 0.282943
v -1.200000 4.682860 -0.256287
v -1.485656 4.733974 -0.337149
v -1.200000 4.965181 0.282943
v -1.485656 4.733974 -0.337149
v -1.771008 5.010410 0.125208
v -1.771008 5.010410 0.125208
v -1.485656 4.733974 -0.337149
v -1.687614 4.672550 -0.536639
v -1.771008 5.010410 0.125208
v -1.687614 4.672550 -0.536639
v -2.173468 4.957490 -0.274228
v -2.173468 4.957490 -0.274228
v -1.687614 4.672550 -0.536639
v -1.754113 4.755334 -0.800000
v -2.173468 4.957490 -0.274228
v -1.754113 4.755334 -0.800000
v -2.307387 5.050669 -0.800000
v -2.307387 5.050669 -0.800000
v -1.754113 4.755334 -0.800000
v -1.672136 4.693911 -1.055002
v -2.307387 5.050669 -0.800000
v -1.672136 4.693911 -1.055002
v -2.144813 5.003809 -1.310296
v -2.144813 5.003809 -1.310296
v -1.672136 4.693911 -1.055002
v -1.467975 4.761105 -1.234201
v -2.144813 5.003809 -1.310296
v -1.467975 4.761105 -1.234201
v -1.738283 5.049306 -1.672182
v -1.738283 5.049306 -1.672182
v -1.467975 4.761105 -1.234201
v -1.200000 4.684090 -1.381794
v -1.738283 5.049306 -1.672182
v -1.200000 4.684090 -1.381794
v -1.200000 4.996291 -1.791761
v -1.200000 4.996291 -1.791761
v -1.200000 4.684090 -1.381794
v -0.893508 4.751775 -1.296611
v -1.200000 4.996291 -1.791761
v -0.893508 4.751775 -1.296611
v -0.678262 5.041558 -1.645374
v -0.678262 5.041558 -1.645374
v -0.893508 4.751775 -1.296611
v -0.676943 4.690346 -1.082504
v -0.678262 5.041558 -1.645374
v -0.676943 4.690346 -1.082504
v -0.310681 4.994602 -1.280323
v -0.310681 4.994602 -1.280323
v -0.676943 4.690346 -1.082504
v -0.605180 4.773134 -0.800000
v -0.310681 4.994602 -1.280323
v -0.605180 4.773134 -0.800000
v -0.190082 5.040008 -0.800000
v -0.592650 4.722926 -0.800000
v -1.200000 4.572000 -0.800000
v -1.200000 4.621510 -0.800000
v -0.592650 4.722926 -0.800000
v -1.200000 4.621510 -0.800000
v -0.681760 4.677089 -0.520098
v -0.681760 4.677089 -0.520098
v -1.200000 4.621510 -0.800000
v -1.200000 4.548714 -0.800000
v -0.681760 4.677089 -0.520098
v -1.200000 4.548714 -0.800000
v -0.905261 4.744288 -0.322433
v -0.905261 4.744288 -0.322433
v -1.200000 4.548714 -0.800000
v -1.200000 4.615099 -0.800000
v -0.905261 4.744288 -0.322433
v -1.200000 4.615099 -0.800000
v -1.200000 4.682860 -0.256287
v -1.200000 4.682860 -0.256287
v -1.200000 4.615099 -0.800000
v -1.200000 4.559157 -0.800000
v -1.200000 4.682860 -0.256287
v -1.200000 4.559157 -0.800000
v -1.485656 4.733974 -0.337149
v -1.485656 4.733974 -0.337149
v -1.200000 4.559157 -0.800000
v -1.200000 4.625579 -0.800000
v -1.485656 4.733974 -0.337149
v -1.200000 4.625579 -0.800000
v -1.687614 4.672550 -0.536639
v -1.687614 4.672550 -0.536639
v -1.200000 4.625579 -0.800000
v -1.200000 4.603370 -0.800000
v -1.687614 4.672550 -0.536639
v -1.200000 4.603370 -0.800000
v -1.754113 4.755334 -0.800000
v -1.754113 4.755334 -0.800000
v -1.200000 4.603370 -0.800000
v -1.200000 4.669793 -0.800000
v -1.754113 4.755334 -0.800000
v -1.200000 4.669793 -0.800000
v -1.672136 4.693911 -1.055002
v -1.672136 4.693911 -1.055002
v -1.200000 4.669793 -0.800000
v -1.200000 4.596961 -0.800000
v -1.672136 4.693911 -1.055002
v -1.200000 4.596961 -0.800000
v -1.467975 4.761105 -1.234201
v -1.467975 4.761105 -1.234201
v -1.200000 4.596961 -0.800000
v -1.200000 4.680254 -0.800000
v -1.467975 4.761105 -1.234201
v -1.200000 4.680254 -0.800000
v -1.200000 4.684090 -1.381794
v -1.200000 4.684090 -1.381794
v -1.200000 4.680254 -0.800000
v -1.200000 4.607426 -0.800000
v -1.200000 4.684090 -1.381794
v -1.200000 4.607426 -0.800000
v -0.893508 4.751775 -1.296611
v -0.893508 4.751775 -1.296611
v -1.200000 4.607426 -0.800000
v -1.200000 4.673845 -0.800000
v -0.893508 4.751775 -1.296611
v -1.200000 4.673845 -0.800000
v -0.676943 4.690346 -1.082504
v -0.676943 4.690346 -1.082504
v -1.200000 4.673845 -0.800000
v -1.200000 4.584141 -0.800000
v -0.676943 4.690346 -1.082504
v -1.200000 4.584141 -0.800000
v -0.605180 4.773134 -0.800000
v 1.450000 7.309719 0.700000
v 2.018428 7.240541 0.700000
v 1.959035 7.184219 1.014160
v 1.450000 7.309719 0.700000
v 1.959035 7.184219 1.014160
v 1.450000 7.370771 0.700000
v 1.450000 7.370771 0.700000
v 1.959035 7.184219 1.014160
v 1.703670 7.246155 1.169670
v 1.450000 7.370771 0.700000
v 1.703670 7.246155 1.169670
v 1.450000 7.307607 0.700000
v 1.450000 7.307607 0.700000
v 1.703670 7.246155 1.169670
v 1.450000 7.189837 1.262957
v 1.450000 7.307607 0.700000
v 1.450000 7.189837 1.262957
v 1.450000 7.368601 0.700000
v 1.450000 7.368601 0.700000
v 1.450000 7.189837 1.262957
v 1.182554 7.222206 1.195176
v 1.450000 7.368601 0.700000
v 1.182554 7.222206 1.195176
v 1.450000 7.297685 0.700000
v 1.450000 7.297685 0.700000
v 1.182554 7.222206 1.195176
v 0.969934 7.165887 0.996281
v 1.450000 7.297685 0.700000
v 0.969934 7.165887 0.996281
v 1.450000 7.358493 0.700000
v 1.450000 7.358493 0.700000
v 0.969934 7.165887 0.996281
v 0.887459 7.227821 0.700000
v 1.450000 7.358493 0.700000
v 0.887459 7.227821 0.700000
v 1.450000 7.295452 0.700000
v 1.450000 7.295452 0.700000
v 0.887459 7.227821 0.700000
v 0.946074 7.171513 0.388993
v 1.450000 7.295452 0.700000
v 0.946074 7.171513 0.388993
v 1.450000 7.356563 0.700000
v 1.450000 7.356563 0.700000
v 0.946074 7.171513 0.388993
v 1.173885 7.233450 0.188772
v 1.450000 7.356563 0.700000
v 1.173885 7.233450 0.188772
v 1.450000 7.285371 0.700000
v 1.450000 7.285371 0.700000
v 1.173885 7.233450 0.188772
v 1.450000 7.206692 0.100726
v 1.450000 7.285371 0.700000
v 1.450000 7.206692 0.100726
v 1.450000 7.346330 0.700000
v 1.450000 7.346330 0.700000
v 1.450000 7.206692 0.100726
v 1.739934 7.268630 0.163186
v 1.450000 7.346330 0.700000
v 1.739934 7.268630 0.163186
v 1.450000 7.283448 0.700000
v 1.450000 7.283448 0.700000
v 1.739934 7.268630 0.163186
v 1.887246 7.212308 0.430146
v 1.450000 7.283448 0.700000
v 1.887246 7.212308 0.430146
v 1.450000 7.344411 0.700000
v 1.450000 7.344411 0.700000
v 1.887246 7.212308 0.430146
v 1.963272 7.274242 0.700000
v 1.450000 7.344411 0.700000
v 1.963272 7.274242 0.700000
v 1.450000 7.273213 0.700000
v 2.018428 7.240541 0.700000
v 2.414581 6.912590 0.700000
v 2.316232 6.967063 1.234610
v 2.018428 7.240541 0.700000
v 2.316232 6.967063 1.234610
v 1.959035 7.184219 1.014160
v 1.959035 7.184219 1.014160
v 2.316232 6.967063 1.234610
v 1.957795 6.922190 1.640184
v 1.959035 7.184219 1.014160
v 1.957795 6.922190 1.640184
v 1.703670 7.246155 1.169670
v 1.703670 7.246155 1.169670
v 1.957795 6.922190 1.640184
v 1.450000 6.965353 1.823924
v 1.703670 7.246155 1.169670
v 1.450000 6.965353 1.823924
v 1.450000 7.189837 1.262957
v 1.450000 7.189837 1.262957
v 1.450000 6.965353 1.823924
v 0.916720 6.903860 1.687369
v 1.450000 7.189837 1.262957
v 0.916720 6.903860 1.687369
v 1.182554 7.222206 1.195176
v 1.182554 7.222206 1.195176
v 0.916720 6.903860 1.687369
v 0.637348 6.947023 1.201542
v 1.182554 7.222206 1.195176
v 0.637348 6.947023 1.201542
v 0.969934 7.165887 0.996281
v 0.969934 7.165887 0.996281
v 0.637348 6.947023 1.201542
v 0.496319 6.902501 0.700000
v 0.969934 7.165887 0.996281
v 0.496319 6.902501 0.700000
v 0.887459 7.227821 0.700000
v 0.887459 7.227821 0.700000
v 0.496319 6.902501 0.700000
v 0.590986 6.956979 0.169845
v 0.887459 7.227821 0.700000
v 0.590986 6.956979 0.169845
v 0.946074 7.171513 0.388993
v 0.946074 7.171513 0.388993
v 0.590986 6.956979 0.169845
v 0.978873 6.906450 -0.172293
v 0.946074 7.171513 0.388993
v 0.978873 6.906450 -0.172293
v 1.173885 7.233450 0.188772
v 1.173885 7.233450 0.188772
v 0.978873 6.906450 -0.172293
v 1.450000 6.983551 -0.323606
v 1.173885 7.233450 0.188772
v 1.450000 6.983551 -0.323606
v 1.450000 7.206692 0.100726
v 1.450000 7.206692 0.100726
v 1.450000 6.983551 -0.323606
v 1.946693 6.939032 -0.219628
v 1.450000 7.206692 0.100726
v 1.946693 6.939032 -0.219628
v 1.739934 7.268630 0.163186
v 1.739934 7.268630 0.163186
v 1.946693 6.939032 -0.219628
v 2.325671 6.982193 0.159564
v 1.739934 7.268630 0.163186
v 2.325671 6.982193 0.159564
v 1.887246 7.212308 0.430146
v 1.887246 7.212308 0.430146
v 2.325671 6.982193 0.159564
v 2.476454 6.943328 0.700000
v 1.887246 7.212308 0.430146
v 2.476454 6.943328 0.700000
v 1.963272 7.274242 0.700000
v 2.414581 6.912590 0.700000
v 2.839129 6.527560 0.700000
v 2.658729 6.547828 1.445989
v 2.414581 6.912590 0.700000
v 2.658729 6.547828 1.445989
v 2.316232 6.967063 1.234610
v 2.316232 6.967063 1.234610
v 2.658729 6.547828 1.445989
v 2.057351 6.523584 1.824512
v 2.316232 6.967063 1.234610
v 2.057351 6.523584 1.824512
v 1.957795 6.922190 1.640184
v 1.957795 6.922190 1.640184
v 2.057351 6.523584 1.824512
v 1.450000 6.549997 2.062765
v 1.957795 6.922190 1.640184
v 1.450000 6.549997 2.062765
v 1.450000 6.965353 1.823924
v 1.450000 6.965353 1.823924
v 1.450000 6.549997 2.062765
v 0.795890 6.531973 1.911086
v 1.450000 6.965353 1.823924
v 0.795890 6.531973 1.911086
v 0.916720 6.903860 1.687369
v 0.916720 6.903860 1.687369
v 0.795890 6.531973 1.911086
v 0.311390 6.558458 1.402713
v 0.916720 6.903860 1.687369
v 0.311390 6.558458 1.402713
v 0.637348 6.947023 1.201542
v 0.637348 6.947023 1.201542
v 0.311390 6.558458 1.402713
v 0.101877 6.534359 0.700000
v 0.637348 6.947023 1.201542
v 0.101877 6.534359 0.700000
v 0.496319 6.902501 0.700000
v 0.496319 6.902501 0.700000
v 0.101877 6.534359 0.700000
v 0.230399 6.554598 -0.052698
v 0.496319 6.902501 0.700000
v 0.230399 6.554598 -0.052698
v 0.590986 6.956979 0.169845
v 0.590986 6.956979 0.169845
v 0.230399 6.554598 -0.052698
v 0.791707 6.530377 -0.518831
v 0.590986 6.956979 0.169845
v 0.791707 6.530377 -0.518831
v 0.978873 6.906450 -0.172293
v 0.978873 6.906450 -0.172293
v 0.791707 6.530377 -0.518831
v 1.450000 6.538423 -0.743055
v 0.978873 6.906450 -0.172293
v 1.450000 6.538423 -0.743055
v 1.450000 6.983551 -0.323606
v 1.450000 6.983551 -0.323606
v 1.450000 6.538423 -0.743055
v 2.155053 6.514275 -0.605407
v 1.450000 6.983551 -0.323606
v 2.155053 6.514275 -0.605407
v 1.946693 6.939032 -0.219628
v 1.946693 6.939032 -0.219628
v 2.155053 6.514275 -0.605407
v 2.508617 6.540689 0.046656
v 1.946693 6.939032 -0.219628
v 2.508617 6.540689 0.046656
v 2.325671 6.982193 0.159564
v 2.325671 6.982193 0.159564
v 2.508617 6.540689 0.046656
v 2.705762 6.510539 0.700000
v 2.325671 6.982193 0.159564
v 2.705762 6.510539 0.700000
v 2.476454 6.943328 0.700000
v 2.839129 6.527560 0.700000
v 2.905174 6.050000 0.700000
v 2.702923 6.050000 1.473264
v 2.839129 6.527560 0.700000
v 2.702923 6.050000 1.473264
v 2.658729 6.547828 1.445989
v 2.658729 6.547828 1.445989
v 2.702923 6.050000 1.473264
v 2.155231 6.050000 2.005736
v 2.658729 6.547828 1.445989
v 2.155231 6.050000 2.005736
v 2.057351 6.523584 1.824512
v 2.057351 6.523584 1.824512
v 2.155231 6.050000 2.005736
v 1.450000 6.050000 2.137828
v 2.057351 6.523584 1.824512
v 1.450000 6.050000 2.137828
v 1.450000 6.549997 2.062765
v 1.450000 6.549997 2.062765
v 1.450000 6.050000 2.137828
v 0.795275 6.050000 1.912224
v 1.450000 6.549997 2.062765
v 0.795275 6.050000 1.912224
v 0.795890 6.531973 1.911086
v 0.795890 6.531973 1.911086
v 0.795275 6.050000 1.912224
v 0.121377 6.050000 1.519983
v 0.795890 6.531973 1.911086
v 0.121377 6.050000 1.519983
v 0.311390 6.558458 1.402713
v 0.311390 6.558458 1.402713
v 0.121377 6.050000 1.519983
v -0.047759 6.050000 0.700000
v 0.311390 6.558458 1.402713
v -0.047759 6.050000 0.700000
v 0.101877 6.534359 0.700000
v 0.101877 6.534359 0.700000
v -0.047759 6.050000 0.700000
v 0.207285 6.050000 -0.066964
v 0.101877 6.534359 0.700000
v 0.207285 6.050000 -0.066964
v 0.230399 6.554598 -0.052698
v 0.230399 6.554598 -0.052698
v 0.207285 6.050000 -0.066964
v 0.683797 6.050000 -0.718627
v 0.230399 6.554598 -0.052698
v 0.683797 6.050000 -0.718627
v 0.791707 6.530377 -0.518831
v 0.791707 6.530377 -0.518831
v 0.683797 6.050000 -0.718627
v 1.450000 6.050000 -0.899177
v 0.791707 6.530377 -0.518831
v 1.450000 6.050000 -0.899177
v 1.450000 6.538423 -0.743055
v 1.450000 6.538423 -0.743055
v 1.450000 6.050000 -0.899177
v 2.165358 6.050000 -0.624487
v 1.450000 6.538423 -0.743055
v 2.165358 6.050000 -0.624487
v 2.155053 6.514275 -0.605407
v 2.155053 6.514275 -0.605407
v 2.165358 6.050000 -0.624487
v 2.666042 6.050000 -0.050502
v 2.155053 6.514275 -0.605407
v 2.666042 6.050000 -0.050502
v 2.508617 6.540689 0.046656
v 2.508617 6.540689 0.046656
v 2.666042 6.050000 -0.050502
v 2.817769 6.050000 0.700000
v 2.508617 6.540689 0.046656
v 2.817769 6.050000 0.700000
v 2.705762 6.510539 0.700000
v 2.905174 6.050000 0.700000
v 2.708701 5.587731 0.700000
v 2.498870 5.561304 1.347329
v 2.905174 6.050000 0.700000
v 2.498870 5.561304 1.347329
v 2.702923 6.050000 1.473264
v 2.702923 6.050000 1.473264
v 2.498870 5.561304 1.347329
v 2.152759 5.585668 2.001160
v 2.702923 6.050000 1.473264
v 2.152759 5.585668 2.001160
v 2.155231 6.050000 2.005736
v 2.155231 6.050000 2.005736
v 2.152759 5.585668 2.001160
v 1.450000 5.559266 2.152460
v 2.155231 6.050000 2.005736
v 1.450000 5.559266 2.152460
v 1.450000 6.050000 2.137828
v 1.450000 6.050000 2.137828
v 1.450000 5.559266 2.152460
v 0.781016 5.583341 1.938625
v 1.450000 6.050000 2.137828
v 0.781016 5.583341 1.938625
v 0.795275 6.050000 1.912224
v 0.795275 6.050000 1.912224
v 0.781016 5.583341 1.938625
v 0.331759 5.557012 1.390142
v 0.795275 6.050000 1.912224
v 0.331759 5.557012 1.390142
v 0.121377 6.050000 1.519983
v 0.121377 6.050000 1.519983
v 0.331759 5.557012 1.390142
v 0.178720 5.581135 0.700000
v 0.121377 6.050000 1.519983
v 0.178720 5.581135 0.700000
v -0.047759 6.050000 0.700000
v -0.047759 6.050000 0.700000
v 0.178720 5.581135 0.700000
v 0.390261 5.554687 0.045963
v -0.047759 6.050000 0.700000
v 0.390261 5.554687 0.045963
v 0.207285 6.050000 -0.066964
v 0.207285 6.050000 -0.066964
v 0.390261 5.554687 0.045963
v 0.806973 5.578680 -0.490565
v 0.207285 6.050000 -0.066964
v 0.806973 5.578680 -0.490565
v 0.683797 6.050000 -0.718627
v 0.683797 6.050000 -0.718627
v 0.806973 5.578680 -0.490565
v 1.450000 5.552289 -0.653416
v 0.683797 6.050000 -0.718627
v 1.450000 5.552289 -0.653416
v 1.450000 6.050000 -0.899177
v 1.450000 6.050000 -0.899177
v 1.450000 5.552289 -0.653416
v 2.059669 5.576354 -0.428804
v 1.450000 6.050000 -0.899177
v 2.059669 5.576354 -0.428804
v 2.165358 6.050000 -0.624487
v 2.165358 6.050000 -0.624487
v 2.059669 5.576354 -0.428804
v 2.673600 5.549963 -0.055166
v 2.165358 6.050000 -0.624487
v 2.673600 5.549963 -0.055166
v 2.666042 6.050000 -0.050502
v 2.666042 6.050000 -0.050502
v 2.673600 5.549963 -0.055166
v 2.842945 5.574146 0.700000
v 2.666042 6.050000 -0.050502
v 2.842945 5.574146 0.700000
v 2.817769 6.050000 0.700000
v 2.708701 5.587731 0.700000
v 2.491520 5.153940 0.700000
v 2.320499 5.189962 1.237244
v 2.708701 5.587731 0.700000
v 2.320499 5.189962 1.237244
v 2.498870 5.561304 1.347329
v 2.498870 5.561304 1.347329
v 2.320499 5.189962 1.237244
v 1.944918 5.143410 1.616342
v 2.498870 5.561304 1.347329
v 1.944918 5.143410 1.616342
v 2.152759 5.585668 2.001160
v 2.152759 5.585668 2.001160
v 1.944918 5.143410 1.616342
v 1.450000 5.190793 1.719844
v 2.152759 5.585668 2.001160
v 1.450000 5.190793 1.719844
v 1.450000 5.559266 2.152460
v 1.450000 5.559266 2.152460
v 1.450000 5.190793 1.719844
v 0.980903 5.139111 1.568535
v 1.450000 5.559266 2.152460
v 0.980903 5.139111 1.568535
v 0.781016 5.583341 1.938625
v 0.781016 5.583341 1.938625
v 0.980903 5.139111 1.568535
v 0.526459 5.186627 1.269980
v 0.781016 5.583341 1.938625
v 0.526459 5.186627 1.269980
v 0.331759 5.557012 1.390142
v 0.331759 5.557012 1.390142
v 0.526459 5.186627 1.269980
v 0.398873 5.140691 0.700000
v 0.331759 5.557012 1.390142
v 0.398873 5.140691 0.700000
v 0.178720 5.581135 0.700000
v 0.178720 5.581135 0.700000
v 0.398873 5.140691 0.700000
v 0.568962 5.176679 0.156252
v 0.178720 5.581135 0.700000
v 0.568962 5.176679 0.156252
v 0.390261 5.554687 0.045963
v 0.390261 5.554687 0.045963
v 0.568962 5.176679 0.156252
v 0.914891 5.136514 -0.290756
v 0.390261 5.554687 0.045963
v 0.914891 5.136514 -0.290756
v 0.806973 5.578680 -0.490565
v 0.806973 5.578680 -0.490565
v 0.914891 5.136514 -0.290756
v 1.450000 5.172603 -0.427686
v 0.806973 5.578680 -0.490565
v 1.450000 5.172603 -0.427686
v 1.450000 5.552289 -0.653416
v 1.450000 5.552289 -0.653416
v 1.450000 5.172603 -0.427686
v 1.959529 5.126559 -0.243394
v 1.450000 5.552289 -0.653416
v 1.959529 5.126559 -0.243394
v 2.059669 5.576354 -0.428804
v 2.059669 5.576354 -0.428804
v 1.959529 5.126559 -0.243394
v 2.312179 5.173962 0.167891
v 2.059669 5.576354 -0.428804
v 2.312179 5.173962 0.167891
v 2.673600 5.549963 -0.055166
v 2.673600 5.549963 -0.055166
v 2.312179 5.173962 0.167891
v 2.430277 5.122480 0.700000
v 2.673600 5.549963 -0.055166
v 2.430277 5.122480 0.700000
v 2.842945 5.574146 0.700000
v 2.491520 5.153940 0.700000
v 1.967242 4.852526 0.700000
v 1.885703 4.921782 0.968902
v 2.491520 5.153940 0.700000
v 1.885703 4.921782 0.968902
v 2.320499 5.189962 1.237244
v 2.320499 5.189962 1.237244
v 1.885703 4.921782 0.968902
v 1.738995 4.862619 1.235075
v 2.320499 5.189962 1.237244
v 1.738995 4.862619 1.235075
v 1.944918 5.143410 1.616342
v 1.944918 5.143410 1.616342
v 1.738995 4.862619 1.235075
v 1.450000 4.917090 1.303149
v 1.944918 5.143410 1.616342
v 1.450000 4.917090 1.303149
v 1.450000 5.190793 1.719844
v 1.450000 5.190793 1.719844
v 1.450000 4.917090 1.303149
v 1.174952 4.871784 1.209252
v 1.450000 5.190793 1.719844
v 1.174952 4.871784 1.209252
v 0.980903 5.139111 1.568535
v 0.980903 5.139111 1.568535
v 1.174952 4.871784 1.209252
v 0.985638 4.926256 0.986589
v 0.980903 5.139111 1.568535
v 0.985638 4.926256 0.986589
v 0.526459 5.186627 1.269980
v 0.526459 5.186627 1.269980
v 0.985638 4.926256 0.986589
v 0.927547 4.866169 0.700000
v 0.526459 5.186627 1.269980
v 0.927547 4.866169 0.700000
v 0.398873 5.140691 0.700000
v 0.398873 5.140691 0.700000
v 0.927547 4.866169 0.700000
v 1.009794 4.935421 0.428319
v 0.398873 5.140691 0.700000
v 1.009794 4.935421 0.428319
v 0.568962 5.176679 0.156252
v 0.568962 5.176679 0.156252
v 1.009794 4.935421 0.428319
v 1.181543 4.875331 0.202951
v 0.568962 5.176679 0.156252
v 1.181543 4.875331 0.202951
v 0.914891 5.136514 -0.290756
v 0.914891 5.136514 -0.290756
v 1.181543 4.875331 0.202951
v 1.450000 4.885460 0.140937
v 0.914891 5.136514 -0.290756
v 1.450000 4.885460 0.140937
v 1.450000 5.172603 -0.427686
v 1.450000 5.172603 -0.427686
v 1.450000 4.885460 0.140937
v 1.704641 4.825369 0.228532
v 1.450000 5.172603 -0.427686
v 1.704641 4.825369 0.228532
v 1.959529 5.126559 -0.243394
v 1.959529 5.126559 -0.243394
v 1.704641 4.825369 0.228532
v 1.958078 4.879841 0.386431
v 1.959529 5.126559 -0.243394
v 1.958078 4.879841 0.386431
v 2.312179 5.173962 0.167891
v 2.312179 5.173962 0.167891
v 1.958078 4.879841 0.386431
v 2.022762 4.834537 0.700000
v 2.312179 5.173962 0.167891
v 2.022762 4.834537 0.700000
v 2.430277 5.122480 0.700000
v 1.967242 4.852526 0.700000
v 1.450000 4.756832 0.700000
v 1.450000 4.825919 0.700000
v 1.967242 4.852526 0.700000
v 1.450000 4.825919 0.700000
v 1.885703 4.921782 0.968902
v 1.885703 4.921782 0.968902
v 1.450000 4.825919 0.700000
v 1.450000 4.759694 0.700000
v 1.885703 4.921782 0.968902
v 1.450000 4.759694 0.700000
v 1.738995 4.862619 1.235075
v 1.738995 4.862619 1.235075
v 1.450000 4.759694 0.700000
v 1.450000 4.828715 0.700000
v 1.738995 4.862619 1.235075
v 1.450000 4.828715 0.700000
v 1.450000 4.917090 1.303149
v 1.450000 4.917090 1.303149
v 1.450000 4.828715 0.700000
v 1.450000 4.769740 0.700000
v 1.450000 4.917090 1.303149
v 1.450000 4.769740 0.700000
v 1.174952 4.871784 1.209252
v 1.174952 4.871784 1.209252
v 1.450000 4.769740 0.700000
v 1.450000 4.838574 0.700000
v 1.174952 4.871784 1.209252
v 1.450000 4.838574 0.700000
v 0.985638 4.926256 0.986589
v 0.985638 4.926256 0.986589
v 1.450000 4.838574 0.700000
v 1.450000 4.771599 0.700000
v 0.985638 4.926256 0.986589
v 1.450000 4.771599 0.700000
v 0.927547 4.866169 0.700000
v 0.927547 4.866169 0.700000
v 1.450000 4.771599 0.700000
v 1.450000 4.840620 0.700000
v 0.927547 4.866169 0.700000
v 1.450000 4.840620 0.700000
v 1.009794 4.935421 0.428319
v 1.009794 4.935421 0.428319
v 1.450000 4.840620 0.700000
v 1.450000 4.781454 0.700000
v 1.009794 4.935421 0.428319
v 1.450000 4.781454 0.700000
v 1.181543 4.875331 0.202951
v 1.181543 4.875331 0.202951
v 1.450000 4.781454 0.700000
v 1.450000 4.786480 0.700000
v 1.181543 4.875331 0.202951
v 1.450000 4.786480 0.700000
v 1.450000 4.885460 0.140937
v 1.450000 4.885460 0.140937
v 1.450000 4.786480 0.700000
v 1.450000 4.719501 0.700000
v 1.450000 4.885460 0.140937
v 1.450000 4.719501 0.700000
v 1.704641 4.825369 0.228532
v 1.704641 4.825369 0.228532
v 1.450000 4.719501 0.700000
v 1.450000 4.788524 0.700000
v 1.704641 4.825369 0.228532
v 1.450000 4.788524 0.700000
v 1.958078 4.879841 0.386431
v 1.958078 4.879841 0.386431
v 1.450000 4.788524 0.700000
v 1.450000 4.729361 0.700000
v 1.958078 4.879841 0.386431
v 1.450000 4.729361 0.700000
v 2.022762 4.834537 0.700000
v 0.400000 9.116545 -0.350000
v 0.936949 8.967577 -0.350000
v 0.852992 9.024838 -0.088465
v 0.400000 9.116545 -0.350000
v 0.852992 9.024838 -0.088465
v 0.400000 9.040400 -0.350000
v 0.400000 9.040400 -0.350000
v 0.852992 9.024838 -0.088465
v 0.687974 8.973399 0.148786
v 0.400000 9.040400 -0.350000
v 0.687974 8.973399 0.148786
v 0.400000 9.114818 -0.350000
v 0.400000 9.114818 -0.350000
v 0.687974 8.973399 0.148786
v 0.400000 9.030659 0.167638
v 0.400000 9.114818 -0.350000
v 0.400000 9.030659 0.167638
v 0.400000 9.046794 -0.350000
v 0.400000 9.046794 -0.350000
v 0.400000 9.030659 0.167638
v 0.108033 8.949135 0.155702
v 0.400000 9.046794 -0.350000
v 0.108033 8.949135 0.155702
v 0.400000 9.120832 -0.350000
v 0.400000 9.120832 -0.350000
v 0.108033 8.949135 0.155702
v -0.045534 9.006158 -0.092771
v 0.400000 9.120832 -0.350000
v -0.045534 9.006158 -0.092771
v 0.400000 9.061059 -0.350000
v 0.400000 9.061059 -0.350000
v -0.045534 9.006158 -0.092771
v -0.164629 8.954721 -0.350000
v 0.400000 9.061059 -0.350000
v -0.164629 8.954721 -0.350000
v 0.400000 9.135099 -0.350000
v 0.400000 9.135099 -0.350000
v -0.164629 8.954721 -0.350000
v -0.079274 9.011978 -0.626709
v 0.400000 9.135099 -0.350000
v -0.079274 9.011978 -0.626709
v 0.400000 9.066947 -0.350000
v 0.400000 9.066947 -0.350000
v -0.079274 9.011978 -0.626709
v 0.135922 8.930460 -0.807396
v 0.400000 9.066947 -0.350000
v 0.135922 8.930460 -0.807396
v 0.400000 9.141487 -0.350000
v 0.400000 9.141487 -0.350000
v 0.135922 8.930460 -0.807396
v 0.400000 9.017747 -0.897530
v 0.400000 9.141487 -0.350000
v 0.400000 9.017747 -0.897530
v 0.400000 9.065341 -0.350000
v 0.400000 9.065341 -0.350000
v 0.400000 9.017747 -0.897530
v 0.650269 8.936044 -0.783479
v 0.400000 9.065341 -0.350000
v 0.650269 8.936044 -0.783479
v 0.400000 9.139504 -0.350000
v 0.400000 9.139504 -0.350000
v 0.650269 8.936044 -0.783479
v 0.869509 8.993305 -0.621071
v 0.400000 9.139504 -0.350000
v 0.869509 8.993305 -0.621071
v 0.400000 9.071483 -0.350000
v 0.400000 9.071483 -0.350000
v 0.869509 8.993305 -0.621071
v 0.916834 8.941809 -0.350000
v 0.400000 9.071483 -0.350000
v 0.916834 8.941809 -0.350000
v 0.400000 9.145520 -0.350000
v 0.936949 8.967577 -0.350000
v 1.478070 8.748385 -0.350000
v 1.320219 8.706031 0.181289
v 0.936949 8.967577 -0.350000
v 1.320219 8.706031 0.181289
v 0.852992 9.024838 -0.088465
v 0.852992 9.024838 -0.088465
v 1.320219 8.706031 0.181289
v 0.882751 8.746736 0.486149
v 0.852992 9.024838 -0.088465
v 0.882751 8.746736 0.486149
v 0.687974 8.973399 0.148786
v 0.687974 8.973399 0.148786
v 0.882751 8.746736 0.486149
v 0.400000 8.698637 0.682034
v 0.687974 8.973399 0.148786
v 0.400000 8.698637 0.682034
v 0.400000 9.030659 0.167638
v 0.400000 9.030659 0.167638
v 0.400000 8.698637 0.682034
v -0.096525 8.716674 0.510006
v 0.400000 9.030659 0.167638
v -0.096525 8.716674 0.510006
v 0.108033 8.949135 0.155702
v 0.108033 8.949135 0.155702
v -0.096525 8.716674 0.510006
v -0.499869 8.674140 0.169540
v 0.108033 8.949135 0.155702
v -0.499869 8.674140 0.169540
v -0.045534 9.006158 -0.092771
v -0.045534 9.006158 -0.092771
v -0.499869 8.674140 0.169540
v -0.544564 8.715204 -0.350000
v -0.045534 9.006158 -0.092771
v -0.544564 8.715204 -0.350000
v -0.164629 8.954721 -0.350000
v -0.164629 8.954721 -0.350000
v -0.544564 8.715204 -0.350000
v -0.402384 8.667104 -0.813257
v -0.164629 8.954721 -0.350000
v -0.402384 8.667104 -0.813257
v -0.079274 9.011978 -0.626709
v -0.079274 9.011978 -0.626709
v -0.402384 8.667104 -0.813257
v -0.127067 8.731466 -1.262906
v -0.079274 9.011978 -0.626709
v -0.127067 8.731466 -1.262906
v 0.135922 8.930460 -0.807396
v 0.135922 8.930460 -0.807396
v -0.127067 8.731466 -1.262906
v 0.400000 8.666132 -1.286117
v 0.135922 8.930460 -0.807396
v 0.400000 8.666132 -1.286117
v 0.400000 9.017747 -0.897530
v 0.400000 9.017747 -0.897530
v 0.400000 8.666132 -1.286117
v 0.911794 8.729995 -1.236453
v 0.400000 9.017747 -0.897530
v 0.911794 8.729995 -1.236453
v 0.650269 8.936044 -0.783479
v 0.650269 8.936044 -0.783479
v 0.911794 8.729995 -1.236453
v 1.326323 8.681897 -0.884813
v 0.650269 8.936044 -0.783479
v 1.326323 8.681897 -0.884813
v 0.869509 8.993305 -0.621071
v 0.869509 8.993305 -0.621071
v 1.326323 8.681897 -0.884813
v 1.433197 8.722917 -0.350000
v 0.869509 8.993305 -0.621071
v 1.433197 8.722917 -0.350000
v 0.916834 8.941809 -0.350000
v 1.478070 8.748385 -0.350000
v 1.705906 8.293087 -0.350000
v 1.513583 8.273256 0.292927
v 1.478070 8.748385 -0.350000
v 1.513583 8.273256 0.292927
v 1.320219 8.706031 0.181289
v 1.320219 8.706031 0.181289
v 1.513583 8.273256 0.292927
v 1.086247 8.295254 0.838614
v 1.320219 8.706031 0.181289
v 1.086247 8.295254 0.838614
v 0.882751 8.746736 0.486149
v 0.882751 8.746736 0.486149
v 1.086247 8.295254 0.838614
v 0.400000 8.269205 0.895372
v 0.882751 8.746736 0.486149
v 0.400000 8.269205 0.895372
v 0.400000 8.698637 0.682034
v 0.400000 8.698637 0.682034
v 0.400000 8.269205 0.895372
v -0.300071 8.316273 0.862559
v 0.400000 8.698637 0.682034
v -0.300071 8.316273 0.862559
v -0.096525 8.716674 0.510006
v -0.096525 8.716674 0.510006
v -0.300071 8.316273 0.862559
v -0.679358 8.290223 0.273168
v -0.096525 8.716674 0.510006
v -0.679358 8.290223 0.273168
v -0.499869 8.674140 0.169540
v -0.499869 8.674140 0.169540
v -0.679358 8.290223 0.273168
v -0.946263 8.312416 -0.350000
v -0.499869 8.674140 0.169540
v -0.946263 8.312416 -0.350000
v -0.544564 8.715204 -0.350000
v -0.544564 8.715204 -0.350000
v -0.946263 8.312416 -0.350000
v -0.737107 8.286368 -1.006509
v -0.544564 8.715204 -0.350000
v -0.737107 8.286368 -1.006509
v -0.402384 8.667104 -0.813257
v -0.402384 8.667104 -0.813257
v -0.737107 8.286368 -1.006509
v -0.233421 8.308753 -1.447117
v -0.402384 8.667104 -0.813257
v -0.233421 8.308753 -1.447117
v -0.127067 8.731466 -1.262906
v -0.127067 8.731466 -1.262906
v -0.233421 8.308753 -1.447117
v 0.400000 8.288922 -1.677272
v -0.127067 8.731466 -1.262906
v 0.400000 8.288922 -1.677272
v 0.400000 8.666132 -1.286117
v 0.400000 8.666132 -1.286117
v 0.400000 8.288922 -1.677272
v 1.013191 8.311116 -1.412079
v 0.400000 8.666132 -1.286117
v 1.013191 8.311116 -1.412079
v 0.911794 8.729995 -1.236453
v 0.911794 8.729995 -1.236453
v 1.013191 8.311116 -1.412079
v 1.514301 8.285066 -0.993342
v 0.911794 8.729995 -1.236453
v 1.514301 8.285066 -0.993342
v 1.326323 8.681897 -0.884813
v 1.326323 8.681897 -0.884813
v 1.514301 8.285066 -0.993342
v 1.640611 8.307258 -0.350000
v 1.326323 8.681897 -0.884813
v 1.640611 8.307258 -0.350000
v 1.433197 8.722917 -0.350000
v 1.705906 8.293087 -0.350000
v 1.891850 7.800000 -0.350000
v 1.710923 7.800000 0.406862
v 1.705906 8.293087 -0.350000
v 1.710923 7.800000 0.406862
v 1.513583 8.273256 0.292927
v 1.513583 8.273256 0.292927
v 1.710923 7.800000 0.406862
v 1.109973 7.800000 0.879709
v 1.513583 8.273256 0.292927
v 1.109973 7.800000 0.879709
v 1.086247 8.295254 0.838614
v 1.086247 8.295254 0.838614
v 1.109973 7.800000 0.879709
v 0.400000 7.800000 1.091825
v 1.086247 8.295254 0.838614
v 0.400000 7.800000 1.091825
v 0.400000 8.269205 0.895372
v 0.400000 8.269205 0.895372
v 0.400000 7.800000 1.091825
v -0.289572 7.800000 0.844374
v 0.400000 8.269205 0.895372
v -0.289572 7.800000 0.844374
v -0.300071 8.316273 0.862559
v -0.300071 8.316273 0.862559
v -0.289572 7.800000 0.844374
v -0.837698 7.800000 0.364585
v -0.300071 8.316273 0.862559
v -0.837698 7.800000 0.364585
v -0.679358 8.290223 0.273168
v -0.679358 8.290223 0.273168
v -0.837698 7.800000 0.364585
v -0.932621 7.800000 -0.350000
v -0.679358 8.290223 0.273168
v -0.932621 7.800000 -0.350000
v -0.946263 8.312416 -0.350000
v -0.946263 8.312416 -0.350000
v -0.932621 7.800000 -0.350000
v -0.775436 7.800000 -1.028639
v -0.946263 8.312416 -0.350000
v -0.775436 7.800000 -1.028639
v -0.737107 8.286368 -1.006509
v -0.737107 8.286368 -1.006509
v -0.775436 7.800000 -1.028639
v -0.361487 7.800000 -1.668935
v -0.737107 8.286368 -1.006509
v -0.361487 7.800000 -1.668935
v -0.233421 8.308753 -1.447117
v -0.233421 8.308753 -1.447117
v -0.361487 7.800000 -1.668935
v 0.400000 7.800000 -1.691848
v -0.233421 8.308753 -1.447117
v 0.400000 7.800000 -1.691848
v 0.400000 8.288922 -1.677272
v 0.400000 8.288922 -1.677272
v 0.400000 7.800000 -1.691848
v 1.125525 7.800000 -1.606646
v 0.400000 8.288922 -1.677272
v 1.125525 7.800000 -1.606646
v 1.013191 8.311116 -1.412079
v 1.013191 8.311116 -1.412079
v 1.125525 7.800000 -1.606646
v 1.700728 7.800000 -1.100976
v 1.013191 8.311116 -1.412079
v 1.700728 7.800000 -1.100976
v 1.514301 8.285066 -0.993342
v 1.514301 8.285066 -0.993342
v 1.700728 7.800000 -1.100976
v 1.835650 7.800000 -0.350000
v 1.514301 8.285066 -0.993342
v 1.835650 7.800000 -0.350000
v 1.640611 8.307258 -0.350000
v 1.891850 7.800000 -0.350000
v 1.676160 7.322517 -0.350000
v 1.534268 7.298792 0.304870
v 1.891850 7.800000 -0.350000
v 1.534268 7.298792 0.304870
v 1.710923 7.800000 0.406862
v 1.710923 7.800000 0.406862
v 1.534268 7.298792 0.304870
v 1.098608 7.320263 0.860024
v 1.710923 7.800000 0.406862
v 1.098608 7.320263 0.860024
v 1.109973 7.800000 0.879709
v 1.109973 7.800000 0.879709
v 1.098608 7.320263 0.860024
v 0.400000 7.296539 0.866457
v 1.109973 7.800000 0.879709
v 0.400000 7.296539 0.866457
v 0.400000 7.800000 1.091825
v 0.400000 7.800000 1.091825
v 0.400000 7.296539 0.866457
v -0.288151 7.317961 0.841913
v 0.400000 7.800000 1.091825
v -0.288151 7.317961 0.841913
v -0.289572 7.800000 0.844374
v -0.289572 7.800000 0.844374
v -0.288151 7.317961 0.841913
v -0.657988 7.294190 0.260830
v -0.289572 7.800000 0.844374
v -0.657988 7.294190 0.260830
v -0.837698 7.800000 0.364585
v -0.837698 7.800000 0.364585
v -0.657988 7.294190 0.260830
v -0.916511 7.315611 -0.350000
v -0.837698 7.800000 0.364585
v -0.916511 7.315611 -0.350000
v -0.932621 7.800000 -0.350000
v -0.932621 7.800000 -0.350000
v -0.916511 7.315611 -0.350000
v -0.762828 7.291936 -1.021359
v -0.932621 7.800000 -0.350000
v -0.762828 7.291936 -1.021359
v -0.775436 7.800000 -1.028639
v -0.775436 7.800000 -1.028639
v -0.762828 7.291936 -1.021359
v -0.247456 7.312968 -1.471427
v -0.775436 7.800000 -1.028639
v -0.247456 7.312968 -1.471427
v -0.361487 7.800000 -1.668935
v -0.361487 7.800000 -1.668935
v -0.247456 7.312968 -1.471427
v 0.400000 7.289244 -1.705291
v -0.361487 7.800000 -1.668935
v 0.400000 7.289244 -1.705291
v 0.400000 7.800000 -1.691848
v 0.400000 7.800000 -1.691848
v 0.400000 7.289244 -1.705291
v 1.027620 7.310618 -1.437069
v 0.400000 7.800000 -1.691848
v 1.027620 7.310618 -1.437069
v 1.125525 7.800000 -1.606646
v 1.125525 7.800000 -1.606646
v 1.027620 7.310618 -1.437069
v 1.492936 7.286894 -0.981007
v 1.125525 7.800000 -1.606646
v 1.492936 7.286894 -0.981007
v 1.700728 7.800000 -1.100976
v 1.700728 7.800000 -1.100976
v 1.492936 7.286894 -0.981007
v 1.614208 7.308316 -0.350000
v 1.700728 7.800000 -1.100976
v 1.614208 7.308316 -0.350000
v 1.835650 7.800000 -0.350000
v 1.676160 7.322517 -0.350000
v 1.462488 6.908926 -0.350000
v 1.333714 6.859343 0.189080
v 1.676160 7.322517 -0.350000
v 1.333714 6.859343 0.189080
v 1.534268 7.298792 0.304870
v 1.534268 7.298792 0.304870
v 1.333714 6.859343 0.189080
v 0.895668 6.910146 0.508522
v 1.534268 7.298792 0.304870
v 0.895668 6.910146 0.508522
v 1.098608 7.320263 0.860024
v 1.098608 7.320263 0.860024
v 0.895668 6.910146 0.508522
v 0.400000 6.866311 0.656604
v 1.098608 7.320263 0.860024
v 0.400000 6.866311 0.656604
v 0.400000 7.296539 0.866457
v 0.400000 7.296539 0.866457
v 0.400000 6.866311 0.656604
v -0.083809 6.917384 0.487983
v 0.400000 7.296539 0.866457
v -0.083809 6.917384 0.487983
v -0.288151 7.317961 0.841913
v -0.288151 7.317961 0.841913
v -0.083809 6.917384 0.487983
v -0.486378 6.867716 0.161751
v -0.288151 7.317961 0.841913
v -0.486378 6.867716 0.161751
v -0.657988 7.294190 0.260830
v -0.657988 7.294190 0.260830
v -0.486378 6.867716 0.161751
v -0.529388 6.918787 -0.350000
v -0.657988 7.294190 0.260830
v -0.529388 6.918787 -0.350000
v -0.916511 7.315611 -0.350000
v -0.916511 7.315611 -0.350000
v -0.529388 6.918787 -0.350000
v -0.424407 6.875043 -0.825972
v -0.916511 7.315611 -0.350000
v -0.424407 6.875043 -0.825972
v -0.762828 7.291936 -1.021359
v -0.762828 7.291936 -1.021359
v -0.424407 6.875043 -0.825972
v -0.134658 6.926478 -1.276054
v -0.762828 7.291936 -1.021359
v -0.134658 6.926478 -1.276054
v -0.247456 7.312968 -1.471427
v -0.247456 7.312968 -1.471427
v -0.134658 6.926478 -1.276054
v 0.400000 6.876896 -1.311552
v -0.247456 7.312968 -1.471427
v 0.400000 6.876896 -1.311552
v 0.400000 7.289244 -1.705291
v 0.400000 7.289244 -1.705291
v 0.400000 6.876896 -1.311552
v 0.919385 6.927880 -1.249601
v 0.400000 7.289244 -1.705291
v 0.919385 6.927880 -1.249601
v 1.027620 7.310618 -1.437069
v 1.027620 7.310618 -1.437069
v 0.919385 6.927880 -1.249601
v 1.313175 6.884043 -0.877222
v 1.027620 7.310618 -1.437069
v 1.313175 6.884043 -0.877222
v 1.492936 7.286894 -0.981007
v 1.492936 7.286894 -0.981007
v 1.313175 6.884043 -0.877222
v 1.407367 6.935117 -0.350000
v 1.492936 7.286894 -0.981007
v 1.407367 6.935117 -0.350000
v 1.614208 7.308316 -0.350000
v 1.462488 6.908926 -0.350000
v 0.932841 6.624443 -0.350000
v 0.854146 6.552169 -0.087799
v 1.462488 6.908926 -0.350000
v 0.854146 6.552169 -0.087799
v 1.333714 6.859343 0.189080
v 1.333714 6.859343 0.189080
v 0.854146 6.552169 -0.087799
v 0.685867 6.618622 0.145136
v 1.333714 6.859343 0.189080
v 0.685867 6.618622 0.145136
v 0.895668 6.910146 0.508522
v 0.895668 6.910146 0.508522
v 0.685867 6.618622 0.145136
v 0.400000 6.561361 0.169078
v 0.895668 6.910146 0.508522
v 0.400000 6.561361 0.169078
v 0.400000 6.866311 0.656604
v 0.400000 6.866311 0.656604
v 0.400000 6.561361 0.169078
v 0.105979 6.657899 0.159259
v 0.400000 6.866311 0.656604
v 0.105979 6.657899 0.159259
v -0.083809 6.917384 0.487983
v -0.083809 6.917384 0.487983
v 0.105979 6.657899 0.159259
v -0.044286 6.600876 -0.093491
v -0.083809 6.917384 0.487983
v -0.044286 6.600876 -0.093491
v -0.486378 6.867716 0.161751
v -0.486378 6.867716 0.161751
v -0.044286 6.600876 -0.093491
v -0.160522 6.667326 -0.350000
v -0.486378 6.867716 0.161751
v -0.160522 6.667326 -0.350000
v -0.529388 6.918787 -0.350000
v -0.529388 6.918787 -0.350000
v -0.160522 6.667326 -0.350000
v -0.078120 6.610069 -0.626043
v -0.529388 6.918787 -0.350000
v -0.078120 6.610069 -0.626043
v -0.424407 6.875043 -0.825972
v -0.424407 6.875043 -0.825972
v -0.078120 6.610069 -0.626043
v 0.133869 6.647494 -0.810952
v -0.424407 6.875043 -0.825972
v 0.133869 6.647494 -0.810952
v -0.134658 6.926478 -1.276054
v -0.134658 6.926478 -1.276054
v 0.133869 6.647494 -0.810952
v 0.400000 6.605246 -0.896197
v -0.134658 6.926478 -1.276054
v 0.400000 6.605246 -0.896197
v 0.400000 6.876896 -1.311552
v 0.400000 6.876896 -1.311552
v 0.400000 6.605246 -0.896197
v 0.652377 6.641909 -0.787130
v 0.400000 6.876896 -1.311552
v 0.652377 6.641909 -0.787130
v 0.919385 6.927880 -1.249601
v 0.919385 6.927880 -1.249601
v 0.652377 6.641909 -0.787130
v 0.868261 6.584648 -0.620350
v 0.919385 6.927880 -1.249601
v 0.868261 6.584648 -0.620350
v 1.313175 6.884043 -0.877222
v 1.313175 6.884043 -0.877222
v 0.868261 6.584648 -0.620350
v 0.921051 6.651158 -0.350000
v 1.313175 6.884043 -0.877222
v 0.921051 6.651158 -0.350000
v 1.407367 6.935117 -0.350000
v 0.932841 6.624443 -0.350000
v 0.400000 6.450155 -0.350000
v 0.400000 6.526289 -0.350000
v 0.932841 6.624443 -0.350000
v 0.400000 6.526289 -0.350000
v 0.854146 6.552169 -0.087799
v 0.854146 6.552169 -0.087799
v 0.400000 6.526289 -0.350000
v 0.400000 6.452489 -0.350000
v 0.854146 6.552169 -0.087799
v 0.400000 6.452489 -0.350000
v 0.685867 6.618622 0.145136
v 0.685867 6.618622 0.145136
v 0.400000 6.452489 -0.350000
v 0.400000 6.520498 -0.350000
v 0.685867 6.618622 0.145136
v 0.400000 6.520498 -0.350000
v 0.400000 6.561361 0.169078
v 0.400000 6.561361 0.169078
v 0.400000 6.520498 -0.350000
v 0.400000 6.511253 -0.350000
v 0.400000 6.561361 0.169078
v 0.400000 6.511253 -0.350000
v 0.105979 6.657899 0.159259
v 0.105979 6.657899 0.159259
v 0.400000 6.511253 -0.350000
v 0.400000 6.571388 -0.350000
v 0.105979 6.657899 0.159259
v 0.400000 6.571388 -0.350000
v -0.044286 6.600876 -0.093491
v -0.044286 6.600876 -0.093491
v 0.400000 6.571388 -0.350000
v 0.400000 6.497081 -0.350000
v -0.044286 6.600876 -0.093491
v 0.400000 6.497081 -0.350000
v -0.160522 6.667326 -0.350000
v -0.160522 6.667326 -0.350000
v 0.400000 6.497081 -0.350000
v 0.400000 6.565087 -0.350000
v -0.160522 6.667326 -0.350000
v 0.400000 6.565087 -0.350000
v -0.078120 6.610069 -0.626043
v -0.078120 6.610069 -0.626043
v 0.400000 6.565087 -0.350000
v 0.400000 6.491348 -0.350000
v -0.078120 6.610069 -0.626043
v 0.400000 6.491348 -0.350000
v 0.133869 6.647494 -0.810952
v 0.133869 6.647494 -0.810952
v 0.400000 6.491348 -0.350000
v 0.400000 6.567482 -0.350000
v 0.133869 6.647494 -0.810952
v 0.400000 6.567482 -0.350000
v 0.400000 6.605246 -0.896197
v 0.400000 6.605246 -0.896197
v 0.400000 6.567482 -0.350000
v 0.400000 6.493426 -0.350000
v 0.400000 6.605246 -0.896197
v 0.400000 6.493426 -0.350000
v 0.652377 6.641909 -0.787130
v 0.652377 6.641909 -0.787130
v 0.400000 6.493426 -0.350000
v 0.400000 6.561435 -0.350000
v 0.652377 6.641909 -0.787130
v 0.400000 6.561435 -0.350000
v 0.868261 6.584648 -0.620350
v 0.868261 6.584648 -0.620350
v 0.400000 6.561435 -0.350000
v 0.400000 6.487192 -0.350000
v 0.868261 6.584648 -0.620350
v 0.400000 6.487192 -0.350000
v 0.921051 6.651158 -0.350000
vt 0.000000 0.000000
vt 0.100000 0.000000
vt 0.100000 1.000000
vt 0.000000 0.000000
vt 0.100000 1.000000
vt 0.000000 1.000000
vt 0.000000 0.000000
vt 1.000000 0.000000
vt 1.000000 1.000000
vt 0.000000 0.000000
vt 1.000000 0.000000
vt 1.000000 1.000000
vt 0.100000 0.000000
vt 0.200000 0.000000
vt 0.200000 1.000000
vt 0.100000 0.000000
vt 0.200000 1.000000
vt 0.100000 1.000000
vt 0.000000 0.000000
vt 1.000000 0.000000
vt 1.000000 1.000000
vt 0.000000 0.000000
vt 1.000000 0.000000
vt 1.000000 1.000000
vt 0.200000 0.000000
vt 0.300000 0.000000
vt 0.300000 1.000000
vt 0.200000 0.000000
vt 0.300000 1.000000
vt 0.200000 1.000000
vt 0.000000 0.000000
vt 1.000000 0.000000
vt 1.000000 1.000000
vt 0.000000 0.000000
vt 1.000000 0.000000
vt 1.000000 1.000000
vt 0.300000 0.000000
vt 0.400000 0.000000
vt 0.400000 1.000000
vt 0.300000 0.000000
vt 0.400000 1.000000
vt 0.300000 1.000000
vt 0.000000 0.000000
vt 1.000000 0.000000
vt 1.000000 1.000000
vt 0.000000 0.000000
vt 1.000000 0.000000
vt 1.000000 1.000000
vt 0.400000 0.000000
vt 0.500000 0.000000
vt 0.500000 1.000000
vt 0.400000 0.000000
vt 0.500000 1.000000
vt 0.400000 1.000000
vt 0.000000 0.000000
vt 1.000000 0.000000
vt 1.000000 1.000000
vt 0.000000 0.000000
vt 1.000000 0.000000
vt 1.000000 1.000000
vt 0.500000 0.000000
vt 0.600000 0.000000
vt 0.600000 1.000000
vt 0.500000 0.000000
vt 0.600000 1.000000
vt 0.500000 1.000000
vt 0.000000 0.000000
vt 1.000000 0.000000
vt 1.000000 1.000000
vt 0.000000 0.000000
vt 1.000000 0.000000
vt 1.000000 1.000000
vt 0.600000 0.000000
vt 0.700000 0.000000
vt 0.700000 1.000000
vt 0.600000 0.000000
vt 0.700000 1.000000
vt 0.600000 1.000000
vt 0.000000 0.000000
vt 1.000000 0.000000
vt 1.000000 1.000000
vt 0.000000 0.000000
vt 1.000000 0.000000
vt 1.000000 1.000000
vt 0.700000 0.000000
vt 0.800000 0.000000
vt 0.800000 1.000000
vt 0.700000 0.000000
vt 0.800000 1.000000
vt 0.700000 1.000000
vt 0.000000 0.000000
vt 1.000000 0.000000
vt 1.000000 1.000000
vt 0.000000 0.000000
vt 1.000000 0.000000
vt 1.000000 1.000000
vt 0.800000 0.000000
vt 0.900000 0.000000
vt 0.900000 1.000000
vt 0.800000 0.000000
vt 0.900000 1.000000
vt 0.800000 1.000000
vt 0.000000 0.000000
vt 1.000000 0.000000
vt 1.000000 1.000000
vt 0.000000 0.000000
vt 1.000000 0.000000
vt 1.000000 1.000000
vt 0.900000 0.000000
vt 1.000000 0.000000
vt 1.000000 1.000000
vt 0.900000 0.000000
vt 1.000000 1.000000
vt 0.900000 1.000000
vt 0.000000 0.000000
vt 1.000000 0.000000
vt 1.000000 1.000000
vt 0.000000 0.000000
vt 1.000000 0.000000
vt 1.000000 1.000000
vt 0.000000 0.000000
vt 0.125000 0.000000
vt 0.125000 1.000000
vt 0.000000 0.000000
vt 0.125000 1.000000
vt 0.000000 1.000000
vt 0.000000 0.000000
vt 1.000000 0.000000
vt 1.000000 1.000000
vt 0.000000 0.000000
vt 1.000000 0.000000
vt 1.000000 1.000000
vt 0.125000 0.000000
vt 0.250000 0.000000
vt 0.250000 1.000000
vt 0.125000 0.000000
vt 0.250000 1.000000
vt 0.125000 1.000000
vt 0.000000 0.000000
vt 1.000000 0.000000
vt 1.000000 1.000000
vt 0.000000 0.000000
vt 1.000000 0.000000
vt 1.000000 1.000000
vt 0.250000 0.000000
vt 0.375000 0.000000
vt 0.375000 1.000000
vt 0.250000 0.000000
vt 0.375000 1.000000
vt 0.250000 1.000000
vt 0.000000 0.000000
vt 1.000000 0.000000
vt 1.000000 1.000000
vt 0.000000 0.000000
vt 1.000000 0.000000
vt 1.000000 1.000000
vt 0.375000 0.000000
vt 0.500000 0.000000
vt 0.500000 1.000000
vt 0.375000 0.000000
vt 0.500000 1.000000
vt 0.375000 1.000000
vt 0.000000 0.000000
vt 1.000000 0.000000
vt 1.000000 1.000000
vt 0.000000 0.000000
vt 1.000000 0.000000
vt 1.000000 1.000000
vt 0.500000 0.000000
vt 0.625000 0.000000
vt 0.625000 1.000000
vt 0.500000 0.000000
vt 0.625000 1.000000
vt 0.500000 1.000000
vt 0.000000 0.000000
vt 1.000000 0.000000
vt 1.000000 1.000000
vt 0.000000 0.000000
vt 1.000000 0.000000
vt 1.000000 1.000000
vt 0.625000 0.000000
vt 0.750000 0.000000
vt 0.750000 1.000000
vt 0.625000 0.000000
vt 0.750000 1.000000
vt 0.625000 1.000000
vt 0.000000 0.000000
vt 1.000000 0.000000
vt 1.000000 1.000000
vt 0.000000 0.000000
vt 1.000000 0.000000
vt 1.000000 1.000000
vt 0.750000 0.000000
vt 0.875000 0.000000
vt 0.875000 1.000000
vt 0.750000 0.000000
vt 0.875000 1.000000
vt 0.750000 1.000000
vt 0.000000 0.000000
vt 1.000000 0.000000
vt 1.000000 1.000000
vt 0.000000 0.000000
vt 1.000000 0.000000
vt 1.000000 1.000000
vt 0.875000 0.000000
vt 1.000000 0.000000
vt 1.000000 1.000000
vt 0.875000 0.000000
vt 1.000000 1.000000
vt 0.875000 1.000000
vt 0.000000 0.000000
vt 1.000000 0.000000
vt 1.000000 1.000000
vt 0.000000 0.000000
vt 1.000000 0.000000
vt 1.000000 1.000000
vt 0.000000 0.000000
vt 0.125000 0.000000
vt 0.125000 1.000000
vt 0.000000 0.000000
vt 0.125000 1.000000
vt 0.000000 1.000000
vt 0.000000 0.000000
vt 1.000000 0.000000
vt 1.000000 1.000000
vt 0.000000 0.000000
vt 1.000000 0.000000
vt 1.000000 1.000000
vt 0.125000 0.000000
vt 0.250000 0.000000
vt 0.250000 1.000000
vt 0.125000 0.000000
vt 0.250000 1.000000
vt 0.125000 1.000000
vt 0.000000 0.000000
vt 1.000000 0.000000
vt 1.000000 1.000000
vt 0.000000 0.000000
vt 1.000000 0.000000
vt 1.000000 1.000000
vt 0.250000 0.000000
vt 0.375000 0.000000
vt 0.375000 1.000000
vt 0.250000 0.000000
vt 0.375000 1.000000
vt 0.250000 1.000000
vt 0.000000 0.000000
vt 1.000000 0.000000
vt 1.000000 1.000000
vt 0.000000 0.000000
vt 1.000000 0.000000
vt 1.000000 1.000000
vt 0.375000 0.000000
vt 0.500000 0.000000
vt 0.500000 1.000000
vt 0.375000 0.000000
vt 0.500000 1.000000
vt 0.375000 1.000000
vt 0.000000 0.000000
vt 1.000000 0.000000
vt 1.000000 1.000000
vt 0.000000 0.000000
vt 1.000000 0.000000
vt 1.000000 1.000000
vt 0.500000 0.000000
vt 0.625000 0.000000
vt 0.625000 1.000000
vt 0.500000 0.000000
vt 0.625000 1.000000
vt 0.500000 1.000000
vt 0.000000 0.000000
vt 1.000000 0.000000
vt 1.000000 1.000000
vt 0.000000 0.000000
vt 1.000000 0.000000
vt 1.000000 1.000000
vt 0.625000 0.000000
vt 0.750000 0.000000
vt 0.750000 1.000000
vt 0.625000 0.000000
vt 0.750000 1.000000
vt 0.625000 1.000000
vt 0.000000 0.000000
vt 1.000000 0.000000
vt 1.000000 1.000000
vt 0.000000 0.000000
vt 1.000000 0.000000
vt 1.000000 1.000000
vt 0.750000 0.000000
vt 0.875000 0.000000
vt 0.875000 1.000000
vt 0.750000 0.000000
vt 0.875000 1.000000
vt 0.750000 1.000000
vt 0.000000 0.000000
vt 1.000000 0.000000
vt 1.000000 1.000000
vt 0.000000 0.000000
vt 1.000000 0.000000
vt 1.000000 1.000000
vt 0.875000 0.000000
vt 1.000000 0.000000
vt 1.000000 1.000000
vt 0.875000 0.000000
vt 1.000000 1.000000
vt 0.875000 1.000000
vt 0.000000 0.000000
vt 1.000000 0.000000
vt 1.000000 1.000000
vt 0.000000 0.000000
vt 1.000000 0.000000
vt 1.000000 1.000000
vt 0.000000 0.000000
vt 0.125000 0.000000
vt 0.125000 1.000000
vt 0.000000 0.000000
vt 0.125000 1.000000
vt 0.000000 1.000000
vt 0.000000 0.000000
vt 1.000000 0.000000
vt 1.000000 1.000000
vt 0.000000 0.000000
vt 1.000000 0.000000
vt 1.000000 1.000000
vt 0.125000 0.000000
vt 0.250000 0.000000
vt 0.250000 1.000000
vt 0.125000 0.000000
vt 0.250000 1.000000
vt 0.125000 1.000000
vt 0.000000 0.000000
vt 1.000000 0.000000
vt 1.000000 1.000000
vt 0.000000 0.000000
vt 1.000000 0.000000
vt 1.000000 1.000000
vt 0.250000 0.000000
vt 0.375000 0.000000
vt 0.375000 1.000000
vt 0.250000 0.000000
vt 0.375000 1.000000
vt 0.250000 1.000000
vt 0.000000 0.000000
vt 1.000000 0.000000
vt 1.000000 1.000000
vt 0.000000 0.000000
vt 1.000000 0.000000
vt 1.000000 1.000000
vt 0.375000 0.000000
vt 0.500000 0.000000
vt 0.500000 1.000000
vt 0.375000 0.000000
vt 0.500000 1.000000
vt 0.375000 1.000000
vt 0.000000 0.000000
vt 1.000000 0.000000
vt 1.000000 1.000000
vt 0.000000 0.000000
vt 1.000000 0.000000
vt 1.000000 1.000000
vt 0.500000 0.000000
vt 0.625000 0.000000
vt 0.625000 1.000000
vt 0.500000 0.000000
vt 0.625000 1.000000
vt 0.500000 1.000000
vt 0.000000 0.000000
vt 1.000000 0.000000
vt 1.000000 1.000000
vt 0.000000 0.000000
vt 1.000000 0.000000
vt 1.000000 1.000000
vt 0.625000 0.000000
vt 0.750000 0.000000
vt 0.750000 1.000000
vt 0.625000 0.000000
vt 0.750000 1.000000
vt 0.625000 1.000000
vt 0.000000 0.000000
vt 1.000000 0.000000
vt 1.000000 1.000000
vt 0.000000 0.000000
vt 1.000000 0.000000
vt 1.000000 1.000000
vt 0.750000 0.000000
vt 0.875000 0.000000
vt 0.875000 1.000000
vt 0.750000 0.000000
vt 0.875000 1.000000
vt 0.750000 1.000000
vt 0.000000 0.000000
vt 1.000000 0.000000
vt 1.000000 1.000000
vt 0.000000 0.000000
vt 1.000000 0.000000
vt 1.000000 1.000000
vt 0.875000 0.000000
vt 1.000000 0.000000
vt 1.000000 1.000000
vt 0.875000 0.000000
vt 1.000000 1.000000
vt 0.875000 1.000000
vt 0.000000 0.000000
vt 1.000000 0.000000
vt 1.000000 1.000000
vt 0.000000 0.000000
vt 1.000000 0.000000
vt 1.000000 1.000000
vt 0.000000 0.000000
vt 0.125000 0.000000
vt 0.125000 1.000000
vt 0.000000 0.000000
vt 0.125000 1.000000
vt 0.000000 1.000000
vt 0.000000 0.000000
vt 1.000000 0.000000
vt 1.000000 1.000000
vt 0.000000 0.000000
vt 1.000000 0.000000
vt 1.000000 1.000000
vt 0.125000 0.000000
vt 0.250000 0.000000
vt 0.250000 1.000000
vt 0.125000 0.000000
vt 0.250000 1.000000
vt 0.125000 1.000000
vt 0.000000 0.000000
vt 1.000000 0.000000
vt 1.000000 1.000000
vt 0.000000 0.000000
vt 1.000000 0.000000
vt 1.000000 1.000000
vt 0.250000 0.000000
vt 0.375000 0.000000
vt 0.375000 1.000000
vt 0.250000 0.000000
vt 0.375000 1.000000
vt 0.250000 1.000000
vt 0.000000 0.000000
vt 1.000000 0.000000
vt 1.000000 1.000000
vt 0.000000 0.000000
vt 1.000000 0.000000
vt 1.000000 1.000000
vt 0.375000 0.000000
vt 0.500000 0.000000
vt 0.500000 1.000000
vt 0.375000 0.000000
vt 0.500000 1.000000
vt 0.375000 1.000000
vt 0.000000 0.000000
vt 1.000000 0.000000
vt 1.000000 1.000000
vt 0.000000 0.000000
vt 1.000000 0.000000
vt 1.000000 1.000000
vt 0.500000 0.000000
vt 0.625000 0.000000
vt 0.625000 1.000000
vt 0.500000 0.000000
vt 0.625000 1.000000
vt 0.500000 1.000000
vt 0.000000 0.000000
vt 1.000000 0.000000
vt 1.000000 1.000000
vt 0.000000 0.000000
vt 1.000000 0.000000
vt 1.000000 1.000000
vt 0.625000 0.000000
vt 0.750000 0.000000
vt 0.750000 1.000000
vt 0.625000 0.000000
vt 0.750000 1.000000
vt 0.625000 1.000000
vt 0.000000 0.000000
vt 1.000000 0.000000
vt 1.000000 1.000000
vt 0.000000 0.000000
vt 1.000000 0.000000
vt 1.000000 1.000000
vt 0.750000 0.000000
vt 0.875000 0.000000
vt 0.875000 1.000000
vt 0.750000 0.000000
vt 0.875000 1.000000
vt 0.750000 1.000000
vt 0.000000 0.000000
vt 1.000000 0.000000
vt 1.000000 1.000000
vt 0.000000 0.000000
vt 1.000000 0.000000
vt 1.000000 1.000000
vt 0.875000 0.000000
vt 1.000000 0.000000
vt 1.000000 1.000000
vt 0.875000 0.000000
vt 1.000000 1.000000
vt 0.875000 1.000000
vt 0.000000 0.000000
vt 1.000000 0.000000
vt 1.000000 1.000000
vt 0.000000 0.000000
vt 1.000000 0.000000
vt 1.000000 1.000000
vt 0.000000 0.000000
vt 0.000000 0.125000
vt 0.083333 0.125000
vt 0.000000 0.000000
vt 0.083333 0.125000
vt 0.083333 0.000000
vt 0.083333 0.000000
vt 0.083333 0.125000
vt 0.166667 0.125000
vt 0.083333 0.000000
vt 0.166667 0.125000
vt 0.166667 0.000000
vt 0.166667 0.000000
vt 0.166667 0.125000
vt 0.250000 0.125000
vt 0.166667 0.000000
vt 0.250000 0.125000
vt 0.250000 0.000000
vt 0.250000 0.000000
vt 0.250000 0.125000
vt 0.333333 0.125000
vt 0.250000 0.000000
vt 0.333333 0.125000
vt 0.333333 0.000000
vt 0.333333 0.000000
vt 0.333333 0.125000
vt 0.416667 0.125000
vt 0.333333 0.000000
vt 0.416667 0.125000
vt 0.416667 0.000000
vt 0.416667 0.000000
vt 0.416667 0.125000
vt 0.500000 0.125000
vt 0.416667 0.000000
vt 0.500000 0.125000
vt 0.500000 0.000000
vt 0.500000 0.000000
vt 0.500000 0.125000
vt 0.583333 0.125000
vt 0.500000 0.000000
vt 0.583333 0.125000
vt 0.583333 0.000000
vt 0.583333 0.000000
vt 0.583333 0.125000
vt 0.666667 0.125000
vt 0.583333 0.000000
vt 0.666667 0.125000
vt 0.666667 0.000000
vt 0.666667 0.000000
vt 0.666667 0.125000
vt 0.750000 0.125000
vt 0.666667 0.000000
vt 0.750000 0.125000
vt 0.750000 0.000000
vt 0.750000 0.000000
vt 0.750000 0.125000
vt 0.833333 0.125000
vt 0.750000 0.000000
vt 0.833333 0.125000
vt 0.833333 0.000000
vt 0.833333 0.000000
vt 0.833333 0.125000
vt 0.916667 0.125000
vt 0.833333 0.000000
vt 0.916667 0.125000
vt 0.916667 0.000000
vt 0.916667 0.000000
vt 0.916667 0.125000
vt 1.000000 0.125000
vt 0.916667 0.000000
vt 1.000000 0.125000
vt 1.000000 0.000000
vt 0.000000 0.125000
vt 0.000000 0.250000
vt 0.083333 0.250000
vt 0.000000 0.125000
vt 0.083333 0.250000
vt 0.083333 0.125000
vt 0.083333 0.125000
vt 0.083333 0.250000
vt 0.166667 0.250000
vt 0.083333 0.125000
vt 0.166667 0.250000
vt 0.166667 0.125000
vt 0.166667 0.125000
vt 0.166667 0.250000
vt 0.250000 0.250000
vt 0.166667 0.125000
vt 0.250000 0.250000
vt 0.250000 0.125000
vt 0.250000 0.125000
vt 0.250000 0.250000
vt 0.333333 0.250000
vt 0.250000 0.125000
vt 0.333333 0.250000
vt 0.333333 0.125000
vt 0.333333 0.125000
vt 0.333333 0.250000
vt 0.416667 0.250000
vt 0.333333 0.125000
vt 0.416667 0.250000
vt 0.416667 0.125000
vt 0.416667 0.125000
vt 0.416667 0.250000
vt 0.500000 0.250000
vt 0.416667 0.125000
vt 0.500000 0.250000
vt 0.500000 0.125000
vt 0.500000 0.125000
vt 0.500000 0.250000
vt 0.583333 0.250000
vt 0.500000 0.125000
vt 0.583333 0.250000
vt 0.583333 0.125000
vt 0.583333 0.125000
vt 0.583333 0.250000
vt 0.666667 0.250000
vt 0.583333 0.125000
vt 0.666667 0.250000
vt 0.666667 0.125000
vt 0.666667 0.125000
vt 0.666667 0.250000
vt 0.750000 0.250000
vt 0.666667 0.125000
vt 0.750000 0.250000
vt 0.750000 0.125000
vt 0.750000 0.125000
vt 0.750000 0.250000
vt 0.833333 0.250000
vt 0.750000 0.125000
vt 0.833333 0.250000
vt 0.833333 0.125000
vt 0.833333 0.125000
vt 0.833333 0.250000
vt 0.916667 0.250000
vt 0.833333 0.125000
vt 0.916667 0.250000
vt 0.916667 0.125000
vt 0.916667 0.125000
vt 0.916667 0.250000
vt 1.000000 0.250000
vt 0.916667 0.125000
vt 1.000000 0.250000
vt 1.000000 0.125000
vt 0.000000 0.250000
vt 0.000000 0.375000
vt 0.083333 0.375000
vt 0.000000 0.250000
vt 0.083333 0.375000
vt 0.083333 0.250000
vt 0.083333 0.250000
vt 0.083333 0.375000
vt 0.166667 0.375000
vt 0.083333 0.250000
vt 0.166667 0.375000
vt 0.166667 0.250000
vt 0.166667 0.250000
vt 0.166667 0.375000
vt 0.250000 0.375000
vt 0.166667 0.250000
vt 0.250000 0.375000
vt 0.250000 0.250000
vt 0.250000 0.250000
vt 0.250000 0.375000
vt 0.333333 0.375000
vt 0.250000 0.250000
vt 0.333333 0.375000
vt 0.333333 0.250000
vt 0.333333 0.250000
vt 0.333333 0.375000
vt 0.416667 0.375000
vt 0.333333 0.250000
vt 0.416667 0.375000
vt 0.416667 0.250000
vt 0.416667 0.250000
vt 0.416667 0.375000
vt 0.500000 0.375000
vt 0.416667 0.250000
vt 0.500000 0.375000
vt 0.500000 0.250000
vt 0.500000 0.250000
vt 0.500000 0.375000
vt 0.583333 0.375000
vt 0.500000 0.250000
vt 0.583333 0.375000
vt 0.583333 0.250000
vt 0.583333 0.250000
vt 0.583333 0.375000
vt 0.666667 0.375000
vt 0.583333 0.250000
vt 0.666667 0.375000
vt 0.666667 0.250000
vt 0.666667 0.250000
vt 0.666667 0.375000
vt 0.750000 0.375000
vt 0.666667 0.250000
vt 0.750000 0.375000
vt 0.750000 0.250000
vt 0.750000 0.250000
vt 0.750000 0.375000
vt 0.833333 0.375000
vt 0.750000 0.250000
vt 0.833333 0.375000
vt 0.833333 0.250000
vt 0.833333 0.250000
vt 0.833333 0.375000
vt 0.916667 0.375000
vt 0.833333 0.250000
vt 0.916667 0.375000
vt 0.916667 0.250000
vt 0.916667 0.250000
vt 0.916667 0.375000
vt 1.000000 0.375000
vt 0.916667 0.250000
vt 1.000000 0.375000
vt 1.000000 0.250000
vt 0.000000 0.375000
vt 0.000000 0.500000
vt 0.083333 0.500000
vt 0.000000 0.375000
vt 0.083333 0.500000
vt 0.083333 0.375000
vt 0.083333 0.375000
vt 0.083333 0.500000
vt 0.166667 0.500000
vt 0.083333 0.375000
vt 0.166667 0.500000
vt 0.166667 0.375000
vt 0.166667 0.375000
vt 0.166667 0.500000
vt 0.250000 0.500000
vt 0.166667 0.375000
vt 0.250000 0.500000
vt 0.250000 0.375000
vt 0.250000 0.375000
vt 0.250000 0.500000
vt 0.333333 0.500000
vt 0.250000 0.375000
vt 0.333333 0.500000
vt 0.333333 0.375000
vt 0.333333 0.375000
vt 0.333333 0.500000
vt 0.416667 0.500000
vt 0.333333 0.375000
vt 0.416667 0.500000
vt 0.416667 0.375000
vt 0.416667 0.375000
vt 0.416667 0.500000
vt 0.500000 0.500000
vt 0.416667 0.375000
vt 0.500000 0.500000
vt 0.500000 0.375000
vt 0.500000 0.375000
vt 0.500000 0.500000
vt 0.583333 0.500000
vt 0.500000 0.375000
vt 0.583333 0.500000
vt 0.583333 0.375000
vt 0.583333 0.375000
vt 0.583333 0.500000
vt 0.666667 0.500000
vt 0.583333 0.375000
vt 0.666667 0.500000
vt 0.666667 0.375000
vt 0.666667 0.375000
vt 0.666667 0.500000
vt 0.750000 0.500000
vt 0.666667 0.375000
vt 0.750000 0.500000
vt 0.750000 0.375000
vt 0.750000 0.375000
vt 0.750000 0.500000
vt 0.833333 0.500000
vt 0.750000 0.375000
vt 0.833333 0.500000
vt 0.833333 0.375000
vt 0.833333 0.375000
vt 0.833333 0.500000
vt 0.916667 0.500000
vt 0.833333 0.375000
vt 0.916667 0.500000
vt 0.916667 0.375000
vt 0.916667 0.375000
vt 0.916667 0.500000
vt 1.000000 0.500000
vt 0.916667 0.375000
vt 1.000000 0.500000
vt 1.000000 0.375000
vt 0.000000 0.500000
vt 0.000000 0.625000
vt 0.083333 0.625000
vt 0.000000 0.500000
vt 0.083333 0.625000
vt 0.083333 0.500000
vt 0.083333 0.500000
vt 0.083333 0.625000
vt 0.166667 0.625000
vt 0.083333 0.500000
vt 0.166667 0.625000
vt 0.166667 0.500000
vt 0.166667 0.500000
vt 0.166667 0.625000
vt 0.250000 0.625000
vt 0.166667 0.500000
vt 0.250000 0.625000
vt 0.250000 0.500000
vt 0.250000 0.500000
vt 0.250000 0.625000
vt 0.333333 0.625000
vt 0.250000 0.500000
vt 0.333333 0.625000
vt 0.333333 0.500000
vt 0.333333 0.500000
vt 0.333333 0.625000
vt 0.416667 0.625000
vt 0.333333 0.500000
vt 0.416667 0.625000
vt 0.416667 0.500000
vt 0.416667 0.500000
vt 0.416667 0.625000
vt 0.500000 0.625000
vt 0.416667 0.500000
vt 0.500000 0.625000
vt 0.500000 0.500000
vt 0.500000 0.500000
vt 0.500000 0.625000
vt 0.583333 0.625000
vt 0.500000 0.500000
vt 0.583333 0.625000
vt 0.583333 0.500000
vt 0.583333 0.500000
vt 0.583333 0.625000
vt 0.666667 0.625000
vt 0.583333 0.500000
vt 0.666667 0.625000
vt 0.666667 0.500000
vt 0.666667 0.500000
vt 0.666667 0.625000
vt 0.750000 0.625000
vt 0.666667 0.500000
vt 0.750000 0.625000
vt 0.750000 0.500000
vt 0.750000 0.500000
vt 0.750000 0.625000
vt 0.833333 0.625000
vt 0.750000 0.500000
vt 0.833333 0.625000
vt 0.833333 0.500000
vt 0.833333 0.500000
vt 0.833333 0.625000
vt 0.916667 0.625000
vt 0.833333 0.500000
vt 0.916667 0.625000
vt 0.916667 0.500000
vt 0.916667 0.500000
vt 0.916667 0.625000
vt 1.000000 0.625000
vt 0.916667 0.500000
vt 1.000000 0.625000
vt 1.000000 0.500000
vt 0.000000 0.625000
vt 0.000000 0.750000
vt 0.083333 0.750000
vt 0.000000 0.625000
vt 0.083333 0.750000
vt 0.083333 0.625000
vt 0.083333 0.625000
vt 0.083333 0.750000
vt 0.166667 0.750000
vt 0.083333 0.625000
vt 0.166667 0.750000
vt 0.166667 0.625000
vt 0.166667 0.625000
vt 0.166667 0.750000
vt 0.250000 0.750000
vt 0.166667 0.625000
vt 0.250000 0.750000
vt 0.250000 0.625000
vt 0.250000 0.625000
vt 0.250000 0.750000
vt 0.333333 0.750000
vt 0.250000 0.625000
vt 0.333333 0.750000
vt 0.333333 0.625000
vt 0.333333 0.625000
vt 0.333333 0.750000
vt 0.416667 0.750000
vt 0.333333 0.625000
vt 0.416667 0.750000
vt 0.416667 0.625000
vt 0.416667 0.625000
vt 0.416667 0.750000
vt 0.500000 0.750000
vt 0.416667 0.625000
vt 0.500000 0.750000
vt 0.500000 0.625000
vt 0.500000 0.625000
vt 0.500000 0.750000
vt 0.583333 0.750000
vt 0.500000 0.625000
vt 0.583333 0.750000
vt 0.583333 0.625000
vt 0.583333 0.625000
vt 0.583333 0.750000
vt 0.666667 0.750000
vt 0.583333 0.625000
vt 0.666667 0.750000
vt 0.666667 0.625000
vt 0.666667 0.625000
vt 0.666667 0.750000
vt 0.750000 0.750000
vt 0.666667 0.625000
vt 0.750000 0.750000
vt 0.750000 0.625000
vt 0.750000 0.625000
vt 0.750000 0.750000
vt 0.833333 0.750000
vt 0.750000 0.625000
vt 0.833333 0.750000
vt 0.833333 0.625000
vt 0.833333 0.625000
vt 0.833333 0.750000
vt 0.916667 0.750000
vt 0.833333 0.625000
vt 0.916667 0.750000
vt 0.916667 0.625000
vt 0.916667 0.625000
vt 0.916667 0.750000
vt 1.000000 0.750000
vt 0.916667 0.625000
vt 1.000000 0.750000
vt 1.000000 0.625000
vt 0.000000 0.750000
vt 0.000000 0.875000
vt 0.083333 0.875000
vt 0.000000 0.750000
vt 0.083333 0.875000
vt 0.083333 0.750000
vt 0.083333 0.750000
vt 0.083333 0.875000
vt 0.166667 0.875000
vt 0.083333 0.750000
vt 0.166667 0.875000
vt 0.166667 0.750000
vt 0.166667 0.750000
vt 0.166667 0.875000
vt 0.250000 0.875000
vt 0.166667 0.750000
vt 0.250000 0.875000
vt 0.250000 0.750000
vt 0.250000 0.750000
vt 0.250000 0.875000
vt 0.333333 0.875000
vt 0.250000 0.750000
vt 0.333333 0.875000
vt 0.333333 0.750000
vt 0.333333 0.750000
vt 0.333333 0.875000
vt 0.416667 0.875000
vt 0.333333 0.750000
vt 0.416667 0.875000
vt 0.416667 0.750000
vt 0.416667 0.750000
vt 0.416667 0.875000
vt 0.500000 0.875000
vt 0.416667 0.750000
vt 0.500000 0.875000
vt 0.500000 0.750000
vt 0.500000 0.750000
vt 0.500000 0.875000
vt 0.583333 0.875000
vt 0.500000 0.750000
vt 0.583333 0.875000
vt 0.583333 0.750000
vt 0.583333 0.750000
vt 0.583333 0.875000
vt 0.666667 0.875000
vt 0.583333 0.750000
vt 0.666667 0.875000
vt 0.666667 0.750000
vt 0.666667 0.750000
vt 0.666667 0.875000
vt 0.750000 0.875000
vt 0.666667 0.750000
vt 0.750000 0.875000
vt 0.750000 0.750000
vt 0.750000 0.750000
vt 0.750000 0.875000
vt 0.833333 0.875000
vt 0.750000 0.750000
vt 0.833333 0.875000
vt 0.833333 0.750000
vt 0.833333 0.750000
vt 0.833333 0.875000
vt 0.916667 0.875000
vt 0.833333 0.750000
vt 0.916667 0.875000
vt 0.916667 0.750000
vt 0.916667 0.750000
vt 0.916667 0.875000
vt 1.000000 0.875000
vt 0.916667 0.750000
vt 1.000000 0.875000
vt 1.000000 0.750000
vt 0.000000 0.875000
vt 0.000000 1.000000
vt 0.083333 1.000000
vt 0.000000 0.875000
vt 0.083333 1.000000
vt 0.083333 0.875000
vt 0.083333 0.875000
vt 0.083333 1.000000
vt 0.166667 1.000000
vt 0.083333 0.875000
vt 0.166667 1.000000
vt 0.166667 0.875000
vt 0.166667 0.875000
vt 0.166667 1.000000
vt 0.250000 1.000000
vt 0.166667 0.875000
vt 0.250000 1.000000
vt 0.250000 0.875000
vt 0.250000 0.875000
vt 0.250000 1.000000
vt 0.333333 1.000000
vt 0.250000 0.875000
vt 0.333333 1.000000
vt 0.333333 0.875000
vt 0.333333 0.875000
vt 0.333333 1.000000
vt 0.416667 1.000000
vt 0.333333 0.875000
vt 0.416667 1.000000
vt 0.416667 0.875000
vt 0.416667 0.875000
vt 0.416667 1.000000
vt 0.500000 1.000000
vt 0.416667 0.875000
vt 0.500000 1.000000
vt 0.500000 0.875000
vt 0.500000 0.875000
vt 0.500000 1.000000
vt 0.583333 1.000000
vt 0.500000 0.875000
vt 0.583333 1.000000
vt 0.583333 0.875000
vt 0.583333 0.875000
vt 0.583333 1.000000
vt 0.666667 1.000000
vt 0.583333 0.875000
vt 0.666667 1.000000
vt 0.666667 0.875000
vt 0.666667 0.875000
vt 0.666667 1.000000
vt 0.750000 1.000000
vt 0.666667 0.875000
vt 0.750000 1.000000
vt 0.750000 0.875000
vt 0.750000 0.875000
vt 0.750000 1.000000
vt 0.833333 1.000000
vt 0.750000 0.875000
vt 0.833333 1.000000
vt 0.833333 0.875000
vt 0.833333 0.875000
vt 0.833333 1.000000
vt 0.916667 1.000000
vt 0.833333 0.875000
vt 0.916667 1.000000
vt 0.916667 0.875000
vt 0.916667 0.875000
vt 0.916667 1.000000
vt 1.000000 1.000000
vt 0.916667 0.875000
vt 1.000000 1.000000
vt 1.000000 0.875000
vt 0.000000 0.000000
vt 0.000000 0.125000
vt 0.083333 0.125000
vt 0.000000 0.000000
vt 0.083333 0.125000
vt 0.083333 0.000000
vt 0.083333 0.000000
vt 0.083333 0.125000
vt 0.166667 0.125000
vt 0.083333 0.000000
vt 0.166667 0.125000
vt 0.166667 0.000000
vt 0.166667 0.000000
vt 0.166667 0.125000
vt 0.250000 0.125000
vt 0.166667 0.000000
vt 0.250000 0.125000
vt 0.250000 0.000000
vt 0.250000 0.000000
vt 0.250000 0.125000
vt 0.333333 0.125000
vt 0.250000 0.000000
vt 0.333333 0.125000
vt 0.333333 0.000000
vt 0.333333 0.000000
vt 0.333333 0.125000
vt 0.416667 0.125000
vt 0.333333 0.000000
vt 0.416667 0.125000
vt 0.416667 0.000000
vt 0.416667 0.000000
vt 0.416667 0.125000
vt 0.500000 0.125000
vt 0.416667 0.000000
vt 0.500000 0.125000
vt 0.500000 0.000000
vt 0.500000 0.000000
vt 0.500000 0.125000
vt 0.583333 0.125000
vt 0.500000 0.000000
vt 0.583333 0.125000
vt 0.583333 0.000000
vt 0.583333 0.000000
vt 0.583333 0.125000
vt 0.666667 0.125000
vt 0.583333 0.000000
vt 0.666667 0.125000
vt 0.666667 0.000000
vt 0.666667 0.000000
vt 0.666667 0.125000
vt 0.750000 0.125000
vt 0.666667 0.000000
vt 0.750000 0.125000
vt 0.750000 0.000000
vt 0.750000 0.000000
vt 0.750000 0.125000
vt 0.833333 0.125000
vt 0.750000 0.000000
vt 0.833333 0.125000
vt 0.833333 0.000000
vt 0.833333 0.000000
vt 0.833333 0.125000
vt 0.916667 0.125000
vt 0.833333 0.000000
vt 0.916667 0.125000
vt 0.916667 0.000000
vt 0.916667 0.000000
vt 0.916667 0.125000
vt 1.000000 0.125000
vt 0.916667 0.000000
vt 1.000000 0.125000
vt 1.000000 0.000000
vt 0.000000 0.125000
vt 0.000000 0.250000
vt 0.083333 0.250000
vt 0.000000 0.125000
vt 0.083333 0.250000
vt 0.083333 0.125000
vt 0.083333 0.125000
vt 0.083333 0.250000
vt 0.166667 0.250000
vt 0.083333 0.125000
vt 0.166667 0.250000
vt 0.166667 0.125000
vt 0.166667 0.125000
vt 0.166667 0.250000
vt 0.250000 0.250000
vt 0.166667 0.125000
vt 0.250000 0.250000
vt 0.250000 0.125000
vt 0.250000 0.125000
vt 0.250000 0.250000
vt 0.333333 0.250000
vt 0.250000 0.125000
vt 0.333333 0.250000
vt 0.333333 0.125000
vt 0.333333 0.125000
vt 0.333333 0.250000
vt 0.416667 0.250000
vt 0.333333 0.125000
vt 0.416667 0.250000
vt 0.416667 0.125000
vt 0.416667 0.125000
vt 0.416667 0.250000
vt 0.500000 0.250000
vt 0.416667 0.125000
vt 0.500000 0.250000
vt 0.500000 0.125000
vt 0.500000 0.125000
vt 0.500000 0.250000
vt 0.583333 0.250000
vt 0.500000 0.125000
vt 0.583333 0.250000
vt 0.583333 0.125000
vt 0.583333 0.125000
vt 0.583333 0.250000
vt 0.666667 0.250000
vt 0.583333 0.125000
vt 0.666667 0.250000
vt 0.666667 0.125000
vt 0.666667 0.125000
vt 0.666667 0.250000
vt 0.750000 0.250000
vt 0.666667 0.125000
vt 0.750000 0.250000
vt 0.750000 0.125000
vt 0.750000 0.125000
vt 0.750000 0.250000
vt 0.833333 0.250000
vt 0.750000 0.125000
vt 0.833333 0.250000
vt 0.833333 0.125000
vt 0.833333 0.125000
vt 0.833333 0.250000
vt 0.916667 0.250000
vt 0.833333 0.125000
vt 0.916667 0.250000
vt 0.916667 0.125000
vt 0.916667 0.125000
vt 0.916667 0.250000
vt 1.000000 0.250000
vt 0.916667 0.125000
vt 1.000000 0.250000
vt 1.000000 0.125000
vt 0.000000 0.250000
vt 0.000000 0.375000
vt 0.083333 0.375000
vt 0.000000 0.250000
vt 0.083333 0.375000
vt 0.083333 0.250000
vt 0.083333 0.250000
vt 0.083333 0.375000
vt 0.166667 0.375000
vt 0.083333 0.250000
vt 0.166667 0.375000
vt 0.166667 0.250000
vt 0.166667 0.250000
vt 0.166667 0.375000
vt 0.250000 0.375000
vt 0.166667 0.250000
vt 0.250000 0.375000
vt 0.250000 0.250000
vt 0.250000 0.250000
vt 0.250000 0.375000
vt 0.333333 0.375000
vt 0.250000 0.250000
vt 0.333333 0.375000
vt 0.333333 0.250000
vt 0.333333 0.250000
vt 0.333333 0.375000
vt 0.416667 0.375000
vt 0.333333 0.250000
vt 0.416667 0.375000
vt 0.416667 0.250000
vt 0.416667 0.250000
vt 0.416667 0.375000
vt 0.500000 0.375000
vt 0.416667 0.250000
vt 0.500000 0.375000
vt 0.500000 0.250000
vt 0.500000 0.250000
vt 0.500000 0.375000
vt 0.583333 0.375000
vt 0.500000 0.250000
vt 0.583333 0.375000
vt 0.583333 0.250000
vt 0.583333 0.250000
vt 0.583333 0.375000
vt 0.666667 0.375000
vt 0.583333 0.250000
vt 0.666667 0.375000
vt 0.666667 0.250000
vt 0.666667 0.250000
vt 0.666667 0.375000
vt 0.750000 0.375000
vt 0.666667 0.250000
vt 0.750000 0.375000
vt 0.750000 0.250000
vt 0.750000 0.250000
vt 0.750000 0.375000
vt 0.833333 0.375000
vt 0.750000 0.250000
vt 0.833333 0.375000
vt 0.833333 0.250000
vt 0.833333 0.250000
vt 0.833333 0.375000
vt 0.916667 0.375000
vt 0.833333 0.250000
vt 0.916667 0.375000
vt 0.916667 0.250000
vt 0.916667 0.250000
vt 0.916667 0.375000
vt 1.000000 0.375000
vt 0.916667 0.250000
vt 1.000000 0.375000
vt 1.000000 0.250000
vt 0.000000 0.375000
vt 0.000000 0.500000
vt 0.083333 0.500000
vt 0.000000 0.375000
vt 0.083333 0.500000
vt 0.083333 0.375000
vt 0.083333 0.375000
vt 0.083333 0.500000
vt 0.166667 0.500000
vt 0.083333 0.375000
vt 0.166667 0.500000
vt 0.166667 0.375000
vt 0.166667 0.375000
vt 0.166667 0.500000
vt 0.250000 0.500000
vt 0.166667 0.375000
vt 0.250000 0.500000
vt 0.250000 0.375000
vt 0.250000 0.375000
vt 0.250000 0.500000
vt 0.333333 0.500000
vt 0.250000 0.375000
vt 0.333333 0.500000
vt 0.333333 0.375000
vt 0.333333 0.375000
vt 0.333333 0.500000
vt 0.416667 0.500000
vt 0.333333 0.375000
vt 0.416667 0.500000
vt 0.416667 0.375000
vt 0.416667 0.375000
vt 0.416667 0.500000
vt 0.500000 0.500000
vt 0.416667 0.375000
vt 0.500000 0.500000
vt 0.500000 0.375000
vt 0.500000 0.375000
vt 0.500000 0.500000
vt 0.583333 0.500000
vt 0.500000 0.375000
vt 0.583333 0.500000
vt 0.583333 0.375000
vt 0.583333 0.375000
vt 0.583333 0.500000
vt 0.666667 0.500000
vt 0.583333 0.375000
vt 0.666667 0.500000
vt 0.666667 0.375000
vt 0.666667 0.375000
vt 0.666667 0.500000
vt 0.750000 0.500000
vt 0.666667 0.375000
vt 0.750000 0.500000
vt 0.750000 0.375000
vt 0.750000 0.375000
vt 0.750000 0.500000
vt 0.833333 0.500000
vt 0.750000 0.375000
vt 0.833333 0.500000
vt 0.833333 0.375000
vt 0.833333 0.375000
vt 0.833333 0.500000
vt 0.916667 0.500000
vt 0.833333 0.375000
vt 0.916667 0.500000
vt 0.916667 0.375000
vt 0.916667 0.375000
vt 0.916667 0.500000
vt 1.000000 0.500000
vt 0.916667 0.375000
vt 1.000000 0.500000
vt 1.000000 0.375000
vt 0.000000 0.500000
vt 0.000000 0.625000
vt 0.083333 0.625000
vt 0.000000 0.500000
vt 0.083333 0.625000
vt 0.083333 0.500000
vt 0.083333 0.500000
vt 0.083333 0.625000
vt 0.166667 0.625000
vt 0.083333 0.500000
vt 0.166667 0.625000
vt 0.166667 0.500000
vt 0.166667 0.500000
vt 0.166667 0.625000
vt 0.250000 0.625000
vt 0.166667 0.500000
vt 0.250000 0.625000
vt 0.250000 0.500000
vt 0.250000 0.500000
vt 0.250000 0.625000
vt 0.333333 0.625000
vt 0.250000 0.500000
vt 0.333333 0.625000
vt 0.333333 0.500000
vt 0.333333 0.500000
vt 0.333333 0.625000
vt 0.416667 0.625000
vt 0.333333 0.500000
vt 0.416667 0.625000
vt 0.416667 0.500000
vt 0.416667 0.500000
vt 0.416667 0.625000
vt 0.500000 0.625000
vt 0.416667 0.500000
vt 0.500000 0.625000
vt 0.500000 0.500000
vt 0.500000 0.500000
vt 0.500000 0.625000
vt 0.583333 0.625000
vt 0.500000 0.500000
vt 0.583333 0.625000
vt 0.583333 0.500000
vt 0.583333 0.500000
vt 0.583333 0.625000
vt 0.666667 0.625000
vt 0.583333 0.500000
vt 0.666667 0.625000
vt 0.666667 0.500000
vt 0.666667 0.500000
vt 0.666667 0.625000
vt 0.750000 0.625000
vt 0.666667 0.500000
vt 0.750000 0.625000
vt 0.750000 0.500000
vt 0.750000 0.500000
vt 0.750000 0.625000
vt 0.833333 0.625000
vt 0.750000 0.500000
vt 0.833333 0.625000
vt 0.833333 0.500000
vt 0.833333 0.500000
vt 0.833333 0.625000
vt 0.916667 0.625000
vt 0.833333 0.500000
vt 0.916667 0.625000
vt 0.916667 0.500000
vt 0.916667 0.500000
vt 0.916667 0.625000
vt 1.000000 0.625000
vt 0.916667 0.500000
vt 1.000000 0.625000
vt 1.000000 0.500000
vt 0.000000 0.625000
vt 0.000000 0.750000
vt 0.083333 0.750000
vt 0.000000 0.625000
vt 0.083333 0.750000
vt 0.083333 0.625000
vt 0.083333 0.625000
vt 0.083333 0.750000
vt 0.166667 0.750000
vt 0.083333 0.625000
vt 0.166667 0.750000
vt 0.166667 0.625000
vt 0.166667 0.625000
vt 0.166667 0.750000
vt 0.250000 0.750000
vt 0.166667 0.625000
vt 0.250000 0.750000
vt 0.250000 0.625000
vt 0.250000 0.625000
vt 0.250000 0.750000
vt 0.333333 0.750000
vt 0.250000 0.625000
vt 0.333333 0.750000
vt 0.333333 0.625000
vt 0.333333 0.625000
vt 0.333333 0.750000
vt 0.416667 0.750000
vt 0.333333 0.625000
vt 0.416667 0.750000
vt 0.416667 0.625000
vt 0.416667 0.625000
vt 0.416667 0.750000
vt 0.500000 0.750000
vt 0.416667 0.625000
vt 0.500000 0.750000
vt 0.500000 0.625000
vt 0.500000 0.625000
vt 0.500000 0.750000
vt 0.583333 0.750000
vt 0.500000 0.625000
vt 0.583333 0.750000
vt 0.583333 0.625000
vt 0.583333 0.625000
vt 0.583333 0.750000
vt 0.666667 0.750000
vt 0.583333 0.625000
vt 0.666667 0.750000
vt 0.666667 0.625000
vt 0.666667 0.625000
vt 0.666667 0.750000
vt 0.750000 0.750000
vt 0.666667 0.625000
vt 0.750000 0.750000
vt 0.750000 0.625000
vt 0.750000 0.625000
vt 0.750000 0.750000
vt 0.833333 0.750000
vt 0.750000 0.625000
vt 0.833333 0.750000
vt 0.833333 0.625000
vt 0.833333 0.625000
vt 0.833333 0.750000
vt 0.916667 0.750000
vt 0.833333 0.625000
vt 0.916667 0.750000
vt 0.916667 0.625000
vt 0.916667 0.625000
vt 0.916667 0.750000
vt 1.000000 0.750000
vt 0.916667 0.625000
vt 1.000000 0.750000
vt 1.000000 0.625000
vt 0.000000 0.750000
vt 0.000000 0.875000
vt 0.083333 0.875000
vt 0.000000 0.750000
vt 0.083333 0.875000
vt 0.083333 0.750000
vt 0.083333 0.750000
vt 0.083333 0.875000
vt 0.166667 0.875000
vt 0.083333 0.750000
vt 0.166667 0.875000
vt 0.166667 0.750000
vt 0.166667 0.750000
vt 0.166667 0.875000
vt 0.250000 0.875000
vt 0.166667 0.750000
vt 0.250000 0.875000
vt 0.250000 0.750000
vt 0.250000 0.750000
vt 0.250000 0.875000
vt 0.333333 0.875000
vt 0.250000 0.750000
vt 0.333333 0.875000
vt 0.333333 0.750000
vt 0.333333 0.750000
vt 0.333333 0.875000
vt 0.416667 0.875000
vt 0.333333 0.750000
vt 0.416667 0.875000
vt 0.416667 0.750000
vt 0.416667 0.750000
vt 0.416667 0.875000
vt 0.500000 0.875000
vt 0.416667 0.750000
vt 0.500000 0.875000
vt 0.500000 0.750000
vt 0.500000 0.750000
vt 0.500000 0.875000
vt 0.583333 0.875000
vt 0.500000 0.750000
vt 0.583333 0.875000
vt 0.583333 0.750000
vt 0.583333 0.750000
vt 0.583333 0.875000
vt 0.666667 0.875000
vt 0.583333 0.750000
vt 0.666667 0.875000
vt 0.666667 0.750000
vt 0.666667 0.750000
vt 0.666667 0.875000
vt 0.750000 0.875000
vt 0.666667 0.750000
vt 0.750000 0.875000
vt 0.750000 0.750000
vt 0.750000 0.750000
vt 0.750000 0.875000
vt 0.833333 0.875000
vt 0.750000 0.750000
vt 0.833333 0.875000
vt 0.833333 0.750000
vt 0.833333 0.750000
vt 0.833333 0.875000
vt 0.916667 0.875000
vt 0.833333 0.750000
vt 0.916667 0.875000
vt 0.916667 0.750000
vt 0.916667 0.750000
vt 0.916667 0.875000
vt 1.000000 0.875000
vt 0.916667 0.750000
vt 1.000000 0.875000
vt 1.000000 0.750000
vt 0.000000 0.875000
vt 0.000000 1.000000
vt 0.083333 1.000000
vt 0.000000 0.875000
vt 0.083333 1.000000
vt 0.083333 0.875000
vt 0.083333 0.875000
vt 0.083333 1.000000
vt 0.166667 1.000000
vt 0.083333 0.875000
vt 0.166667 1.000000
vt 0.166667 0.875000
vt 0.166667 0.875000
vt 0.166667 1.000000
vt 0.250000 1.000000
vt 0.166667 0.875000
vt 0.250000 1.000000
vt 0.250000 0.875000
vt 0.250000 0.875000
vt 0.250000 1.000000
vt 0.333333 1.000000
vt 0.250000 0.875000
vt 0.333333 1.000000
vt 0.333333 0.875000
vt 0.333333 0.875000
vt 0.333333 1.000000
vt 0.416667 1.000000
vt 0.333333 0.875000
vt 0.416667 1.000000
vt 0.416667 0.875000
vt 0.416667 0.875000
vt 0.416667 1.000000
vt 0.500000 1.000000
vt 0.416667 0.875000
vt 0.500000 1.000000
vt 0.500000 0.875000
vt 0.500000 0.875000
vt 0.500000 1.000000
vt 0.583333 1.000000
vt 0.500000 0.875000
vt 0.583333 1.000000
vt 0.583333 0.875000
vt 0.583333 0.875000
vt 0.583333 1.000000
vt 0.666667 1.000000
vt 0.583333 0.875000
vt 0.666667 1.000000
vt 0.666667 0.875000
vt 0.666667 0.875000
vt 0.666667 1.000000
vt 0.750000 1.000000
vt 0.666667 0.875000
vt 0.750000 1.000000
vt 0.750000 0.875000
vt 0.750000 0.875000
vt 0.750000 1.000000
vt 0.833333 1.000000
vt 0.750000 0.875000
vt 0.833333 1.000000
vt 0.833333 0.875000
vt 0.833333 0.875000
vt 0.833333 1.000000
vt 0.916667 1.000000
vt 0.833333 0.875000
vt 0.916667 1.000000
vt 0.916667 0.875000
vt 0.916667 0.875000
vt 0.916667 1.000000
vt 1.000000 1.000000
vt 0.916667 0.875000
vt 1.000000 1.000000
vt 1.000000 0.875000
vt 0.000000 0.000000
vt 0.000000 0.125000
vt 0.083333 0.125000
vt 0.000000 0.000000
vt 0.083333 0.125000
vt 0.083333 0.000000
vt 0.083333 0.000000
vt 0.083333 0.125000
vt 0.166667 0.125000
vt 0.083333 0.000000
vt 0.166667 0.125000
vt 0.166667 0.000000
vt 0.166667 0.000000
vt 0.166667 0.125000
vt 0.250000 0.125000
vt 0.166667 0.000000
vt 0.250000 0.125000
vt 0.250000 0.000000
vt 0.250000 0.000000
vt 0.250000 0.125000
vt 0.333333 0.125000
vt 0.250000 0.000000
vt 0.333333 0.125000
vt 0.333333 0.000000
vt 0.333333 0.000000
vt 0.333333 0.125000
vt 0.416667 0.125000
vt 0.333333 0.000000
vt 0.416667 0.125000
vt 0.416667 0.000000
vt 0.416667 0.000000
vt 0.416667 0.125000
vt 0.500000 0.125000
vt 0.416667 0.000000
vt 0.500000 0.125000
vt 0.500000 0.000000
vt 0.500000 0.000000
vt 0.500000 0.125000
vt 0.583333 0.125000
vt 0.500000 0.000000
vt 0.583333 0.125000
vt 0.583333 0.000000
vt 0.583333 0.000000
vt 0.583333 0.125000
vt 0.666667 0.125000
vt 0.583333 0.000000
vt 0.666667 0.125000
vt 0.666667 0.000000
vt 0.666667 0.000000
vt 0.666667 0.125000
vt 0.750000 0.125000
vt 0.666667 0.000000
vt 0.750000 0.125000
vt 0.750000 0.000000
vt 0.750000 0.000000
vt 0.750000 0.125000
vt 0.833333 0.125000
vt 0.750000 0.000000
vt 0.833333 0.125000
vt 0.833333 0.000000
vt 0.833333 0.000000
vt 0.833333 0.125000
vt 0.916667 0.125000
vt 0.833333 0.000000
vt 0.916667 0.125000
vt 0.916667 0.000000
vt 0.916667 0.000000
vt 0.916667 0.125000
vt 1.000000 0.125000
vt 0.916667 0.000000
vt 1.000000 0.125000
vt 1.000000 0.000000
vt 0.000000 0.125000
vt 0.000000 0.250000
vt 0.083333 0.250000
vt 0.000000 0.125000
vt 0.083333 0.250000
vt 0.083333 0.125000
vt 0.083333 0.125000
vt 0.083333 0.250000
vt 0.166667 0.250000
vt 0.083333 0.125000
vt 0.166667 0.250000
vt 0.166667 0.125000
vt 0.166667 0.125000
vt 0.166667 0.250000
vt 0.250000 0.250000
vt 0.166667 0.125000
vt 0.250000 0.250000
vt 0.250000 0.125000
vt 0.250000 0.125000
vt 0.250000 0.250000
vt 0.333333 0.250000
vt 0.250000 0.125000
vt 0.333333 0.250000
vt 0.333333 0.125000
vt 0.333333 0.125000
vt 0.333333 0.250000
vt 0.416667 0.250000
vt 0.333333 0.125000
vt 0.416667 0.250000
vt 0.416667 0.125000
vt 0.416667 0.125000
vt 0.416667 0.250000
vt 0.500000 0.250000
vt 0.416667 0.125000
vt 0.500000 0.250000
vt 0.500000 0.125000
vt 0.500000 0.125000
vt 0.500000 0.250000
vt 0.583333 0.250000
vt 0.500000 0.125000
vt 0.583333 0.250000
vt 0.583333 0.125000
vt 0.583333 0.125000
vt 0.583333 0.250000
vt 0.666667 0.250000
vt 0.583333 0.125000
vt 0.666667 0.250000
vt 0.666667 0.125000
vt 0.666667 0.125000
vt 0.666667 0.250000
vt 0.750000 0.250000
vt 0.666667 0.125000
vt 0.750000 0.250000
vt 0.750000 0.125000
vt 0.750000 0.125000
vt 0.750000 0.250000
vt 0.833333 0.250000
vt 0.750000 0.125000
vt 0.833333 0.250000
vt 0.833333 0.125000
vt 0.833333 0.125000
vt 0.833333 0.250000
vt 0.916667 0.250000
vt 0.833333 0.125000
vt 0.916667 0.250000
vt 0.916667 0.125000
vt 0.916667 0.125000
vt 0.916667 0.250000
vt 1.000000 0.250000
vt 0.916667 0.125000
vt 1.000000 0.250000
vt 1.000000 0.125000
vt 0.000000 0.250000
vt 0.000000 0.375000
vt 0.083333 0.375000
vt 0.000000 0.250000
vt 0.083333 0.375000
vt 0.083333 0.250000
vt 0.083333 0.250000
vt 0.083333 0.375000
vt 0.166667 0.375000
vt 0.083333 0.250000
vt 0.166667 0.375000
vt 0.166667 0.250000
vt 0.166667 0.250000
vt 0.166667 0.375000
vt 0.250000 0.375000
vt 0.166667 0.250000
vt 0.250000 0.375000
vt 0.250000 0.250000
vt 0.250000 0.250000
vt 0.250000 0.375000
vt 0.333333 0.375000
vt 0.250000 0.250000
vt 0.333333 0.375000
vt 0.333333 0.250000
vt 0.333333 0.250000
vt 0.333333 0.375000
vt 0.416667 0.375000
vt 0.333333 0.250000
vt 0.416667 0.375000
vt 0.416667 0.250000
vt 0.416667 0.250000
vt 0.416667 0.375000
vt 0.500000 0.375000
vt 0.416667 0.250000
vt 0.500000 0.375000
vt 0.500000 0.250000
vt 0.500000 0.250000
vt 0.500000 0.375000
vt 0.583333 0.375000
vt 0.500000 0.250000
vt 0.583333 0.375000
vt 0.583333 0.250000
vt 0.583333 0.250000
vt 0.583333 0.375000
vt 0.666667 0.375000
vt 0.583333 0.250000
vt 0.666667 0.375000
vt 0.666667 0.250000
vt 0.666667 0.250000
vt 0.666667 0.375000
vt 0.750000 0.375000
vt 0.666667 0.250000
vt 0.750000 0.375000
vt 0.750000 0.250000
vt 0.750000 0.250000
vt 0.750000 0.375000
vt 0.833333 0.375000
vt 0.750000 0.250000
vt 0.833333 0.375000
vt 0.833333 0.250000
vt 0.833333 0.250000
vt 0.833333 0.375000
vt 0.916667 0.375000
vt 0.833333 0.250000
vt 0.916667 0.375000
vt 0.916667 0.250000
vt 0.916667 0.250000
vt 0.916667 0.375000
vt 1.000000 0.375000
vt 0.916667 0.250000
vt 1.000000 0.375000
vt 1.000000 0.250000
vt 0.000000 0.375000
vt 0.000000 0.500000
vt 0.083333 0.500000
vt 0.000000 0.375000
vt 0.083333 0.500000
vt 0.083333 0.375000
vt 0.083333 0.375000
vt 0.083333 0.500000
vt 0.166667 0.500000
vt 0.083333 0.375000
vt 0.166667 0.500000
vt 0.166667 0.375000
vt 0.166667 0.375000
vt 0.166667 0.500000
vt 0.250000 0.500000
vt 0.166667 0.375000
vt 0.250000 0.500000
vt 0.250000 0.375000
vt 0.250000 0.375000
vt 0.250000 0.500000
vt 0.333333 0.500000
vt 0.250000 0.375000
vt 0.333333 0.500000
vt 0.333333 0.375000
vt 0.333333 0.375000
vt 0.333333 0.500000
vt 0.416667 0.500000
vt 0.333333 0.375000
vt 0.416667 0.500000
vt 0.416667 0.375000
vt 0.416667 0.375000
vt 0.416667 0.500000
vt 0.500000 0.500000
vt 0.416667 0.375000
vt 0.500000 0.500000
vt 0.500000 0.375000
vt 0.500000 0.375000
vt 0.500000 0.500000
vt 0.583333 0.500000
vt 0.500000 0.375000
vt 0.583333 0.500000
vt 0.583333 0.375000
vt 0.583333 0.375000
vt 0.583333 0.500000
vt 0.666667 0.500000
vt 0.583333 0.375000
vt 0.666667 0.500000
vt 0.666667 0.375000
vt 0.666667 0.375000
vt 0.666667 0.500000
vt 0.750000 0.500000
vt 0.666667 0.375000
vt 0.750000 0.500000
vt 0.750000 0.375000
vt 0.750000 0.375000
vt 0.750000 0.500000
vt 0.833333 0.500000
vt 0.750000 0.375000
vt 0.833333 0.500000
vt 0.833333 0.375000
vt 0.833333 0.375000
vt 0.833333 0.500000
vt 0.916667 0.500000
vt 0.833333 0.375000
vt 0.916667 0.500000
vt 0.916667 0.375000
vt 0.916667 0.375000
vt 0.916667 0.500000
vt 1.000000 0.500000
vt 0.916667 0.375000
vt 1.000000 0.500000
vt 1.000000 0.375000
vt 0.000000 0.500000
vt 0.000000 0.625000
vt 0.083333 0.625000
vt 0.000000 0.500000
vt 0.083333 0.625000
vt 0.083333 0.500000
vt 0.083333 0.500000
vt 0.083333 0.625000
vt 0.166667 0.625000
vt 0.083333 0.500000
vt 0.166667 0.625000
vt 0.166667 0.500000
vt 0.166667 0.500000
vt 0.166667 0.625000
vt 0.250000 0.625000
vt 0.166667 0.500000
vt 0.250000 0.625000
vt 0.250000 0.500000
vt 0.250000 0.500000
vt 0.250000 0.625000
vt 0.333333 0.625000
vt 0.250000 0.500000
vt 0.333333 0.625000
vt 0.333333 0.500000
vt 0.333333 0.500000
vt 0.333333 0.625000
vt 0.416667 0.625000
vt 0.333333 0.500000
vt 0.416667 0.625000
vt 0.416667 0.500000
vt 0.416667 0.500000
vt 0.416667 0.625000
vt 0.500000 0.625000
vt 0.416667 0.500000
vt 0.500000 0.625000
vt 0.500000 0.500000
vt 0.500000 0.500000
vt 0.500000 0.625000
vt 0.583333 0.625000
vt 0.500000 0.500000
vt 0.583333 0.625000
vt 0.583333 0.500000
vt 0.583333 0.500000
vt 0.583333 0.625000
vt 0.666667 0.625000
vt 0.583333 0.500000
vt 0.666667 0.625000
vt 0.666667 0.500000
vt 0.666667 0.500000
vt 0.666667 0.625000
vt 0.750000 0.625000
vt 0.666667 0.500000
vt 0.750000 0.625000
vt 0.750000 0.500000
vt 0.750000 0.500000
vt 0.750000 0.625000
vt 0.833333 0.625000
vt 0.750000 0.500000
vt 0.833333 0.625000
vt 0.833333 0.500000
vt 0.833333 0.500000
vt 0.833333 0.625000
vt 0.916667 0.625000
vt 0.833333 0.500000
vt 0.916667 0.625000
vt 0.916667 0.500000
vt 0.916667 0.500000
vt 0.916667 0.625000
vt 1.000000 0.625000
vt 0.916667 0.500000
vt 1.000000 0.625000
vt 1.000000 0.500000
vt 0.000000 0.625000
vt 0.000000 0.750000
vt 0.083333 0.750000
vt 0.000000 0.625000
vt 0.083333 0.750000
vt 0.083333 0.625000
vt 0.083333 0.625000
vt 0.083333 0.750000
vt 0.166667 0.750000
vt 0.083333 0.625000
vt 0.166667 0.750000
vt 0.166667 0.625000
vt 0.166667 0.625000
vt 0.166667 0.750000
vt 0.250000 0.750000
vt 0.166667 0.625000
vt 0.250000 0.750000
vt 0.250000 0.625000
vt 0.250000 0.625000
vt 0.250000 0.750000
vt 0.333333 0.750000
vt 0.250000 0.625000
vt 0.333333 0.750000
vt 0.333333 0.625000
vt 0.333333 0.625000
vt 0.333333 0.750000
vt 0.416667 0.750000
vt 0.333333 0.625000
vt 0.416667 0.750000
vt 0.416667 0.625000
vt 0.416667 0.625000
vt 0.416667 0.750000
vt 0.500000 0.750000
vt 0.416667 0.625000
vt 0.500000 0.750000
vt 0.500000 0.625000
vt 0.500000 0.625000
vt 0.500000 0.750000
vt 0.583333 0.750000
vt 0.500000 0.625000
vt 0.583333 0.750000
vt 0.583333 0.625000
vt 0.583333 0.625000
vt 0.583333 0.750000
vt 0.666667 0.750000
vt 0.583333 0.625000
vt 0.666667 0.750000
vt 0.666667 0.625000
vt 0.666667 0.625000
vt 0.666667 0.750000
vt 0.750000 0.750000
vt 0.666667 0.625000
vt 0.750000 0.750000
vt 0.750000 0.625000
vt 0.750000 0.625000
vt 0.750000 0.750000
vt 0.833333 0.750000
vt 0.750000 0.625000
vt 0.833333 0.750000
vt 0.833333 0.625000
vt 0.833333 0.625000
vt 0.833333 0.750000
vt 0.916667 0.750000
vt 0.833333 0.625000
vt 0.916667 0.750000
vt 0.916667 0.625000
vt 0.916667 0.625000
vt 0.916667 0.750000
vt 1.000000 0.750000
vt 0.916667 0.625000
vt 1.000000 0.750000
vt 1.000000 0.625000
vt 0.000000 0.750000
vt 0.000000 0.875000
vt 0.083333 0.875000
vt 0.000000 0.750000
vt 0.083333 0.875000
vt 0.083333 0.750000
vt 0.083333 0.750000
vt 0.083333 0.875000
vt 0.166667 0.875000
vt 0.083333 0.750000
vt 0.166667 0.875000
vt 0.166667 0.750000
vt 0.166667 0.750000
vt 0.166667 0.875000
vt 0.250000 0.875000
vt 0.166667 0.750000
vt 0.250000 0.875000
vt 0.250000 0.750000
vt 0.250000 0.750000
vt 0.250000 0.875000
vt 0.333333 0.875000
vt 0.250000 0.750000
vt 0.333333 0.875000
vt 0.333333 0.750000
vt 0.333333 0.750000
vt 0.333333 0.875000
vt 0.416667 0.875000
vt 0.333333 0.750000
vt 0.416667 0.875000
vt 0.416667 0.750000
vt 0.416667 0.750000
vt 0.416667 0.875000
vt 0.500000 0.875000
vt 0.416667 0.750000
vt 0.500000 0.875000
vt 0.500000 0.750000
vt 0.500000 0.750000
vt 0.500000 0.875000
vt 0.583333 0.875000
vt 0.500000 0.750000
vt 0.583333 0.875000
vt 0.583333 0.750000
vt 0.583333 0.750000
vt 0.583333 0.875000
vt 0.666667 0.875000
vt 0.583333 0.750000
vt 0.666667 0.875000
vt 0.666667 0.750000
vt 0.666667 0.750000
vt 0.666667 0.875000
vt 0.750000 0.875000
vt 0.666667 0.750000
vt 0.750000 0.875000
vt 0.750000 0.750000
vt 0.750000 0.750000
vt 0.750000 0.875000
vt 0.833333 0.875000
vt 0.750000 0.750000
vt 0.833333 0.875000
vt 0.833333 0.750000
vt 0.833333 0.750000
vt 0.833333 0.875000
vt 0.916667 0.875000
vt 0.833333 0.750000
vt 0.916667 0.875000
vt 0.916667 0.750000
vt 0.916667 0.750000
vt 0.916667 0.875000
vt 1.000000 0.875000
vt 0.916667 0.750000
vt 1.000000 0.875000
vt 1.000000 0.750000
vt 0.000000 0.875000
vt 0.000000 1.000000
vt 0.083333 1.000000
vt 0.000000 0.875000
vt 0.083333 1.000000
vt 0.083333 0.875000
vt 0.083333 0.875000
vt 0.083333 1.000000
vt 0.166667 1.000000
vt 0.083333 0.875000
vt 0.166667 1.000000
vt 0.166667 0.875000
vt 0.166667 0.875000
vt 0.166667 1.000000
vt 0.250000 1.000000
vt 0.166667 0.875000
vt 0.250000 1.000000
vt 0.250000 0.875000
vt 0.250000 0.875000
vt 0.250000 1.000000
vt 0.333333 1.000000
vt 0.250000 0.875000
vt 0.333333 1.000000
vt 0.333333 0.875000
vt 0.333333 0.875000
vt 0.333333 1.000000
vt 0.416667 1.000000
vt 0.333333 0.875000
vt 0.416667 1.000000
vt 0.416667 0.875000
vt 0.416667 0.875000
vt 0.416667 1.000000
vt 0.500000 1.000000
vt 0.416667 0.875000
vt 0.500000 1.000000
vt 0.500000 0.875000
vt 0.500000 0.875000
vt 0.500000 1.000000
vt 0.583333 1.000000
vt 0.500000 0.875000
vt 0.583333 1.000000
vt 0.583333 0.875000
vt 0.583333 0.875000
vt 0.583333 1.000000
vt 0.666667 1.000000
vt 0.583333 0.875000
vt 0.666667 1.000000
vt 0.666667 0.875000
vt 0.666667 0.875000
vt 0.666667 1.000000
vt 0.750000 1.000000
vt 0.666667 0.875000
vt 0.750000 1.000000
vt 0.750000 0.875000
vt 0.750000 0.875000
vt 0.750000 1.000000
vt 0.833333 1.000000
vt 0.750000 0.875000
vt 0.833333 1.000000
vt 0.833333 0.875000
vt 0.833333 0.875000
vt 0.833333 1.000000
vt 0.916667 1.000000
vt 0.833333 0.875000
vt 0.916667 1.000000
vt 0.916667 0.875000
vt 0.916667 0.875000
vt 0.916667 1.000000
vt 1.000000 1.000000
vt 0.916667 0.875000
vt 1.000000 1.000000
vt 1.000000 0.875000
vt 0.000000 0.000000
vt 0.000000 0.125000
vt 0.083333 0.125000
vt 0.000000 0.000000
vt 0.083333 0.125000
vt 0.083333 0.000000
vt 0.083333 0.000000
vt 0.083333 0.125000
vt 0.166667 0.125000
vt 0.083333 0.000000
vt 0.166667 0.125000
vt 0.166667 0.000000
vt 0.166667 0.000000
vt 0.166667 0.125000
vt 0.250000 0.125000
vt 0.166667 0.000000
vt 0.250000 0.125000
vt 0.250000 0.000000
vt 0.250000 0.000000
vt 0.250000 0.125000
vt 0.333333 0.125000
vt 0.250000 0.000000
vt 0.333333 0.125000
vt 0.333333 0.000000
vt 0.333333 0.000000
vt 0.333333 0.125000
vt 0.416667 0.125000
vt 0.333333 0.000000
vt 0.416667 0.125000
vt 0.416667 0.000000
vt 0.416667 0.000000
vt 0.416667 0.125000
vt 0.500000 0.125000
vt 0.416667 0.000000
vt 0.500000 0.125000
vt 0.500000 0.000000
vt 0.500000 0.000000
vt 0.500000 0.125000
vt 0.583333 0.125000
vt 0.500000 0.000000
vt 0.583333 0.125000
vt 0.583333 0.000000
vt 0.583333 0.000000
vt 0.583333 0.125000
vt 0.666667 0.125000
vt 0.583333 0.000000
vt 0.666667 0.125000
vt 0.666667 0.000000
vt 0.666667 0.000000
vt 0.666667 0.125000
vt 0.750000 0.125000
vt 0.666667 0.000000
vt 0.750000 0.125000
vt 0.750000 0.000000
vt 0.750000 0.000000
vt 0.750000 0.125000
vt 0.833333 0.125000
vt 0.750000 0.000000
vt 0.833333 0.125000
vt 0.833333 0.000000
vt 0.833333 0.000000
vt 0.833333 0.125000
vt 0.916667 0.125000
vt 0.833333 0.000000
vt 0.916667 0.125000
vt 0.916667 0.000000
vt 0.916667 0.000000
vt 0.916667 0.125000
vt 1.000000 0.125000
vt 0.916667 0.000000
vt 1.000000 0.125000
vt 1.000000 0.000000
vt 0.000000 0.125000
vt 0.000000 0.250000
vt 0.083333 0.250000
vt 0.000000 0.125000
vt 0.083333 0.250000
vt 0.083333 0.125000
vt 0.083333 0.125000
vt 0.083333 0.250000
vt 0.166667 0.250000
vt 0.083333 0.125000
vt 0.166667 0.250000
vt 0.166667 0.125000
vt 0.166667 0.125000
vt 0.166667 0.250000
vt 0.250000 0.250000
vt 0.166667 0.125000
vt 0.250000 0.250000
vt 0.250000 0.125000
vt 0.250000 0.125000
vt 0.250000 0.250000
vt 0.333333 0.250000
vt 0.250000 0.125000
vt 0.333333 0.250000
vt 0.333333 0.125000
vt 0.333333 0.125000
vt 0.333333 0.250000
vt 0.416667 0.250000
vt 0.333333 0.125000
vt 0.416667 0.250000
vt 0.416667 0.125000
vt 0.416667 0.125000
vt 0.416667 0.250000
vt 0.500000 0.250000
vt 0.416667 0.125000
vt 0.500000 0.250000
vt 0.500000 0.125000
vt 0.500000 0.125000
vt 0.500000 0.250000
vt 0.583333 0.250000
vt 0.500000 0.125000
vt 0.583333 0.250000
vt 0.583333 0.125000
vt 0.583333 0.125000
vt 0.583333 0.250000
vt 0.666667 0.250000
vt 0.583333 0.125000
vt 0.666667 0.250000
vt 0.666667 0.125000
vt 0.666667 0.125000
vt 0.666667 0.250000
vt 0.750000 0.250000
vt 0.666667 0.125000
vt 0.750000 0.250000
vt 0.750000 0.125000
vt 0.750000 0.125000
vt 0.750000 0.250000
vt 0.833333 0.250000
vt 0.750000 0.125000
vt 0.833333 0.250000
vt 0.833333 0.125000
vt 0.833333 0.125000
vt 0.833333 0.250000
vt 0.916667 0.250000
vt 0.833333 0.125000
vt 0.916667 0.250000
vt 0.916667 0.125000
vt 0.916667 0.125000
vt 0.916667 0.250000
vt 1.000000 0.250000
vt 0.916667 0.125000
vt 1.000000 0.250000
vt 1.000000 0.125000
vt 0.000000 0.250000
vt 0.000000 0.375000
vt 0.083333 0.375000
vt 0.000000 0.250000
vt 0.083333 0.375000
vt 0.083333 0.250000
vt 0.083333 0.250000
vt 0.083333 0.375000
vt 0.166667 0.375000
vt 0.083333 0.250000
vt 0.166667 0.375000
vt 0.166667 0.250000
vt 0.166667 0.250000
vt 0.166667 0.375000
vt 0.250000 0.375000
vt 0.166667 0.250000
vt 0.250000 0.375000
vt 0.250000 0.250000
vt 0.250000 0.250000
vt 0.250000 0.375000
vt 0.333333 0.375000
vt 0.250000 0.250000
vt 0.333333 0.375000
vt 0.333333 0.250000
vt 0.333333 0.250000
vt 0.333333 0.375000
vt 0.416667 0.375000
vt 0.333333 0.250000
vt 0.416667 0.375000
vt 0.416667 0.250000
vt 0.416667 0.250000
vt 0.416667 0.375000
vt 0.500000 0.375000
vt 0.416667 0.250000
vt 0.500000 0.375000
vt 0.500000 0.250000
vt 0.500000 0.250000
vt 0.500000 0.375000
vt 0.583333 0.375000
vt 0.500000 0.250000
vt 0.583333 0.375000
vt 0.583333 0.250000
vt 0.583333 0.250000
vt 0.583333 0.375000
vt 0.666667 0.375000
vt 0.583333 0.250000
vt 0.666667 0.375000
vt 0.666667 0.250000
vt 0.666667 0.250000
vt 0.666667 0.375000
vt 0.750000 0.375000
vt 0.666667 0.250000
vt 0.750000 0.375000
vt 0.750000 0.250000
vt 0.750000 0.250000
vt 0.750000 0.375000
vt 0.833333 0.375000
vt 0.750000 0.250000
vt 0.833333 0.375000
vt 0.833333 0.250000
vt 0.833333 0.250000
vt 0.833333 0.375000
vt 0.916667 0.375000
vt 0.833333 0.250000
vt 0.916667 0.375000
vt 0.916667 0.250000
vt 0.916667 0.250000
vt 0.916667 0.375000
vt 1.000000 0.375000
vt 0.916667 0.250000
vt 1.000000 0.375000
vt 1.000000 0.250000
vt 0.000000 0.375000
vt 0.000000 0.500000
vt 0.083333 0.500000
vt 0.000000 0.375000
vt 0.083333 0.500000
vt 0.083333 0.375000
vt 0.083333 0.375000
vt 0.083333 0.500000
vt 0.166667 0.500000
vt 0.083333 0.375000
vt 0.166667 0.500000
vt 0.166667 0.375000
vt 0.166667 0.375000
vt 0.166667 0.500000
vt 0.250000 0.500000
vt 0.166667 0.375000
vt 0.250000 0.500000
vt 0.250000 0.375000
vt 0.250000 0.375000
vt 0.250000 0.500000
vt 0.333333 0.500000
vt 0.250000 0.375000
vt 0.333333 0.500000
vt 0.333333 0.375000
vt 0.333333 0.375000
vt 0.333333 0.500000
vt 0.416667 0.500000
vt 0.333333 0.375000
vt 0.416667 0.500000
vt 0.416667 0.375000
vt 0.416667 0.375000
vt 0.416667 0.500000
vt 0.500000 0.500000
vt 0.416667 0.375000
vt 0.500000 0.500000
vt 0.500000 0.375000
vt 0.500000 0.375000
vt 0.500000 0.500000
vt 0.583333 0.500000
vt 0.500000 0.375000
vt 0.583333 0.500000
vt 0.583333 0.375000
vt 0.583333 0.375000
vt 0.583333 0.500000
vt 0.666667 0.500000
vt 0.583333 0.375000
vt 0.666667 0.500000
vt 0.666667 0.375000
vt 0.666667 0.375000
vt 0.666667 0.500000
vt 0.750000 0.500000
vt 0.666667 0.375000
vt 0.750000 0.500000
vt 0.750000 0.375000
vt 0.750000 0.375000
vt 0.750000 0.500000
vt 0.833333 0.500000
vt 0.750000 0.375000
vt 0.833333 0.500000
vt 0.833333 0.375000
vt 0.833333 0.375000
vt 0.833333 0.500000
vt 0.916667 0.500000
vt 0.833333 0.375000
vt 0.916667 0.500000
vt 0.916667 0.375000
vt 0.916667 0.375000
vt 0.916667 0.500000
vt 1.000000 0.500000
vt 0.916667 0.375000
vt 1.000000 0.500000
vt 1.000000 0.375000
vt 0.000000 0.500000
vt 0.000000 0.625000
vt 0.083333 0.625000
vt 0.000000 0.500000
vt 0.083333 0.625000
vt 0.083333 0.500000
vt 0.083333 0.500000
vt 0.083333 0.625000
vt 0.166667 0.625000
vt 0.083333 0.500000
vt 0.166667 0.625000
vt 0.166667 0.500000
vt 0.166667 0.500000
vt 0.166667 0.625000
vt 0.250000 0.625000
vt 0.166667 0.500000
vt 0.250000 0.625000
vt 0.250000 0.500000
vt 0.250000 0.500000
vt 0.250000 0.625000
vt 0.333333 0.625000
vt 0.250000 0.500000
vt 0.333333 0.625000
vt 0.333333 0.500000
vt 0.333333 0.500000
vt 0.333333 0.625000
vt 0.416667 0.625000
vt 0.333333 0.500000
vt 0.416667 0.625000
vt 0.416667 0.500000
vt 0.416667 0.500000
vt 0.416667 0.625000
vt 0.500000 0.625000
vt 0.416667 0.500000
vt 0.500000 0.625000
vt 0.500000 0.500000
vt 0.500000 0.500000
vt 0.500000 0.625000
vt 0.583333 0.625000
vt 0.500000 0.500000
vt 0.583333 0.625000
vt 0.583333 0.500000
vt 0.583333 0.500000
vt 0.583333 0.625000
vt 0.666667 0.625000
vt 0.583333 0.500000
vt 0.666667 0.625000
vt 0.666667 0.500000
vt 0.666667 0.500000
vt 0.666667 0.625000
vt 0.750000 0.625000
vt 0.666667 0.500000
vt 0.750000 0.625000
vt 0.750000 0.500000
vt 0.750000 0.500000
vt 0.750000 0.625000
vt 0.833333 0.625000
vt 0.750000 0.500000
vt 0.833333 0.625000
vt 0.833333 0.500000
vt 0.833333 0.500000
vt 0.833333 0.625000
vt 0.916667 0.625000
vt 0.833333 0.500000
vt 0.916667 0.625000
vt 0.916667 0.500000
vt 0.916667 0.500000
vt 0.916667 0.625000
vt 1.000000 0.625000
vt 0.916667 0.500000
vt 1.000000 0.625000
vt 1.000000 0.500000
vt 0.000000 0.625000
vt 0.000000 0.750000
vt 0.083333 0.750000
vt 0.000000 0.625000
vt 0.083333 0.750000
vt 0.083333 0.625000
vt 0.083333 0.625000
vt 0.083333 0.750000
vt 0.166667 0.750000
vt 0.083333 0.625000
vt 0.166667 0.750000
vt 0.166667 0.625000
vt 0.166667 0.625000
vt 0.166667 0.750000
vt 0.250000 0.750000
vt 0.166667 0.625000
vt 0.250000 0.750000
vt 0.250000 0.625000
vt 0.250000 0.625000
vt 0.250000 0.750000
vt 0.333333 0.750000
vt 0.250000 0.625000
vt 0.333333 0.750000
vt 0.333333 0.625000
vt 0.333333 0.625000
vt 0.333333 0.750000
vt 0.416667 0.750000
vt 0.333333 0.625000
vt 0.416667 0.750000
vt 0.416667 0.625000
vt 0.416667 0.625000
vt 0.416667 0.750000
vt 0.500000 0.750000
vt 0.416667 0.625000
vt 0.500000 0.750000
vt 0.500000 0.625000
vt 0.500000 0.625000
vt 0.500000 0.750000
vt 0.583333 0.750000
vt 0.500000 0.625000
vt 0.583333 0.750000
vt 0.583333 0.625000
vt 0.583333 0.625000
vt 0.583333 0.750000
vt 0.666667 0.750000
vt 0.583333 0.625000
vt 0.666667 0.750000
vt 0.666667 0.625000
vt 0.666667 0.625000
vt 0.666667 0.750000
vt 0.750000 0.750000
vt 0.666667 0.625000
vt 0.750000 0.750000
vt 0.750000 0.625000
vt 0.750000 0.625000
vt 0.750000 0.750000
vt 0.833333 0.750000
vt 0.750000 0.625000
vt 0.833333 0.750000
vt 0.833333 0.625000
vt 0.833333 0.625000
vt 0.833333 0.750000
vt 0.916667 0.750000
vt 0.833333 0.625000
vt 0.916667 0.750000
vt 0.916667 0.625000
vt 0.916667 0.625000
vt 0.916667 0.750000
vt 1.000000 0.750000
vt 0.916667 0.625000
vt 1.000000 0.750000
vt 1.000000 0.625000
vt 0.000000 0.750000
vt 0.000000 0.875000
vt 0.083333 0.875000
vt 0.000000 0.750000
vt 0.083333 0.875000
vt 0.083333 0.750000
vt 0.083333 0.750000
vt 0.083333 0.875000
vt 0.166667 0.875000
vt 0.083333 0.750000
vt 0.166667 0.875000
vt 0.166667 0.750000
vt 0.166667 0.750000
vt 0.166667 0.875000
vt 0.250000 0.875000
vt 0.166667 0.750000
vt 0.250000 0.875000
vt 0.250000 0.750000
vt 0.250000 0.750000
vt 0.250000 0.875000
vt 0.333333 0.875000
vt 0.250000 0.750000
vt 0.333333 0.875000
vt 0.333333 0.750000
vt 0.333333 0.750000
vt 0.333333 0.875000
vt 0.416667 0.875000
vt 0.333333 0.750000
vt 0.416667 0.875000
vt 0.416667 0.750000
vt 0.416667 0.750000
vt 0.416667 0.875000
vt 0.500000 0.875000
vt 0.416667 0.750000
vt 0.500000 0.875000
vt 0.500000 0.750000
vt 0.500000 0.750000
vt 0.500000 0.875000
vt 0.583333 0.875000
vt 0.500000 0.750000
vt 0.583333 0.875000
vt 0.583333 0.750000
vt 0.583333 0.750000
vt 0.583333 0.875000
vt 0.666667 0.875000
vt 0.583333 0.750000
vt 0.666667 0.875000
vt 0.666667 0.750000
vt 0.666667 0.750000
vt 0.666667 0.875000
vt 0.750000 0.875000
vt 0.666667 0.750000
vt 0.750000 0.875000
vt 0.750000 0.750000
vt 0.750000 0.750000
vt 0.750000 0.875000
vt 0.833333 0.875000
vt 0.750000 0.750000
vt 0.833333 0.875000
vt 0.833333 0.750000
vt 0.833333 0.750000
vt 0.833333 0.875000
vt 0.916667 0.875000
vt 0.833333 0.750000
vt 0.916667 0.875000
vt 0.916667 0.750000
vt 0.916667 0.750000
vt 0.916667 0.875000
vt 1.000000 0.875000
vt 0.916667 0.750000
vt 1.000000 0.875000
vt 1.000000 0.750000
vt 0.000000 0.875000
vt 0.000000 1.000000
vt 0.083333 1.000000
vt 0.000000 0.875000
vt 0.083333 1.000000
vt 0.083333 0.875000
vt 0.083333 0.875000
vt 0.083333 1.000000
vt 0.166667 1.000000
vt 0.083333 0.875000
vt 0.166667 1.000000
vt 0.166667 0.875000
vt 0.166667 0.875000
vt 0.166667 1.000000
vt 0.250000 1.000000
vt 0.166667 0.875000
vt 0.250000 1.000000
vt 0.250000 0.875000
vt 0.250000 0.875000
vt 0.250000 1.000000
vt 0.333333 1.000000
vt 0.250000 0.875000
vt 0.333333 1.000000
vt 0.333333 0.875000
vt 0.333333 0.875000
vt 0.333333 1.000000
vt 0.416667 1.000000
vt 0.333333 0.875000
vt 0.416667 1.000000
vt 0.416667 0.875000
vt 0.416667 0.875000
vt 0.416667 1.000000
vt 0.500000 1.000000
vt 0.416667 0.875000
vt 0.500000 1.000000
vt 0.500000 0.875000
vt 0.500000 0.875000
vt 0.500000 1.000000
vt 0.583333 1.000000
vt 0.500000 0.875000
vt 0.583333 1.000000
vt 0.583333 0.875000
vt 0.583333 0.875000
vt 0.583333 1.000000
vt 0.666667 1.000000
vt 0.583333 0.875000
vt 0.666667 1.000000
vt 0.666667 0.875000
vt 0.666667 0.875000
vt 0.666667 1.000000
vt 0.750000 1.000000
vt 0.666667 0.875000
vt 0.750000 1.000000
vt 0.750000 0.875000
vt 0.750000 0.875000
vt 0.750000 1.000000
vt 0.833333 1.000000
vt 0.750000 0.875000
vt 0.833333 1.000000
vt 0.833333 0.875000
vt 0.833333 0.875000
vt 0.833333 1.000000
vt 0.916667 1.000000
vt 0.833333 0.875000
vt 0.916667 1.000000
vt 0.916667 0.875000
vt 0.916667 0.875000
vt 0.916667 1.000000
vt 1.000000 1.000000
vt 0.916667 0.875000
vt 1.000000 1.000000
vt 1.000000 0.875000
vn 0.000000 0.014952 0.999888
vn 0.587637 -0.001082 0.809124
vn 0.587637 -0.001082 0.809124
vn 0.000000 0.014952 0.999888
vn 0.587637 -0.001082 0.809124
vn 0.000000 0.014952 0.999888
vn -0.022422 -0.999637 0.014948
vn -0.022422 -0.999637 0.014948
vn -0.022422 -0.999637 0.014948
vn 0.022422 0.999637 -0.014948
vn 0.022422 0.999637 -0.014948
vn 0.022422 0.999637 -0.014948
vn 0.587637 -0.001082 0.809124
vn 0.950817 -0.016702 0.309301
vn 0.950817 -0.016702 0.309301
vn 0.587637 -0.001082 0.809124
vn 0.950817 -0.016702 0.309301
vn 0.587637 -0.001082 0.809124
vn -0.022422 -0.999637 0.014948
vn -0.022422 -0.999637 0.014948
vn -0.022422 -0.999637 0.014948
vn 0.022422 0.999637 -0.014948
vn 0.022422 0.999637 -0.014948
vn 0.022422 0.999637 -0.014948
vn 0.950817 -0.016702 0.309301
vn 0.950817 -0.025942 -0.308664
vn 0.950817 -0.025942 -0.308664
vn 0.950817 -0.016702 0.309301
vn 0.950817 -0.025942 -0.308664
vn 0.950817 -0.016702 0.309301
vn -0.022422 -0.999637 0.014948
vn -0.022422 -0.999637 0.014948
vn -0.022422 -0.999637 0.014948
vn 0.022422 0.999637 -0.014948
vn 0.022422 0.999637 -0.014948
vn 0.022422 0.999637 -0.014948
vn 0.950817 -0.025942 -0.308664
vn 0.587637 -0.025274 -0.808730
vn 0.587637 -0.025274 -0.808730
vn 0.950817 -0.025942 -0.308664
vn 0.587637 -0.025274 -0.808730
vn 0.950817 -0.025942 -0.308664
vn -0.022422 -0.999637 0.014948
vn -0.022422 -0.999637 0.014948
vn -0.022422 -0.999637 0.014948
vn 0.022422 0.999637 -0.014948
vn 0.022422 0.999637 -0.014948
vn 0.022422 0.999637 -0.014948
vn 0.587637 -0.025274 -0.808730
vn 0.000000 -0.014952 -0.999888
vn 0.000000 -0.014952 -0.999888
vn 0.587637 -0.025274 -0.808730
vn 0.000000 -0.014952 -0.999888
vn 0.587637 -0.025274 -0.808730
vn -0.022422 -0.999637 0.014948
vn -0.022422 -0.999637 0.014948
vn -0.022422 -0.999637 0.014948
vn 0.022422 0.999637 -0.014948
vn 0.022422 0.999637 -0.014948
vn 0.022422 0.999637 -0.014948
vn 0.000000 -0.014952 -0.999888
vn -0.587637 0.001082 -0.809124
vn -0.587637 0.001082 -0.809124
vn 0.000000 -0.014952 -0.999888
vn -0.587637 0.001082 -0.809124
vn 0.000000 -0.014952 -0.999888
vn -0.022422 -0.999637 0.014948
vn -0.022422 -0.999637 0.014948
vn -0.022422 -0.999637 0.014948
vn 0.022422 0.999637 -0.014948
vn 0.022422 0.999637 -0.014948
vn 0.022422 0.999637 -0.014948
vn -0.587637 0.001082 -0.809124
vn -0.950817 0.016702 -0.309301
vn -0.950817 0.016702 -0.309301
vn -0.587637 0.001082 -0.809124
vn -0.950817 0.016702 -0.309301
vn -0.587637 0.001082 -0.809124
vn -0.022422 -0.999637 0.014948
vn -0.022422 -0.999637 0.014948
vn -0.022422 -0.999637 0.014948
vn 0.022422 0.999637 -0.014948
vn 0.022422 0.999637 -0.014948
vn 0.022422 0.999637 -0.014948
vn -0.950817 0.016702 -0.309301
vn -0.950817 0.025942 0.308664
vn -0.950817 0.025942 0.308664
vn -0.950817 0.016702 -0.309301
vn -0.950817 0.025942 0.308664
vn -0.950817 0.016702 -0.309301
vn -0.022422 -0.999637 0.014948
vn -0.022422 -0.999637 0.014948
vn -0.022422 -0.999637 0.014948
vn 0.022422 0.999637 -0.014948
vn 0.022422 0.999637 -0.014948
vn 0.022422 0.999637 -0.014948
vn -0.950817 0.025942 0.308664
vn -0.587637 0.025274 0.808730
vn -0.587637 0.025274 0.808730
vn -0.950817 0.025942 0.308664
vn -0.587637 0.025274 0.808730
vn -0.950817 0.025942 0.308664
vn -0.022422 -0.999637 0.014948
vn -0.022422 -0.999637 0.014948
vn -0.022422 -0.999637 0.014948
vn 0.022422 0.999637 -0.014948
vn 0.022422 0.999637 -0.014948
vn 0.022422 0.999637 -0.014948
vn -0.587637 0.025274 0.808730
vn 0.000000 0.014952 0.999888
vn 0.000000 0.014952 0.999888
vn -0.587637 0.025274 0.808730
vn 0.000000 0.014952 0.999888
vn -0.587637 0.025274 0.808730
vn -0.022422 -0.999637 0.014948
vn -0.022422 -0.999637 0.014948
vn -0.022422 -0.999637 0.014948
vn 0.022422 0.999637 -0.014948
vn 0.022422 0.999637 -0.014948
vn 0.022422 0.999637 -0.014948
vn -0.529999 0.000000 0.847998
vn 0.113253 0.410859 0.904637
vn 0.113253 0.410859 0.904637
vn -0.529999 0.000000 0.847998
vn 0.113253 0.410859 0.904637
vn -0.529999 0.000000 0.847998
vn 0.492723 -0.813873 0.307952
vn 0.492723 -0.813873 0.307952
vn 0.492723 -0.813873 0.307952
vn -0.492723 0.813873 -0.307952
vn -0.492723 0.813873 -0.307952
vn -0.492723 0.813873 -0.307952
vn 0.113253 0.410859 0.904637
vn 0.690163 0.581043 0.431352
vn 0.690163 0.581043 0.431352
vn 0.113253 0.410859 0.904637
vn 0.690163 0.581043 0.431352
vn 0.113253 0.410859 0.904637
vn 0.492723 -0.813873 0.307952
vn 0.492723 -0.813873 0.307952
vn 0.492723 -0.813873 0.307952
vn -0.492723 0.813873 -0.307952
vn -0.492723 0.813873 -0.307952
vn -0.492723 0.813873 -0.307952
vn 0.690163 0.581043 0.431352
vn 0.862785 0.410859 -0.294614
vn 0.862785 0.410859 -0.294614
vn 0.690163 0.581043 0.431352
vn 0.862785 0.410859 -0.294614
vn 0.690163 0.581043 0.431352
vn 0.492723 -0.813873 0.307952
vn 0.492723 -0.813873 0.307952
vn 0.492723 -0.813873 0.307952
vn -0.492723 0.813873 -0.307952
vn -0.492723 0.813873 -0.307952
vn -0.492723 0.813873 -0.307952
vn 0.862785 0.410859 -0.294614
vn 0.529999 0.000000 -0.847998
vn 0.529999 0.000000 -0.847998
vn 0.862785 0.410859 -0.294614
vn 0.529999 0.000000 -0.847998
vn 0.862785 0.410859 -0.294614
vn 0.492723 -0.813873 0.307952
vn 0.492723 -0.813873 0.307952
vn 0.492723 -0.813873 0.307952
vn -0.492723 0.813873 -0.307952
vn -0.492723 0.813873 -0.307952
vn -0.492723 0.813873 -0.307952
vn 0.529999 0.000000 -0.847998
vn -0.113253 -0.410859 -0.904637
vn -0.113253 -0.410859 -0.904637
vn 0.529999 0.000000 -0.847998
vn -0.113253 -0.410859 -0.904637
vn 0.529999 0.000000 -0.847998
vn 0.492723 -0.813873 0.307952
vn 0.492723 -0.813873 0.307952
vn 0.492723 -0.813873 0.307952
vn -0.492723 0.813873 -0.307952
vn -0.492723 0.813873 -0.307952
vn -0.492723 0.813873 -0.307952
vn -0.113253 -0.410859 -0.904637
vn -0.690163 -0.581043 -0.431352
vn -0.690163 -0.581043 -0.431352
vn -0.113253 -0.410859 -0.904637
vn -0.690163 -0.581043 -0.431352
vn -0.113253 -0.410859 -0.904637
vn 0.492723 -0.813873 0.307952
vn 0.492723 -0.813873 0.307952
vn 0.492723 -0.813873 0.307952
vn -0.492723 0.813873 -0.307952
vn -0.492723 0.813873 -0.307952
vn -0.492723 0.813873 -0.307952
vn -0.690163 -0.581043 -0.431352
vn -0.862785 -0.410859 0.294614
vn -0.862785 -0.410859 0.294614
vn -0.690163 -0.581043 -0.431352
vn -0.862785 -0.410859 0.294614
vn -0.690163 -0.581043 -0.431352
vn 0.492723 -0.813873 0.307952
vn 0.492723 -0.813873 0.307952
vn 0.492723 -0.813873 0.307952
vn -0.492723 0.813873 -0.307952
vn -0.492723 0.813873 -0.307952
vn -0.492723 0.813873 -0.307952
vn -0.862785 -0.410859 0.294614
vn -0.529999 0.000000 0.847998
vn -0.529999 0.000000 0.847998
vn -0.862785 -0.410859 0.294614
vn -0.529999 0.000000 0.847998
vn -0.862785 -0.410859 0.294614
vn 0.492723 -0.813873 0.307952
vn 0.492723 -0.813873 0.307952
vn 0.492723 -0.813873 0.307952
vn -0.492723 0.813873 -0.307952
vn -0.492723 0.813873 -0.307952
vn -0.492723 0.813873 -0.307952
vn 0.450212 0.000000 -0.892921
vn -0.183967 0.428409 -0.884659
vn -0.183967 0.428409 -0.884659
vn 0.450212 0.000000 -0.892921
vn -0.183967 0.428409 -0.884659
vn 0.450212 0.000000 -0.892921
vn -0.540987 -0.795570 -0.272767
vn -0.540987 -0.795570 -0.272767
vn -0.540987 -0.795570 -0.272767
vn 0.540987 0.795570 0.272767
vn 0.540987 0.795570 0.272767
vn 0.540987 0.795570 0.272767
vn -0.183967 0.428409 -0.884659
vn -0.710381 0.605862 -0.358175
vn -0.710381 0.605862 -0.358175
vn -0.183967 0.428409 -0.884659
vn -0.710381 0.605862 -0.358175
vn -0.183967 0.428409 -0.884659
vn -0.540987 -0.795570 -0.272767
vn -0.540987 -0.795570 -0.272767
vn -0.540987 -0.795570 -0.272767
vn 0.540987 0.795570 0.272767
vn 0.540987 0.795570 0.272767
vn 0.540987 0.795570 0.272767
vn -0.710381 0.605862 -0.358175
vn -0.820664 0.428409 0.378123
vn -0.820664 0.428409 0.378123
vn -0.710381 0.605862 -0.358175
vn -0.820664 0.428409 0.378123
vn -0.710381 0.605862 -0.358175
vn -0.540987 -0.795570 -0.272767
vn -0.540987 -0.795570 -0.272767
vn -0.540987 -0.795570 -0.272767
vn 0.540987 0.795570 0.272767
vn 0.540987 0.795570 0.272767
vn 0.540987 0.795570 0.272767
vn -0.820664 0.428409 0.378123
vn -0.450212 0.000000 0.892921
vn -0.450212 0.000000 0.892921
vn -0.820664 0.428409 0.378123
vn -0.450212 0.000000 0.892921
vn -0.820664 0.428409 0.378123
vn -0.540987 -0.795570 -0.272767
vn -0.540987 -0.795570 -0.272767
vn -0.540987 -0.795570 -0.272767
vn 0.540987 0.795570 0.272767
vn 0.540987 0.795570 0.272767
vn 0.540987 0.795570 0.272767
vn -0.450212 0.000000 0.892921
vn 0.183967 -0.428409 0.884659
vn 0.183967 -0.428409 0.884659
vn -0.450212 0.000000 0.892921
vn 0.183967 -0.428409 0.884659
vn -0.450212 0.000000 0.892921
vn -0.540987 -0.795570 -0.272767
vn -0.540987 -0.795570 -0.272767
vn -0.540987 -0.795570 -0.272767
vn 0.540987 0.795570 0.272767
vn 0.540987 0.795570 0.272767
vn 0.540987 0.795570 0.272767
vn 0.183967 -0.428409 0.884659
vn 0.710381 -0.605862 0.358175
vn 0.710381 -0.605862 0.358175
vn 0.183967 -0.428409 0.884659
vn 0.710381 -0.605862 0.358175
vn 0.183967 -0.428409 0.884659
vn -0.540987 -0.795570 -0.272767
vn -0.540987 -0.795570 -0.272767
vn -0.540987 -0.795570 -0.272767
vn 0.540987 0.795570 0.272767
vn 0.540987 0.795570 0.272767
vn 0.540987 0.795570 0.272767
vn 0.710381 -0.605862 0.358175
vn 0.820664 -0.428409 -0.378123
vn 0.820664 -0.428409 -0.378123
vn 0.710381 -0.605862 0.358175
vn 0.820664 -0.428409 -0.378123
vn 0.710381 -0.605862 0.358175
vn -0.540987 -0.795570 -0.272767
vn -0.540987 -0.795570 -0.272767
vn -0.540987 -0.795570 -0.272767
vn 0.540987 0.795570 0.272767
vn 0.540987 0.795570 0.272767
vn 0.540987 0.795570 0.272767
vn 0.820664 -0.428409 -0.378123
vn 0.450212 0.000000 -0.892921
vn 0.450212 0.000000 -0.892921
vn 0.820664 -0.428409 -0.378123
vn 0.450212 0.000000 -0.892921
vn 0.820664 -0.428409 -0.378123
vn -0.540987 -0.795570 -0.272767
vn -0.540987 -0.795570 -0.272767
vn -0.540987 -0.795570 -0.272767
vn 0.540987 0.795570 0.272767
vn 0.540987 0.795570 0.272767
vn 0.540987 0.795570 0.272767
vn 0.000000 0.214407 0.976744
vn 0.687857 -0.008449 0.725797
vn 0.687857 -0.008449 0.725797
vn 0.000000 0.214407 0.976744
vn 0.687857 -0.008449 0.725797
vn 0.000000 0.214407 0.976744
vn -0.231745 -0.950154 0.208570
vn -0.231745 -0.950154 0.208570
vn -0.231745 -0.950154 0.208570
vn 0.231745 0.950154 -0.208570
vn 0.231745 0.950154 -0.208570
vn 0.231745 0.950154 -0.208570
vn 0.687857 -0.008449 0.725797
vn 0.972777 -0.226356 0.049688
vn 0.972777 -0.226356 0.049688
vn 0.687857 -0.008449 0.725797
vn 0.972777 -0.226356 0.049688
vn 0.687857 -0.008449 0.725797
vn -0.231745 -0.950154 0.208570
vn -0.231745 -0.950154 0.208570
vn -0.231745 -0.950154 0.208570
vn 0.231745 0.950154 -0.208570
vn 0.231745 0.950154 -0.208570
vn 0.231745 0.950154 -0.208570
vn 0.972777 -0.226356 0.049688
vn 0.687857 -0.311666 -0.655528
vn 0.687857 -0.311666 -0.655528
vn 0.972777 -0.226356 0.049688
vn 0.687857 -0.311666 -0.655528
vn 0.972777 -0.226356 0.049688
vn -0.231745 -0.950154 0.208570
vn -0.231745 -0.950154 0.208570
vn -0.231745 -0.950154 0.208570
vn 0.231745 0.950154 -0.208570
vn 0.231745 0.950154 -0.208570
vn 0.231745 0.950154 -0.208570
vn 0.687857 -0.311666 -0.655528
vn 0.000000 -0.214407 -0.976744
vn 0.000000 -0.214407 -0.976744
vn 0.687857 -0.311666 -0.655528
vn 0.000000 -0.214407 -0.976744
vn 0.687857 -0.311666 -0.655528
vn -0.231745 -0.950154 0.208570
vn -0.231745 -0.950154 0.208570
vn -0.231745 -0.950154 0.208570
vn 0.231745 0.950154 -0.208570
vn 0.231745 0.950154 -0.208570
vn 0.231745 0.950154 -0.208570
vn 0.000000 -0.214407 -0.976744
vn -0.687857 0.008449 -0.725797
vn -0.687857 0.008449 -0.725797
vn 0.000000 -0.214407 -0.976744
vn -0.687857 0.008449 -0.725797
vn 0.000000 -0.214407 -0.976744
vn -0.231745 -0.950154 0.208570
vn -0.231745 -0.950154 0.208570
vn -0.231745 -0.950154 0.208570
vn 0.231745 0.950154 -0.208570
vn 0.231745 0.950154 -0.208570
vn 0.231745 0.950154 -0.208570
vn -0.687857 0.008449 -0.725797
vn -0.972777 0.226356 -0.049688
vn -0.972777 0.226356 -0.049688
vn -0.687857 0.008449 -0.725797
vn -0.972777 0.226356 -0.049688
vn -0.687857 0.008449 -0.725797
vn -0.231745 -0.950154 0.208570
vn -0.231745 -0.950154 0.208570
vn -0.231745 -0.950154 0.208570
vn 0.231745 0.950154 -0.208570
vn 0.231745 0.950154 -0.208570
vn 0.231745 0.950154 -0.208570
vn -0.972777 0.226356 -0.049688
vn -0.687857 0.311666 0.655528
vn -0.687857 0.311666 0.655528
vn -0.972777 0.226356 -0.049688
vn -0.687857 0.311666 0.655528
vn -0.972777 0.226356 -0.049688
vn -0.231745 -0.950154 0.208570
vn -0.231745 -0.950154 0.208570
vn -0.231745 -0.950154 0.208570
vn 0.231745 0.950154 -0.208570
vn 0.231745 0.950154 -0.208570
vn 0.231745 0.950154 -0.208570
vn -0.687857 0.311666 0.655528
vn 0.000000 0.214407 0.976744
vn 0.000000 0.214407 0.976744
vn -0.687857 0.311666 0.655528
vn 0.000000 0.214407 0.976744
vn -0.687857 0.311666 0.655528
vn -0.231745 -0.950154 0.208570
vn -0.231745 -0.950154 0.208570
vn -0.231745 -0.950154 0.208570
vn 0.231745 0.950154 -0.208570
vn 0.231745 0.950154 -0.208570
vn 0.231745 0.950154 -0.208570
vn 0.720487 0.000000 0.693469
vn 0.908089 0.411787 0.076198
vn 0.908089 0.411787 0.076198
vn 0.720487 0.000000 0.693469
vn 0.908089 0.411787 0.076198
vn 0.720487 0.000000 0.693469
vn 0.403845 -0.812935 -0.419579
vn 0.403845 -0.812935 -0.419579
vn 0.403845 -0.812935 -0.419579
vn -0.403845 0.812935 0.419579
vn -0.403845 0.812935 0.419579
vn -0.403845 0.812935 0.419579
vn 0.908089 0.411787 0.076198
vn 0.563745 0.582355 -0.585709
vn 0.563745 0.582355 -0.585709
vn 0.908089 0.411787 0.076198
vn 0.563745 0.582355 -0.585709
vn 0.908089 0.411787 0.076198
vn 0.403845 -0.812935 -0.419579
vn 0.403845 -0.812935 -0.419579
vn 0.403845 -0.812935 -0.419579
vn -0.403845 0.812935 0.419579
vn -0.403845 0.812935 0.419579
vn -0.403845 0.812935 0.419579
vn 0.563745 0.582355 -0.585709
vn -0.110834 0.411787 -0.904515
vn -0.110834 0.411787 -0.904515
vn 0.563745 0.582355 -0.585709
vn -0.110834 0.411787 -0.904515
vn 0.563745 0.582355 -0.585709
vn 0.403845 -0.812935 -0.419579
vn 0.403845 -0.812935 -0.419579
vn 0.403845 -0.812935 -0.419579
vn -0.403845 0.812935 0.419579
vn -0.403845 0.812935 0.419579
vn -0.403845 0.812935 0.419579
vn -0.110834 0.411787 -0.904515
vn -0.720487 0.000000 -0.693469
vn -0.720487 0.000000 -0.693469
vn -0.110834 0.411787 -0.904515
vn -0.720487 0.000000 -0.693469
vn -0.110834 0.411787 -0.904515
vn 0.403845 -0.812935 -0.419579
vn 0.403845 -0.812935 -0.419579
vn 0.403845 -0.812935 -0.419579
vn -0.403845 0.812935 0.419579
vn -0.403845 0.812935 0.419579
vn -0.403845 0.812935 0.419579
vn -0.720487 0.000000 -0.693469
vn -0.908089 -0.411787 -0.076198
vn -0.908089 -0.411787 -0.076198
vn -0.720487 0.000000 -0.693469
vn -0.908089 -0.411787 -0.076198
vn -0.720487 0.000000 -0.693469
vn 0.403845 -0.812935 -0.419579
vn 0.403845 -0.812935 -0.419579
vn 0.403845 -0.812935 -0.419579
vn -0.403845 0.812935 0.419579
vn -0.403845 0.812935 0.419579
vn -0.403845 0.812935 0.419579
vn -0.908089 -0.411787 -0.076198
vn -0.563745 -0.582355 0.585709
vn -0.563745 -0.582355 0.585709
vn -0.908089 -0.411787 -0.076198
vn -0.563745 -0.582355 0.585709
vn -0.908089 -0.411787 -0.076198
vn 0.403845 -0.812935 -0.419579
vn 0.403845 -0.812935 -0.419579
vn 0.403845 -0.812935 -0.419579
vn -0.403845 0.812935 0.419579
vn -0.403845 0.812935 0.419579
vn -0.403845 0.812935 0.419579
vn -0.563745 -0.582355 0.585709
vn 0.110834 -0.411787 0.904515
vn 0.110834 -0.411787 0.904515
vn -0.563745 -0.582355 0.585709
vn 0.110834 -0.411787 0.904515
vn -0.563745 -0.582355 0.585709
vn 0.403845 -0.812935 -0.419579
vn 0.403845 -0.812935 -0.419579
vn 0.403845 -0.812935 -0.419579
vn -0.403845 0.812935 0.419579
vn -0.403845 0.812935 0.419579
vn -0.403845 0.812935 0.419579
vn 0.110834 -0.411787 0.904515
vn 0.720487 0.000000 0.693469
vn 0.720487 0.000000 0.693469
vn 0.110834 -0.411787 0.904515
vn 0.720487 0.000000 0.693469
vn 0.110834 -0.411787 0.904515
vn 0.403845 -0.812935 -0.419579
vn 0.403845 -0.812935 -0.419579
vn 0.403845 -0.812935 -0.419579
vn -0.403845 0.812935 0.419579
vn -0.403845 0.812935 0.419579
vn -0.403845 0.812935 0.419579
vn 0.000000 1.000000 0.000000
vn 0.304940 0.952372 0.000000
vn 0.236383 0.963199 0.127946
vn 0.000000 1.000000 0.000000
vn 0.236383 0.963199 0.127946
vn 0.000000 1.000000 0.000000
vn 0.000000 1.000000 0.000000
vn 0.236383 0.963199 0.127946
vn 0.155208 0.955193 0.252027
vn 0.000000 1.000000 0.000000
vn 0.155208 0.955193 0.252027
vn 0.000000 1.000000 0.000000
vn 0.000000 1.000000 0.000000
vn 0.155208 0.955193 0.252027
vn 0.000000 0.962621 0.270852
vn 0.000000 1.000000 0.000000
vn 0.000000 0.962621 0.270852
vn 0.000000 1.000000 0.000000
vn 0.000000 1.000000 0.000000
vn 0.000000 0.962621 0.270852
vn -0.140455 0.963460 0.228071
vn 0.000000 1.000000 0.000000
vn -0.140455 0.963460 0.228071
vn 0.000000 1.000000 0.000000
vn 0.000000 1.000000 0.000000
vn -0.140455 0.963460 0.228071
vn -0.234118 0.963914 0.126720
vn 0.000000 1.000000 0.000000
vn -0.234118 0.963914 0.126720
vn 0.000000 1.000000 0.000000
vn 0.000000 1.000000 0.000000
vn -0.234118 0.963914 0.126720
vn -0.306051 0.952015 0.000000
vn 0.000000 1.000000 0.000000
vn -0.306051 0.952015 0.000000
vn 0.000000 1.000000 0.000000
vn 0.000000 1.000000 0.000000
vn -0.306051 0.952015 0.000000
vn -0.246840 0.959802 -0.133606
vn 0.000000 1.000000 0.000000
vn -0.246840 0.959802 -0.133606
vn 0.000000 1.000000 0.000000
vn 0.000000 1.000000 0.000000
vn -0.246840 0.959802 -0.133606
vn -0.161375 0.951469 -0.262040
vn 0.000000 1.000000 0.000000
vn -0.161375 0.951469 -0.262040
vn 0.000000 1.000000 0.000000
vn 0.000000 1.000000 0.000000
vn -0.161375 0.951469 -0.262040
vn -0.000000 0.962399 -0.271638
vn 0.000000 1.000000 0.000000
vn -0.000000 0.962399 -0.271638
vn 0.000000 1.000000 0.000000
vn 0.000000 1.000000 0.000000
vn -0.000000 0.962399 -0.271638
vn 0.128233 0.969638 -0.208225
vn 0.000000 1.000000 0.000000
vn 0.128233 0.969638 -0.208225
vn 0.000000 1.000000 0.000000
vn 0.000000 1.000000 0.000000
vn 0.128233 0.969638 -0.208225
vn 0.262870 0.954282 -0.142283
vn 0.000000 1.000000 0.000000
vn 0.262870 0.954282 -0.142283
vn 0.000000 1.000000 0.000000
vn 0.000000 1.000000 0.000000
vn 0.262870 0.954282 -0.142283
vn 0.267720 0.963497 -0.000000
vn 0.000000 1.000000 0.000000
vn 0.267720 0.963497 -0.000000
vn 0.000000 1.000000 0.000000
vn 0.304940 0.952372 0.000000
vn 0.582826 0.812597 0.000000
vn 0.514870 0.810707 0.278682
vn 0.304940 0.952372 0.000000
vn 0.514870 0.810707 0.278682
vn 0.236383 0.963199 0.127946
vn 0.236383 0.963199 0.127946
vn 0.514870 0.810707 0.278682
vn 0.303466 0.815530 0.492767
vn 0.236383 0.963199 0.127946
vn 0.303466 0.815530 0.492767
vn 0.155208 0.955193 0.252027
vn 0.155208 0.955193 0.252027
vn 0.303466 0.815530 0.492767
vn 0.000000 0.850612 0.525795
vn 0.155208 0.955193 0.252027
vn 0.000000 0.850612 0.525795
vn 0.000000 0.962621 0.270852
vn 0.000000 0.962621 0.270852
vn 0.000000 0.850612 0.525795
vn -0.309487 0.807260 0.502543
vn 0.000000 0.962621 0.270852
vn -0.309487 0.807260 0.502543
vn -0.140455 0.963460 0.228071
vn -0.140455 0.963460 0.228071
vn -0.309487 0.807260 0.502543
vn -0.521668 0.805068 0.282361
vn -0.140455 0.963460 0.228071
vn -0.521668 0.805068 0.282361
vn -0.234118 0.963914 0.126720
vn -0.234118 0.963914 0.126720
vn -0.521668 0.805068 0.282361
vn -0.579846 0.814726 0.000000
vn -0.234118 0.963914 0.126720
vn -0.579846 0.814726 0.000000
vn -0.306051 0.952015 0.000000
vn -0.306051 0.952015 0.000000
vn -0.579846 0.814726 0.000000
vn -0.524710 0.802508 -0.284008
vn -0.306051 0.952015 0.000000
vn -0.524710 0.802508 -0.284008
vn -0.246840 0.959802 -0.133606
vn -0.246840 0.959802 -0.133606
vn -0.524710 0.802508 -0.284008
vn -0.303144 0.815965 -0.492245
vn -0.246840 0.959802 -0.133606
vn -0.303144 0.815965 -0.492245
vn -0.161375 0.951469 -0.262040
vn -0.161375 0.951469 -0.262040
vn -0.303144 0.815965 -0.492245
vn -0.000000 0.850664 -0.525711
vn -0.161375 0.951469 -0.262040
vn -0.000000 0.850664 -0.525711
vn -0.000000 0.962399 -0.271638
vn -0.000000 0.962399 -0.271638
vn -0.000000 0.850664 -0.525711
vn 0.294910 0.826866 -0.478875
vn -0.000000 0.962399 -0.271638
vn 0.294910 0.826866 -0.478875
vn 0.128233 0.969638 -0.208225
vn 0.128233 0.969638 -0.208225
vn 0.294910 0.826866 -0.478875
vn 0.491140 0.829525 -0.265837
vn 0.128233 0.969638 -0.208225
vn 0.491140 0.829525 -0.265837
vn 0.262870 0.954282 -0.142283
vn 0.262870 0.954282 -0.142283
vn 0.491140 0.829525 -0.265837
vn 0.594847 0.803839 -0.000000
vn 0.262870 0.954282 -0.142283
vn 0.594847 0.803839 -0.000000
vn 0.267720 0.963497 -0.000000
vn 0.582826 0.812597 0.000000
vn 0.875112 0.483921 0.000000
vn 0.754568 0.513633 0.408422
vn 0.582826 0.812597 0.000000
vn 0.754568 0.513633 0.408422
vn 0.514870 0.810707 0.278682
vn 0.514870 0.810707 0.278682
vn 0.754568 0.513633 0.408422
vn 0.456057 0.493566 0.740544
vn 0.514870 0.810707 0.278682
vn 0.456057 0.493566 0.740544
vn 0.303466 0.815530 0.492767
vn 0.303466 0.815530 0.492767
vn 0.456057 0.493566 0.740544
vn 0.000000 0.532290 0.846562
vn 0.303466 0.815530 0.492767
vn 0.000000 0.532290 0.846562
vn 0.000000 0.850612 0.525795
vn 0.000000 0.850612 0.525795
vn 0.000000 0.532290 0.846562
vn -0.440504 0.542510 0.715290
vn 0.000000 0.850612 0.525795
vn -0.440504 0.542510 0.715290
vn -0.309487 0.807260 0.502543
vn -0.309487 0.807260 0.502543
vn -0.440504 0.542510 0.715290
vn -0.742401 0.536067 0.401836
vn -0.309487 0.807260 0.502543
vn -0.742401 0.536067 0.401836
vn -0.521668 0.805068 0.282361
vn -0.521668 0.805068 0.282361
vn -0.742401 0.536067 0.401836
vn -0.879923 0.475117 0.000000
vn -0.521668 0.805068 0.282361
vn -0.879923 0.475117 0.000000
vn -0.579846 0.814726 0.000000
vn -0.579846 0.814726 0.000000
vn -0.879923 0.475117 0.000000
vn -0.752426 0.517680 -0.407262
vn -0.579846 0.814726 0.000000
vn -0.752426 0.517680 -0.407262
vn -0.524710 0.802508 -0.284008
vn -0.524710 0.802508 -0.284008
vn -0.752426 0.517680 -0.407262
vn -0.458641 0.484779 -0.744740
vn -0.524710 0.802508 -0.284008
vn -0.458641 0.484779 -0.744740
vn -0.303144 0.815965 -0.492245
vn -0.303144 0.815965 -0.492245
vn -0.458641 0.484779 -0.744740
vn -0.000000 0.523405 -0.852084
vn -0.303144 0.815965 -0.492245
vn -0.000000 0.523405 -0.852084
vn -0.000000 0.850664 -0.525711
vn -0.000000 0.850664 -0.525711
vn -0.000000 0.523405 -0.852084
vn 0.438701 0.547797 -0.712362
vn -0.000000 0.850664 -0.525711
vn 0.438701 0.547797 -0.712362
vn 0.294910 0.826866 -0.478875
vn 0.294910 0.826866 -0.478875
vn 0.438701 0.547797 -0.712362
vn 0.763287 0.496696 -0.413141
vn 0.294910 0.826866 -0.478875
vn 0.763287 0.496696 -0.413141
vn 0.491140 0.829525 -0.265837
vn 0.491140 0.829525 -0.265837
vn 0.763287 0.496696 -0.413141
vn 0.860764 0.509005 -0.000000
vn 0.491140 0.829525 -0.265837
vn 0.860764 0.509005 -0.000000
vn 0.594847 0.803839 -0.000000
vn 0.875112 0.483921 0.000000
vn 1.000000 0.000000 0.000000
vn 0.879440 0.000000 0.476011
vn 0.875112 0.483921 0.000000
vn 0.879440 0.000000 0.476011
vn 0.754568 0.513633 0.408422
vn 0.754568 0.513633 0.408422
vn 0.879440 0.000000 0.476011
vn 0.524379 0.000000 0.851485
vn 0.754568 0.513633 0.408422
vn 0.524379 0.000000 0.851485
vn 0.456057 0.493566 0.740544
vn 0.456057 0.493566 0.740544
vn 0.524379 0.000000 0.851485
vn 0.000000 0.000000 1.000000
vn 0.456057 0.493566 0.740544
vn 0.000000 0.000000 1.000000
vn 0.000000 0.532290 0.846562
vn 0.000000 0.532290 0.846562
vn 0.000000 0.000000 1.000000
vn -0.524379 0.000000 0.851485
vn 0.000000 0.532290 0.846562
vn -0.524379 0.000000 0.851485
vn -0.440504 0.542510 0.715290
vn -0.440504 0.542510 0.715290
vn -0.524379 0.000000 0.851485
vn -0.879440 0.000000 0.476011
vn -0.440504 0.542510 0.715290
vn -0.879440 0.000000 0.476011
vn -0.742401 0.536067 0.401836
vn -0.742401 0.536067 0.401836
vn -0.879440 0.000000 0.476011
vn -1.000000 0.000000 0.000000
vn -0.742401 0.536067 0.401836
vn -1.000000 0.000000 0.000000
vn -0.879923 0.475117 0.000000
vn -0.879923 0.475117 0.000000
vn -1.000000 0.000000 0.000000
vn -0.879440 0.000000 -0.476011
vn -0.879923 0.475117 0.000000
vn -0.879440 0.000000 -0.476011
vn -0.752426 0.517680 -0.407262
vn -0.752426 0.517680 -0.407262
vn -0.879440 0.000000 -0.476011
vn -0.524379 0.000000 -0.851485
vn -0.752426 0.517680 -0.407262
vn -0.524379 0.000000 -0.851485
vn -0.458641 0.484779 -0.744740
vn -0.458641 0.484779 -0.744740
vn -0.524379 0.000000 -0.851485
vn -0.000000 0.000000 -1.000000
vn -0.458641 0.484779 -0.744740
vn -0.000000 0.000000 -1.000000
vn -0.000000 0.523405 -0.852084
vn -0.000000 0.523405 -0.852084
vn -0.000000 0.000000 -1.000000
vn 0.524379 0.000000 -0.851485
vn -0.000000 0.523405 -0.852084
vn 0.524379 0.000000 -0.851485
vn 0.438701 0.547797 -0.712362
vn 0.438701 0.547797 -0.712362
vn 0.524379 0.000000 -0.851485
vn 0.879440 0.000000 -0.476011
vn 0.438701 0.547797 -0.712362
vn 0.879440 0.000000 -0.476011
vn 0.763287 0.496696 -0.413141
vn 0.763287 0.496696 -0.413141
vn 0.879440 0.000000 -0.476011
vn 1.000000 0.000000 -0.000000
vn 0.763287 0.496696 -0.413141
vn 1.000000 0.000000 -0.000000
vn 0.860764 0.509005 -0.000000
vn 1.000000 0.000000 0.000000
vn 0.872821 -0.488041 0.000000
vn 0.757781 -0.507480 0.410161
vn 1.000000 0.000000 0.000000
vn 0.757781 -0.507480 0.410161
vn 0.879440 0.000000 0.476011
vn 0.879440 0.000000 0.476011
vn 0.757781 -0.507480 0.410161
vn 0.456176 -0.493164 0.740738
vn 0.879440 0.000000 0.476011
vn 0.456176 -0.493164 0.740738
vn 0.524379 0.000000 0.851485
vn 0.524379 0.000000 0.851485
vn 0.456176 -0.493164 0.740738
vn 0.000000 -0.502113 0.864802
vn 0.524379 0.000000 0.851485
vn 0.000000 -0.502113 0.864802
vn 0.000000 0.000000 1.000000
vn 0.000000 0.000000 1.000000
vn 0.000000 -0.502113 0.864802
vn -0.440701 -0.541928 0.715609
vn 0.000000 0.000000 1.000000
vn -0.440701 -0.541928 0.715609
vn -0.524379 0.000000 0.851485
vn -0.524379 0.000000 0.851485
vn -0.440701 -0.541928 0.715609
vn -0.760967 -0.501278 0.411885
vn -0.524379 0.000000 0.851485
vn -0.760967 -0.501278 0.411885
vn -0.879440 0.000000 0.476011
vn -0.879440 0.000000 0.476011
vn -0.760967 -0.501278 0.411885
vn -0.872453 -0.488698 0.000000
vn -0.879440 0.000000 0.476011
vn -0.872453 -0.488698 0.000000
vn -1.000000 0.000000 0.000000
vn -1.000000 0.000000 0.000000
vn -0.872453 -0.488698 0.000000
vn -0.762897 -0.497471 -0.412930
vn -1.000000 0.000000 0.000000
vn -0.762897 -0.497471 -0.412930
vn -0.879440 0.000000 -0.476011
vn -0.879440 0.000000 -0.476011
vn -0.762897 -0.497471 -0.412930
vn -0.455936 -0.493972 -0.740347
vn -0.879440 0.000000 -0.476011
vn -0.455936 -0.493972 -0.740347
vn -0.524379 0.000000 -0.851485
vn -0.524379 0.000000 -0.851485
vn -0.455936 -0.493972 -0.740347
vn -0.000000 -0.502899 -0.864345
vn -0.524379 0.000000 -0.851485
vn -0.000000 -0.502899 -0.864345
vn -0.000000 0.000000 -1.000000
vn -0.000000 0.000000 -1.000000
vn -0.000000 -0.502899 -0.864345
vn 0.443809 -0.532623 -0.720657
vn -0.000000 0.000000 -1.000000
vn 0.443809 -0.532623 -0.720657
vn 0.524379 0.000000 -0.851485
vn 0.524379 0.000000 -0.851485
vn 0.443809 -0.532623 -0.720657
vn 0.775449 -0.471710 -0.419724
vn 0.524379 0.000000 -0.851485
vn 0.775449 -0.471710 -0.419724
vn 0.879440 0.000000 -0.476011
vn 0.879440 0.000000 -0.476011
vn 0.775449 -0.471710 -0.419724
vn 0.866064 -0.499933 -0.000000
vn 0.879440 0.000000 -0.476011
vn 0.866064 -0.499933 -0.000000
vn 1.000000 0.000000 -0.000000
vn 0.872821 -0.488041 0.000000
vn 0.555140 -0.831757 0.000000
vn 0.539892 -0.789380 0.292225
vn 0.872821 -0.488041 0.000000
vn 0.539892 -0.789380 0.292225
vn 0.757781 -0.507480 0.410161
vn 0.757781 -0.507480 0.410161
vn 0.539892 -0.789380 0.292225
vn 0.280365 -0.845067 0.455255
vn 0.757781 -0.507480 0.410161
vn 0.280365 -0.845067 0.455255
vn 0.456176 -0.493164 0.740738
vn 0.456176 -0.493164 0.740738
vn 0.280365 -0.845067 0.455255
vn 0.000000 -0.830247 0.557396
vn 0.456176 -0.493164 0.740738
vn 0.000000 -0.830247 0.557396
vn 0.000000 -0.502113 0.864802
vn 0.000000 -0.502113 0.864802
vn 0.000000 -0.830247 0.557396
vn -0.302421 -0.816941 0.491070
vn 0.000000 -0.502113 0.864802
vn -0.302421 -0.816941 0.491070
vn -0.440701 -0.541928 0.715609
vn -0.440701 -0.541928 0.715609
vn -0.302421 -0.816941 0.491070
vn -0.534042 -0.794509 0.289059
vn -0.440701 -0.541928 0.715609
vn -0.534042 -0.794509 0.289059
vn -0.760967 -0.501278 0.411885
vn -0.760967 -0.501278 0.411885
vn -0.534042 -0.794509 0.289059
vn -0.561813 -0.827264 0.000000
vn -0.760967 -0.501278 0.411885
vn -0.561813 -0.827264 0.000000
vn -0.872453 -0.488698 0.000000
vn -0.872453 -0.488698 0.000000
vn -0.561813 -0.827264 0.000000
vn -0.519042 -0.807260 -0.280940
vn -0.872453 -0.488698 0.000000
vn -0.519042 -0.807260 -0.280940
vn -0.762897 -0.497471 -0.412930
vn -0.762897 -0.497471 -0.412930
vn -0.519042 -0.807260 -0.280940
vn -0.276397 -0.849806 -0.448814
vn -0.762897 -0.497471 -0.412930
vn -0.276397 -0.849806 -0.448814
vn -0.455936 -0.493972 -0.740347
vn -0.455936 -0.493972 -0.740347
vn -0.276397 -0.849806 -0.448814
vn -0.000000 -0.824056 -0.566508
vn -0.455936 -0.493972 -0.740347
vn -0.000000 -0.824056 -0.566508
vn -0.000000 -0.502899 -0.864345
vn -0.000000 -0.502899 -0.864345
vn -0.000000 -0.824056 -0.566508
vn 0.318423 -0.794520 -0.517054
vn -0.000000 -0.502899 -0.864345
vn 0.318423 -0.794520 -0.517054
vn 0.443809 -0.532623 -0.720657
vn 0.443809 -0.532623 -0.720657
vn 0.318423 -0.794520 -0.517054
vn 0.498510 -0.823822 -0.269826
vn 0.443809 -0.532623 -0.720657
vn 0.498510 -0.823822 -0.269826
vn 0.775449 -0.471710 -0.419724
vn 0.775449 -0.471710 -0.419724
vn 0.498510 -0.823822 -0.269826
vn 0.613634 -0.789590 -0.000000
vn 0.775449 -0.471710 -0.419724
vn 0.613634 -0.789590 -0.000000
vn 0.866064 -0.499933 -0.000000
vn 0.555140 -0.831757 0.000000
vn 0.295565 -0.955322 0.000000
vn 0.242511 -0.961228 0.131263
vn 0.555140 -0.831757 0.000000
vn 0.242511 -0.961228 0.131263
vn 0.539892 -0.789380 0.292225
vn 0.539892 -0.789380 0.292225
vn 0.242511 -0.961228 0.131263
vn 0.143357 -0.961905 0.232783
vn 0.539892 -0.789380 0.292225
vn 0.143357 -0.961905 0.232783
vn 0.280365 -0.845067 0.455255
vn 0.280365 -0.845067 0.455255
vn 0.143357 -0.961905 0.232783
vn 0.000000 -0.955254 0.295788
vn 0.280365 -0.845067 0.455255
vn 0.000000 -0.955254 0.295788
vn 0.000000 -0.830247 0.557396
vn 0.000000 -0.830247 0.557396
vn 0.000000 -0.955254 0.295788
vn -0.140033 -0.963684 0.227385
vn 0.000000 -0.830247 0.557396
vn -0.140033 -0.963684 0.227385
vn -0.302421 -0.816941 0.491070
vn -0.302421 -0.816941 0.491070
vn -0.140033 -0.963684 0.227385
vn -0.244185 -0.960680 0.132169
vn -0.302421 -0.816941 0.491070
vn -0.244185 -0.960680 0.132169
vn -0.534042 -0.794509 0.289059
vn -0.534042 -0.794509 0.289059
vn -0.244185 -0.960680 0.132169
vn -0.289894 -0.957059 0.000000
vn -0.534042 -0.794509 0.289059
vn -0.289894 -0.957059 0.000000
vn -0.561813 -0.827264 0.000000
vn -0.561813 -0.827264 0.000000
vn -0.289894 -0.957059 0.000000
vn -0.235172 -0.963583 -0.127290
vn -0.561813 -0.827264 0.000000
vn -0.235172 -0.963583 -0.127290
vn -0.519042 -0.807260 -0.280940
vn -0.519042 -0.807260 -0.280940
vn -0.235172 -0.963583 -0.127290
vn -0.140544 -0.963413 -0.228216
vn -0.519042 -0.807260 -0.280940
vn -0.140544 -0.963413 -0.228216
vn -0.276397 -0.849806 -0.448814
vn -0.276397 -0.849806 -0.448814
vn -0.140544 -0.963413 -0.228216
vn -0.000000 -0.957023 -0.290013
vn -0.276397 -0.849806 -0.448814
vn -0.000000 -0.957023 -0.290013
vn -0.000000 -0.824056 -0.566508
vn -0.000000 -0.824056 -0.566508
vn -0.000000 -0.957023 -0.290013
vn 0.148948 -0.958810 -0.241862
vn -0.000000 -0.824056 -0.566508
vn 0.148948 -0.958810 -0.241862
vn 0.318423 -0.794520 -0.517054
vn 0.318423 -0.794520 -0.517054
vn 0.148948 -0.958810 -0.241862
vn 0.257940 -0.956020 -0.139614
vn 0.318423 -0.794520 -0.517054
vn 0.257940 -0.956020 -0.139614
vn 0.498510 -0.823822 -0.269826
vn 0.498510 -0.823822 -0.269826
vn 0.257940 -0.956020 -0.139614
vn 0.285784 -0.958294 -0.000000
vn 0.498510 -0.823822 -0.269826
vn 0.285784 -0.958294 -0.000000
vn 0.613634 -0.789590 -0.000000
vn 0.295565 -0.955322 0.000000
vn 0.000000 -1.000000 0.000000
vn 0.000000 -1.000000 0.000000
vn 0.295565 -0.955322 0.000000
vn 0.000000 -1.000000 0.000000
vn 0.242511 -0.961228 0.131263
vn 0.242511 -0.961228 0.131263
vn 0.000000 -1.000000 0.000000
vn 0.000000 -1.000000 0.000000
vn 0.242511 -0.961228 0.131263
vn 0.000000 -1.000000 0.000000
vn 0.143357 -0.961905 0.232783
vn 0.143357 -0.961905 0.232783
vn 0.000000 -1.000000 0.000000
vn 0.000000 -1.000000 0.000000
vn 0.143357 -0.961905 0.232783
vn 0.000000 -1.000000 0.000000
vn 0.000000 -0.955254 0.295788
vn 0.000000 -0.955254 0.295788
vn 0.000000 -1.000000 0.000000
vn -0.000000 -1.000000 0.000000
vn 0.000000 -0.955254 0.295788
vn -0.000000 -1.000000 0.000000
vn -0.140033 -0.963684 0.227385
vn -0.140033 -0.963684 0.227385
vn -0.000000 -1.000000 0.000000
vn -0.000000 -1.000000 0.000000
vn -0.140033 -0.963684 0.227385
vn -0.000000 -1.000000 0.000000
vn -0.244185 -0.960680 0.132169
vn -0.244185 -0.960680 0.132169
vn -0.000000 -1.000000 0.000000
vn -0.000000 -1.000000 0.000000
vn -0.244185 -0.960680 0.132169
vn -0.000000 -1.000000 0.000000
vn -0.289894 -0.957059 0.000000
vn -0.289894 -0.957059 0.000000
vn -0.000000 -1.000000 0.000000
vn -0.000000 -1.000000 -0.000000
vn -0.289894 -0.957059 0.000000
vn -0.000000 -1.000000 -0.000000
vn -0.235172 -0.963583 -0.127290
vn -0.235172 -0.963583 -0.127290
vn -0.000000 -1.000000 -0.000000
vn -0.000000 -1.000000 -0.000000
vn -0.235172 -0.963583 -0.127290
vn -0.000000 -1.000000 -0.000000
vn -0.140544 -0.963413 -0.228216
vn -0.140544 -0.963413 -0.228216
vn -0.000000 -1.000000 -0.000000
vn -0.000000 -1.000000 -0.000000
vn -0.140544 -0.963413 -0.228216
vn -0.000000 -1.000000 -0.000000
vn -0.000000 -0.957023 -0.290013
vn -0.000000 -0.957023 -0.290013
vn -0.000000 -1.000000 -0.000000
vn 0.000000 -1.000000 -0.000000
vn -0.000000 -0.957023 -0.290013
vn 0.000000 -1.000000 -0.000000
vn 0.148948 -0.958810 -0.241862
vn 0.148948 -0.958810 -0.241862
vn 0.000000 -1.000000 -0.000000
vn 0.000000 -1.000000 -0.000000
vn 0.148948 -0.958810 -0.241862
vn 0.000000 -1.000000 -0.000000
vn 0.257940 -0.956020 -0.139614
vn 0.257940 -0.956020 -0.139614
vn 0.000000 -1.000000 -0.000000
vn 0.000000 -1.000000 -0.000000
vn 0.257940 -0.956020 -0.139614
vn 0.000000 -1.000000 -0.000000
vn 0.285784 -0.958294 -0.000000
vn 0.000000 1.000000 0.000000
vn 0.355283 0.934759 0.000000
vn 0.304009 0.934010 0.187625
vn 0.000000 1.000000 0.000000
vn 0.304009 0.934010 0.187625
vn 0.000000 1.000000 0.000000
vn 0.000000 1.000000 0.000000
vn 0.304009 0.934010 0.187625
vn 0.169911 0.933897 0.314591
vn 0.000000 1.000000 0.000000
vn 0.169911 0.933897 0.314591
vn 0.000000 1.000000 0.000000
vn 0.000000 1.000000 0.000000
vn 0.169911 0.933897 0.314591
vn 0.000000 0.933638 0.358219
vn 0.000000 1.000000 0.000000
vn 0.000000 0.933638 0.358219
vn 0.000000 1.000000 0.000000
vn 0.000000 1.000000 0.000000
vn 0.000000 0.933638 0.358219
vn -0.162960 0.939366 0.301720
vn 0.000000 1.000000 0.000000
vn -0.162960 0.939366 0.301720
vn 0.000000 1.000000 0.000000
vn 0.000000 1.000000 0.000000
vn -0.162960 0.939366 0.301720
vn -0.301084 0.935318 0.185819
vn 0.000000 1.000000 0.000000
vn -0.301084 0.935318 0.185819
vn 0.000000 1.000000 0.000000
vn 0.000000 1.000000 0.000000
vn -0.301084 0.935318 0.185819
vn -0.300296 0.953846 0.000000
vn 0.000000 1.000000 0.000000
vn -0.300296 0.953846 0.000000
vn 0.000000 1.000000 0.000000
vn 0.000000 1.000000 0.000000
vn -0.300296 0.953846 0.000000
vn -0.275684 0.946070 -0.170143
vn 0.000000 1.000000 0.000000
vn -0.275684 0.946070 -0.170143
vn 0.000000 1.000000 0.000000
vn 0.000000 1.000000 0.000000
vn -0.275684 0.946070 -0.170143
vn -0.154411 0.945739 -0.285893
vn 0.000000 1.000000 0.000000
vn -0.154411 0.945739 -0.285893
vn 0.000000 1.000000 0.000000
vn 0.000000 1.000000 0.000000
vn -0.154411 0.945739 -0.285893
vn -0.000000 0.927108 -0.374793
vn 0.000000 1.000000 0.000000
vn -0.000000 0.927108 -0.374793
vn 0.000000 1.000000 0.000000
vn 0.000000 1.000000 0.000000
vn -0.000000 0.927108 -0.374793
vn 0.170944 0.933062 -0.316502
vn 0.000000 1.000000 0.000000
vn 0.170944 0.933062 -0.316502
vn 0.000000 1.000000 0.000000
vn 0.000000 1.000000 0.000000
vn 0.170944 0.933062 -0.316502
vn 0.293855 0.938487 -0.181358
vn 0.000000 1.000000 0.000000
vn 0.293855 0.938487 -0.181358
vn 0.000000 1.000000 0.000000
vn 0.000000 1.000000 0.000000
vn 0.293855 0.938487 -0.181358
vn 0.330562 0.943784 -0.000000
vn 0.000000 1.000000 0.000000
vn 0.330562 0.943784 -0.000000
vn 0.000000 1.000000 0.000000
vn 0.355283 0.934759 0.000000
vn 0.629490 0.777009 0.000000
vn 0.541253 0.771661 0.334044
vn 0.355283 0.934759 0.000000
vn 0.541253 0.771661 0.334044
vn 0.304009 0.934010 0.187625
vn 0.304009 0.934010 0.187625
vn 0.541253 0.771661 0.334044
vn 0.305644 0.765728 0.565900
vn 0.304009 0.934010 0.187625
vn 0.305644 0.765728 0.565900
vn 0.169911 0.933897 0.314591
vn 0.169911 0.933897 0.314591
vn 0.305644 0.765728 0.565900
vn 0.000000 0.710671 0.703524
vn 0.169911 0.933897 0.314591
vn 0.000000 0.710671 0.703524
vn 0.000000 0.933638 0.358219
vn 0.000000 0.933638 0.358219
vn 0.000000 0.710671 0.703524
vn -0.322067 0.735316 0.596308
vn 0.000000 0.933638 0.358219
vn -0.322067 0.735316 0.596308
vn -0.162960 0.939366 0.301720
vn -0.162960 0.939366 0.301720
vn -0.322067 0.735316 0.596308
vn -0.584194 0.727135 0.360545
vn -0.162960 0.939366 0.301720
vn -0.584194 0.727135 0.360545
vn -0.301084 0.935318 0.185819
vn -0.301084 0.935318 0.185819
vn -0.584194 0.727135 0.360545
vn -0.653545 0.756888 0.000000
vn -0.301084 0.935318 0.185819
vn -0.653545 0.756888 0.000000
vn -0.300296 0.953846 0.000000
vn -0.300296 0.953846 0.000000
vn -0.653545 0.756888 0.000000
vn -0.582699 0.728789 -0.359623
vn -0.300296 0.953846 0.000000
vn -0.582699 0.728789 -0.359623
vn -0.275684 0.946070 -0.170143
vn -0.275684 0.946070 -0.170143
vn -0.582699 0.728789 -0.359623
vn -0.321341 0.736721 -0.594964
vn -0.275684 0.946070 -0.170143
vn -0.321341 0.736721 -0.594964
vn -0.154411 0.945739 -0.285893
vn -0.154411 0.945739 -0.285893
vn -0.321341 0.736721 -0.594964
vn -0.000000 0.738561 -0.674187
vn -0.154411 0.945739 -0.285893
vn -0.000000 0.738561 -0.674187
vn -0.000000 0.927108 -0.374793
vn -0.000000 0.927108 -0.374793
vn -0.000000 0.738561 -0.674187
vn 0.314588 0.749516 -0.582461
vn -0.000000 0.927108 -0.374793
vn 0.314588 0.749516 -0.582461
vn 0.170944 0.933062 -0.316502
vn 0.170944 0.933062 -0.316502
vn 0.314588 0.749516 -0.582461
vn 0.547179 0.765867 -0.337701
vn 0.170944 0.933062 -0.316502
vn 0.547179 0.765867 -0.337701
vn 0.293855 0.938487 -0.181358
vn 0.293855 0.938487 -0.181358
vn 0.547179 0.765867 -0.337701
vn 0.623332 0.781957 -0.000000
vn 0.293855 0.938487 -0.181358
vn 0.623332 0.781957 -0.000000
vn 0.330562 0.943784 -0.000000
vn 0.629490 0.777009 0.000000
vn 0.918893 0.394506 0.000000
vn 0.767458 0.432046 0.473650
vn 0.629490 0.777009 0.000000
vn 0.767458 0.432046 0.473650
vn 0.541253 0.771661 0.334044
vn 0.541253 0.771661 0.334044
vn 0.767458 0.432046 0.473650
vn 0.437587 0.390007 0.810193
vn 0.541253 0.771661 0.334044
vn 0.437587 0.390007 0.810193
vn 0.305644 0.765728 0.565900
vn 0.305644 0.765728 0.565900
vn 0.437587 0.390007 0.810193
vn 0.000000 0.423742 0.905783
vn 0.305644 0.765728 0.565900
vn 0.000000 0.423742 0.905783
vn 0.000000 0.710671 0.703524
vn 0.000000 0.710671 0.703524
vn 0.000000 0.423742 0.905783
vn -0.431982 0.416759 0.799815
vn 0.000000 0.710671 0.703524
vn -0.431982 0.416759 0.799815
vn -0.322067 0.735316 0.596308
vn -0.322067 0.735316 0.596308
vn -0.431982 0.416759 0.799815
vn -0.764147 0.440075 0.471607
vn -0.322067 0.735316 0.596308
vn -0.764147 0.440075 0.471607
vn -0.584194 0.727135 0.360545
vn -0.584194 0.727135 0.360545
vn -0.764147 0.440075 0.471607
vn -0.893828 0.448410 0.000000
vn -0.584194 0.727135 0.360545
vn -0.893828 0.448410 0.000000
vn -0.653545 0.756888 0.000000
vn -0.653545 0.756888 0.000000
vn -0.893828 0.448410 0.000000
vn -0.758171 0.454125 -0.467918
vn -0.653545 0.756888 0.000000
vn -0.758171 0.454125 -0.467918
vn -0.582699 0.728789 -0.359623
vn -0.582699 0.728789 -0.359623
vn -0.758171 0.454125 -0.467918
vn -0.430121 0.425195 -0.796370
vn -0.582699 0.728789 -0.359623
vn -0.430121 0.425195 -0.796370
vn -0.321341 0.736721 -0.594964
vn -0.321341 0.736721 -0.594964
vn -0.430121 0.425195 -0.796370
vn -0.000000 0.407523 -0.913195
vn -0.321341 0.736721 -0.594964
vn -0.000000 0.407523 -0.913195
vn -0.000000 0.738561 -0.674187
vn -0.000000 0.738561 -0.674187
vn -0.000000 0.407523 -0.913195
vn 0.438818 0.383830 -0.812473
vn -0.000000 0.738561 -0.674187
vn 0.438818 0.383830 -0.812473
vn 0.314588 0.749516 -0.582461
vn 0.314588 0.749516 -0.582461
vn 0.438818 0.383830 -0.812473
vn 0.766897 0.433420 -0.473304
vn 0.314588 0.749516 -0.582461
vn 0.766897 0.433420 -0.473304
vn 0.547179 0.765867 -0.337701
vn 0.547179 0.765867 -0.337701
vn 0.766897 0.433420 -0.473304
vn 0.904203 0.427102 -0.000000
vn 0.547179 0.765867 -0.337701
vn 0.904203 0.427102 -0.000000
vn 0.623332 0.781957 -0.000000
vn 0.918893 0.394506 0.000000
vn 1.000000 0.000000 0.000000
vn 0.850980 0.000000 0.525197
vn 0.918893 0.394506 0.000000
vn 0.850980 0.000000 0.525197
vn 0.767458 0.432046 0.473650
vn 0.767458 0.432046 0.473650
vn 0.850980 0.000000 0.525197
vn 0.475218 0.000000 0.879868
vn 0.767458 0.432046 0.473650
vn 0.475218 0.000000 0.879868
vn 0.437587 0.390007 0.810193
vn 0.437587 0.390007 0.810193
vn 0.475218 0.000000 0.879868
vn 0.000000 0.000000 1.000000
vn 0.437587 0.390007 0.810193
vn 0.000000 0.000000 1.000000
vn 0.000000 0.423742 0.905783
vn 0.000000 0.423742 0.905783
vn 0.000000 0.000000 1.000000
vn -0.475218 0.000000 0.879868
vn 0.000000 0.423742 0.905783
vn -0.475218 0.000000 0.879868
vn -0.431982 0.416759 0.799815
vn -0.431982 0.416759 0.799815
vn -0.475218 0.000000 0.879868
vn -0.850980 0.000000 0.525197
vn -0.431982 0.416759 0.799815
vn -0.850980 0.000000 0.525197
vn -0.764147 0.440075 0.471607
vn -0.764147 0.440075 0.471607
vn -0.850980 0.000000 0.525197
vn -1.000000 0.000000 0.000000
vn -0.764147 0.440075 0.471607
vn -1.000000 0.000000 0.000000
vn -0.893828 0.448410 0.000000
vn -0.893828 0.448410 0.000000
vn -1.000000 0.000000 0.000000
vn -0.850980 0.000000 -0.525197
vn -0.893828 0.448410 0.000000
vn -0.850980 0.000000 -0.525197
vn -0.758171 0.454125 -0.467918
vn -0.758171 0.454125 -0.467918
vn -0.850980 0.000000 -0.525197
vn -0.475218 0.000000 -0.879868
vn -0.758171 0.454125 -0.467918
vn -0.475218 0.000000 -0.879868
vn -0.430121 0.425195 -0.796370
vn -0.430121 0.425195 -0.796370
vn -0.475218 0.000000 -0.879868
vn -0.000000 0.000000 -1.000000
vn -0.430121 0.425195 -0.796370
vn -0.000000 0.000000 -1.000000
vn -0.000000 0.407523 -0.913195
vn -0.000000 0.407523 -0.913195
vn -0.000000 0.000000 -1.000000
vn 0.475218 0.000000 -0.879868
vn -0.000000 0.407523 -0.913195
vn 0.475218 0.000000 -0.879868
vn 0.438818 0.383830 -0.812473
vn 0.438818 0.383830 -0.812473
vn 0.475218 0.000000 -0.879868
vn 0.850980 0.000000 -0.525197
vn 0.438818 0.383830 -0.812473
vn 0.850980 0.000000 -0.525197
vn 0.766897 0.433420 -0.473304
vn 0.766897 0.433420 -0.473304
vn 0.850980 0.000000 -0.525197
vn 1.000000 0.000000 -0.000000
vn 0.766897 0.433420 -0.473304
vn 1.000000 0.000000 -0.000000
vn 0.904203 0.427102 -0.000000
vn 1.000000 0.000000 0.000000
vn 0.917612 -0.397478 0.000000
vn 0.771330 -0.422416 0.476040
vn 1.000000 0.000000 0.000000
vn 0.771330 -0.422416 0.476040
vn 0.850980 0.000000 0.525197
vn 0.850980 0.000000 0.525197
vn 0.771330 -0.422416 0.476040
vn 0.434657 -0.404255 0.804768
vn 0.850980 0.000000 0.525197
vn 0.434657 -0.404255 0.804768
vn 0.475218 0.000000 0.879868
vn 0.475218 0.000000 0.879868
vn 0.434657 -0.404255 0.804768
vn 0.000000 -0.421588 0.906788
vn 0.475218 0.000000 0.879868
vn 0.000000 -0.421588 0.906788
vn 0.000000 0.000000 1.000000
vn 0.000000 0.000000 1.000000
vn 0.000000 -0.421588 0.906788
vn -0.434133 -0.406741 0.803798
vn 0.000000 0.000000 1.000000
vn -0.434133 -0.406741 0.803798
vn -0.475218 0.000000 0.879868
vn -0.475218 0.000000 0.879868
vn -0.434133 -0.406741 0.803798
vn -0.763896 -0.440678 0.471452
vn -0.475218 0.000000 0.879868
vn -0.763896 -0.440678 0.471452
vn -0.850980 0.000000 0.525197
vn -0.850980 0.000000 0.525197
vn -0.763896 -0.440678 0.471452
vn -0.893137 -0.449784 0.000000
vn -0.850980 0.000000 0.525197
vn -0.893137 -0.449784 0.000000
vn -1.000000 0.000000 0.000000
vn -1.000000 0.000000 0.000000
vn -0.893137 -0.449784 0.000000
vn -0.752406 -0.467178 -0.464360
vn -1.000000 0.000000 0.000000
vn -0.752406 -0.467178 -0.464360
vn -0.850980 0.000000 -0.525197
vn -0.850980 0.000000 -0.525197
vn -0.752406 -0.467178 -0.464360
vn -0.427982 -0.434648 -0.792410
vn -0.850980 0.000000 -0.525197
vn -0.427982 -0.434648 -0.792410
vn -0.475218 0.000000 -0.879868
vn -0.475218 0.000000 -0.879868
vn -0.427982 -0.434648 -0.792410
vn -0.000000 -0.395355 -0.918528
vn -0.475218 0.000000 -0.879868
vn -0.000000 -0.395355 -0.918528
vn -0.000000 0.000000 -1.000000
vn -0.000000 0.000000 -1.000000
vn -0.000000 -0.395355 -0.918528
vn 0.436811 -0.393838 -0.808757
vn -0.000000 0.000000 -1.000000
vn 0.436811 -0.393838 -0.808757
vn 0.475218 0.000000 -0.879868
vn 0.475218 0.000000 -0.879868
vn 0.436811 -0.393838 -0.808757
vn 0.769439 -0.427153 -0.474873
vn 0.475218 0.000000 -0.879868
vn 0.769439 -0.427153 -0.474873
vn 0.850980 0.000000 -0.525197
vn 0.850980 0.000000 -0.525197
vn 0.769439 -0.427153 -0.474873
vn 0.906929 -0.421284 -0.000000
vn 0.850980 0.000000 -0.525197
vn 0.906929 -0.421284 -0.000000
vn 1.000000 0.000000 -0.000000
vn 0.917612 -0.397478 0.000000
vn 0.643279 -0.765632 0.000000
vn 0.529981 -0.782390 0.327087
vn 0.917612 -0.397478 0.000000
vn 0.529981 -0.782390 0.327087
vn 0.771330 -0.422416 0.476040
vn 0.771330 -0.422416 0.476040
vn 0.529981 -0.782390 0.327087
vn 0.307551 -0.762339 0.569431
vn 0.771330 -0.422416 0.476040
vn 0.307551 -0.762339 0.569431
vn 0.434657 -0.404255 0.804768
vn 0.434657 -0.404255 0.804768
vn 0.307551 -0.762339 0.569431
vn 0.000000 -0.723844 0.689963
vn 0.434657 -0.404255 0.804768
vn 0.000000 -0.723844 0.689963
vn 0.000000 -0.421588 0.906788
vn 0.000000 -0.421588 0.906788
vn 0.000000 -0.723844 0.689963
vn -0.330891 -0.717757 0.612646
vn 0.000000 -0.421588 0.906788
vn -0.330891 -0.717757 0.612646
vn -0.434133 -0.406741 0.803798
vn -0.434133 -0.406741 0.803798
vn -0.330891 -0.717757 0.612646
vn -0.560128 -0.752830 0.345693
vn -0.434133 -0.406741 0.803798
vn -0.560128 -0.752830 0.345693
vn -0.763896 -0.440678 0.471452
vn -0.763896 -0.440678 0.471452
vn -0.560128 -0.752830 0.345693
vn -0.682610 -0.730783 0.000000
vn -0.763896 -0.440678 0.471452
vn -0.682610 -0.730783 0.000000
vn -0.893137 -0.449784 0.000000
vn -0.893137 -0.449784 0.000000
vn -0.682610 -0.730783 0.000000
vn -0.565800 -0.746950 -0.349193
vn -0.893137 -0.449784 0.000000
vn -0.565800 -0.746950 -0.349193
vn -0.752406 -0.467178 -0.464360
vn -0.752406 -0.467178 -0.464360
vn -0.565800 -0.746950 -0.349193
vn -0.328027 -0.723556 -0.607343
vn -0.752406 -0.467178 -0.464360
vn -0.328027 -0.723556 -0.607343
vn -0.427982 -0.434648 -0.792410
vn -0.427982 -0.434648 -0.792410
vn -0.328027 -0.723556 -0.607343
vn -0.000000 -0.742773 -0.669544
vn -0.427982 -0.434648 -0.792410
vn -0.000000 -0.742773 -0.669544
vn -0.000000 -0.395355 -0.918528
vn -0.000000 -0.395355 -0.918528
vn -0.000000 -0.742773 -0.669544
vn 0.321139 -0.737112 -0.594589
vn -0.000000 -0.395355 -0.918528
vn 0.321139 -0.737112 -0.594589
vn 0.436811 -0.393838 -0.808757
vn 0.436811 -0.393838 -0.808757
vn 0.321139 -0.737112 -0.594589
vn 0.543406 -0.769568 -0.335373
vn 0.436811 -0.393838 -0.808757
vn 0.543406 -0.769568 -0.335373
vn 0.769439 -0.427153 -0.474873
vn 0.769439 -0.427153 -0.474873
vn 0.543406 -0.769568 -0.335373
vn 0.644037 -0.764994 -0.000000
vn 0.769439 -0.427153 -0.474873
vn 0.644037 -0.764994 -0.000000
vn 0.906929 -0.421284 -0.000000
vn 0.643279 -0.765632 0.000000
vn 0.351507 -0.936185 0.000000
vn 0.290314 -0.940008 0.179172
vn 0.643279 -0.765632 0.000000
vn 0.290314 -0.940008 0.179172
vn 0.529981 -0.782390 0.327087
vn 0.529981 -0.782390 0.327087
vn 0.290314 -0.940008 0.179172
vn 0.172751 -0.931587 0.319849
vn 0.529981 -0.782390 0.327087
vn 0.172751 -0.931587 0.319849
vn 0.307551 -0.762339 0.569431
vn 0.307551 -0.762339 0.569431
vn 0.172751 -0.931587 0.319849
vn 0.000000 -0.937268 0.348610
vn 0.307551 -0.762339 0.569431
vn 0.000000 -0.937268 0.348610
vn 0.000000 -0.723844 0.689963
vn 0.000000 -0.723844 0.689963
vn 0.000000 -0.937268 0.348610
vn -0.166854 -0.936334 0.308930
vn 0.000000 -0.723844 0.689963
vn -0.166854 -0.936334 0.308930
vn -0.330891 -0.717757 0.612646
vn -0.330891 -0.717757 0.612646
vn -0.166854 -0.936334 0.308930
vn -0.274124 -0.946696 0.169181
vn -0.330891 -0.717757 0.612646
vn -0.274124 -0.946696 0.169181
vn -0.560128 -0.752830 0.345693
vn -0.560128 -0.752830 0.345693
vn -0.274124 -0.946696 0.169181
vn -0.331903 -0.943313 0.000000
vn -0.560128 -0.752830 0.345693
vn -0.331903 -0.943313 0.000000
vn -0.682610 -0.730783 0.000000
vn -0.682610 -0.730783 0.000000
vn -0.331903 -0.943313 0.000000
vn -0.270362 -0.948189 -0.166859
vn -0.682610 -0.730783 0.000000
vn -0.270362 -0.948189 -0.166859
vn -0.565800 -0.746950 -0.349193
vn -0.565800 -0.746950 -0.349193
vn -0.270362 -0.948189 -0.166859
vn -0.160887 -0.940947 -0.297882
vn -0.565800 -0.746950 -0.349193
vn -0.160887 -0.940947 -0.297882
vn -0.328027 -0.723556 -0.607343
vn -0.328027 -0.723556 -0.607343
vn -0.160887 -0.940947 -0.297882
vn -0.000000 -0.928995 -0.370093
vn -0.328027 -0.723556 -0.607343
vn -0.000000 -0.928995 -0.370093
vn -0.000000 -0.742773 -0.669544
vn -0.000000 -0.742773 -0.669544
vn -0.000000 -0.928995 -0.370093
vn 0.179639 -0.925800 -0.332603
vn -0.000000 -0.742773 -0.669544
vn 0.179639 -0.925800 -0.332603
vn 0.321139 -0.737112 -0.594589
vn 0.321139 -0.737112 -0.594589
vn 0.179639 -0.925800 -0.332603
vn 0.295406 -0.937815 -0.182315
vn 0.321139 -0.737112 -0.594589
vn 0.295406 -0.937815 -0.182315
vn 0.543406 -0.769568 -0.335373
vn 0.543406 -0.769568 -0.335373
vn 0.295406 -0.937815 -0.182315
vn 0.357998 -0.933722 -0.000000
vn 0.543406 -0.769568 -0.335373
vn 0.357998 -0.933722 -0.000000
vn 0.644037 -0.764994 -0.000000
vn 0.351507 -0.936185 0.000000
vn 0.000000 -1.000000 0.000000
vn 0.000000 -1.000000 0.000000
vn 0.351507 -0.936185 0.000000
vn 0.000000 -1.000000 0.000000
vn 0.290314 -0.940008 0.179172
vn 0.290314 -0.940008 0.179172
vn 0.000000 -1.000000 0.000000
vn 0.000000 -1.000000 0.000000
vn 0.290314 -0.940008 0.179172
vn 0.000000 -1.000000 0.000000
vn 0.172751 -0.931587 0.319849
vn 0.172751 -0.931587 0.319849
vn 0.000000 -1.000000 0.000000
vn 0.000000 -1.000000 0.000000
vn 0.172751 -0.931587 0.319849
vn 0.000000 -1.000000 0.000000
vn 0.000000 -0.937268 0.348610
vn 0.000000 -0.937268 0.348610
vn 0.000000 -1.000000 0.000000
vn -0.000000 -1.000000 0.000000
vn 0.000000 -0.937268 0.348610
vn -0.000000 -1.000000 0.000000
vn -0.166854 -0.936334 0.308930
vn -0.166854 -0.936334 0.308930
vn -0.000000 -1.000000 0.000000
vn -0.000000 -1.000000 0.000000
vn -0.166854 -0.936334 0.308930
vn -0.000000 -1.000000 0.000000
vn -0.274124 -0.946696 0.169181
vn -0.274124 -0.946696 0.169181
vn -0.000000 -1.000000 0.000000
vn -0.000000 -1.000000 0.000000
vn -0.274124 -0.946696 0.169181
vn -0.000000 -1.000000 0.000000
vn -0.331903 -0.943313 0.000000
vn -0.331903 -0.943313 0.000000
vn -0.000000 -1.000000 0.000000
vn -0.000000 -1.000000 -0.000000
vn -0.331903 -0.943313 0.000000
vn -0.000000 -1.000000 -0.000000
vn -0.270362 -0.948189 -0.166859
vn -0.270362 -0.948189 -0.166859
vn -0.000000 -1.000000 -0.000000
vn -0.000000 -1.000000 -0.000000
vn -0.270362 -0.948189 -0.166859
vn -0.000000 -1.000000 -0.000000
vn -0.160887 -0.940947 -0.297882
vn -0.160887 -0.940947 -0.297882
vn -0.000000 -1.000000 -0.000000
vn -0.000000 -1.000000 -0.000000
vn -0.160887 -0.940947 -0.297882
vn -0.000000 -1.000000 -0.000000
vn -0.000000 -0.928995 -0.370093
vn -0.000000 -0.928995 -0.370093
vn -0.000000 -1.000000 -0.000000
vn 0.000000 -1.000000 -0.000000
vn -0.000000 -0.928995 -0.370093
vn 0.000000 -1.000000 -0.000000
vn 0.179639 -0.925800 -0.332603
vn 0.179639 -0.925800 -0.332603
vn 0.000000 -1.000000 -0.000000
vn 0.000000 -1.000000 -0.000000
vn 0.179639 -0.925800 -0.332603
vn 0.000000 -1.000000 -0.000000
vn 0.295406 -0.937815 -0.182315
vn 0.295406 -0.937815 -0.182315
vn 0.000000 -1.000000 -0.000000
vn 0.000000 -1.000000 -0.000000
vn 0.295406 -0.937815 -0.182315
vn 0.000000 -1.000000 -0.000000
vn 0.357998 -0.933722 -0.000000
vn 0.000000 1.000000 0.000000
vn 0.348708 0.937231 0.000000
vn 0.324999 0.929281 0.175533
vn 0.000000 1.000000 0.000000
vn 0.324999 0.929281 0.175533
vn 0.000000 1.000000 0.000000
vn 0.000000 1.000000 0.000000
vn 0.324999 0.929281 0.175533
vn 0.157639 0.953891 0.255423
vn 0.000000 1.000000 0.000000
vn 0.157639 0.953891 0.255423
vn 0.000000 1.000000 0.000000
vn 0.000000 1.000000 0.000000
vn 0.157639 0.953891 0.255423
vn 0.000000 0.947689 0.319194
vn 0.000000 1.000000 0.000000
vn 0.000000 0.947689 0.319194
vn 0.000000 1.000000 0.000000
vn 0.000000 1.000000 0.000000
vn 0.000000 0.947689 0.319194
vn -0.168405 0.947197 0.272868
vn 0.000000 1.000000 0.000000
vn -0.168405 0.947197 0.272868
vn 0.000000 1.000000 0.000000
vn 0.000000 1.000000 0.000000
vn -0.168405 0.947197 0.272868
vn -0.313277 0.934467 0.169202
vn 0.000000 1.000000 0.000000
vn -0.313277 0.934467 0.169202
vn 0.000000 1.000000 0.000000
vn 0.000000 1.000000 0.000000
vn -0.313277 0.934467 0.169202
vn -0.348809 0.937194 0.000000
vn 0.000000 1.000000 0.000000
vn -0.348809 0.937194 0.000000
vn 0.000000 1.000000 0.000000
vn 0.000000 1.000000 0.000000
vn -0.348809 0.937194 0.000000
vn -0.325330 0.929132 -0.175711
vn 0.000000 1.000000 0.000000
vn -0.325330 0.929132 -0.175711
vn 0.000000 1.000000 0.000000
vn 0.000000 1.000000 0.000000
vn -0.325330 0.929132 -0.175711
vn -0.171809 0.944979 -0.278383
vn 0.000000 1.000000 0.000000
vn -0.171809 0.944979 -0.278383
vn 0.000000 1.000000 0.000000
vn 0.000000 1.000000 0.000000
vn -0.171809 0.944979 -0.278383
vn -0.000000 0.942879 -0.333135
vn 0.000000 1.000000 0.000000
vn -0.000000 0.942879 -0.333135
vn 0.000000 1.000000 0.000000
vn 0.000000 1.000000 0.000000
vn -0.000000 0.942879 -0.333135
vn 0.174827 0.942969 -0.283274
vn 0.000000 1.000000 0.000000
vn 0.174827 0.942969 -0.283274
vn 0.000000 1.000000 0.000000
vn 0.000000 1.000000 0.000000
vn 0.174827 0.942969 -0.283274
vn 0.278119 0.948729 -0.150212
vn 0.000000 1.000000 0.000000
vn 0.278119 0.948729 -0.150212
vn 0.000000 1.000000 0.000000
vn 0.000000 1.000000 0.000000
vn 0.278119 0.948729 -0.150212
vn 0.310557 0.950555 -0.000000
vn 0.000000 1.000000 0.000000
vn 0.310557 0.950555 -0.000000
vn 0.000000 1.000000 0.000000
vn 0.348708 0.937231 0.000000
vn 0.656967 0.753920 0.000000
vn 0.564565 0.767000 0.304923
vn 0.348708 0.937231 0.000000
vn 0.564565 0.767000 0.304923
vn 0.324999 0.929281 0.175533
vn 0.324999 0.929281 0.175533
vn 0.564565 0.767000 0.304923
vn 0.343328 0.756743 0.556297
vn 0.324999 0.929281 0.175533
vn 0.343328 0.756743 0.556297
vn 0.157639 0.953891 0.255423
vn 0.157639 0.953891 0.255423
vn 0.343328 0.756743 0.556297
vn 0.000000 0.766706 0.641998
vn 0.157639 0.953891 0.255423
vn 0.000000 0.766706 0.641998
vn 0.000000 0.947689 0.319194
vn 0.000000 0.947689 0.319194
vn 0.000000 0.766706 0.641998
vn -0.356980 0.733485 0.578416
vn 0.000000 0.947689 0.319194
vn -0.356980 0.733485 0.578416
vn -0.168405 0.947197 0.272868
vn -0.168405 0.947197 0.272868
vn -0.356980 0.733485 0.578416
vn -0.550635 0.779971 0.297399
vn -0.168405 0.947197 0.272868
vn -0.550635 0.779971 0.297399
vn -0.313277 0.934467 0.169202
vn -0.313277 0.934467 0.169202
vn -0.550635 0.779971 0.297399
vn -0.657116 0.753789 0.000000
vn -0.313277 0.934467 0.169202
vn -0.657116 0.753789 0.000000
vn -0.348809 0.937194 0.000000
vn -0.348809 0.937194 0.000000
vn -0.657116 0.753789 0.000000
vn -0.565458 0.766149 -0.305405
vn -0.348809 0.937194 0.000000
vn -0.565458 0.766149 -0.305405
vn -0.325330 0.929132 -0.175711
vn -0.325330 0.929132 -0.175711
vn -0.565458 0.766149 -0.305405
vn -0.332092 0.774709 -0.538091
vn -0.325330 0.929132 -0.175711
vn -0.332092 0.774709 -0.538091
vn -0.171809 0.944979 -0.278383
vn -0.171809 0.944979 -0.278383
vn -0.332092 0.774709 -0.538091
vn -0.000000 0.800867 -0.598842
vn -0.171809 0.944979 -0.278383
vn -0.000000 0.800867 -0.598842
vn -0.000000 0.942879 -0.333135
vn -0.000000 0.942879 -0.333135
vn -0.000000 0.800867 -0.598842
vn 0.335178 0.769876 -0.543090
vn -0.000000 0.942879 -0.333135
vn 0.335178 0.769876 -0.543090
vn 0.174827 0.942969 -0.283274
vn 0.174827 0.942969 -0.283274
vn 0.335178 0.769876 -0.543090
vn 0.562729 0.768741 -0.303931
vn 0.174827 0.942969 -0.283274
vn 0.562729 0.768741 -0.303931
vn 0.278119 0.948729 -0.150212
vn 0.278119 0.948729 -0.150212
vn 0.562729 0.768741 -0.303931
vn 0.667065 0.744999 -0.000000
vn 0.278119 0.948729 -0.150212
vn 0.667065 0.744999 -0.000000
vn 0.310557 0.950555 -0.000000
vn 0.656967 0.753920 0.000000
vn 0.914922 0.403631 0.000000
vn 0.797820 0.421669 0.430904
vn 0.656967 0.753920 0.000000
vn 0.797820 0.421669 0.430904
vn 0.564565 0.767000 0.304923
vn 0.564565 0.767000 0.304923
vn 0.797820 0.421669 0.430904
vn 0.464908 0.465200 0.753292
vn 0.564565 0.767000 0.304923
vn 0.464908 0.465200 0.753292
vn 0.343328 0.756743 0.556297
vn 0.343328 0.756743 0.556297
vn 0.464908 0.465200 0.753292
vn 0.000000 0.473791 0.880637
vn 0.343328 0.756743 0.556297
vn 0.000000 0.473791 0.880637
vn 0.000000 0.766706 0.641998
vn 0.000000 0.766706 0.641998
vn 0.000000 0.473791 0.880637
vn -0.470388 0.444779 0.762172
vn 0.000000 0.766706 0.641998
vn -0.470388 0.444779 0.762172
vn -0.356980 0.733485 0.578416
vn -0.356980 0.733485 0.578416
vn -0.470388 0.444779 0.762172
vn -0.785649 0.450220 0.424331
vn -0.356980 0.733485 0.578416
vn -0.785649 0.450220 0.424331
vn -0.550635 0.779971 0.297399
vn -0.550635 0.779971 0.297399
vn -0.785649 0.450220 0.424331
vn -0.908126 0.418697 0.000000
vn -0.550635 0.779971 0.297399
vn -0.908126 0.418697 0.000000
vn -0.657116 0.753789 0.000000
vn -0.657116 0.753789 0.000000
vn -0.908126 0.418697 0.000000
vn -0.797172 0.423249 -0.430554
vn -0.657116 0.753789 0.000000
vn -0.797172 0.423249 -0.430554
vn -0.565458 0.766149 -0.305405
vn -0.565458 0.766149 -0.305405
vn -0.797172 0.423249 -0.430554
vn -0.471284 0.441328 -0.763624
vn -0.565458 0.766149 -0.305405
vn -0.471284 0.441328 -0.763624
vn -0.332092 0.774709 -0.538091
vn -0.332092 0.774709 -0.538091
vn -0.471284 0.441328 -0.763624
vn -0.000000 0.444571 -0.895744
vn -0.332092 0.774709 -0.538091
vn -0.000000 0.444571 -0.895744
vn -0.000000 0.800867 -0.598842
vn -0.000000 0.800867 -0.598842
vn -0.000000 0.444571 -0.895744
vn 0.480045 0.405650 -0.777820
vn -0.000000 0.800867 -0.598842
vn 0.480045 0.405650 -0.777820
vn 0.335178 0.769876 -0.543090
vn 0.335178 0.769876 -0.543090
vn 0.480045 0.405650 -0.777820
vn 0.779558 0.463695 -0.421041
vn 0.335178 0.769876 -0.543090
vn 0.779558 0.463695 -0.421041
vn 0.562729 0.768741 -0.303931
vn 0.562729 0.768741 -0.303931
vn 0.779558 0.463695 -0.421041
vn 0.904806 0.425824 -0.000000
vn 0.562729 0.768741 -0.303931
vn 0.904806 0.425824 -0.000000
vn 0.667065 0.744999 -0.000000
vn 0.914922 0.403631 0.000000
vn 1.000000 0.000000 0.000000
vn 0.879868 0.000000 0.475218
vn 0.914922 0.403631 0.000000
vn 0.879868 0.000000 0.475218
vn 0.797820 0.421669 0.430904
vn 0.797820 0.421669 0.430904
vn 0.879868 0.000000 0.475218
vn 0.525197 0.000000 0.850980
vn 0.797820 0.421669 0.430904
vn 0.525197 0.000000 0.850980
vn 0.464908 0.465200 0.753292
vn 0.464908 0.465200 0.753292
vn 0.525197 0.000000 0.850980
vn 0.000000 0.000000 1.000000
vn 0.464908 0.465200 0.753292
vn 0.000000 0.000000 1.000000
vn 0.000000 0.473791 0.880637
vn 0.000000 0.473791 0.880637
vn 0.000000 0.000000 1.000000
vn -0.525197 0.000000 0.850980
vn 0.000000 0.473791 0.880637
vn -0.525197 0.000000 0.850980
vn -0.470388 0.444779 0.762172
vn -0.470388 0.444779 0.762172
vn -0.525197 0.000000 0.850980
vn -0.879868 0.000000 0.475218
vn -0.470388 0.444779 0.762172
vn -0.879868 0.000000 0.475218
vn -0.785649 0.450220 0.424331
vn -0.785649 0.450220 0.424331
vn -0.879868 0.000000 0.475218
vn -1.000000 0.000000 0.000000
vn -0.785649 0.450220 0.424331
vn -1.000000 0.000000 0.000000
vn -0.908126 0.418697 0.000000
vn -0.908126 0.418697 0.000000
vn -1.000000 0.000000 0.000000
vn -0.879868 0.000000 -0.475218
vn -0.908126 0.418697 0.000000
vn -0.879868 0.000000 -0.475218
vn -0.797172 0.423249 -0.430554
vn -0.797172 0.423249 -0.430554
vn -0.879868 0.000000 -0.475218
vn -0.525197 0.000000 -0.850980
vn -0.797172 0.423249 -0.430554
vn -0.525197 0.000000 -0.850980
vn -0.471284 0.441328 -0.763624
vn -0.471284 0.441328 -0.763624
vn -0.525197 0.000000 -0.850980
vn -0.000000 0.000000 -1.000000
vn -0.471284 0.441328 -0.763624
vn -0.000000 0.000000 -1.000000
vn -0.000000 0.444571 -0.895744
vn -0.000000 0.444571 -0.895744
vn -0.000000 0.000000 -1.000000
vn 0.525197 0.000000 -0.850980
vn -0.000000 0.444571 -0.895744
vn 0.525197 0.000000 -0.850980
vn 0.480045 0.405650 -0.777820
vn 0.480045 0.405650 -0.777820
vn 0.525197 0.000000 -0.850980
vn 0.879868 0.000000 -0.475218
vn 0.480045 0.405650 -0.777820
vn 0.879868 0.000000 -0.475218
vn 0.779558 0.463695 -0.421041
vn 0.779558 0.463695 -0.421041
vn 0.879868 0.000000 -0.475218
vn 1.000000 0.000000 -0.000000
vn 0.779558 0.463695 -0.421041
vn 1.000000 0.000000 -0.000000
vn 0.904806 0.425824 -0.000000
vn 1.000000 0.000000 0.000000
vn 0.904574 -0.426317 0.000000
vn 0.778687 -0.465582 0.420570
vn 1.000000 0.000000 0.000000
vn 0.778687 -0.465582 0.420570
vn 0.879868 0.000000 0.475218
vn 0.879868 0.000000 0.475218
vn 0.778687 -0.465582 0.420570
vn 0.479777 -0.406798 0.777386
vn 0.879868 0.000000 0.475218
vn 0.479777 -0.406798 0.777386
vn 0.525197 0.000000 0.850980
vn 0.525197 0.000000 0.850980
vn 0.479777 -0.406798 0.777386
vn 0.000000 -0.443937 0.896058
vn 0.525197 0.000000 0.850980
vn 0.000000 -0.443937 0.896058
vn 0.000000 0.000000 1.000000
vn 0.000000 0.000000 1.000000
vn 0.000000 -0.443937 0.896058
vn -0.475291 -0.425461 0.770117
vn 0.000000 0.000000 1.000000
vn -0.475291 -0.425461 0.770117
vn -0.525197 0.000000 0.850980
vn -0.525197 0.000000 0.850980
vn -0.475291 -0.425461 0.770117
vn -0.787677 -0.445621 0.425426
vn -0.525197 0.000000 0.850980
vn -0.787677 -0.445621 0.425426
vn -0.879868 0.000000 0.475218
vn -0.879868 0.000000 0.475218
vn -0.787677 -0.445621 0.425426
vn -0.903877 -0.427792 0.000000
vn -0.879868 0.000000 0.475218
vn -0.903877 -0.427792 0.000000
vn -1.000000 0.000000 0.000000
vn -1.000000 0.000000 0.000000
vn -0.903877 -0.427792 0.000000
vn -0.778156 -0.466728 -0.420284
vn -1.000000 0.000000 0.000000
vn -0.778156 -0.466728 -0.420284
vn -0.879868 0.000000 -0.475218
vn -0.879868 0.000000 -0.475218
vn -0.778156 -0.466728 -0.420284
vn -0.470876 -0.442904 -0.762963
vn -0.879868 0.000000 -0.475218
vn -0.470876 -0.442904 -0.762963
vn -0.525197 0.000000 -0.850980
vn -0.525197 0.000000 -0.850980
vn -0.470876 -0.442904 -0.762963
vn -0.000000 -0.474637 -0.880182
vn -0.525197 0.000000 -0.850980
vn -0.000000 -0.474637 -0.880182
vn -0.000000 0.000000 -1.000000
vn -0.000000 0.000000 -1.000000
vn -0.000000 -0.474637 -0.880182
vn 0.465277 -0.463860 -0.753891
vn -0.000000 0.000000 -1.000000
vn 0.465277 -0.463860 -0.753891
vn 0.525197 0.000000 -0.850980
vn 0.525197 0.000000 -0.850980
vn 0.465277 -0.463860 -0.753891
vn 0.798920 -0.418969 -0.431498
vn 0.525197 0.000000 -0.850980
vn 0.798920 -0.418969 -0.431498
vn 0.879868 0.000000 -0.475218
vn 0.879868 0.000000 -0.475218
vn 0.798920 -0.418969 -0.431498
vn 0.915860 -0.401499 -0.000000
vn 0.879868 0.000000 -0.475218
vn 0.915860 -0.401499 -0.000000
vn 1.000000 0.000000 -0.000000
vn 0.904574 -0.426317 0.000000
vn 0.671321 -0.741167 0.000000
vn 0.587308 -0.744614 0.317206
vn 0.904574 -0.426317 0.000000
vn 0.587308 -0.744614 0.317206
vn 0.778687 -0.465582 0.420570
vn 0.778687 -0.465582 0.420570
vn 0.587308 -0.744614 0.317206
vn 0.330570 -0.777065 0.535624
vn 0.778687 -0.465582 0.420570
vn 0.330570 -0.777065 0.535624
vn 0.479777 -0.406798 0.777386
vn 0.479777 -0.406798 0.777386
vn 0.330570 -0.777065 0.535624
vn 0.000000 -0.777271 0.629165
vn 0.479777 -0.406798 0.777386
vn 0.000000 -0.777271 0.629165
vn 0.000000 -0.443937 0.896058
vn 0.000000 -0.443937 0.896058
vn 0.000000 -0.777271 0.629165
vn -0.318876 -0.794584 0.516676
vn 0.000000 -0.443937 0.896058
vn -0.318876 -0.794584 0.516676
vn -0.475291 -0.425461 0.770117
vn -0.475291 -0.425461 0.770117
vn -0.318876 -0.794584 0.516676
vn -0.605128 -0.725949 0.326831
vn -0.475291 -0.425461 0.770117
vn -0.605128 -0.725949 0.326831
vn -0.787677 -0.445621 0.425426
vn -0.787677 -0.445621 0.425426
vn -0.605128 -0.725949 0.326831
vn -0.669292 -0.742999 0.000000
vn -0.787677 -0.445621 0.425426
vn -0.669292 -0.742999 0.000000
vn -0.903877 -0.427792 0.000000
vn -0.903877 -0.427792 0.000000
vn -0.669292 -0.742999 0.000000
vn -0.586235 -0.745705 -0.316627
vn -0.903877 -0.427792 0.000000
vn -0.586235 -0.745705 -0.316627
vn -0.778156 -0.466728 -0.420284
vn -0.778156 -0.466728 -0.420284
vn -0.586235 -0.745705 -0.316627
vn -0.344533 -0.754755 -0.558249
vn -0.778156 -0.466728 -0.420284
vn -0.344533 -0.754755 -0.558249
vn -0.470876 -0.442904 -0.762963
vn -0.470876 -0.442904 -0.762963
vn -0.344533 -0.754755 -0.558249
vn -0.000000 -0.752020 -0.659140
vn -0.470876 -0.442904 -0.762963
vn -0.000000 -0.752020 -0.659140
vn -0.000000 -0.474637 -0.880182
vn -0.000000 -0.474637 -0.880182
vn -0.000000 -0.752020 -0.659140
vn 0.332699 -0.773764 -0.539074
vn -0.000000 -0.474637 -0.880182
vn 0.332699 -0.773764 -0.539074
vn 0.465277 -0.463860 -0.753891
vn 0.465277 -0.463860 -0.753891
vn 0.332699 -0.773764 -0.539074
vn 0.578137 -0.753827 -0.312253
vn 0.465277 -0.463860 -0.753891
vn 0.578137 -0.753827 -0.312253
vn 0.798920 -0.418969 -0.431498
vn 0.798920 -0.418969 -0.431498
vn 0.578137 -0.753827 -0.312253
vn 0.635734 -0.771909 -0.000000
vn 0.798920 -0.418969 -0.431498
vn 0.635734 -0.771909 -0.000000
vn 0.915860 -0.401499 -0.000000
vn 0.671321 -0.741167 0.000000
vn 0.319011 -0.947751 0.000000
vn 0.284746 -0.946186 0.153792
vn 0.671321 -0.741167 0.000000
vn 0.284746 -0.946186 0.153792
vn 0.587308 -0.744614 0.317206
vn 0.587308 -0.744614 0.317206
vn 0.284746 -0.946186 0.153792
vn 0.178388 -0.940549 0.289043
vn 0.587308 -0.744614 0.317206
vn 0.178388 -0.940549 0.289043
vn 0.330570 -0.777065 0.535624
vn 0.330570 -0.777065 0.535624
vn 0.178388 -0.940549 0.289043
vn 0.000000 -0.939966 0.341269
vn 0.330570 -0.777065 0.535624
vn 0.000000 -0.939966 0.341269
vn 0.000000 -0.777271 0.629165
vn 0.000000 -0.777271 0.629165
vn 0.000000 -0.939966 0.341269
vn -0.171895 -0.944922 0.278523
vn 0.000000 -0.777271 0.629165
vn -0.171895 -0.944922 0.278523
vn -0.318876 -0.794584 0.516676
vn -0.318876 -0.794584 0.516676
vn -0.171895 -0.944922 0.278523
vn -0.302397 -0.939085 0.163325
vn -0.318876 -0.794584 0.516676
vn -0.302397 -0.939085 0.163325
vn -0.605128 -0.725949 0.326831
vn -0.605128 -0.725949 0.326831
vn -0.302397 -0.939085 0.163325
vn -0.325213 -0.945641 0.000000
vn -0.605128 -0.725949 0.326831
vn -0.325213 -0.945641 0.000000
vn -0.669292 -0.742999 0.000000
vn -0.669292 -0.742999 0.000000
vn -0.325213 -0.945641 0.000000
vn -0.290512 -0.943919 -0.156906
vn -0.669292 -0.742999 0.000000
vn -0.290512 -0.943919 -0.156906
vn -0.586235 -0.745705 -0.316627
vn -0.586235 -0.745705 -0.316627
vn -0.290512 -0.943919 -0.156906
vn -0.168659 -0.947034 -0.273279
vn -0.586235 -0.745705 -0.316627
vn -0.168659 -0.947034 -0.273279
vn -0.344533 -0.754755 -0.558249
vn -0.344533 -0.754755 -0.558249
vn -0.168659 -0.947034 -0.273279
vn -0.000000 -0.950365 -0.311138
vn -0.344533 -0.754755 -0.558249
vn -0.000000 -0.950365 -0.311138
vn -0.000000 -0.752020 -0.659140
vn -0.000000 -0.752020 -0.659140
vn -0.000000 -0.950365 -0.311138
vn 0.154833 -0.955556 -0.250877
vn -0.000000 -0.752020 -0.659140
vn 0.154833 -0.955556 -0.250877
vn 0.332699 -0.773764 -0.539074
vn 0.332699 -0.773764 -0.539074
vn 0.154833 -0.955556 -0.250877
vn 0.315807 -0.933366 -0.170568
vn 0.332699 -0.773764 -0.539074
vn 0.315807 -0.933366 -0.170568
vn 0.578137 -0.753827 -0.312253
vn 0.578137 -0.753827 -0.312253
vn 0.315807 -0.933366 -0.170568
vn 0.344705 -0.938711 -0.000000
vn 0.578137 -0.753827 -0.312253
vn 0.344705 -0.938711 -0.000000
vn 0.635734 -0.771909 -0.000000
vn 0.319011 -0.947751 0.000000
vn 0.000000 -1.000000 0.000000
vn 0.000000 -1.000000 0.000000
vn 0.319011 -0.947751 0.000000
vn 0.000000 -1.000000 0.000000
vn 0.284746 -0.946186 0.153792
vn 0.284746 -0.946186 0.153792
vn 0.000000 -1.000000 0.000000
vn 0.000000 -1.000000 0.000000
vn 0.284746 -0.946186 0.153792
vn 0.000000 -1.000000 0.000000
vn 0.178388 -0.940549 0.289043
vn 0.178388 -0.940549 0.289043
vn 0.000000 -1.000000 0.000000
vn 0.000000 -1.000000 0.000000
vn 0.178388 -0.940549 0.289043
vn 0.000000 -1.000000 0.000000
vn 0.000000 -0.939966 0.341269
vn 0.000000 -0.939966 0.341269
vn 0.000000 -1.000000 0.000000
vn -0.000000 -1.000000 0.000000
vn 0.000000 -0.939966 0.341269
vn -0.000000 -1.000000 0.000000
vn -0.171895 -0.944922 0.278523
vn -0.171895 -0.944922 0.278523
vn -0.000000 -1.000000 0.000000
vn -0.000000 -1.000000 0.000000
vn -0.171895 -0.944922 0.278523
vn -0.000000 -1.000000 0.000000
vn -0.302397 -0.939085 0.163325
vn -0.302397 -0.939085 0.163325
vn -0.000000 -1.000000 0.000000
vn -0.000000 -1.000000 0.000000
vn -0.302397 -0.939085 0.163325
vn -0.000000 -1.000000 0.000000
vn -0.325213 -0.945641 0.000000
vn -0.325213 -0.945641 0.000000
vn -0.000000 -1.000000 0.000000
vn -0.000000 -1.000000 -0.000000
vn -0.325213 -0.945641 0.000000
vn -0.000000 -1.000000 -0.000000
vn -0.290512 -0.943919 -0.156906
vn -0.290512 -0.943919 -0.156906
vn -0.000000 -1.000000 -0.000000
vn -0.000000 -1.000000 -0.000000
vn -0.290512 -0.943919 -0.156906
vn -0.000000 -1.000000 -0.000000
vn -0.168659 -0.947034 -0.273279
vn -0.168659 -0.947034 -0.273279
vn -0.000000 -1.000000 -0.000000
vn -0.000000 -1.000000 -0.000000
vn -0.168659 -0.947034 -0.273279
vn -0.000000 -1.000000 -0.000000
vn -0.000000 -0.950365 -0.311138
vn -0.000000 -0.950365 -0.311138
vn -0.000000 -1.000000 -0.000000
vn 0.000000 -1.000000 -0.000000
vn -0.000000 -0.950365 -0.311138
vn 0.000000 -1.000000 -0.000000
vn 0.154833 -0.955556 -0.250877
vn 0.154833 -0.955556 -0.250877
vn 0.000000 -1.000000 -0.000000
vn 0.000000 -1.000000 -0.000000
vn 0.154833 -0.955556 -0.250877
vn 0.000000 -1.000000 -0.000000
vn 0.315807 -0.933366 -0.170568
vn 0.315807 -0.933366 -0.170568
vn 0.000000 -1.000000 -0.000000
vn 0.000000 -1.000000 -0.000000
vn 0.315807 -0.933366 -0.170568
vn 0.000000 -1.000000 -0.000000
vn 0.344705 -0.938711 -0.000000
vn 0.000000 1.000000 0.000000
vn 0.346725 0.937967 0.000000
vn 0.281173 0.945827 0.162335
vn 0.000000 1.000000 0.000000
vn 0.281173 0.945827 0.162335
vn 0.000000 1.000000 0.000000
vn 0.000000 1.000000 0.000000
vn 0.281173 0.945827 0.162335
vn 0.183503 0.930218 0.317837
vn 0.000000 1.000000 0.000000
vn 0.183503 0.930218 0.317837
vn 0.000000 1.000000 0.000000
vn 0.000000 1.000000 0.000000
vn 0.183503 0.930218 0.317837
vn 0.000000 0.947321 0.320285
vn 0.000000 1.000000 0.000000
vn 0.000000 0.947321 0.320285
vn 0.000000 1.000000 0.000000
vn 0.000000 1.000000 0.000000
vn 0.000000 0.947321 0.320285
vn -0.189064 0.925753 0.327469
vn 0.000000 1.000000 0.000000
vn -0.189064 0.925753 0.327469
vn 0.000000 1.000000 0.000000
vn 0.000000 1.000000 0.000000
vn -0.189064 0.925753 0.327469
vn -0.280864 0.945950 0.162157
vn 0.000000 1.000000 0.000000
vn -0.280864 0.945950 0.162157
vn 0.000000 1.000000 0.000000
vn 0.000000 1.000000 0.000000
vn -0.280864 0.945950 0.162157
vn -0.365800 0.930693 0.000000
vn 0.000000 1.000000 0.000000
vn -0.365800 0.930693 0.000000
vn 0.000000 1.000000 0.000000
vn 0.000000 1.000000 0.000000
vn -0.365800 0.930693 0.000000
vn -0.298399 0.938764 -0.172280
vn 0.000000 1.000000 0.000000
vn -0.298399 0.938764 -0.172280
vn 0.000000 1.000000 0.000000
vn 0.000000 1.000000 0.000000
vn -0.298399 0.938764 -0.172280
vn -0.175784 0.936163 -0.304466
vn 0.000000 1.000000 0.000000
vn -0.175784 0.936163 -0.304466
vn 0.000000 1.000000 0.000000
vn 0.000000 1.000000 0.000000
vn -0.175784 0.936163 -0.304466
vn -0.000000 0.940464 -0.339894
vn 0.000000 1.000000 0.000000
vn -0.000000 0.940464 -0.339894
vn 0.000000 1.000000 0.000000
vn 0.000000 1.000000 0.000000
vn -0.000000 0.940464 -0.339894
vn 0.166918 0.942631 -0.289111
vn 0.000000 1.000000 0.000000
vn 0.166918 0.942631 -0.289111
vn 0.000000 1.000000 0.000000
vn 0.000000 1.000000 0.000000
vn 0.166918 0.942631 -0.289111
vn 0.297070 0.939326 -0.171514
vn 0.000000 1.000000 0.000000
vn 0.297070 0.939326 -0.171514
vn 0.000000 1.000000 0.000000
vn 0.000000 1.000000 0.000000
vn 0.297070 0.939326 -0.171514
vn 0.341911 0.939732 -0.000000
vn 0.000000 1.000000 0.000000
vn 0.341911 0.939732 -0.000000
vn 0.000000 1.000000 0.000000
vn 0.346725 0.937967 0.000000
vn 0.674542 0.738237 0.000000
vn 0.594048 0.727651 0.342974
vn 0.346725 0.937967 0.000000
vn 0.594048 0.727651 0.342974
vn 0.281173 0.945827 0.162335
vn 0.281173 0.945827 0.162335
vn 0.594048 0.727651 0.342974
vn 0.316979 0.773367 0.549024
vn 0.281173 0.945827 0.162335
vn 0.316979 0.773367 0.549024
vn 0.183503 0.930218 0.317837
vn 0.183503 0.930218 0.317837
vn 0.316979 0.773367 0.549024
vn 0.000000 0.734786 0.678299
vn 0.183503 0.930218 0.317837
vn 0.000000 0.734786 0.678299
vn 0.000000 0.947321 0.320285
vn 0.000000 0.947321 0.320285
vn 0.000000 0.734786 0.678299
vn -0.328349 0.754153 0.568718
vn 0.000000 0.947321 0.320285
vn -0.328349 0.754153 0.568718
vn -0.189064 0.925753 0.327469
vn -0.189064 0.925753 0.327469
vn -0.328349 0.754153 0.568718
vn -0.598273 0.723020 0.345413
vn -0.189064 0.925753 0.327469
vn -0.598273 0.723020 0.345413
vn -0.280864 0.945950 0.162157
vn -0.280864 0.945950 0.162157
vn -0.598273 0.723020 0.345413
vn -0.638483 0.769636 0.000000
vn -0.280864 0.945950 0.162157
vn -0.638483 0.769636 0.000000
vn -0.365800 0.930693 0.000000
vn -0.365800 0.930693 0.000000
vn -0.638483 0.769636 0.000000
vn -0.564259 0.758606 -0.325775
vn -0.365800 0.930693 0.000000
vn -0.564259 0.758606 -0.325775
vn -0.298399 0.938764 -0.172280
vn -0.298399 0.938764 -0.172280
vn -0.564259 0.758606 -0.325775
vn -0.336452 0.739730 -0.582751
vn -0.298399 0.938764 -0.172280
vn -0.336452 0.739730 -0.582751
vn -0.175784 0.936163 -0.304466
vn -0.175784 0.936163 -0.304466
vn -0.336452 0.739730 -0.582751
vn -0.000000 0.754909 -0.655830
vn -0.175784 0.936163 -0.304466
vn -0.000000 0.754909 -0.655830
vn -0.000000 0.940464 -0.339894
vn -0.000000 0.940464 -0.339894
vn -0.000000 0.754909 -0.655830
vn 0.331304 0.748966 -0.573836
vn -0.000000 0.940464 -0.339894
vn 0.331304 0.748966 -0.573836
vn 0.166918 0.942631 -0.289111
vn 0.166918 0.942631 -0.289111
vn 0.331304 0.748966 -0.573836
vn 0.604544 0.716032 -0.349034
vn 0.166918 0.942631 -0.289111
vn 0.604544 0.716032 -0.349034
vn 0.297070 0.939326 -0.171514
vn 0.297070 0.939326 -0.171514
vn 0.604544 0.716032 -0.349034
vn 0.668904 0.743349 -0.000000
vn 0.297070 0.939326 -0.171514
vn 0.668904 0.743349 -0.000000
vn 0.341911 0.939732 -0.000000
vn 0.674542 0.738237 0.000000
vn 0.905113 0.425171 0.000000
vn 0.787408 0.416315 0.454610
vn 0.674542 0.738237 0.000000
vn 0.787408 0.416315 0.454610
vn 0.594048 0.727651 0.342974
vn 0.594048 0.727651 0.342974
vn 0.787408 0.416315 0.454610
vn 0.456145 0.409544 0.790067
vn 0.594048 0.727651 0.342974
vn 0.456145 0.409544 0.790067
vn 0.316979 0.773367 0.549024
vn 0.316979 0.773367 0.549024
vn 0.456145 0.409544 0.790067
vn 0.000000 0.424411 0.905470
vn 0.316979 0.773367 0.549024
vn 0.000000 0.424411 0.905470
vn 0.000000 0.734786 0.678299
vn 0.000000 0.734786 0.678299
vn 0.000000 0.424411 0.905470
vn -0.454464 0.416952 0.787155
vn 0.000000 0.734786 0.678299
vn -0.454464 0.416952 0.787155
vn -0.328349 0.754153 0.568718
vn -0.328349 0.754153 0.568718
vn -0.454464 0.416952 0.787155
vn -0.777886 0.439535 0.449113
vn -0.328349 0.754153 0.568718
vn -0.777886 0.439535 0.449113
vn -0.598273 0.723020 0.345413
vn -0.598273 0.723020 0.345413
vn -0.777886 0.439535 0.449113
vn -0.903794 0.427968 0.000000
vn -0.598273 0.723020 0.345413
vn -0.903794 0.427968 0.000000
vn -0.638483 0.769636 0.000000
vn -0.638483 0.769636 0.000000
vn -0.903794 0.427968 0.000000
vn -0.786527 0.418530 -0.454102
vn -0.638483 0.769636 0.000000
vn -0.786527 0.418530 -0.454102
vn -0.564259 0.758606 -0.325775
vn -0.564259 0.758606 -0.325775
vn -0.786527 0.418530 -0.454102
vn -0.447283 0.446937 -0.774716
vn -0.564259 0.758606 -0.325775
vn -0.447283 0.446937 -0.774716
vn -0.336452 0.739730 -0.582751
vn -0.336452 0.739730 -0.582751
vn -0.447283 0.446937 -0.774716
vn -0.000000 0.416613 -0.909084
vn -0.336452 0.739730 -0.582751
vn -0.000000 0.416613 -0.909084
vn -0.000000 0.754909 -0.655830
vn -0.000000 0.754909 -0.655830
vn -0.000000 0.416613 -0.909084
vn 0.443882 0.460299 -0.768826
vn -0.000000 0.754909 -0.655830
vn 0.443882 0.460299 -0.768826
vn 0.331304 0.748966 -0.573836
vn 0.331304 0.748966 -0.573836
vn 0.443882 0.460299 -0.768826
vn 0.784073 0.424624 -0.452685
vn 0.331304 0.748966 -0.573836
vn 0.784073 0.424624 -0.452685
vn 0.604544 0.716032 -0.349034
vn 0.604544 0.716032 -0.349034
vn 0.784073 0.424624 -0.452685
vn 0.891312 0.453391 -0.000000
vn 0.604544 0.716032 -0.349034
vn 0.891312 0.453391 -0.000000
vn 0.668904 0.743349 -0.000000
vn 0.905113 0.425171 0.000000
vn 1.000000 0.000000 0.000000
vn 0.866025 0.000000 0.500000
vn 0.905113 0.425171 0.000000
vn 0.866025 0.000000 0.500000
vn 0.787408 0.416315 0.454610
vn 0.787408 0.416315 0.454610
vn 0.866025 0.000000 0.500000
vn 0.500000 0.000000 0.866025
vn 0.787408 0.416315 0.454610
vn 0.500000 0.000000 0.866025
vn 0.456145 0.409544 0.790067
vn 0.456145 0.409544 0.790067
vn 0.500000 0.000000 0.866025
vn 0.000000 0.000000 1.000000
vn 0.456145 0.409544 0.790067
vn 0.000000 0.000000 1.000000
vn 0.000000 0.424411 0.905470
vn 0.000000 0.424411 0.905470
vn 0.000000 0.000000 1.000000
vn -0.500000 0.000000 0.866025
vn 0.000000 0.424411 0.905470
vn -0.500000 0.000000 0.866025
vn -0.454464 0.416952 0.787155
vn -0.454464 0.416952 0.787155
vn -0.500000 0.000000 0.866025
vn -0.866025 0.000000 0.500000
vn -0.454464 0.416952 0.787155
vn -0.866025 0.000000 0.500000
vn -0.777886 0.439535 0.449113
vn -0.777886 0.439535 0.449113
vn -0.866025 0.000000 0.500000
vn -1.000000 0.000000 0.000000
vn -0.777886 0.439535 0.449113
vn -1.000000 0.000000 0.000000
vn -0.903794 0.427968 0.000000
vn -0.903794 0.427968 0.000000
vn -1.000000 0.000000 0.000000
vn -0.866025 0.000000 -0.500000
vn -0.903794 0.427968 0.000000
vn -0.866025 0.000000 -0.500000
vn -0.786527 0.418530 -0.454102
vn -0.786527 0.418530 -0.454102
vn -0.866025 0.000000 -0.500000
vn -0.500000 0.000000 -0.866025
vn -0.786527 0.418530 -0.454102
vn -0.500000 0.000000 -0.866025
vn -0.447283 0.446937 -0.774716
vn -0.447283 0.446937 -0.774716
vn -0.500000 0.000000 -0.866025
vn -0.000000 0.000000 -1.000000
vn -0.447283 0.446937 -0.774716
vn -0.000000 0.000000 -1.000000
vn -0.000000 0.416613 -0.909084
vn -0.000000 0.416613 -0.909084
vn -0.000000 0.000000 -1.000000
vn 0.500000 0.000000 -0.866025
vn -0.000000 0.416613 -0.909084
vn 0.500000 0.000000 -0.866025
vn 0.443882 0.460299 -0.768826
vn 0.443882 0.460299 -0.768826
vn 0.500000 0.000000 -0.866025
vn 0.866025 0.000000 -0.500000
vn 0.443882 0.460299 -0.768826
vn 0.866025 0.000000 -0.500000
vn 0.784073 0.424624 -0.452685
vn 0.784073 0.424624 -0.452685
vn 0.866025 0.000000 -0.500000
vn 1.000000 0.000000 -0.000000
vn 0.784073 0.424624 -0.452685
vn 1.000000 0.000000 -0.000000
vn 0.891312 0.453391 -0.000000
vn 1.000000 0.000000 0.000000
vn 0.906594 -0.422003 0.000000
vn 0.781933 -0.429854 0.451449
vn 1.000000 0.000000 0.000000
vn 0.781933 -0.429854 0.451449
vn 0.866025 0.000000 0.500000
vn 0.866025 0.000000 0.500000
vn 0.781933 -0.429854 0.451449
vn 0.459807 -0.392822 0.796410
vn 0.866025 0.000000 0.500000
vn 0.459807 -0.392822 0.796410
vn 0.500000 0.000000 0.866025
vn 0.500000 0.000000 0.866025
vn 0.459807 -0.392822 0.796410
vn 0.000000 -0.457776 0.889067
vn 0.500000 0.000000 0.866025
vn 0.000000 -0.457776 0.889067
vn 0.000000 0.000000 1.000000
vn 0.000000 0.000000 1.000000
vn 0.000000 -0.457776 0.889067
vn -0.458376 -0.399457 0.793931
vn 0.000000 0.000000 1.000000
vn -0.458376 -0.399457 0.793931
vn -0.500000 0.000000 0.866025
vn -0.500000 0.000000 0.866025
vn -0.458376 -0.399457 0.793931
vn -0.769892 -0.457916 0.444498
vn -0.500000 0.000000 0.866025
vn -0.769892 -0.457916 0.444498
vn -0.866025 0.000000 0.500000
vn -0.866025 0.000000 0.500000
vn -0.769892 -0.457916 0.444498
vn -0.909269 -0.416209 0.000000
vn -0.866025 0.000000 0.500000
vn -0.909269 -0.416209 0.000000
vn -1.000000 0.000000 0.000000
vn -1.000000 0.000000 0.000000
vn -0.909269 -0.416209 0.000000
vn -0.783550 -0.425911 -0.452383
vn -1.000000 0.000000 0.000000
vn -0.783550 -0.425911 -0.452383
vn -0.866025 0.000000 -0.500000
vn -0.866025 0.000000 -0.500000
vn -0.783550 -0.425911 -0.452383
vn -0.452875 -0.423813 -0.784402
vn -0.866025 0.000000 -0.500000
vn -0.452875 -0.423813 -0.784402
vn -0.500000 0.000000 -0.866025
vn -0.500000 0.000000 -0.866025
vn -0.452875 -0.423813 -0.784402
vn -0.000000 -0.424505 -0.905426
vn -0.500000 0.000000 -0.866025
vn -0.000000 -0.424505 -0.905426
vn -0.000000 0.000000 -1.000000
vn -0.000000 0.000000 -1.000000
vn -0.000000 -0.424505 -0.905426
vn 0.449875 -0.436408 -0.779206
vn -0.000000 0.000000 -1.000000
vn 0.449875 -0.436408 -0.779206
vn 0.500000 0.000000 -0.866025
vn 0.500000 0.000000 -0.866025
vn 0.449875 -0.436408 -0.779206
vn 0.772791 -0.451361 -0.446171
vn 0.500000 0.000000 -0.866025
vn 0.772791 -0.451361 -0.446171
vn 0.866025 0.000000 -0.500000
vn 0.866025 0.000000 -0.500000
vn 0.772791 -0.451361 -0.446171
vn 0.893072 -0.449913 -0.000000
vn 0.866025 0.000000 -0.500000
vn 0.893072 -0.449913 -0.000000
vn 1.000000 0.000000 -0.000000
vn 0.906594 -0.422003 0.000000
vn 0.691942 -0.721953 0.000000
vn 0.586797 -0.735453 0.338788
vn 0.906594 -0.422003 0.000000
vn 0.586797 -0.735453 0.338788
vn 0.781933 -0.429854 0.451449
vn 0.781933 -0.429854 0.451449
vn 0.586797 -0.735453 0.338788
vn 0.333550 -0.744968 0.577726
vn 0.781933 -0.429854 0.451449
vn 0.333550 -0.744968 0.577726
vn 0.459807 -0.392822 0.796410
vn 0.459807 -0.392822 0.796410
vn 0.333550 -0.744968 0.577726
vn 0.000000 -0.755723 0.654892
vn 0.459807 -0.392822 0.796410
vn 0.000000 -0.755723 0.654892
vn 0.000000 -0.457776 0.889067
vn 0.000000 -0.457776 0.889067
vn 0.000000 -0.755723 0.654892
vn -0.330571 -0.750260 0.572566
vn 0.000000 -0.457776 0.889067
vn -0.330571 -0.750260 0.572566
vn -0.458376 -0.399457 0.793931
vn -0.458376 -0.399457 0.793931
vn -0.330571 -0.750260 0.572566
vn -0.573017 -0.749801 0.330832
vn -0.458376 -0.399457 0.793931
vn -0.573017 -0.749801 0.330832
vn -0.769892 -0.457916 0.444498
vn -0.769892 -0.457916 0.444498
vn -0.573017 -0.749801 0.330832
vn -0.646650 -0.762786 0.000000
vn -0.769892 -0.457916 0.444498
vn -0.646650 -0.762786 0.000000
vn -0.909269 -0.416209 0.000000
vn -0.909269 -0.416209 0.000000
vn -0.646650 -0.762786 0.000000
vn -0.552019 -0.770519 -0.318708
vn -0.909269 -0.416209 0.000000
vn -0.552019 -0.770519 -0.318708
vn -0.783550 -0.425911 -0.452383
vn -0.783550 -0.425911 -0.452383
vn -0.552019 -0.770519 -0.318708
vn -0.350686 -0.712796 -0.607405
vn -0.783550 -0.425911 -0.452383
vn -0.350686 -0.712796 -0.607405
vn -0.452875 -0.423813 -0.784402
vn -0.452875 -0.423813 -0.784402
vn -0.350686 -0.712796 -0.607405
vn -0.000000 -0.766729 -0.641970
vn -0.452875 -0.423813 -0.784402
vn -0.000000 -0.766729 -0.641970
vn -0.000000 -0.424505 -0.905426
vn -0.000000 -0.424505 -0.905426
vn -0.000000 -0.766729 -0.641970
vn 0.345777 -0.722325 -0.598903
vn -0.000000 -0.424505 -0.905426
vn 0.345777 -0.722325 -0.598903
vn 0.449875 -0.436408 -0.779206
vn 0.449875 -0.436408 -0.779206
vn 0.345777 -0.722325 -0.598903
vn 0.588183 -0.733977 -0.339587
vn 0.449875 -0.436408 -0.779206
vn 0.588183 -0.733977 -0.339587
vn 0.772791 -0.451361 -0.446171
vn 0.772791 -0.451361 -0.446171
vn 0.588183 -0.733977 -0.339587
vn 0.683446 -0.730001 -0.000000
vn 0.772791 -0.451361 -0.446171
vn 0.683446 -0.730001 -0.000000
vn 0.893072 -0.449913 -0.000000
vn 0.691942 -0.721953 0.000000
vn 0.342326 -0.939581 0.000000
vn 0.277157 -0.947406 0.160017
vn 0.691942 -0.721953 0.000000
vn 0.277157 -0.947406 0.160017
vn 0.586797 -0.735453 0.338788
vn 0.586797 -0.735453 0.338788
vn 0.277157 -0.947406 0.160017
vn 0.181270 -0.931968 0.313969
vn 0.586797 -0.735453 0.338788
vn 0.181270 -0.931968 0.313969
vn 0.333550 -0.744968 0.577726
vn 0.333550 -0.744968 0.577726
vn 0.181270 -0.931968 0.313969
vn 0.000000 -0.947678 0.319227
vn 0.333550 -0.744968 0.577726
vn 0.000000 -0.947678 0.319227
vn 0.000000 -0.755723 0.654892
vn 0.000000 -0.755723 0.654892
vn 0.000000 -0.947678 0.319227
vn -0.191203 -0.923995 0.331173
vn 0.000000 -0.755723 0.654892
vn -0.191203 -0.923995 0.331173
vn -0.330571 -0.750260 0.572566
vn -0.330571 -0.750260 0.572566
vn -0.191203 -0.923995 0.331173
vn -0.281629 -0.945646 0.162599
vn -0.330571 -0.750260 0.572566
vn -0.281629 -0.945646 0.162599
vn -0.573017 -0.749801 0.330832
vn -0.573017 -0.749801 0.330832
vn -0.281629 -0.945646 0.162599
vn -0.369608 -0.929188 0.000000
vn -0.573017 -0.749801 0.330832
vn -0.369608 -0.929188 0.000000
vn -0.646650 -0.762786 0.000000
vn -0.646650 -0.762786 0.000000
vn -0.369608 -0.929188 0.000000
vn -0.302614 -0.936963 -0.174714
vn -0.646650 -0.762786 0.000000
vn -0.302614 -0.936963 -0.174714
vn -0.552019 -0.770519 -0.318708
vn -0.552019 -0.770519 -0.318708
vn -0.302614 -0.936963 -0.174714
vn -0.174008 -0.937489 -0.301390
vn -0.552019 -0.770519 -0.318708
vn -0.174008 -0.937489 -0.301390
vn -0.350686 -0.712796 -0.607405
vn -0.350686 -0.712796 -0.607405
vn -0.174008 -0.937489 -0.301390
vn -0.000000 -0.938632 -0.344919
vn -0.350686 -0.712796 -0.607405
vn -0.000000 -0.938632 -0.344919
vn -0.000000 -0.766729 -0.641970
vn -0.000000 -0.766729 -0.641970
vn -0.000000 -0.938632 -0.344919
vn 0.165317 -0.943759 -0.286338
vn -0.000000 -0.766729 -0.641970
vn 0.165317 -0.943759 -0.286338
vn 0.345777 -0.722325 -0.598903
vn 0.345777 -0.722325 -0.598903
vn 0.165317 -0.943759 -0.286338
vn 0.291611 -0.941603 -0.168362
vn 0.345777 -0.722325 -0.598903
vn 0.291611 -0.941603 -0.168362
vn 0.588183 -0.733977 -0.339587
vn 0.588183 -0.733977 -0.339587
vn 0.291611 -0.941603 -0.168362
vn 0.342510 -0.939514 -0.000000
vn 0.588183 -0.733977 -0.339587
vn 0.342510 -0.939514 -0.000000
vn 0.683446 -0.730001 -0.000000
vn 0.342326 -0.939581 0.000000
vn 0.000000 -1.000000 0.000000
vn 0.000000 -1.000000 0.000000
vn 0.342326 -0.939581 0.000000
vn 0.000000 -1.000000 0.000000
vn 0.277157 -0.947406 0.160017
vn 0.277157 -0.947406 0.160017
vn 0.000000 -1.000000 0.000000
vn 0.000000 -1.000000 0.000000
vn 0.277157 -0.947406 0.160017
vn 0.000000 -1.000000 0.000000
vn 0.181270 -0.931968 0.313969
vn 0.181270 -0.931968 0.313969
vn 0.000000 -1.000000 0.000000
vn 0.000000 -1.000000 0.000000
vn 0.181270 -0.931968 0.313969
vn 0.000000 -1.000000 0.000000
vn 0.000000 -0.947678 0.319227
vn 0.000000 -0.947678 0.319227
vn 0.000000 -1.000000 0.000000
vn -0.000000 -1.000000 0.000000
vn 0.000000 -0.947678 0.319227
vn -0.000000 -1.000000 0.000000
vn -0.191203 -0.923995 0.331173
vn -0.191203 -0.923995 0.331173
vn -0.000000 -1.000000 0.000000
vn -0.000000 -1.000000 0.000000
vn -0.191203 -0.923995 0.331173
vn -0.000000 -1.000000 0.000000
vn -0.281629 -0.945646 0.162599
vn -0.281629 -0.945646 0.162599
vn -0.000000 -1.000000 0.000000
vn -0.000000 -1.000000 0.000000
vn -0.281629 -0.945646 0.162599
vn -0.000000 -1.000000 0.000000
vn -0.369608 -0.929188 0.000000
vn -0.369608 -0.929188 0.000000
vn -0.000000 -1.000000 0.000000
vn -0.000000 -1.000000 -0.000000
vn -0.369608 -0.929188 0.000000
vn -0.000000 -1.000000 -0.000000
vn -0.302614 -0.936963 -0.174714
vn -0.302614 -0.936963 -0.174714
vn -0.000000 -1.000000 -0.000000
vn -0.000000 -1.000000 -0.000000
vn -0.302614 -0.936963 -0.174714
vn -0.000000 -1.000000 -0.000000
vn -0.174008 -0.937489 -0.301390
vn -0.174008 -0.937489 -0.301390
vn -0.000000 -1.000000 -0.000000
vn -0.000000 -1.000000 -0.000000
vn -0.174008 -0.937489 -0.301390
vn -0.000000 -1.000000 -0.000000
vn -0.000000 -0.938632 -0.344919
vn -0.000000 -0.938632 -0.344919
vn -0.000000 -1.000000 -0.000000
vn 0.000000 -1.000000 -0.000000
vn -0.000000 -0.938632 -0.344919
vn 0.000000 -1.000000 -0.000000
vn 0.165317 -0.943759 -0.286338
vn 0.165317 -0.943759 -0.286338
vn 0.000000 -1.000000 -0.000000
vn 0.000000 -1.000000 -0.000000
vn 0.165317 -0.943759 -0.286338
vn 0.000000 -1.000000 -0.000000
vn 0.291611 -0.941603 -0.168362
vn 0.291611 -0.941603 -0.168362
vn 0.000000 -1.000000 -0.000000
vn 0.000000 -1.000000 -0.000000
vn 0.291611 -0.941603 -0.168362
vn 0.000000 -1.000000 -0.000000
vn 0.342510 -0.939514 -0.000000
usemtl wood_dark
f 1/1/1 2/2/2 3/3/3
f 4/4/4 5/5/5 6/6/6
f 7/7/7 8/8/8 9/9/9
f 10/10/10 11/11/11 12/12/12
f 13/13/13 14/14/14 15/15/15
f 16/16/16 17/17/17 18/18/18
f 19/19/19 20/20/20 21/21/21
f 22/22/22 23/23/23 24/24/24
f 25/25/25 26/26/26 27/27/27
f 28/28/28 29/29/29 30/30/30
f 31/31/31 32/32/32 33/33/33
f 34/34/34 35/35/35 36/36/36
f 37/37/37 38/38/38 39/39/39
f 40/40/40 41/41/41 42/42/42
f 43/43/43 44/44/44 45/45/45
f 46/46/46 47/47/47 48/48/48
f 49/49/49 50/50/50 51/51/51
f 52/52/52 53/53/53 54/54/54
f 55/55/55 56/56/56 57/57/57
f 58/58/58 59/59/59 60/60/60
f 61/61/61 62/62/62 63/63/63
f 64/64/64 65/65/65 66/66/66
f 67/67/67 68/68/68 69/69/69
f 70/70/70 71/71/71 72/72/72
f 73/73/73 74/74/74 75/75/75
f 76/76/76 77/77/77 78/78/78
f 79/79/79 80/80/80 81/81/81
f 82/82/82 83/83/83 84/84/84
f 85/85/85 86/86/86 87/87/87
f 88/88/88 89/89/89 90/90/90
f 91/91/91 92/92/92 93/93/93
f 94/94/94 95/95/95 96/96/96
f 97/97/97 98/98/98 99/99/99
f 100/100/100 101/101/101 102/102/102
f 103/103/103 104/104/104 105/105/105
f 106/106/106 107/107/107 108/108/108
f 109/109/109 110/110/110 111/111/111
f 112/112/112 113/113/113 114/114/114
f 115/115/115 116/116/116 117/117/117
f 118/118/118 119/119/119 120/120/120
usemtl wood
f 121/121/121 122/122/122 123/123/123
f 124/124/124 125/125/125 126/126/126
f 127/127/127 128/128/128 129/129/129
f 130/130/130 131/131/131 132/132/132
f 133/133/133 134/134/134 135/135/135
f 136/136/136 137/137/137 138/138/138
f 139/139/139 140/140/140 141/141/141
f 142/142/142 143/143/143 144/144/144
f 145/145/145 146/146/146 147/147/147
f 148/148/148 149/149/149 150/150/150
f 151/151/151 152/152/152 153/153/153
f 154/154/154 155/155/155 156/156/156
f 157/157/157 158/158/158 159/159/159
f 160/160/160 161/161/161 162/162/162
f 163/163/163 164/164/164 165/165/165
f 166/166/166 167/167/167 168/168/168
f 169/169/169 170/170/170 171/171/171
f 172/172/172 173/173/173 174/174/174
f 175/175/175 176/176/176 177/177/177
f 178/178/178 179/179/179 180/180/180
f 181/181/181 182/182/182 183/183/183
f 184/184/184 185/185/185 186/186/186
f 187/187/187 188/188/188 189/189/189
f 190/190/190 191/191/191 192/192/192
f 193/193/193 194/194/194 195/195/195
f 196/196/196 197/197/197 198/198/198
f 199/199/199 200/200/200 201/201/201
f 202/202/202 203/203/203 204/204/204
f 205/205/205 206/206/206 207/207/207
f 208/208/208 209/209/209 210/210/210
f 211/211/211 212/212/212 213/213/213
f 214/214/214 215/215/215 216/216/216
f 217/217/217 218/218/218 219/219/219
f 220/220/220 221/221/221 222/222/222
f 223/223/223 224/224/224 225/225/225
f 226/226/226 227/227/227 228/228/228
f 229/229/229 230/230/230 231/231/231
f 232/232/232 233/233/233 234/234/234
f 235/235/235 236/236/236 237/237/237
f 238/238/238 239/239/239 240/240/240
f 241/241/241 242/242/242 243/243/243
f 244/244/244 245/245/245 246/246/246
f 247/247/247 248/248/248 249/249/249
f 250/250/250 251/251/251 252/252/252
f 253/253/253 254/254/254 255/255/255
f 256/256/256 257/257/257 258/258/258
f 259/259/259 260/260/260 261/261/261
f 262/262/262 263/263/263 264/264/264
f 265/265/265 266/266/266 267/267/267
f 268/268/268 269/269/269 270/270/270
f 271/271/271 272/272/272 273/273/273
f 274/274/274 275/275/275 276/276/276
f 277/277/277 278/278/278 279/279/279
f 280/280/280 281/281/281 282/282/282
f 283/283/283 284/284/284 285/285/285
f 286/286/286 287/287/287 288/288/288
f 289/289/289 290/290/290 291/291/291
f 292/292/292 293/293/293 294/294/294
f 295/295/295 296/296/296 297/297/297
f 298/298/298 299/299/299 300/300/300
f 301/301/301 302/302/302 303/303/303
f 304/304/304 305/305/305 306/306/306
f 307/307/307 308/308/308 309/309/309
f 310/310/310 311/311/311 312/312/312
f 313/313/313 314/314/314 315/315/315
f 316/316/316 317/317/317 318/318/318
f 319/319/319 320/320/320 321/321/321
f 322/322/322 323/323/323 324/324/324
f 325/325/325 326/326/326 327/327/327
f 328/328/328 329/329/329 330/330/330
f 331/331/331 332/332/332 333/333/333
f 334/334/334 335/335/335 336/336/336
f 337/337/337 338/338/338 339/339/339
f 340/340/340 341/341/341 342/342/342
f 343/343/343 344/344/344 345/345/345
f 346/346/346 347/347/347 348/348/348
f 349/349/349 350/350/350 351/351/351
f 352/352/352 353/353/353 354/354/354
f 355/355/355 356/356/356 357/357/357
f 358/358/358 359/359/359 360/360/360
f 361/361/361 362/362/362 363/363/363
f 364/364/364 365/365/365 366/366/366
f 367/367/367 368/368/368 369/369/369
f 370/370/370 371/371/371 372/372/372
f 373/373/373 374/374/374 375/375/375
f 376/376/376 377/377/377 378/378/378
f 379/379/379 380/380/380 381/381/381
f 382/382/382 383/383/383 384/384/384
f 385/385/385 386/386/386 387/387/387
f 388/388/388 389/389/389 390/390/390
f 391/391/391 392/392/392 393/393/393
f 394/394/394 395/395/395 396/396/396
f 397/397/397 398/398/398 399/399/399
f 400/400/400 401/401/401 402/402/402
f 403/403/403 404/404/404 405/405/405
f 406/406/406 407/407/407 408/408/408
f 409/409/409 410/410/410 411/411/411
f 412/412/412 413/413/413 414/414/414
f 415/415/415 416/416/416 417/417/417
f 418/418/418 419/419/419 420/420/420
f 421/421/421 422/422/422 423/423/423
f 424/424/424 425/425/425 426/426/426
f 427/427/427 428/428/428 429/429/429
f 430/430/430 431/431/431 432/432/432
f 433/433/433 434/434/434 435/435/435
f 436/436/436 437/437/437 438/438/438
f 439/439/439 440/440/440 441/441/441
f 442/442/442 443/443/443 444/444/444
f 445/445/445 446/446/446 447/447/447
f 448/448/448 449/449/449 450/450/450
f 451/451/451 452/452/452 453/453/453
f 454/454/454 455/455/455 456/456/456
f 457/457/457 458/458/458 459/459/459
f 460/460/460 461/461/461 462/462/462
f 463/463/463 464/464/464 465/465/465
f 466/466/466 467/467/467 468/468/468
f 469/469/469 470/470/470 471/471/471
f 472/472/472 473/473/473 474/474/474
f 475/475/475 476/476/476 477/477/477
f 478/478/478 479/479/479 480/480/480
f 481/481/481 482/482/482 483/483/483
f 484/484/484 485/485/485 486/486/486
f 487/487/487 488/488/488 489/489/489
f 490/490/490 491/491/491 492/492/492
f 493/493/493 494/494/494 495/495/495
f 496/496/496 497/497/497 498/498/498
f 499/499/499 500/500/500 501/501/501
f 502/502/502 503/503/503 504/504/504
usemtl leaf_dark
f 505/505/505 506/506/506 507/507/507
f 508/508/508 509/509/509 510/510/510
f 511/511/511 512/512/512 513/513/513
f 514/514/514 515/515/515 516/516/516
f 517/517/517 518/518/518 519/519/519
f 520/520/520 521/521/521 522/522/522
f 523/523/523 524/524/524 525/525/525
f 526/526/526 527/527/527 528/528/528
f 529/529/529 530/530/530 531/531/531
f 532/532/532 533/533/533 534/534/534
f 535/535/535 536/536/536 537/537/537
f 538/538/538 539/539/539 540/540/540
f 541/541/541 542/542/542 543/543/543
f 544/544/544 545/545/545 546/546/546
f 547/547/547 548/548/548 549/549/549
f 550/550/550 551/551/551 552/552/552
f 553/553/553 554/554/554 555/555/555
f 556/556/556 557/557/557 558/558/558
f 559/559/559 560/560/560 561/561/561
f 562/562/562 563/563/563 564/564/564
f 565/565/565 566/566/566 567/567/567
f 568/568/568 569/569/569 570/570/570
f 571/571/571 572/572/572 573/573/573
f 574/574/574 575/575/575 576/576/576
f 577/577/577 578/578/578 579/579/579
f 580/580/580 581/581/581 582/582/582
f 583/583/583 584/584/584 585/585/585
f 586/586/586 587/587/587 588/588/588
f 589/589/589 590/590/590 591/591/591
f 592/592/592 593/593/593 594/594/594
f 595/595/595 596/596/596 597/597/597
f 598/598/598 599/599/599 600/600/600
f 601/601/601 602/602/602 603/603/603
f 604/604/604 605/605/605 606/606/606
f 607/607/607 608/608/608 609/609/609
f 610/610/610 611/611/611 612/612/612
f 613/613/613 614/614/614 615/615/615
f 616/616/616 617/617/617 618/618/618
f 619/619/619 620/620/620 621/621/621
f 622/622/622 623/623/623 624/624/624
f 625/625/625 626/626/626 627/627/627
f 628/628/628 629/629/629 630/630/630
f 631/631/631 632/632/632 633/633/633
f 634/634/634 635/635/635 636/636/636
f 637/637/637 638/638/638 639/639/639
f 640/640/640 641/641/641 642/642/642
f 643/643/643 644/644/644 645/645/645
f 646/646/646 647/647/647 648/648/648
f 649/649/649 650/650/650 651/651/651
f 652/652/652 653/653/653 654/654/654
f 655/655/655 656/656/656 657/657/657
f 658/658/658 659/659/659 660/660/660
f 661/661/661 662/662/662 663/663/663
f 664/664/664 665/665/665 666/666/666
f 667/667/667 668/668/668 669/669/669
f 670/670/670 671/671/671 672/672/672
f 673/673/673 674/674/674 675/675/675
f 676/676/676 677/677/677 678/678/678
f 679/679/679 680/680/680 681/681/681
f 682/682/682 683/683/683 684/684/684
f 685/685/685 686/686/686 687/687/687
f 688/688/688 689/689/689 690/690/690
f 691/691/691 692/692/692 693/693/693
f 694/694/694 695/695/695 696/696/696
f 697/697/697 698/698/698 699/699/699
f 700/700/700 701/701/701 702/702/702
f 703/703/703 704/704/704 705/705/705
f 706/706/706 707/707/707 708/708/708
f 709/709/709 710/710/710 711/711/711
f 712/712/712 713/713/713 714/714/714
f 715/715/715 716/716/716 717/717/717
f 718/718/718 719/719/719 720/720/720
f 721/721/721 722/722/722 723/723/723
f 724/724/724 725/725/725 726/726/726
f 727/727/727 728/728/728 729/729/729
f 730/730/730 731/731/731 732/732/732
f 733/733/733 734/734/734 735/735/735
f 736/736/736 737/737/737 738/738/738
f 739/739/739 740/740/740 741/741/741
f 742/742/742 743/743/743 744/744/744
f 745/745/745 746/746/746 747/747/747
f 748/748/748 749/749/749 750/750/750
f 751/751/751 752/752/752 753/753/753
f 754/754/754 755/755/755 756/756/756
f 757/757/757 758/758/758 759/759/759
f 760/760/760 761/761/761 762/762/762
f 763/763/763 764/764/764 765/765/765
f 766/766/766 767/767/767 768/768/768
f 769/769/769 770/770/770 771/771/771
f 772/772/772 773/773/773 774/774/774
f 775/775/775 776/776/776 777/777/777
f 778/778/778 779/779/779 780/780/780
f 781/781/781 782/782/782 783/783/783
f 784/784/784 785/785/785 786/786/786
f 787/787/787 788/788/788 789/789/789
f 790/790/790 791/791/791 792/792/792
f 793/793/793 794/794/794 795/795/795
f 796/796/796 797/797/797 798/798/798
f 799/799/799 800/800/800 801/801/801
f 802/802/802 803/803/803 804/804/804
f 805/805/805 806/806/806 807/807/807
f 808/808/808 809/809/809 810/810/810
f 811/811/811 812/812/812 813/813/813
f 814/814/814 815/815/815 816/816/816
f 817/817/817 818/818/818 819/819/819
f 820/820/820 821/821/821 822/822/822
f 823/823/823 824/824/824 825/825/825
f 826/826/826 827/827/827 828/828/828
f 829/829/829 830/830/830 831/831/831
f 832/832/832 833/833/833 834/834/834
f 835/835/835 836/836/836 837/837/837
f 838/838/838 839/839/839 840/840/840
f 841/841/841 842/842/842 843/843/843
f 844/844/844 845/845/845 846/846/846
f 847/847/847 848/848/848 849/849/849
f 850/850/850 851/851/851 852/852/852
f 853/853/853 854/854/854 855/855/855
f 856/856/856 857/857/857 858/858/858
f 859/859/859 860/860/860 861/861/861
f 862/862/862 863/863/863 864/864/864
f 865/865/865 866/866/866 867/867/867
f 868/868/868 869/869/869 870/870/870
f 871/871/871 872/872/872 873/873/873
f 874/874/874 875/875/875 876/876/876
f 877/877/877 878/878/878 879/879/879
f 880/880/880 881/881/881 882/882/882
f 883/883/883 884/884/884 885/885/885
f 886/886/886 887/887/887 888/888/888
f 889/889/889 890/890/890 891/891/891
f 892/892/892 893/893/893 894/894/894
f 895/895/895 896/896/896 897/897/897
f 898/898/898 899/899/899 900/900/900
f 901/901/901 902/902/902 903/903/903
f 904/904/904 905/905/905 906/906/906
f 907/907/907 908/908/908 909/909/909
f 910/910/910 911/911/911 912/912/912
f 913/913/913 914/914/914 915/915/915
f 916/916/916 917/917/917 918/918/918
f 919/919/919 920/920/920 921/921/921
f 922/922/922 923/923/923 924/924/924
f 925/925/925 926/926/926 927/927/927
f 928/928/928 929/929/929 930/930/930
f 931/931/931 932/932/932 933/933/933
f 934/934/934 935/935/935 936/936/936
f 937/937/937 938/938/938 939/939/939
f 940/940/940 941/941/941 942/942/942
f 943/943/943 944/944/944 945/945/945
f 946/946/946 947/947/947 948/948/948
f 949/949/949 950/950/950 951/951/951
f 952/952/952 953/953/953 954/954/954
f 955/955/955 956/956/956 957/957/957
f 958/958/958 959/959/959 960/960/960
f 961/961/961 962/962/962 963/963/963
f 964/964/964 965/965/965 966/966/966
f 967/967/967 968/968/968 969/969/969
f 970/970/970 971/971/971 972/972/972
f 973/973/973 974/974/974 975/975/975
f 976/976/976 977/977/977 978/978/978
f 979/979/979 980/980/980 981/981/981
f 982/982/982 983/983/983 984/984/984
f 985/985/985 986/986/986 987/987/987
f 988/988/988 989/989/989 990/990/990
f 991/991/991 992/992/992 993/993/993
f 994/994/994 995/995/995 996/996/996
f 997/997/997 998/998/998 999/999/999
f 1000/1000/1000 1001/1001/1001 1002/1002/1002
f 1003/1003/1003 1004/1004/1004 1005/1005/1005
f 1006/1006/1006 1007/1007/1007 1008/1008/1008
f 1009/1009/1009 1010/1010/1010 1011/1011/1011
f 1012/1012/1012 1013/1013/1013 1014/1014/1014
f 1015/1015/1015 1016/1016/1016 1017/1017/1017
f 1018/1018/1018 1019/1019/1019 1020/1020/1020
f 1021/1021/1021 1022/1022/1022 1023/1023/1023
f 1024/1024/1024 1025/1025/1025 1026/1026/1026
f 1027/1027/1027 1028/1028/1028 1029/1029/1029
f 1030/1030/1030 1031/1031/1031 1032/1032/1032
f 1033/1033/1033 1034/1034/1034 1035/1035/1035
f 1036/1036/1036 1037/1037/1037 1038/1038/1038
f 1039/1039/1039 1040/1040/1040 1041/1041/1041
f 1042/1042/1042 1043/1043/1043 1044/1044/1044
f 1045/1045/1045 1046/1046/1046 1047/1047/1047
f 1048/1048/1048 1049/1049/1049 1050/1050/1050
f 1051/1051/1051 1052/1052/1052 1053/1053/1053
f 1054/1054/1054 1055/1055/1055 1056/1056/1056
f 1057/1057/1057 1058/1058/1058 1059/1059/1059
f 1060/1060/1060 1061/1061/1061 1062/1062/1062
f 1063/1063/1063 1064/1064/1064 1065/1065/1065
f 1066/1066/1066 1067/1067/1067 1068/1068/1068
f 1069/1069/1069 1070/1070/1070 1071/1071/1071
f 1072/1072/1072 1073/1073/1073 1074/1074/1074
f 1075/1075/1075 1076/1076/1076 1077/1077/1077
f 1078/1078/1078 1079/1079/1079 1080/1080/1080
usemtl leaf
f 1081/1081/1081 1082/1082/1082 1083/1083/1083
f 1084/1084/1084 1085/1085/1085 1086/1086/1086
f 1087/1087/1087 1088/1088/1088 1089/1089/1089
f 1090/1090/1090 1091/1091/1091 1092/1092/1092
f 1093/1093/1093 1094/1094/1094 1095/1095/1095
f 1096/1096/1096 1097/1097/1097 1098/1098/1098
f 1099/1099/1099 1100/1100/1100 1101/1101/1101
f 1102/1102/1102 1103/1103/1103 1104/1104/1104
f 1105/1105/1105 1106/1106/1106 1107/1107/1107
f 1108/1108/1108 1109/1109/1109 1110/1110/1110
f 1111/1111/1111 1112/1112/1112 1113/1113/1113
f 1114/1114/1114 1115/1115/1115 1116/1116/1116
f 1117/1117/1117 1118/1118/1118 1119/1119/1119
f 1120/1120/1120 1121/1121/1121 1122/1122/1122
f 1123/1123/1123 1124/1124/1124 1125/1125/1125
f 1126/1126/1126 1127/1127/1127 1128/1128/1128
f 1129/1129/1129 1130/1130/1130 1131/1131/1131
f 1132/1132/1132 1133/1133/1133 1134/1134/1134
f 1135/1135/1135 1136/1136/1136 1137/1137/1137
f 1138/1138/1138 1139/1139/1139 1140/1140/1140
f 1141/1141/1141 1142/1142/1142 1143/1143/1143
f 1144/1144/1144 1145/1145/1145 1146/1146/1146
f 1147/1147/1147 1148/1148/1148 1149/1149/1149
f 1150/1150/1150 1151/1151/1151 1152/1152/1152
f 1153/1153/1153 1154/1154/1154 1155/1155/1155
f 1156/1156/1156 1157/1157/1157 1158/1158/1158
f 1159/1159/1159 1160/1160/1160 1161/1161/1161
f 1162/1162/1162 1163/1163/1163 1164/1164/1164
f 1165/1165/1165 1166/1166/1166 1167/1167/1167
f 1168/1168/1168 1169/1169/1169 1170/1170/1170
f 1171/1171/1171 1172/1172/1172 1173/1173/1173
f 1174/1174/1174 1175/1175/1175 1176/1176/1176
f 1177/1177/1177 1178/1178/1178 1179/1179/1179
f 1180/1180/1180 1181/1181/1181 1182/1182/1182
f 1183/1183/1183 1184/1184/1184 1185/1185/1185
f 1186/1186/1186 1187/1187/1187 1188/1188/1188
f 1189/1189/1189 1190/1190/1190 1191/1191/1191
f 1192/1192/1192 1193/1193/1193 1194/1194/1194
f 1195/1195/1195 1196/1196/1196 1197/1197/1197
f 1198/1198/1198 1199/1199/1199 1200/1200/1200
f 1201/1201/1201 1202/1202/1202 1203/1203/1203
f 1204/1204/1204 1205/1205/1205 1206/1206/1206
f 1207/1207/1207 1208/1208/1208 1209/1209/1209
f 1210/1210/1210 1211/1211/1211 1212/1212/1212
f 1213/1213/1213 1214/1214/1214 1215/1215/1215
f 1216/1216/1216 1217/1217/1217 1218/1218/1218
f 1219/1219/1219 1220/1220/1220 1221/1221/1221
f 1222/1222/1222 1223/1223/1223 1224/1224/1224
f 1225/1225/1225 1226/1226/1226 1227/1227/1227
f 1228/1228/1228 1229/1229/1229 1230/1230/1230
f 1231/1231/1231 1232/1232/1232 1233/1233/1233
f 1234/1234/1234 1235/1235/1235 1236/1236/1236
f 1237/1237/1237 1238/1238/1238 1239/1239/1239
f 1240/1240/1240 1241/1241/1241 1242/1242/1242
f 1243/1243/1243 1244/1244/1244 1245/1245/1245
f 1246/1246/1246 1247/1247/1247 1248/1248/1248
f 1249/1249/1249 1250/1250/1250 1251/1251/1251
f 1252/1252/1252 1253/1253/1253 1254/1254/1254
f 1255/1255/1255 1256/1256/1256 1257/1257/1257
f 1258/1258/1258 1259/1259/1259 1260/1260/1260
f 1261/1261/1261 1262/1262/1262 1263/1263/1263
f 1264/1264/1264 1265/1265/1265 1266/1266/1266
f 1267/1267/1267 1268/1268/1268 1269/1269/1269
f 1270/1270/1270 1271/1271/1271 1272/1272/1272
f 1273/1273/1273 1274/1274/1274 1275/1275/1275
f 1276/1276/1276 1277/1277/1277 1278/1278/1278
f 1279/1279/1279 1280/1280/1280 1281/1281/1281
f 1282/1282/1282 1283/1283/1283 1284/1284/1284
f 1285/1285/1285 1286/1286/1286 1287/1287/1287
f 1288/1288/1288 1289/1289/1289 1290/1290/1290
f 1291/1291/1291 1292/1292/1292 1293/1293/1293
f 1294/1294/1294 1295/1295/1295 1296/1296/1296
f 1297/1297/1297 1298/1298/1298 1299/1299/1299
f 1300/1300/1300 1301/1301/1301 1302/1302/1302
f 1303/1303/1303 1304/1304/1304 1305/1305/1305
f 1306/1306/1306 1307/1307/1307 1308/1308/1308
f 1309/1309/1309 1310/1310/1310 1311/1311/1311
f 1312/1312/1312 1313/1313/1313 1314/1314/1314
f 1315/1315/1315 1316/1316/1316 1317/1317/1317
f 1318/1318/1318 1319/1319/1319 1320/1320/1320
f 1321/1321/1321 1322/1322/1322 1323/1323/1323
f 1324/1324/1324 1325/1325/1325 1326/1326/1326
f 1327/1327/1327 1328/1328/1328 1329/1329/1329
f 1330/1330/1330 1331/1331/1331 1332/1332/1332
f 1333/1333/1333 1334/1334/1334 1335/1335/1335
f 1336/1336/1336 1337/1337/1337 1338/1338/1338
f 1339/1339/1339 1340/1340/1340 1341/1341/1341
f 1342/1342/1342 1343/1343/1343 1344/1344/1344
f 1345/1345/1345 1346/1346/1346 1347/1347/1347
f 1348/1348/1348 1349/1349/1349 1350/1350/1350
f 1351/1351/1351 1352/1352/1352 1353/1353/1353
f 1354/1354/1354 1355/1355/1355 1356/1356/1356
f 1357/1357/1357 1358/1358/1358 1359/1359/1359
f 1360/1360/1360 1361/1361/1361 1362/1362/1362
f 1363/1363/1363 1364/1364/1364 1365/1365/1365
f 1366/1366/1366 1367/1367/1367 1368/1368/1368
f 1369/1369/1369 1370/1370/1370 1371/1371/1371
f 1372/1372/1372 1373/1373/1373 1374/1374/1374
f 1375/1375/1375 1376/1376/1376 1377/1377/1377
f 1378/1378/1378 1379/1379/1379 1380/1380/1380
f 1381/1381/1381 1382/1382/1382 1383/1383/1383
f 1384/1384/1384 1385/1385/1385 1386/1386/1386
f 1387/1387/1387 1388/1388/1388 1389/1389/1389
f 1390/1390/1390 1391/1391/1391 1392/1392/1392
f 1393/1393/1393 1394/1394/1394 1395/1395/1395
f 1396/1396/1396 1397/1397/1397 1398/1398/1398
f 1399/1399/1399 1400/1400/1400 1401/1401/1401
f 1402/1402/1402 1403/1403/1403 1404/1404/1404
f 1405/1405/1405 1406/1406/1406 1407/1407/1407
f 1408/1408/1408 1409/1409/1409 1410/1410/1410
f 1411/1411/1411 1412/1412/1412 1413/1413/1413
f 1414/1414/1414 1415/1415/1415 1416/1416/1416
f 1417/1417/1417 1418/1418/1418 1419/1419/1419
f 1420/1420/1420 1421/1421/1421 1422/1422/1422
f 1423/1423/1423 1424/1424/1424 1425/1425/1425
f 1426/1426/1426 1427/1427/1427 1428/1428/1428
f 1429/1429/1429 1430/1430/1430 1431/1431/1431
f 1432/1432/1432 1433/1433/1433 1434/1434/1434
f 1435/1435/1435 1436/1436/1436 1437/1437/1437
f 1438/1438/1438 1439/1439/1439 1440/1440/1440
f 1441/1441/1441 1442/1442/1442 1443/1443/1443
f 1444/1444/1444 1445/1445/1445 1446/1446/1446
f 1447/1447/1447 1448/1448/1448 1449/1449/1449
f 1450/1450/1450 1451/1451/1451 1452/1452/1452
f 1453/1453/1453 1454/1454/1454 1455/1455/1455
f 1456/1456/1456 1457/1457/1457 1458/1458/1458
f 1459/1459/1459 1460/1460/1460 1461/1461/1461
f 1462/1462/1462 1463/1463/1463 1464/1464/1464
f 1465/1465/1465 1466/1466/1466 1467/1467/1467
f 1468/1468/1468 1469/1469/1469 1470/1470/1470
f 1471/1471/1471 1472/1472/1472 1473/1473/1473
f 1474/1474/1474 1475/1475/1475 1476/1476/1476
f 1477/1477/1477 1478/1478/1478 1479/1479/1479
f 1480/1480/1480 1481/1481/1481 1482/1482/1482
f 1483/1483/1483 1484/1484/1484 1485/1485/1485
f 1486/1486/1486 1487/1487/1487 1488/1488/1488
f 1489/1489/1489 1490/1490/1490 1491/1491/1491
f 1492/1492/1492 1493/1493/1493 1494/1494/1494
f 1495/1495/1495 1496/1496/1496 1497/1497/1497
f 1498/1498/1498 1499/1499/1499 1500/1500/1500
f 1501/1501/1501 1502/1502/1502 1503/1503/1503
f 1504/1504/1504 1505/1505/1505 1506/1506/1506
f 1507/1507/1507 1508/1508/1508 1509/1509/1509
f 1510/1510/1510 1511/1511/1511 1512/1512/1512
f 1513/1513/1513 1514/1514/1514 1515/1515/1515
f 1516/1516/1516 1517/1517/1517 1518/1518/1518
f 1519/1519/1519 1520/1520/1520 1521/1521/1521
f 1522/1522/1522 1523/1523/1523 1524/1524/1524
f 1525/1525/1525 1526/1526/1526 1527/1527/1527
f 1528/1528/1528 1529/1529/1529 1530/1530/1530
f 1531/1531/1531 1532/1532/1532 1533/1533/1533
f 1534/1534/1534 1535/1535/1535 1536/1536/1536
f 1537/1537/1537 1538/1538/1538 1539/1539/1539
f 1540/1540/1540 1541/1541/1541 1542/1542/1542
f 1543/1543/1543 1544/1544/1544 1545/1545/1545
f 1546/1546/1546 1547/1547/1547 1548/1548/1548
f 1549/1549/1549 1550/1550/1550 1551/1551/1551
f 1552/1552/1552 1553/1553/1553 1554/1554/1554
f 1555/1555/1555 1556/1556/1556 1557/1557/1557
f 1558/1558/1558 1559/1559/1559 1560/1560/1560
f 1561/1561/1561 1562/1562/1562 1563/1563/1563
f 1564/1564/1564 1565/1565/1565 1566/1566/1566
f 1567/1567/1567 1568/1568/1568 1569/1569/1569
f 1570/1570/1570 1571/1571/1571 1572/1572/1572
f 1573/1573/1573 1574/1574/1574 1575/1575/1575
f 1576/1576/1576 1577/1577/1577 1578/1578/1578
f 1579/1579/1579 1580/1580/1580 1581/1581/1581
f 1582/1582/1582 1583/1583/1583 1584/1584/1584
f 1585/1585/1585 1586/1586/1586 1587/1587/1587
f 1588/1588/1588 1589/1589/1589 1590/1590/1590
f 1591/1591/1591 1592/1592/1592 1593/1593/1593
f 1594/1594/1594 1595/1595/1595 1596/1596/1596
f 1597/1597/1597 1598/1598/1598 1599/1599/1599
f 1600/1600/1600 1601/1601/1601 1602/1602/1602
f 1603/1603/1603 1604/1604/1604 1605/1605/1605
f 1606/1606/1606 1607/1607/1607 1608/1608/1608
f 1609/1609/1609 1610/1610/1610 1611/1611/1611
f 1612/1612/1612 1613/1613/1613 1614/1614/1614
f 1615/1615/1615 1616/1616/1616 1617/1617/1617
f 1618/1618/1618 1619/1619/1619 1620/1620/1620
f 1621/1621/1621 1622/1622/1622 1623/1623/1623
f 1624/1624/1624 1625/1625/1625 1626/1626/1626
f 1627/1627/1627 1628/1628/1628 1629/1629/1629
f 1630/1630/1630 1631/1631/1631 1632/1632/1632
f 1633/1633/1633 1634/1634/1634 1635/1635/1635
f 1636/1636/1636 1637/1637/1637 1638/1638/1638
f 1639/1639/1639 1640/1640/1640 1641/1641/1641
f 1642/1642/1642 1643/1643/1643 1644/1644/1644
f 1645/1645/1645 1646/1646/1646 1647/1647/1647
f 1648/1648/1648 1649/1649/1649 1650/1650/1650
f 1651/1651/1651 1652/1652/1652 1653/1653/1653
f 1654/1654/1654 1655/1655/1655 1656/1656/1656
usemtl leaf_light
f 1657/1657/1657 1658/1658/1658 1659/1659/1659
f 1660/1660/1660 1661/1661/1661 1662/1662/1662
f 1663/1663/1663 1664/1664/1664 1665/1665/1665
f 1666/1666/1666 1667/1667/1667 1668/1668/1668
f 1669/1669/1669 1670/1670/1670 1671/1671/1671
f 1672/1672/1672 1673/1673/1673 1674/1674/1674
f 1675/1675/1675 1676/1676/1676 1677/1677/1677
f 1678/1678/1678 1679/1679/1679 1680/1680/1680
f 1681/1681/1681 1682/1682/1682 1683/1683/1683
f 1684/1684/1684 1685/1685/1685 1686/1686/1686
f 1687/1687/1687 1688/1688/1688 1689/1689/1689
f 1690/1690/1690 1691/1691/1691 1692/1692/1692
f 1693/1693/1693 1694/1694/1694 1695/1695/1695
f 1696/1696/1696 1697/1697/1697 1698/1698/1698
f 1699/1699/1699 1700/1700/1700 1701/1701/1701
f 1702/1702/1702 1703/1703/1703 1704/1704/1704
f 1705/1705/1705 1706/1706/1706 1707/1707/1707
f 1708/1708/1708 1709/1709/1709 1710/1710/1710
f 1711/1711/1711 1712/1712/1712 1713/1713/1713
f 1714/1714/1714 1715/1715/1715 1716/1716/1716
f 1717/1717/1717 1718/1718/1718 1719/1719/1719
f 1720/1720/1720 1721/1721/1721 1722/1722/1722
f 1723/1723/1723 1724/1724/1724 1725/1725/1725
f 1726/1726/1726 1727/1727/1727 1728/1728/1728
f 1729/1729/1729 1730/1730/1730 1731/1731/1731
f 1732/1732/1732 1733/1733/1733 1734/1734/1734
f 1735/1735/1735 1736/1736/1736 1737/1737/1737
f 1738/1738/1738 1739/1739/1739 1740/1740/1740
f 1741/1741/1741 1742/1742/1742 1743/1743/1743
f 1744/1744/1744 1745/1745/1745 1746/1746/1746
f 1747/1747/1747 1748/1748/1748 1749/1749/1749
f 1750/1750/1750 1751/1751/1751 1752/1752/1752
f 1753/1753/1753 1754/1754/1754 1755/1755/1755
f 1756/1756/1756 1757/1757/1757 1758/1758/1758
f 1759/1759/1759 1760/1760/1760 1761/1761/1761
f 1762/1762/1762 1763/1763/1763 1764/1764/1764
f 1765/1765/1765 1766/1766/1766 1767/1767/1767
f 1768/1768/1768 1769/1769/1769 1770/1770/1770
f 1771/1771/1771 1772/1772/1772 1773/1773/1773
f 1774/1774/1774 1775/1775/1775 1776/1776/1776
f 1777/1777/1777 1778/1778/1778 1779/1779/1779
f 1780/1780/1780 1781/1781/1781 1782/1782/1782
f 1783/1783/1783 1784/1784/1784 1785/1785/1785
f 1786/1786/1786 1787/1787/1787 1788/1788/1788
f 1789/1789/1789 1790/1790/1790 1791/1791/1791
f 1792/1792/1792 1793/1793/1793 1794/1794/1794
f 1795/1795/1795 1796/1796/1796 1797/1797/1797
f 1798/1798/1798 1799/1799/1799 1800/1800/1800
f 1801/1801/1801 1802/1802/1802 1803/1803/1803
f 1804/1804/1804 1805/1805/1805 1806/1806/1806
f 1807/1807/1807 1808/1808/1808 1809/1809/1809
f 1810/1810/1810 1811/1811/1811 1812/1812/1812
f 1813/1813/1813 1814/1814/1814 1815/1815/1815
f 1816/1816/1816 1817/1817/1817 1818/1818/1818
f 1819/1819/1819 1820/1820/1820 1821/1821/1821
f 1822/1822/1822 1823/1823/1823 1824/1824/1824
f 1825/1825/1825 1826/1826/1826 1827/1827/1827
f 1828/1828/1828 1829/1829/1829 1830/1830/1830
f 1831/1831/1831 1832/1832/1832 1833/1833/1833
f 1834/1834/1834 1835/1835/1835 1836/1836/1836
f 1837/1837/1837 1838/1838/1838 1839/1839/1839
f 1840/1840/1840 1841/1841/1841 1842/1842/1842
f 1843/1843/1843 1844/1844/1844 1845/1845/1845
f 1846/1846/1846 1847/1847/1847 1848/1848/1848
f 1849/1849/1849 1850/1850/1850 1851/1851/1851
f 1852/1852/1852 1853/1853/1853 1854/1854/1854
f 1855/1855/1855 1856/1856/1856 1857/1857/1857
f 1858/1858/1858 1859/1859/1859 1860/1860/1860
f 1861/1861/1861 1862/1862/1862 1863/1863/1863
f 1864/1864/1864 1865/1865/1865 1866/1866/1866
f 1867/1867/1867 1868/1868/1868 1869/1869/1869
f 1870/1870/1870 1871/1871/1871 1872/1872/1872
f 1873/1873/1873 1874/1874/1874 1875/1875/1875
f 1876/1876/1876 1877/1877/1877 1878/1878/1878
f 1879/1879/1879 1880/1880/1880 1881/1881/1881
f 1882/1882/1882 1883/1883/1883 1884/1884/1884
f 1885/1885/1885 1886/1886/1886 1887/1887/1887
f 1888/1888/1888 1889/1889/1889 1890/1890/1890
f 1891/1891/1891 1892/1892/1892 1893/1893/1893
f 1894/1894/1894 1895/1895/1895 1896/1896/1896
f 1897/1897/1897 1898/1898/1898 1899/1899/1899
f 1900/1900/1900 1901/1901/1901 1902/1902/1902
f 1903/1903/1903 1904/1904/1904 1905/1905/1905
f 1906/1906/1906 1907/1907/1907 1908/1908/1908
f 1909/1909/1909 1910/1910/1910 1911/1911/1911
f 1912/1912/1912 1913/1913/1913 1914/1914/1914
f 1915/1915/1915 1916/1916/1916 1917/1917/1917
f 1918/1918/1918 1919/1919/1919 1920/1920/1920
f 1921/1921/1921 1922/1922/1922 1923/1923/1923
f 1924/1924/1924 1925/1925/1925 1926/1926/1926
f 1927/1927/1927 1928/1928/1928 1929/1929/1929
f 1930/1930/1930 1931/1931/1931 1932/1932/1932
f 1933/1933/1933 1934/1934/1934 1935/1935/1935
f 1936/1936/1936 1937/1937/1937 1938/1938/1938
f 1939/1939/1939 1940/1940/1940 1941/1941/1941
f 1942/1942/1942 1943/1943/1943 1944/1944/1944
f 1945/1945/1945 1946/1946/1946 1947/1947/1947
f 1948/1948/1948 1949/1949/1949 1950/1950/1950
f 1951/1951/1951 1952/1952/1952 1953/1953/1953
f 1954/1954/1954 1955/1955/1955 1956/1956/1956
f 1957/1957/1957 1958/1958/1958 1959/1959/1959
f 1960/1960/1960 1961/1961/1961 1962/1962/1962
f 1963/1963/1963 1964/1964/1964 1965/1965/1965
f 1966/1966/1966 1967/1967/1967 1968/1968/1968
f 1969/1969/1969 1970/1970/1970 1971/1971/1971
f 1972/1972/1972 1973/1973/1973 1974/1974/1974
f 1975/1975/1975 1976/1976/1976 1977/1977/1977
f 1978/1978/1978 1979/1979/1979 1980/1980/1980
f 1981/1981/1981 1982/1982/1982 1983/1983/1983
f 1984/1984/1984 1985/1985/1985 1986/1986/1986
f 1987/1987/1987 1988/1988/1988 1989/1989/1989
f 1990/1990/1990 1991/1991/1991 1992/1992/1992
f 1993/1993/1993 1994/1994/1994 1995/1995/1995
f 1996/1996/1996 1997/1997/1997 1998/1998/1998
f 1999/1999/1999 2000/2000/2000 2001/2001/2001
f 2002/2002/2002 2003/2003/2003 2004/2004/2004
f 2005/2005/2005 2006/2006/2006 2007/2007/2007
f 2008/2008/2008 2009/2009/2009 2010/2010/2010
f 2011/2011/2011 2012/2012/2012 2013/2013/2013
f 2014/2014/2014 2015/2015/2015 2016/2016/2016
f 2017/2017/2017 2018/2018/2018 2019/2019/2019
f 2020/2020/2020 2021/2021/2021 2022/2022/2022
f 2023/2023/2023 2024/2024/2024 2025/2025/2025
f 2026/2026/2026 2027/2027/2027 2028/2028/2028
f 2029/2029/2029 2030/2030/2030 2031/2031/2031
f 2032/2032/2032 2033/2033/2033 2034/2034/2034
f 2035/2035/2035 2036/2036/2036 2037/2037/2037
f 2038/2038/2038 2039/2039/2039 2040/2040/2040
f 2041/2041/2041 2042/2042/2042 2043/2043/2043
f 2044/2044/2044 2045/2045/2045 2046/2046/2046
f 2047/2047/2047 2048/2048/2048 2049/2049/2049
f 2050/2050/2050 2051/2051/2051 2052/2052/2052
f 2053/2053/2053 2054/2054/2054 2055/2055/2055
f 2056/2056/2056 2057/2057/2057 2058/2058/2058
f 2059/2059/2059 2060/2060/2060 2061/2061/2061
f 2062/2062/2062 2063/2063/2063 2064/2064/2064
f 2065/2065/2065 2066/2066/2066 2067/2067/2067
f 2068/2068/2068 2069/2069/2069 2070/2070/2070
f 2071/2071/2071 2072/2072/2072 2073/2073/2073
f 2074/2074/2074 2075/2075/2075 2076/2076/2076
f 2077/2077/2077 2078/2078/2078 2079/2079/2079
f 2080/2080/2080 2081/2081/2081 2082/2082/2082
f 2083/2083/2083 2084/2084/2084 2085/2085/2085
f 2086/2086/2086 2087/2087/2087 2088/2088/2088
f 2089/2089/2089 2090/2090/2090 2091/2091/2091
f 2092/2092/2092 2093/2093/2093 2094/2094/2094
f 2095/2095/2095 2096/2096/2096 2097/2097/2097
f 2098/2098/2098 2099/2099/2099 2100/2100/2100
f 2101/2101/2101 2102/2102/2102 2103/2103/2103
f 2104/2104/2104 2105/2105/2105 2106/2106/2106
f 2107/2107/2107 2108/2108/2108 2109/2109/2109
f 2110/2110/2110 2111/2111/2111 2112/2112/2112
f 2113/2113/2113 2114/2114/2114 2115/2115/2115
f 2116/2116/2116 2117/2117/2117 2118/2118/2118
f 2119/2119/2119 2120/2120/2120 2121/2121/2121
f 2122/2122/2122 2123/2123/2123 2124/2124/2124
f 2125/2125/2125 2126/2126/2126 2127/2127/2127
f 2128/2128/2128 2129/2129/2129 2130/2130/2130
f 2131/2131/2131 2132/2132/2132 2133/2133/2133
f 2134/2134/2134 2135/2135/2135 2136/2136/2136
f 2137/2137/2137 2138/2138/2138 2139/2139/2139
f 2140/2140/2140 2141/2141/2141 2142/2142/2142
f 2143/2143/2143 2144/2144/2144 2145/2145/2145
f 2146/2146/2146 2147/2147/2147 2148/2148/2148
f 2149/2149/2149 2150/2150/2150 2151/2151/2151
f 2152/2152/2152 2153/2153/2153 2154/2154/2154
f 2155/2155/2155 2156/2156/2156 2157/2157/2157
f 2158/2158/2158 2159/2159/2159 2160/2160/2160
f 2161/2161/2161 2162/2162/2162 2163/2163/2163
f 2164/2164/2164 2165/2165/2165 2166/2166/2166
f 2167/2167/2167 2168/2168/2168 2169/2169/2169
f 2170/2170/2170 2171/2171/2171 2172/2172/2172
f 2173/2173/2173 2174/2174/2174 2175/2175/2175
f 2176/2176/2176 2177/2177/2177 2178/2178/2178
f 2179/2179/2179 2180/2180/2180 2181/2181/2181
f 2182/2182/2182 2183/2183/2183 2184/2184/2184
f 2185/2185/2185 2186/2186/2186 2187/2187/2187
f 2188/2188/2188 2189/2189/2189 2190/2190/2190
f 2191/2191/2191 2192/2192/2192 2193/2193/2193
f 2194/2194/2194 2195/2195/2195 2196/2196/2196
f 2197/2197/2197 2198/2198/2198 2199/2199/2199
f 2200/2200/2200 2201/2201/2201 2202/2202/2202
f 2203/2203/2203 2204/2204/2204 2205/2205/2205
f 2206/2206/2206 2207/2207/2207 2208/2208/2208
f 2209/2209/2209 2210/2210/2210 2211/2211/2211
f 2212/2212/2212 2213/2213/2213 2214/2214/2214
f 2215/2215/2215 2216/2216/2216 2217/2217/2217
f 2218/2218/2218 2219/2219/2219 2220/2220/2220
f 2221/2221/2221 2222/2222/2222 2223/2223/2223
f 2224/2224/2224 2225/2225/2225 2226/2226/2226
f 2227/2227/2227 2228/2228/2228 2229/2229/2229
f 2230/2230/2230 2231/2231/2231 2232/2232/2232
usemtl leaf
f 2233/2233/2233 2234/2234/2234 2235/2235/2235
f 2236/2236/2236 2237/2237/2237 2238/2238/2238
f 2239/2239/2239 2240/2240/2240 2241/2241/2241
f 2242/2242/2242 2243/2243/2243 2244/2244/2244
f 2245/2245/2245 2246/2246/2246 2247/2247/2247
f 2248/2248/2248 2249/2249/2249 2250/2250/2250
f 2251/2251/2251 2252/2252/2252 2253/2253/2253
f 2254/2254/2254 2255/2255/2255 2256/2256/2256
f 2257/2257/2257 2258/2258/2258 2259/2259/2259
f 2260/2260/2260 2261/2261/2261 2262/2262/2262
f 2263/2263/2263 2264/2264/2264 2265/2265/2265
f 2266/2266/2266 2267/2267/2267 2268/2268/2268
f 2269/2269/2269 2270/2270/2270 2271/2271/2271
f 2272/2272/2272 2273/2273/2273 2274/2274/2274
f 2275/2275/2275 2276/2276/2276 2277/2277/2277
f 2278/2278/2278 2279/2279/2279 2280/2280/2280
f 2281/2281/2281 2282/2282/2282 2283/2283/2283
f 2284/2284/2284 2285/2285/2285 2286/2286/2286
f 2287/2287/2287 2288/2288/2288 2289/2289/2289
f 2290/2290/2290 2291/2291/2291 2292/2292/2292
f 2293/2293/2293 2294/2294/2294 2295/2295/2295
f 2296/2296/2296 2297/2297/2297 2298/2298/2298
f 2299/2299/2299 2300/2300/2300 2301/2301/2301
f 2302/2302/2302 2303/2303/2303 2304/2304/2304
f 2305/2305/2305 2306/2306/2306 2307/2307/2307
f 2308/2308/2308 2309/2309/2309 2310/2310/2310
f 2311/2311/2311 2312/2312/2312 2313/2313/2313
f 2314/2314/2314 2315/2315/2315 2316/2316/2316
f 2317/2317/2317 2318/2318/2318 2319/2319/2319
f 2320/2320/2320 2321/2321/2321 2322/2322/2322
f 2323/2323/2323 2324/2324/2324 2325/2325/2325
f 2326/2326/2326 2327/2327/2327 2328/2328/2328
f 2329/2329/2329 2330/2330/2330 2331/2331/2331
f 2332/2332/2332 2333/2333/2333 2334/2334/2334
f 2335/2335/2335 2336/2336/2336 2337/2337/2337
f 2338/2338/2338 2339/2339/2339 2340/2340/2340
f 2341/2341/2341 2342/2342/2342 2343/2343/2343
f 2344/2344/2344 2345/2345/2345 2346/2346/2346
f 2347/2347/2347 2348/2348/2348 2349/2349/2349
f 2350/2350/2350 2351/2351/2351 2352/2352/2352
f 2353/2353/2353 2354/2354/2354 2355/2355/2355
f 2356/2356/2356 2357/2357/2357 2358/2358/2358
f 2359/2359/2359 2360/2360/2360 2361/2361/2361
f 2362/2362/2362 2363/2363/2363 2364/2364/2364
f 2365/2365/2365 2366/2366/2366 2367/2367/2367
f 2368/2368/2368 2369/2369/2369 2370/2370/2370
f 2371/2371/2371 2372/2372/2372 2373/2373/2373
f 2374/2374/2374 2375/2375/2375 2376/2376/2376
f 2377/2377/2377 2378/2378/2378 2379/2379/2379
f 2380/2380/2380 2381/2381/2381 2382/2382/2382
f 2383/2383/2383 2384/2384/2384 2385/2385/2385
f 2386/2386/2386 2387/2387/2387 2388/2388/2388
f 2389/2389/2389 2390/2390/2390 2391/2391/2391
f 2392/2392/2392 2393/2393/2393 2394/2394/2394
f 2395/2395/2395 2396/2396/2396 2397/2397/2397
f 2398/2398/2398 2399/2399/2399 2400/2400/2400
f 2401/2401/2401 2402/2402/2402 2403/2403/2403
f 2404/2404/2404 2405/2405/2405 2406/2406/2406
f 2407/2407/2407 2408/2408/2408 2409/2409/2409
f 2410/2410/2410 2411/2411/2411 2412/2412/2412
f 2413/2413/2413 2414/2414/2414 2415/2415/2415
f 2416/2416/2416 2417/2417/2417 2418/2418/2418
f 2419/2419/2419 2420/2420/2420 2421/2421/2421
f 2422/2422/2422 2423/2423/2423 2424/2424/2424
f 2425/2425/2425 2426/2426/2426 2427/2427/2427
f 2428/2428/2428 2429/2429/2429 2430/2430/2430
f 2431/2431/2431 2432/2432/2432 2433/2433/2433
f 2434/2434/2434 2435/2435/2435 2436/2436/2436
f 2437/2437/2437 2438/2438/2438 2439/2439/2439
f 2440/2440/2440 2441/2441/2441 2442/2442/2442
f 2443/2443/2443 2444/2444/2444 2445/2445/2445
f 2446/2446/2446 2447/2447/2447 2448/2448/2448
f 2449/2449/2449 2450/2450/2450 2451/2451/2451
f 2452/2452/2452 2453/2453/2453 2454/2454/2454
f 2455/2455/2455 2456/2456/2456 2457/2457/2457
f 2458/2458/2458 2459/2459/2459 2460/2460/2460
f 2461/2461/2461 2462/2462/2462 2463/2463/2463
f 2464/2464/2464 2465/2465/2465 2466/2466/2466
f 2467/2467/2467 2468/2468/2468 2469/2469/2469
f 2470/2470/2470 2471/2471/2471 2472/2472/2472
f 2473/2473/2473 2474/2474/2474 2475/2475/2475
f 2476/2476/2476 2477/2477/2477 2478/2478/2478
f 2479/2479/2479 2480/2480/2480 2481/2481/2481
f 2482/2482/2482 2483/2483/2483 2484/2484/2484
f 2485/2485/2485 2486/2486/2486 2487/2487/2487
f 2488/2488/2488 2489/2489/2489 2490/2490/2490
f 2491/2491/2491 2492/2492/2492 2493/2493/2493
f 2494/2494/2494 2495/2495/2495 2496/2496/2496
f 2497/2497/2497 2498/2498/2498 2499/2499/2499
f 2500/2500/2500 2501/2501/2501 2502/2502/2502
f 2503/2503/2503 2504/2504/2504 2505/2505/2505
f 2506/2506/2506 2507/2507/2507 2508/2508/2508
f 2509/2509/2509 2510/2510/2510 2511/2511/2511
f 2512/2512/2512 2513/2513/2513 2514/2514/2514
f 2515/2515/2515 2516/2516/2516 2517/2517/2517
f 2518/2518/2518 2519/2519/2519 2520/2520/2520
f 2521/2521/2521 2522/2522/2522 2523/2523/2523
f 2524/2524/2524 2525/2525/2525 2526/2526/2526
f 2527/2527/2527 2528/2528/2528 2529/2529/2529
f 2530/2530/2530 2531/2531/2531 2532/2532/2532
f 2533/2533/2533 2534/2534/2534 2535/2535/2535
f 2536/2536/2536 2537/2537/2537 2538/2538/2538
f 2539/2539/2539 2540/2540/2540 2541/2541/2541
f 2542/2542/2542 2543/2543/2543 2544/2544/2544
f 2545/2545/2545 2546/2546/2546 2547/2547/2547
f 2548/2548/2548 2549/2549/2549 2550/2550/2550
f 2551/2551/2551 2552/2552/2552 2553/2553/2553
f 2554/2554/2554 2555/2555/2555 2556/2556/2556
f 2557/2557/2557 2558/2558/2558 2559/2559/2559
f 2560/2560/2560 2561/2561/2561 2562/2562/2562
f 2563/2563/2563 2564/2564/2564 2565/2565/2565
f 2566/2566/2566 2567/2567/2567 2568/2568/2568
f 2569/2569/2569 2570/2570/2570 2571/2571/2571
f 2572/2572/2572 2573/2573/2573 2574/2574/2574
f 2575/2575/2575 2576/2576/2576 2577/2577/2577
f 2578/2578/2578 2579/2579/2579 2580/2580/2580
f 2581/2581/2581 2582/2582/2582 2583/2583/2583
f 2584/2584/2584 2585/2585/2585 2586/2586/2586
f 2587/2587/2587 2588/2588/2588 2589/2589/2589
f 2590/2590/2590 2591/2591/2591 2592/2592/2592
f 2593/2593/2593 2594/2594/2594 2595/2595/2595
f 2596/2596/2596 2597/2597/2597 2598/2598/2598
f 2599/2599/2599 2600/2600/2600 2601/2601/2601
f 2602/2602/2602 2603/2603/2603 2604/2604/2604
f 2605/2605/2605 2606/2606/2606 2607/2607/2607
f 2608/2608/2608 2609/2609/2609 2610/2610/2610
f 2611/2611/2611 2612/2612/2612 2613/2613/2613
f 2614/2614/2614 2615/2615/2615 2616/2616/2616
f 2617/2617/2617 2618/2618/2618 2619/2619/2619
f 2620/2620/2620 2621/2621/2621 2622/2622/2622
f 2623/2623/2623 2624/2624/2624 2625/2625/2625
f 2626/2626/2626 2627/2627/2627 2628/2628/2628
f 2629/2629/2629 2630/2630/2630 2631/2631/2631
f 2632/2632/2632 2633/2633/2633 2634/2634/2634
f 2635/2635/2635 2636/2636/2636 2637/2637/2637
f 2638/2638/2638 2639/2639/2639 2640/2640/2640
f 2641/2641/2641 2642/2642/2642 2643/2643/2643
f 2644/2644/2644 2645/2645/2645 2646/2646/2646
f 2647/2647/2647 2648/2648/2648 2649/2649/2649
f 2650/2650/2650 2651/2651/2651 2652/2652/2652
f 2653/2653/2653 2654/2654/2654 2655/2655/2655
f 2656/2656/2656 2657/2657/2657 2658/2658/2658
f 2659/2659/2659 2660/2660/2660 2661/2661/2661
f 2662/2662/2662 2663/2663/2663 2664/2664/2664
f 2665/2665/2665 2666/2666/2666 2667/2667/2667
f 2668/2668/2668 2669/2669/2669 2670/2670/2670
f 2671/2671/2671 2672/2672/2672 2673/2673/2673
f 2674/2674/2674 2675/2675/2675 2676/2676/2676
f 2677/2677/2677 2678/2678/2678 2679/2679/2679
f 2680/2680/2680 2681/2681/2681 2682/2682/2682
f 2683/2683/2683 2684/2684/2684 2685/2685/2685
f 2686/2686/2686 2687/2687/2687 2688/2688/2688
f 2689/2689/2689 2690/2690/2690 2691/2691/2691
f 2692/2692/2692 2693/2693/2693 2694/2694/2694
f 2695/2695/2695 2696/2696/2696 2697/2697/2697
f 2698/2698/2698 2699/2699/2699 2700/2700/2700
f 2701/2701/2701 2702/2702/2702 2703/2703/2703
f 2704/2704/2704 2705/2705/2705 2706/2706/2706
f 2707/2707/2707 2708/2708/2708 2709/2709/2709
f 2710/2710/2710 2711/2711/2711 2712/2712/2712
f 2713/2713/2713 2714/2714/2714 2715/2715/2715
f 2716/2716/2716 2717/2717/2717 2718/2718/2718
f 2719/2719/2719 2720/2720/2720 2721/2721/2721
f 2722/2722/2722 2723/2723/2723 2724/2724/2724
f 2725/2725/2725 2726/2726/2726 2727/2727/2727
f 2728/2728/2728 2729/2729/2729 2730/2730/2730
f 2731/2731/2731 2732/2732/2732 2733/2733/2733
f 2734/2734/2734 2735/2735/2735 2736/2736/2736
f 2737/2737/2737 2738/2738/2738 2739/2739/2739
f 2740/2740/2740 2741/2741/2741 2742/2742/2742
f 2743/2743/2743 2744/2744/2744 2745/2745/2745
f 2746/2746/2746 2747/2747/2747 2748/2748/2748
f 2749/2749/2749 2750/2750/2750 2751/2751/2751
f 2752/2752/2752 2753/2753/2753 2754/2754/2754
f 2755/2755/2755 2756/2756/2756 2757/2757/2757
f 2758/2758/2758 2759/2759/2759 2760/2760/2760
f 2761/2761/2761 2762/2762/2762 2763/2763/2763
f 2764/2764/2764 2765/2765/2765 2766/2766/2766
f 2767/2767/2767 2768/2768/2768 2769/2769/2769
f 2770/2770/2770 2771/2771/2771 2772/2772/2772
f 2773/2773/2773 2774/2774/2774 2775/2775/2775
f 2776/2776/2776 2777/2777/2777 2778/2778/2778
f 2779/2779/2779 2780/2780/2780 2781/2781/2781
f 2782/2782/2782 2783/2783/2783 2784/2784/2784
f 2785/2785/2785 2786/2786/2786 2787/2787/2787
f 2788/2788/2788 2789/2789/2789 2790/2790/2790
f 2791/2791/2791 2792/2792/2792 2793/2793/2793
f 2794/2794/2794 2795/2795/2795 2796/2796/2796
f 2797/2797/2797 2798/2798/2798 2799/2799/2799
f 2800/2800/2800 2801/2801/2801 2802/2802/2802
f 2803/2803/2803 2804/2804/2804 2805/2805/2805
f 2806/2806/2806 2807/2807/2807 2808/2808/2808
