# Deterministic Story World v3 asset: StoryWorld_YunxiLake_v3
# Triangles: 1752
mtllib story_world_v3.mtl
o StoryWorld_YunxiLake_v3
s 1
v 0.000000 -0.700000 0.000000
v 21.669541 -0.700000 0.000000
v 21.882739 -0.700000 1.504800
v 21.669541 -0.700000 0.000000
v 24.402636 -0.690000 0.000000
v 24.642724 -0.690000 1.747509
v 21.669541 -0.700000 0.000000
v 24.642724 -0.690000 1.747509
v 21.882739 -0.700000 1.504800
v 0.000000 -0.700000 0.000000
v 21.882739 -0.700000 1.504800
v 21.745695 -0.700000 3.020048
v 21.882739 -0.700000 1.504800
v 24.642724 -0.690000 1.747509
v 24.488395 -0.690000 3.507152
v 21.882739 -0.700000 1.504800
v 24.488395 -0.690000 3.507152
v 21.745695 -0.700000 3.020048
v 0.000000 -0.700000 0.000000
v 21.745695 -0.700000 3.020048
v 21.206405 -0.700000 4.491434
v 21.745695 -0.700000 3.020048
v 24.488395 -0.690000 3.507152
v 23.881087 -0.690000 5.215859
v 21.745695 -0.700000 3.020048
v 23.881087 -0.690000 5.215859
v 21.206405 -0.700000 4.491434
v 0.000000 -0.700000 0.000000
v 21.206405 -0.700000 4.491434
v 20.296186 -0.700000 5.869721
v 21.206405 -0.700000 4.491434
v 23.881087 -0.690000 5.215859
v 22.856066 -0.690000 6.816451
v 21.206405 -0.700000 4.491434
v 22.856066 -0.690000 6.816451
v 20.296186 -0.700000 5.869721
v 0.000000 -0.700000 0.000000
v 20.296186 -0.700000 5.869721
v 19.113724 -0.700000 7.133141
v 20.296186 -0.700000 5.869721
v 22.856066 -0.690000 6.816451
v 21.524464 -0.690000 8.283647
v 20.296186 -0.700000 5.869721
v 21.524464 -0.690000 8.283647
v 19.113724 -0.700000 7.133141
v 0.000000 -0.700000 0.000000
v 19.113724 -0.700000 7.133141
v 17.778233 -0.700000 8.293921
v 19.113724 -0.700000 7.133141
v 21.524464 -0.690000 8.283647
v 20.020533 -0.690000 9.631650
v 19.113724 -0.700000 7.133141
v 20.020533 -0.690000 9.631650
v 17.778233 -0.700000 8.293921
v 0.000000 -0.700000 0.000000
v 17.778233 -0.700000 8.293921
v 16.377328 -0.700000 9.384151
v 17.778233 -0.700000 8.293921
v 20.020533 -0.690000 9.631650
v 18.442936 -0.690000 10.897723
v 17.778233 -0.700000 8.293921
v 18.442936 -0.690000 10.897723
v 16.377328 -0.700000 9.384151
v 0.000000 -0.700000 0.000000
v 16.377328 -0.700000 9.384151
v 14.936833 -0.700000 10.428870
v 16.377328 -0.700000 9.384151
v 18.442936 -0.690000 10.897723
v 16.820758 -0.690000 12.110946
v 16.377328 -0.700000 9.384151
v 16.820758 -0.690000 12.110946
v 14.936833 -0.700000 10.428870
v 0.000000 -0.700000 0.000000
v 14.936833 -0.700000 10.428870
v 13.426388 -0.700000 11.422593
v 14.936833 -0.700000 10.428870
v 16.820758 -0.690000 12.110946
v 15.119806 -0.690000 13.264947
v 14.936833 -0.700000 10.428870
v 15.119806 -0.690000 13.264947
v 13.426388 -0.700000 11.422593
v 0.000000 -0.700000 0.000000
v 13.426388 -0.700000 11.422593
v 11.794282 -0.700000 12.324169
v 13.426388 -0.700000 11.422593
v 15.119806 -0.690000 13.264947
v 13.281850 -0.690000 14.311939
v 13.426388 -0.700000 11.422593
v 13.281850 -0.690000 14.311939
v 11.794282 -0.700000 12.324169
v 0.000000 -0.700000 0.000000
v 11.794282 -0.700000 12.324169
v 10.009278 -0.700000 13.074488
v 11.794282 -0.700000 12.324169
v 13.281850 -0.690000 14.311939
v 11.271709 -0.690000 15.183277
v 11.794282 -0.700000 12.324169
v 11.271709 -0.690000 15.183277
v 10.009278 -0.700000 13.074488
v 0.000000 -0.700000 0.000000
v 10.009278 -0.700000 13.074488
v 8.084908 -0.700000 13.627917
v 10.009278 -0.700000 13.074488
v 11.271709 -0.690000 15.183277
v 9.104626 -0.690000 15.825969
v 10.009278 -0.700000 13.074488
v 9.104626 -0.690000 15.825969
v 8.084908 -0.700000 13.627917
v 0.000000 -0.700000 0.000000
v 8.084908 -0.700000 13.627917
v 6.073713 -0.700000 13.979569
v 8.084908 -0.700000 13.627917
v 9.104626 -0.690000 15.825969
v 6.839767 -0.690000 16.234338
v 8.084908 -0.700000 13.627917
v 6.839767 -0.690000 16.234338
v 6.073713 -0.700000 13.979569
v 0.000000 -0.700000 0.000000
v 6.073713 -0.700000 13.979569
v 4.037482 -0.700000 14.171881
v 6.073713 -0.700000 13.979569
v 6.839767 -0.690000 16.234338
v 4.546713 -0.690000 16.457668
v 6.073713 -0.700000 13.979569
v 4.546713 -0.690000 16.457668
v 4.037482 -0.700000 14.171881
v 0.000000 -0.700000 0.000000
v 4.037482 -0.700000 14.171881
v 2.013722 -0.700000 14.275124
v 4.037482 -0.700000 14.171881
v 4.546713 -0.690000 16.457668
v 2.267705 -0.690000 16.577564
v 4.037482 -0.700000 14.171881
v 2.267705 -0.690000 16.577564
v 2.013722 -0.700000 14.275124
v 0.000000 -0.700000 0.000000
v 2.013722 -0.700000 14.275124
v 0.000000 -0.700000 14.351124
v 2.013722 -0.700000 14.275124
v 2.267705 -0.690000 16.577564
v 0.000000 -0.690000 16.665821
v 2.013722 -0.700000 14.275124
v 0.000000 -0.690000 16.665821
v 0.000000 -0.700000 14.351124
v 0.000000 -0.700000 0.000000
v 0.000000 -0.700000 14.351124
v -2.034068 -0.700000 14.419357
v 0.000000 -0.700000 14.351124
v 0.000000 -0.690000 16.665821
v -2.290617 -0.690000 16.745059
v 0.000000 -0.700000 14.351124
v -2.290617 -0.690000 16.745059
v -2.034068 -0.700000 14.419357
v 0.000000 -0.700000 0.000000
v -2.034068 -0.700000 14.419357
v -4.114987 -0.700000 14.443930
v -2.034068 -0.700000 14.419357
v -2.290617 -0.690000 16.745059
v -4.633994 -0.690000 16.773596
v -2.034068 -0.700000 14.419357
v -4.633994 -0.690000 16.773596
v -4.114987 -0.700000 14.443930
v 0.000000 -0.700000 0.000000
v -4.114987 -0.700000 14.443930
v -6.234173 -0.700000 14.348890
v -4.114987 -0.700000 14.443930
v -4.633994 -0.690000 16.773596
v -7.020465 -0.690000 16.663227
v -4.114987 -0.700000 14.443930
v -7.020465 -0.690000 16.663227
v -6.234173 -0.700000 14.348890
v 0.000000 -0.700000 0.000000
v -6.234173 -0.700000 14.348890
v -8.337728 -0.700000 14.054070
v -6.234173 -0.700000 14.348890
v -7.020465 -0.690000 16.663227
v -9.389333 -0.690000 16.320855
v -6.234173 -0.700000 14.348890
v -9.389333 -0.690000 16.320855
v -8.337728 -0.700000 14.054070
v 0.000000 -0.700000 0.000000
v -8.337728 -0.700000 14.054070
v -10.344742 -0.700000 13.512684
v -8.337728 -0.700000 14.054070
v -9.389333 -0.690000 16.320855
v -11.649484 -0.690000 15.692149
v -8.337728 -0.700000 14.054070
v -11.649484 -0.690000 15.692149
v -10.344742 -0.700000 13.512684
v 0.000000 -0.700000 0.000000
v -10.344742 -0.700000 13.512684
v -12.183927 -0.700000 12.731320
v -10.344742 -0.700000 13.512684
v -11.649484 -0.690000 15.692149
v -13.720638 -0.690000 14.784758
v -10.344742 -0.700000 13.512684
v -13.720638 -0.690000 14.784758
v -12.183927 -0.700000 12.731320
v 0.000000 -0.700000 0.000000
v -12.183927 -0.700000 12.731320
v -13.826465 -0.700000 11.762962
v -12.183927 -0.700000 12.731320
v -13.720638 -0.690000 14.784758
v -15.570344 -0.690000 13.660214
v -12.183927 -0.700000 12.731320
v -15.570344 -0.690000 13.660214
v -13.826465 -0.700000 11.762962
v 0.000000 -0.700000 0.000000
v -13.826465 -0.700000 11.762962
v -15.294374 -0.700000 10.678504
v -13.826465 -0.700000 11.762962
v -15.570344 -0.690000 13.660214
v -17.223394 -0.690000 12.400844
v -13.826465 -0.700000 11.762962
v -17.223394 -0.690000 12.400844
v -15.294374 -0.700000 10.678504
v 0.000000 -0.700000 0.000000
v -15.294374 -0.700000 10.678504
v -16.637899 -0.700000 9.533457
v -15.294374 -0.700000 10.678504
v -17.223394 -0.690000 12.400844
v -18.736373 -0.690000 11.071112
v -15.294374 -0.700000 10.678504
v -18.736373 -0.690000 11.071112
v -16.637899 -0.700000 9.533457
v 0.000000 -0.700000 0.000000
v -16.637899 -0.700000 9.533457
v -17.894227 -0.700000 8.348035
v -16.637899 -0.700000 9.533457
v -18.736373 -0.690000 11.071112
v -20.151157 -0.690000 9.694492
v -16.637899 -0.700000 9.533457
v -20.151157 -0.690000 9.694492
v -17.894227 -0.700000 8.348035
v 0.000000 -0.700000 0.000000
v -17.894227 -0.700000 8.348035
v -19.051910 -0.700000 7.110072
v -17.894227 -0.700000 8.348035
v -20.151157 -0.690000 9.694492
v -21.454854 -0.690000 8.256858
v -17.894227 -0.700000 8.348035
v -21.454854 -0.690000 8.256858
v -19.051910 -0.700000 7.110072
v 0.000000 -0.700000 0.000000
v -19.051910 -0.700000 7.110072
v -20.043367 -0.700000 5.796605
v -19.051910 -0.700000 7.110072
v -21.454854 -0.690000 8.256858
v -22.571359 -0.690000 6.731541
v -19.051910 -0.700000 7.110072
v -22.571359 -0.690000 6.731541
v -20.043367 -0.700000 5.796605
v 0.000000 -0.700000 0.000000
v -20.043367 -0.700000 5.796605
v -20.772296 -0.700000 4.399491
v -20.043367 -0.700000 5.796605
v -22.571359 -0.690000 6.731541
v -23.392225 -0.690000 5.109087
v -20.043367 -0.700000 5.796605
v -23.392225 -0.690000 5.109087
v -20.772296 -0.700000 4.399491
v 0.000000 -0.700000 0.000000
v -20.772296 -0.700000 4.399491
v -21.162551 -0.700000 2.939060
v -20.772296 -0.700000 4.399491
v -23.392225 -0.690000 5.109087
v -23.831701 -0.690000 3.413103
v -20.772296 -0.700000 4.399491
v -23.831701 -0.690000 3.413103
v -21.162551 -0.700000 2.939060
v 0.000000 -0.700000 0.000000
v -21.162551 -0.700000 2.939060
v -21.201744 -0.700000 1.457970
v -21.162551 -0.700000 2.939060
v -23.831701 -0.690000 3.413103
v -23.875838 -0.690000 1.693127
v -21.162551 -0.700000 2.939060
v -23.875838 -0.690000 1.693127
v -21.201744 -0.700000 1.457970
v 0.000000 -0.700000 0.000000
v -21.201744 -0.700000 1.457970
v -20.954459 -0.700000 0.000000
v -21.201744 -0.700000 1.457970
v -23.875838 -0.690000 1.693127
v -23.597364 -0.690000 0.000000
v -21.201744 -0.700000 1.457970
v -23.597364 -0.690000 0.000000
v -20.954459 -0.700000 0.000000
v 0.000000 -0.700000 0.000000
v -20.954459 -0.700000 0.000000
v -20.536015 -0.700000 -1.412190
v -20.954459 -0.700000 0.000000
v -23.597364 -0.690000 0.000000
v -23.126143 -0.690000 -1.639963
v -20.954459 -0.700000 0.000000
v -23.126143 -0.690000 -1.639963
v -20.536015 -0.700000 -1.412190
v 0.000000 -0.700000 0.000000
v -20.536015 -0.700000 -1.412190
v -20.059297 -0.700000 -2.785840
v -20.536015 -0.700000 -1.412190
v -23.126143 -0.690000 -1.639963
v -22.589298 -0.690000 -3.235169
v -20.536015 -0.700000 -1.412190
v -22.589298 -0.690000 -3.235169
v -20.059297 -0.700000 -2.785840
v 0.000000 -0.700000 0.000000
v -20.059297 -0.700000 -2.785840
v -19.582220 -0.700000 -4.147438
v -20.059297 -0.700000 -2.785840
v -22.589298 -0.690000 -3.235169
v -22.052049 -0.690000 -4.816380
v -20.059297 -0.700000 -2.785840
v -22.052049 -0.690000 -4.816380
v -19.582220 -0.700000 -4.147438
v 0.000000 -0.700000 0.000000
v -19.582220 -0.700000 -4.147438
v -19.083255 -0.700000 -5.518938
v -19.582220 -0.700000 -4.147438
v -22.052049 -0.690000 -4.816380
v -21.490152 -0.690000 -6.409089
v -19.582220 -0.700000 -4.147438
v -21.490152 -0.690000 -6.409089
v -19.083255 -0.700000 -5.518938
v 0.000000 -0.700000 0.000000
v -19.083255 -0.700000 -5.518938
v -18.477288 -0.700000 -6.895626
v -19.083255 -0.700000 -5.518938
v -21.490152 -0.690000 -6.409089
v -20.807757 -0.690000 -8.007824
v -19.083255 -0.700000 -5.518938
v -20.807757 -0.690000 -8.007824
v -18.477288 -0.700000 -6.895626
v 0.000000 -0.700000 0.000000
v -18.477288 -0.700000 -6.895626
v -17.662328 -0.700000 -8.239849
v -18.477288 -0.700000 -6.895626
v -20.807757 -0.690000 -8.007824
v -19.890009 -0.690000 -9.568857
v -18.477288 -0.700000 -6.895626
v -19.890009 -0.690000 -9.568857
v -17.662328 -0.700000 -8.239849
v 0.000000 -0.700000 0.000000
v -17.662328 -0.700000 -8.239849
v -16.571470 -0.700000 -9.495394
v -17.662328 -0.700000 -8.239849
v -19.890009 -0.690000 -9.568857
v -18.661565 -0.690000 -11.026909
v -17.662328 -0.700000 -8.239849
v -18.661565 -0.690000 -11.026909
v -16.571470 -0.700000 -9.495394
v 0.000000 -0.700000 0.000000
v -16.571470 -0.700000 -9.495394
v -15.202886 -0.700000 -10.614628
v -16.571470 -0.700000 -9.495394
v -18.661565 -0.690000 -11.026909
v -17.120368 -0.690000 -12.326665
v -16.571470 -0.700000 -9.495394
v -17.120368 -0.690000 -12.326665
v -15.202886 -0.700000 -10.614628
v 0.000000 -0.700000 0.000000
v -15.202886 -0.700000 -10.614628
v -13.613991 -0.700000 -11.582198
v -15.202886 -0.700000 -10.614628
v -17.120368 -0.690000 -12.326665
v -15.331071 -0.690000 -13.450295
v -15.202886 -0.700000 -10.614628
v -15.331071 -0.690000 -13.450295
v -13.613991 -0.700000 -11.582198
v 0.000000 -0.700000 0.000000
v -13.613991 -0.700000 -11.582198
v -11.886343 -0.700000 -12.420366
v -13.613991 -0.700000 -11.582198
v -15.331071 -0.690000 -13.450295
v -13.385522 -0.690000 -14.423651
v -13.613991 -0.700000 -11.582198
v -13.385522 -0.690000 -14.423651
v -11.886343 -0.700000 -12.420366
v 0.000000 -0.700000 0.000000
v -11.886343 -0.700000 -12.420366
v -10.083537 -0.700000 -13.171488
v -11.886343 -0.700000 -12.420366
v -13.385522 -0.690000 -14.423651
v -11.355334 -0.690000 -15.295922
v -11.886343 -0.700000 -12.420366
v -11.355334 -0.690000 -15.295922
v -10.083537 -0.700000 -13.171488
v 0.000000 -0.700000 0.000000
v -10.083537 -0.700000 -13.171488
v -8.226591 -0.700000 -13.866737
v -10.083537 -0.700000 -13.171488
v -11.355334 -0.690000 -15.295922
v -9.264179 -0.690000 -16.103308
v -10.083537 -0.700000 -13.171488
v -9.264179 -0.690000 -16.103308
v -8.226591 -0.700000 -13.866737
v 0.000000 -0.700000 0.000000
v -8.226591 -0.700000 -13.866737
v -6.299381 -0.700000 -14.498976
v -8.226591 -0.700000 -13.866737
v -9.264179 -0.690000 -16.103308
v -7.093897 -0.690000 -16.837520
v -8.226591 -0.700000 -13.866737
v -7.093897 -0.690000 -16.837520
v -6.299381 -0.700000 -14.498976
v 0.000000 -0.700000 0.000000
v -6.299381 -0.700000 -14.498976
v -4.278048 -0.700000 -15.016289
v -6.299381 -0.700000 -14.498976
v -7.093897 -0.690000 -16.837520
v -4.817622 -0.690000 -17.438271
v -6.299381 -0.700000 -14.498976
v -4.817622 -0.690000 -17.438271
v -4.278048 -0.700000 -15.016289
v 0.000000 -0.700000 0.000000
v -4.278048 -0.700000 -15.016289
v -2.164161 -0.700000 -15.341573
v -4.278048 -0.700000 -15.016289
v -4.817622 -0.690000 -17.438271
v -2.437118 -0.690000 -17.816020
v -4.278048 -0.700000 -15.016289
v -2.437118 -0.690000 -17.816020
v -2.164161 -0.700000 -15.341573
v 0.000000 -0.700000 0.000000
v -2.164161 -0.700000 -15.341573
v -0.000000 -0.700000 -15.408876
v -2.164161 -0.700000 -15.341573
v -2.437118 -0.690000 -17.816020
v -0.000000 -0.690000 -17.894179
v -2.164161 -0.700000 -15.341573
v -0.000000 -0.690000 -17.894179
v -0.000000 -0.700000 -15.408876
v 0.000000 -0.700000 0.000000
v -0.000000 -0.700000 -15.408876
v 2.143815 -0.700000 -15.197341
v -0.000000 -0.700000 -15.408876
v -0.000000 -0.690000 -17.894179
v 2.414206 -0.690000 -17.648525
v -0.000000 -0.700000 -15.408876
v 2.414206 -0.690000 -17.648525
v 2.143815 -0.700000 -15.197341
v 0.000000 -0.700000 0.000000
v 2.143815 -0.700000 -15.197341
v 4.200543 -0.700000 -14.744240
v 2.143815 -0.700000 -15.197341
v 2.414206 -0.690000 -17.648525
v 4.730342 -0.690000 -17.122344
v 2.143815 -0.700000 -15.197341
v 4.730342 -0.690000 -17.122344
v 4.200543 -0.700000 -14.744240
v 0.000000 -0.700000 0.000000
v 4.200543 -0.700000 -14.744240
v 6.138921 -0.700000 -14.129654
v 4.200543 -0.700000 -14.744240
v 4.730342 -0.690000 -17.122344
v 6.913200 -0.690000 -16.408631
v 4.200543 -0.700000 -14.744240
v 6.913200 -0.690000 -16.408631
v 6.138921 -0.700000 -14.129654
v 0.000000 -0.700000 0.000000
v 6.138921 -0.700000 -14.129654
v 7.973771 -0.700000 -13.440585
v 6.138921 -0.700000 -14.129654
v 6.913200 -0.690000 -16.408631
v 8.979472 -0.690000 -15.608421
v 6.138921 -0.700000 -14.129654
v 8.979472 -0.690000 -15.608421
v 7.973771 -0.700000 -13.440585
v 0.000000 -0.700000 0.000000
v 7.973771 -0.700000 -13.440585
v 9.748073 -0.700000 -12.733293
v 7.973771 -0.700000 -13.440585
v 8.979472 -0.690000 -15.608421
v 10.977560 -0.690000 -14.787050
v 7.973771 -0.700000 -13.440585
v 10.977560 -0.690000 -14.787050
v 9.748073 -0.700000 -12.733293
v 0.000000 -0.700000 0.000000
v 9.748073 -0.700000 -12.733293
v 11.496699 -0.700000 -12.013216
v 9.748073 -0.700000 -12.733293
v 10.977560 -0.690000 -14.787050
v 12.946733 -0.690000 -13.950832
v 9.748073 -0.700000 -12.733293
v 12.946733 -0.690000 -13.950832
v 11.496699 -0.700000 -12.013216
v 0.000000 -0.700000 0.000000
v 11.496699 -0.700000 -12.013216
v 13.213914 -0.700000 -11.241829
v 11.496699 -0.700000 -12.013216
v 12.946733 -0.690000 -13.950832
v 14.880534 -0.690000 -13.055028
v 11.496699 -0.700000 -12.013216
v 14.880534 -0.690000 -13.055028
v 13.213914 -0.700000 -11.241829
v 0.000000 -0.700000 0.000000
v 13.213914 -0.700000 -11.241829
v 14.845346 -0.700000 -10.364994
v 13.213914 -0.700000 -11.241829
v 14.880534 -0.690000 -13.055028
v 16.717732 -0.690000 -12.036767
v 13.213914 -0.700000 -11.241829
v 16.717732 -0.690000 -12.036767
v 14.845346 -0.700000 -10.364994
v 0.000000 -0.700000 0.000000
v 14.845346 -0.700000 -10.364994
v 16.310898 -0.700000 -9.346087
v 14.845346 -0.700000 -10.364994
v 16.717732 -0.690000 -12.036767
v 18.368129 -0.690000 -10.853520
v 14.845346 -0.700000 -10.364994
v 18.368129 -0.690000 -10.853520
v 16.310898 -0.700000 -9.346087
v 0.000000 -0.700000 0.000000
v 16.310898 -0.700000 -9.346087
v 17.546333 -0.700000 -8.185735
v 16.310898 -0.700000 -9.346087
v 18.368129 -0.690000 -10.853520
v 19.759384 -0.690000 -9.506015
v 16.310898 -0.700000 -9.346087
v 19.759384 -0.690000 -9.506015
v 17.546333 -0.700000 -8.185735
v 0.000000 -0.700000 0.000000
v 17.546333 -0.700000 -8.185735
v 18.539102 -0.700000 -6.918695
v 17.546333 -0.700000 -8.185735
v 19.759384 -0.690000 -9.506015
v 20.877367 -0.690000 -8.034613
v 17.546333 -0.700000 -8.185735
v 20.877367 -0.690000 -8.034613
v 18.539102 -0.700000 -6.918695
v 0.000000 -0.700000 0.000000
v 18.539102 -0.700000 -6.918695
v 19.336074 -0.700000 -5.592054
v 18.539102 -0.700000 -6.918695
v 20.877367 -0.690000 -8.034613
v 21.774859 -0.690000 -6.493998
v 18.539102 -0.700000 -6.918695
v 21.774859 -0.690000 -6.493998
v 19.336074 -0.700000 -5.592054
v 0.000000 -0.700000 0.000000
v 19.336074 -0.700000 -5.592054
v 20.016329 -0.700000 -4.239381
v 19.336074 -0.700000 -5.592054
v 21.774859 -0.690000 -6.493998
v 22.540911 -0.690000 -4.923152
v 19.336074 -0.700000 -5.592054
v 22.540911 -0.690000 -4.923152
v 20.016329 -0.700000 -4.239381
v 0.000000 -0.700000 0.000000
v 20.016329 -0.700000 -4.239381
v 20.642441 -0.700000 -2.866827
v 20.016329 -0.700000 -4.239381
v 22.540911 -0.690000 -4.923152
v 23.245992 -0.690000 -3.329219
v 20.016329 -0.700000 -4.239381
v 23.245992 -0.690000 -3.329219
v 20.642441 -0.700000 -2.866827
v 0.000000 -0.700000 0.000000
v 20.642441 -0.700000 -2.866827
v 21.217010 -0.700000 -1.459020
v 20.642441 -0.700000 -2.866827
v 23.245992 -0.690000 -3.329219
v 23.893029 -0.690000 -1.694346
v 20.642441 -0.700000 -2.866827
v 23.893029 -0.690000 -1.694346
v 21.217010 -0.700000 -1.459020
v 0.000000 -0.700000 0.000000
v 21.217010 -0.700000 -1.459020
v 21.669541 -0.700000 -0.000000
v 21.217010 -0.700000 -1.459020
v 23.893029 -0.690000 -1.694346
v 24.402636 -0.690000 -0.000000
v 21.217010 -0.700000 -1.459020
v 24.402636 -0.690000 -0.000000
v 21.669541 -0.700000 -0.000000
v -22.330669 -0.123973 -5.661300
v -21.874137 -0.212765 -5.661300
v -22.050102 -0.230556 -5.455550
v -22.330669 -0.123973 -5.661300
v -22.050102 -0.230556 -5.455550
v -22.330669 -0.145951 -5.661300
v -22.330669 -0.145951 -5.661300
v -22.050102 -0.230556 -5.455550
v -22.330669 -0.211018 -5.342745
v -22.330669 -0.145951 -5.661300
v -22.330669 -0.211018 -5.342745
v -22.330669 -0.127024 -5.661300
v -22.330669 -0.127024 -5.661300
v -22.330669 -0.211018 -5.342745
v -22.658098 -0.226819 -5.421185
v -22.330669 -0.127024 -5.661300
v -22.658098 -0.226819 -5.421185
v -22.330669 -0.149247 -5.661300
v -22.330669 -0.149247 -5.661300
v -22.658098 -0.226819 -5.421185
v -22.779112 -0.213867 -5.661300
v -22.330669 -0.149247 -5.661300
v -22.779112 -0.213867 -5.661300
v -22.330669 -0.143692 -5.661300
v -22.330669 -0.143692 -5.661300
v -22.779112 -0.213867 -5.661300
v -22.655574 -0.197553 -5.899563
v -22.330669 -0.143692 -5.661300
v -22.655574 -0.197553 -5.899563
v -22.330669 -0.123568 -5.661300
v -22.330669 -0.123568 -5.661300
v -22.655574 -0.197553 -5.899563
v -22.330669 -0.212254 -5.973304
v -22.330669 -0.123568 -5.661300
v -22.330669 -0.212254 -5.973304
v -22.330669 -0.125988 -5.661300
v -22.330669 -0.125988 -5.661300
v -22.330669 -0.212254 -5.973304
v -22.034447 -0.198191 -5.878530
v -22.330669 -0.125988 -5.661300
v -22.034447 -0.198191 -5.878530
v -22.330669 -0.121715 -5.661300
v -22.330669 -0.121715 -5.661300
v -22.034447 -0.198191 -5.878530
v -21.891591 -0.206310 -5.661300
v -22.330669 -0.121715 -5.661300
v -21.891591 -0.206310 -5.661300
v -22.330669 -0.131704 -5.661300
v -21.874137 -0.212765 -5.661300
v -21.641350 -0.422385 -5.661300
v -21.820359 -0.416210 -5.287072
v -21.874137 -0.212765 -5.661300
v -21.820359 -0.416210 -5.287072
v -22.050102 -0.230556 -5.455550
v -22.050102 -0.230556 -5.455550
v -21.820359 -0.416210 -5.287072
v -22.330669 -0.421747 -5.171454
v -22.050102 -0.230556 -5.455550
v -22.330669 -0.421747 -5.171454
v -22.330669 -0.211018 -5.342745
v -22.330669 -0.211018 -5.342745
v -22.330669 -0.421747 -5.171454
v -22.805546 -0.415598 -5.313057
v -22.330669 -0.211018 -5.342745
v -22.805546 -0.415598 -5.313057
v -22.658098 -0.226819 -5.421185
v -22.658098 -0.226819 -5.421185
v -22.805546 -0.415598 -5.313057
v -22.976793 -0.420354 -5.661300
v -22.658098 -0.226819 -5.421185
v -22.976793 -0.420354 -5.661300
v -22.779112 -0.213867 -5.661300
v -22.779112 -0.213867 -5.661300
v -22.976793 -0.420354 -5.661300
v -22.810259 -0.427182 -6.012999
v -22.779112 -0.213867 -5.661300
v -22.810259 -0.427182 -6.012999
v -22.655574 -0.197553 -5.899563
v -22.655574 -0.197553 -5.899563
v -22.810259 -0.427182 -6.012999
v -22.330669 -0.422986 -6.203632
v -22.655574 -0.197553 -5.899563
v -22.330669 -0.422986 -6.203632
v -22.330669 -0.212254 -5.973304
v -22.330669 -0.212254 -5.973304
v -22.330669 -0.422986 -6.203632
v -21.805254 -0.426532 -6.046605
v -22.330669 -0.212254 -5.973304
v -21.805254 -0.426532 -6.046605
v -22.034447 -0.198191 -5.878530
v -22.034447 -0.198191 -5.878530
v -21.805254 -0.426532 -6.046605
v -21.669397 -0.423140 -5.661300
v -22.034447 -0.198191 -5.878530
v -21.669397 -0.423140 -5.661300
v -21.891591 -0.206310 -5.661300
v -21.641350 -0.422385 -5.661300
v -21.583474 -0.674778 -5.661300
v -21.860064 -0.680973 -5.316189
v -21.641350 -0.422385 -5.661300
v -21.860064 -0.680973 -5.316189
v -21.820359 -0.416210 -5.287072
v -21.820359 -0.416210 -5.287072
v -21.860064 -0.680973 -5.316189
v -22.330669 -0.673781 -5.128938
v -21.820359 -0.416210 -5.287072
v -22.330669 -0.673781 -5.128938
v -22.330669 -0.421747 -5.171454
v -22.330669 -0.421747 -5.171454
v -22.330669 -0.673781 -5.128938
v -22.846501 -0.680763 -5.283023
v -22.330669 -0.421747 -5.171454
v -22.846501 -0.680763 -5.283023
v -22.805546 -0.415598 -5.313057
v -22.805546 -0.415598 -5.313057
v -22.846501 -0.680763 -5.283023
v -23.036552 -0.682481 -5.661300
v -22.805546 -0.415598 -5.313057
v -23.036552 -0.682481 -5.661300
v -22.976793 -0.420354 -5.661300
v -22.976793 -0.420354 -5.661300
v -23.036552 -0.682481 -5.661300
v -22.852486 -0.675666 -6.043965
v -22.976793 -0.420354 -5.661300
v -22.852486 -0.675666 -6.043965
v -22.810259 -0.427182 -6.012999
v -22.810259 -0.427182 -6.012999
v -22.852486 -0.675666 -6.043965
v -22.330669 -0.674970 -6.162425
v -22.810259 -0.427182 -6.012999
v -22.330669 -0.674970 -6.162425
v -22.330669 -0.422986 -6.203632
v -22.330669 -0.422986 -6.203632
v -22.330669 -0.674970 -6.162425
v -21.845039 -0.675474 -6.017428
v -22.330669 -0.422986 -6.203632
v -21.845039 -0.675474 -6.017428
v -21.805254 -0.426532 -6.046605
v -21.805254 -0.426532 -6.046605
v -21.845039 -0.675474 -6.017428
v -21.611405 -0.672388 -5.661300
v -21.805254 -0.426532 -6.046605
v -21.611405 -0.672388 -5.661300
v -21.669397 -0.423140 -5.661300
v -21.583474 -0.674778 -5.661300
v -21.912234 -0.882105 -5.661300
v -22.020827 -0.898275 -5.434082
v -21.583474 -0.674778 -5.661300
v -22.020827 -0.898275 -5.434082
v -21.860064 -0.680973 -5.316189
v -21.860064 -0.680973 -5.316189
v -22.020827 -0.898275 -5.434082
v -22.330669 -0.879264 -5.364108
v -21.860064 -0.680973 -5.316189
v -22.330669 -0.879264 -5.364108
v -22.330669 -0.673781 -5.128938
v -22.330669 -0.673781 -5.128938
v -22.330669 -0.879264 -5.364108
v -22.631264 -0.895634 -5.440864
v -22.330669 -0.673781 -5.128938
v -22.631264 -0.895634 -5.440864
v -22.846501 -0.680763 -5.283023
v -22.846501 -0.680763 -5.283023
v -22.631264 -0.895634 -5.440864
v -22.740061 -0.891669 -5.661300
v -22.846501 -0.680763 -5.283023
v -22.740061 -0.891669 -5.661300
v -23.036552 -0.682481 -5.661300
v -23.036552 -0.682481 -5.661300
v -22.740061 -0.891669 -5.661300
v -22.634190 -0.873798 -5.883881
v -23.036552 -0.682481 -5.661300
v -22.634190 -0.873798 -5.883881
v -22.852486 -0.675666 -6.043965
v -22.852486 -0.675666 -6.043965
v -22.634190 -0.873798 -5.883881
v -22.330669 -0.880533 -6.003659
v -22.852486 -0.675666 -6.043965
v -22.330669 -0.880533 -6.003659
v -22.330669 -0.674970 -6.162425
v -22.330669 -0.674970 -6.162425
v -22.330669 -0.880533 -6.003659
v -22.011505 -0.875500 -5.895354
v -22.330669 -0.674970 -6.162425
v -22.011505 -0.875500 -5.895354
v -21.845039 -0.675474 -6.017428
v -21.845039 -0.675474 -6.017428
v -22.011505 -0.875500 -5.895354
v -21.929547 -0.884114 -5.661300
v -21.845039 -0.675474 -6.017428
v -21.929547 -0.884114 -5.661300
v -21.611405 -0.672388 -5.661300
v -21.912234 -0.882105 -5.661300
v -22.330669 -0.951336 -5.661300
v -22.330669 -0.971360 -5.661300
v -21.912234 -0.882105 -5.661300
v -22.330669 -0.971360 -5.661300
v -22.020827 -0.898275 -5.434082
v -22.020827 -0.898275 -5.434082
v -22.330669 -0.971360 -5.661300
v -22.330669 -0.953044 -5.661300
v -22.020827 -0.898275 -5.434082
v -22.330669 -0.953044 -5.661300
v -22.330669 -0.879264 -5.364108
v -22.330669 -0.879264 -5.364108
v -22.330669 -0.953044 -5.661300
v -22.330669 -0.975937 -5.661300
v -22.330669 -0.879264 -5.364108
v -22.330669 -0.975937 -5.661300
v -22.631264 -0.895634 -5.440864
v -22.631264 -0.895634 -5.440864
v -22.330669 -0.975937 -5.661300
v -22.330669 -0.981493 -5.661300
v -22.631264 -0.895634 -5.440864
v -22.330669 -0.981493 -5.661300
v -22.740061 -0.891669 -5.661300
v -22.740061 -0.891669 -5.661300
v -22.330669 -0.981493 -5.661300
v -22.330669 -0.959451 -5.661300
v -22.740061 -0.891669 -5.661300
v -22.330669 -0.959451 -5.661300
v -22.634190 -0.873798 -5.883881
v -22.634190 -0.873798 -5.883881
v -22.330669 -0.959451 -5.661300
v -22.330669 -0.951946 -5.661300
v -22.634190 -0.873798 -5.883881
v -22.330669 -0.951946 -5.661300
v -22.330669 -0.880533 -6.003659
v -22.330669 -0.880533 -6.003659
v -22.330669 -0.951946 -5.661300
v -22.330669 -0.958845 -5.661300
v -22.330669 -0.880533 -6.003659
v -22.330669 -0.958845 -5.661300
v -22.011505 -0.875500 -5.895354
v -22.011505 -0.875500 -5.895354
v -22.330669 -0.958845 -5.661300
v -22.330669 -0.948525 -5.661300
v -22.011505 -0.875500 -5.895354
v -22.330669 -0.948525 -5.661300
v -21.929547 -0.884114 -5.661300
v -22.670669 -0.620000 -5.728300
v -22.637408 -0.621309 -5.752484
v -22.587408 0.648691 -5.752484
v -22.670669 -0.620000 -5.728300
v -22.587408 0.648691 -5.752484
v -22.620669 0.650000 -5.728300
v -22.670669 -0.620000 -5.763300
v -22.637408 -0.621309 -5.752484
v -22.670669 -0.620000 -5.728300
v -22.620669 0.650000 -5.763300
v -22.620669 0.650000 -5.728300
v -22.587408 0.648691 -5.752484
v -22.637408 -0.621309 -5.752484
v -22.650113 -0.620809 -5.791615
v -22.600113 0.649191 -5.791615
v -22.637408 -0.621309 -5.752484
v -22.600113 0.649191 -5.791615
v -22.587408 0.648691 -5.752484
v -22.670669 -0.620000 -5.763300
v -22.650113 -0.620809 -5.791615
v -22.637408 -0.621309 -5.752484
v -22.620669 0.650000 -5.763300
v -22.587408 0.648691 -5.752484
v -22.600113 0.649191 -5.791615
v -22.650113 -0.620809 -5.791615
v -22.691226 -0.619191 -5.791615
v -22.641226 0.650809 -5.791615
v -22.650113 -0.620809 -5.791615
v -22.641226 0.650809 -5.791615
v -22.600113 0.649191 -5.791615
v -22.670669 -0.620000 -5.763300
v -22.691226 -0.619191 -5.791615
v -22.650113 -0.620809 -5.791615
v -22.620669 0.650000 -5.763300
v -22.600113 0.649191 -5.791615
v -22.641226 0.650809 -5.791615
v -22.691226 -0.619191 -5.791615
v -22.703931 -0.618691 -5.752484
v -22.653931 0.651309 -5.752484
v -22.691226 -0.619191 -5.791615
v -22.653931 0.651309 -5.752484
v -22.641226 0.650809 -5.791615
v -22.670669 -0.620000 -5.763300
v -22.703931 -0.618691 -5.752484
v -22.691226 -0.619191 -5.791615
v -22.620669 0.650000 -5.763300
v -22.641226 0.650809 -5.791615
v -22.653931 0.651309 -5.752484
v -22.703931 -0.618691 -5.752484
v -22.670669 -0.620000 -5.728300
v -22.620669 0.650000 -5.728300
v -22.703931 -0.618691 -5.752484
v -22.620669 0.650000 -5.728300
v -22.653931 0.651309 -5.752484
v -22.670669 -0.620000 -5.763300
v -22.670669 -0.620000 -5.728300
v -22.703931 -0.618691 -5.752484
v -22.620669 0.650000 -5.763300
v -22.653931 0.651309 -5.752484
v -22.620669 0.650000 -5.728300
v -22.500669 -0.620000 -5.677300
v -22.467407 -0.621270 -5.701484
v -22.417407 0.688730 -5.701484
v -22.500669 -0.620000 -5.677300
v -22.417407 0.688730 -5.701484
v -22.450669 0.690000 -5.677300
v -22.500669 -0.620000 -5.712300
v -22.467407 -0.621270 -5.701484
v -22.500669 -0.620000 -5.677300
v -22.450669 0.690000 -5.712300
v -22.450669 0.690000 -5.677300
v -22.417407 0.688730 -5.701484
v -22.467407 -0.621270 -5.701484
v -22.480112 -0.620785 -5.740615
v -22.430112 0.689215 -5.740615
v -22.467407 -0.621270 -5.701484
v -22.430112 0.689215 -5.740615
v -22.417407 0.688730 -5.701484
v -22.500669 -0.620000 -5.712300
v -22.480112 -0.620785 -5.740615
v -22.467407 -0.621270 -5.701484
v -22.450669 0.690000 -5.712300
v -22.417407 0.688730 -5.701484
v -22.430112 0.689215 -5.740615
v -22.480112 -0.620785 -5.740615
v -22.521227 -0.619215 -5.740615
v -22.471227 0.690785 -5.740615
v -22.480112 -0.620785 -5.740615
v -22.471227 0.690785 -5.740615
v -22.430112 0.689215 -5.740615
v -22.500669 -0.620000 -5.712300
v -22.521227 -0.619215 -5.740615
v -22.480112 -0.620785 -5.740615
v -22.450669 0.690000 -5.712300
v -22.430112 0.689215 -5.740615
v -22.471227 0.690785 -5.740615
v -22.521227 -0.619215 -5.740615
v -22.533932 -0.618730 -5.701484
v -22.483932 0.691270 -5.701484
v -22.521227 -0.619215 -5.740615
v -22.483932 0.691270 -5.701484
v -22.471227 0.690785 -5.740615
v -22.500669 -0.620000 -5.712300
v -22.533932 -0.618730 -5.701484
v -22.521227 -0.619215 -5.740615
v -22.450669 0.690000 -5.712300
v -22.471227 0.690785 -5.740615
v -22.483932 0.691270 -5.701484
v -22.533932 -0.618730 -5.701484
v -22.500669 -0.620000 -5.677300
v -22.450669 0.690000 -5.677300
v -22.533932 -0.618730 -5.701484
v -22.450669 0.690000 -5.677300
v -22.483932 0.691270 -5.701484
v -22.500669 -0.620000 -5.712300
v -22.500669 -0.620000 -5.677300
v -22.533932 -0.618730 -5.701484
v -22.450669 0.690000 -5.712300
v -22.483932 0.691270 -5.701484
v -22.450669 0.690000 -5.677300
v -22.330669 -0.620000 -5.626300
v -22.297405 -0.621232 -5.650484
v -22.247405 0.728768 -5.650484
v -22.330669 -0.620000 -5.626300
v -22.247405 0.728768 -5.650484
v -22.280669 0.730000 -5.626300
v -22.330669 -0.620000 -5.661300
v -22.297405 -0.621232 -5.650484
v -22.330669 -0.620000 -5.626300
v -22.280669 0.730000 -5.661300
v -22.280669 0.730000 -5.626300
v -22.247405 0.728768 -5.650484
v -22.297405 -0.621232 -5.650484
v -22.310111 -0.620761 -5.689615
v -22.260111 0.729239 -5.689615
v -22.297405 -0.621232 -5.650484
v -22.260111 0.729239 -5.689615
v -22.247405 0.728768 -5.650484
v -22.330669 -0.620000 -5.661300
v -22.310111 -0.620761 -5.689615
v -22.297405 -0.621232 -5.650484
v -22.280669 0.730000 -5.661300
v -22.247405 0.728768 -5.650484
v -22.260111 0.729239 -5.689615
v -22.310111 -0.620761 -5.689615
v -22.351228 -0.619239 -5.689615
v -22.301228 0.730761 -5.689615
v -22.310111 -0.620761 -5.689615
v -22.301228 0.730761 -5.689615
v -22.260111 0.729239 -5.689615
v -22.330669 -0.620000 -5.661300
v -22.351228 -0.619239 -5.689615
v -22.310111 -0.620761 -5.689615
v -22.280669 0.730000 -5.661300
v -22.260111 0.729239 -5.689615
v -22.301228 0.730761 -5.689615
v -22.351228 -0.619239 -5.689615
v -22.363934 -0.618768 -5.650484
v -22.313934 0.731232 -5.650484
v -22.351228 -0.619239 -5.689615
v -22.313934 0.731232 -5.650484
v -22.301228 0.730761 -5.689615
v -22.330669 -0.620000 -5.661300
v -22.363934 -0.618768 -5.650484
v -22.351228 -0.619239 -5.689615
v -22.280669 0.730000 -5.661300
v -22.301228 0.730761 -5.689615
v -22.313934 0.731232 -5.650484
v -22.363934 -0.618768 -5.650484
v -22.330669 -0.620000 -5.626300
v -22.280669 0.730000 -5.626300
v -22.363934 -0.618768 -5.650484
v -22.280669 0.730000 -5.626300
v -22.313934 0.731232 -5.650484
v -22.330669 -0.620000 -5.661300
v -22.330669 -0.620000 -5.626300
v -22.363934 -0.618768 -5.650484
v -22.280669 0.730000 -5.661300
v -22.313934 0.731232 -5.650484
v -22.280669 0.730000 -5.626300
v -22.160669 -0.620000 -5.575300
v -22.127404 -0.621197 -5.599484
v -22.077404 0.768803 -5.599484
v -22.160669 -0.620000 -5.575300
v -22.077404 0.768803 -5.599484
v -22.110669 0.770000 -5.575300
v -22.160669 -0.620000 -5.610300
v -22.127404 -0.621197 -5.599484
v -22.160669 -0.620000 -5.575300
v -22.110669 0.770000 -5.610300
v -22.110669 0.770000 -5.575300
v -22.077404 0.768803 -5.599484
v -22.127404 -0.621197 -5.599484
v -22.140110 -0.620740 -5.638615
v -22.090110 0.769260 -5.638615
v -22.127404 -0.621197 -5.599484
v -22.090110 0.769260 -5.638615
v -22.077404 0.768803 -5.599484
v -22.160669 -0.620000 -5.610300
v -22.140110 -0.620740 -5.638615
v -22.127404 -0.621197 -5.599484
v -22.110669 0.770000 -5.610300
v -22.077404 0.768803 -5.599484
v -22.090110 0.769260 -5.638615
v -22.140110 -0.620740 -5.638615
v -22.181229 -0.619260 -5.638615
v -22.131229 0.770740 -5.638615
v -22.140110 -0.620740 -5.638615
v -22.131229 0.770740 -5.638615
v -22.090110 0.769260 -5.638615
v -22.160669 -0.620000 -5.610300
v -22.181229 -0.619260 -5.638615
v -22.140110 -0.620740 -5.638615
v -22.110669 0.770000 -5.610300
v -22.090110 0.769260 -5.638615
v -22.131229 0.770740 -5.638615
v -22.181229 -0.619260 -5.638615
v -22.193935 -0.618803 -5.599484
v -22.143935 0.771197 -5.599484
v -22.181229 -0.619260 -5.638615
v -22.143935 0.771197 -5.599484
v -22.131229 0.770740 -5.638615
v -22.160669 -0.620000 -5.610300
v -22.193935 -0.618803 -5.599484
v -22.181229 -0.619260 -5.638615
v -22.110669 0.770000 -5.610300
v -22.131229 0.770740 -5.638615
v -22.143935 0.771197 -5.599484
v -22.193935 -0.618803 -5.599484
v -22.160669 -0.620000 -5.575300
v -22.110669 0.770000 -5.575300
v -22.193935 -0.618803 -5.599484
v -22.110669 0.770000 -5.575300
v -22.143935 0.771197 -5.599484
v -22.160669 -0.620000 -5.610300
v -22.160669 -0.620000 -5.575300
v -22.193935 -0.618803 -5.599484
v -22.110669 0.770000 -5.610300
v -22.143935 0.771197 -5.599484
v -22.110669 0.770000 -5.575300
v -21.990669 -0.620000 -5.524300
v -21.957403 -0.621163 -5.548484
v -21.907403 0.808837 -5.548484
v -21.990669 -0.620000 -5.524300
v -21.907403 0.808837 -5.548484
v -21.940669 0.810000 -5.524300
v -21.990669 -0.620000 -5.559300
v -21.957403 -0.621163 -5.548484
v -21.990669 -0.620000 -5.524300
v -21.940669 0.810000 -5.559300
v -21.940669 0.810000 -5.524300
v -21.907403 0.808837 -5.548484
v -21.957403 -0.621163 -5.548484
v -21.970110 -0.620719 -5.587615
v -21.920110 0.809281 -5.587615
v -21.957403 -0.621163 -5.548484
v -21.920110 0.809281 -5.587615
v -21.907403 0.808837 -5.548484
v -21.990669 -0.620000 -5.559300
v -21.970110 -0.620719 -5.587615
v -21.957403 -0.621163 -5.548484
v -21.940669 0.810000 -5.559300
v -21.907403 0.808837 -5.548484
v -21.920110 0.809281 -5.587615
v -21.970110 -0.620719 -5.587615
v -22.011229 -0.619281 -5.587615
v -21.961229 0.810719 -5.587615
v -21.970110 -0.620719 -5.587615
v -21.961229 0.810719 -5.587615
v -21.920110 0.809281 -5.587615
v -21.990669 -0.620000 -5.559300
v -22.011229 -0.619281 -5.587615
v -21.970110 -0.620719 -5.587615
v -21.940669 0.810000 -5.559300
v -21.920110 0.809281 -5.587615
v -21.961229 0.810719 -5.587615
v -22.011229 -0.619281 -5.587615
v -22.023936 -0.618837 -5.548484
v -21.973936 0.811163 -5.548484
v -22.011229 -0.619281 -5.587615
v -21.973936 0.811163 -5.548484
v -21.961229 0.810719 -5.587615
v -21.990669 -0.620000 -5.559300
v -22.023936 -0.618837 -5.548484
v -22.011229 -0.619281 -5.587615
v -21.940669 0.810000 -5.559300
v -21.961229 0.810719 -5.587615
v -21.973936 0.811163 -5.548484
v -22.023936 -0.618837 -5.548484
v -21.990669 -0.620000 -5.524300
v -21.940669 0.810000 -5.524300
v -22.023936 -0.618837 -5.548484
v -21.940669 0.810000 -5.524300
v -21.973936 0.811163 -5.548484
v -21.990669 -0.620000 -5.559300
v -21.990669 -0.620000 -5.524300
v -22.023936 -0.618837 -5.548484
v -21.940669 0.810000 -5.559300
v -21.973936 0.811163 -5.548484
v -21.940669 0.810000 -5.524300
v -16.654300 -0.143488 -12.023900
v -16.171222 -0.224350 -12.023900
v -16.303163 -0.208669 -11.811674
v -16.654300 -0.143488 -12.023900
v -16.303163 -0.208669 -11.811674
v -16.654300 -0.121516 -12.023900
v -16.654300 -0.121516 -12.023900
v -16.303163 -0.208669 -11.811674
v -16.654300 -0.222745 -11.709242
v -16.654300 -0.121516 -12.023900
v -16.654300 -0.222745 -11.709242
v -16.654300 -0.141525 -12.023900
v -16.654300 -0.141525 -12.023900
v -16.654300 -0.222745 -11.709242
v -17.031934 -0.206998 -11.795660
v -16.654300 -0.141525 -12.023900
v -17.031934 -0.206998 -11.795660
v -16.654300 -0.119491 -12.023900
v -16.654300 -0.119491 -12.023900
v -17.031934 -0.206998 -11.795660
v -17.191163 -0.229718 -12.023900
v -16.654300 -0.119491 -12.023900
v -17.191163 -0.229718 -12.023900
v -16.654300 -0.137017 -12.023900
v -16.654300 -0.137017 -12.023900
v -17.191163 -0.229718 -12.023900
v -17.043364 -0.209723 -12.259048
v -16.654300 -0.137017 -12.023900
v -17.043364 -0.209723 -12.259048
v -16.654300 -0.114965 -12.023900
v -16.654300 -0.114965 -12.023900
v -17.043364 -0.209723 -12.259048
v -16.654300 -0.228013 -12.318494
v -16.654300 -0.114965 -12.023900
v -16.654300 -0.228013 -12.318494
v -16.654300 -0.135013 -12.023900
v -16.654300 -0.135013 -12.023900
v -16.654300 -0.228013 -12.318494
v -16.300094 -0.208117 -12.237980
v -16.654300 -0.135013 -12.023900
v -16.300094 -0.208117 -12.237980
v -16.654300 -0.123522 -12.023900
v -16.654300 -0.123522 -12.023900
v -16.300094 -0.208117 -12.237980
v -16.150716 -0.200914 -12.023900
v -16.654300 -0.123522 -12.023900
v -16.150716 -0.200914 -12.023900
v -16.654300 -0.125035 -12.023900
v -16.171222 -0.224350 -12.023900
v -15.794900 -0.426793 -12.023900
v -16.031377 -0.419996 -11.647408
v -16.171222 -0.224350 -12.023900
v -16.031377 -0.419996 -11.647408
v -16.303163 -0.208669 -11.811674
v -16.303163 -0.208669 -11.811674
v -16.031377 -0.419996 -11.647408
v -16.654300 -0.427800 -11.478386
v -16.303163 -0.208669 -11.811674
v -16.654300 -0.427800 -11.478386
v -16.654300 -0.222745 -11.709242
v -16.654300 -0.222745 -11.709242
v -16.654300 -0.427800 -11.478386
v -17.209775 -0.421052 -11.688173
v -16.654300 -0.222745 -11.709242
v -17.209775 -0.421052 -11.688173
v -17.031934 -0.206998 -11.795660
v -17.031934 -0.206998 -11.795660
v -17.209775 -0.421052 -11.688173
v -17.461427 -0.424832 -12.023900
v -17.031934 -0.206998 -11.795660
v -17.461427 -0.424832 -12.023900
v -17.191163 -0.229718 -12.023900
v -17.191163 -0.229718 -12.023900
v -17.461427 -0.424832 -12.023900
v -17.240292 -0.419606 -12.378071
v -17.191163 -0.229718 -12.023900
v -17.240292 -0.419606 -12.378071
v -17.043364 -0.209723 -12.259048
v -17.043364 -0.209723 -12.259048
v -17.240292 -0.419606 -12.378071
v -16.654300 -0.425787 -12.537757
v -17.043364 -0.209723 -12.259048
v -16.654300 -0.425787 -12.537757
v -16.654300 -0.228013 -12.318494
v -16.654300 -0.228013 -12.318494
v -16.654300 -0.425787 -12.537757
v -16.037872 -0.420612 -12.396466
v -16.654300 -0.228013 -12.318494
v -16.037872 -0.420612 -12.396466
v -16.300094 -0.208117 -12.237980
v -16.300094 -0.208117 -12.237980
v -16.037872 -0.420612 -12.396466
v -15.760943 -0.416266 -12.023900
v -16.300094 -0.208117 -12.237980
v -15.760943 -0.416266 -12.023900
v -16.150716 -0.200914 -12.023900
v -15.794900 -0.426793 -12.023900
v -15.865179 -0.684973 -12.023900
v -16.081069 -0.677972 -11.677441
v -15.794900 -0.426793 -12.023900
v -16.081069 -0.677972 -11.677441
v -16.031377 -0.419996 -11.647408
v -16.031377 -0.419996 -11.647408
v -16.081069 -0.677972 -11.677441
v -16.654300 -0.683957 -11.520913
v -16.031377 -0.419996 -11.647408
v -16.654300 -0.683957 -11.520913
v -16.654300 -0.427800 -11.478386
v -16.654300 -0.427800 -11.478386
v -16.654300 -0.683957 -11.520913
v -17.257999 -0.676925 -11.659026
v -16.654300 -0.427800 -11.478386
v -17.257999 -0.676925 -11.659026
v -17.209775 -0.421052 -11.688173
v -17.209775 -0.421052 -11.688173
v -17.257999 -0.676925 -11.659026
v -17.529605 -0.682866 -12.023900
v -17.209775 -0.421052 -11.688173
v -17.529605 -0.682866 -12.023900
v -17.461427 -0.424832 -12.023900
v -17.461427 -0.424832 -12.023900
v -17.529605 -0.682866 -12.023900
v -17.288469 -0.675941 -12.407189
v -17.461427 -0.424832 -12.023900
v -17.288469 -0.675941 -12.407189
v -17.240292 -0.419606 -12.378071
v -17.240292 -0.419606 -12.378071
v -17.288469 -0.675941 -12.407189
v -16.654300 -0.681913 -12.496590
v -17.240292 -0.419606 -12.378071
v -16.654300 -0.681913 -12.496590
v -16.654300 -0.425787 -12.537757
v -16.654300 -0.425787 -12.537757
v -16.654300 -0.681913 -12.496590
v -16.086048 -0.678164 -12.367349
v -16.654300 -0.425787 -12.537757
v -16.086048 -0.678164 -12.367349
v -16.037872 -0.420612 -12.396466
v -16.037872 -0.420612 -12.396466
v -16.086048 -0.678164 -12.367349
v -15.829121 -0.672779 -12.023900
v -16.037872 -0.420612 -12.396466
v -15.829121 -0.672779 -12.023900
v -15.760943 -0.416266 -12.023900
v -15.865179 -0.684973 -12.023900
v -16.140515 -0.891644 -12.023900
v -16.296755 -0.875469 -11.807801
v -15.865179 -0.684973 -12.023900
v -16.296755 -0.875469 -11.807801
v -16.081069 -0.677972 -11.677441
v -16.081069 -0.677972 -11.677441
v -16.296755 -0.875469 -11.807801
v -16.654300 -0.893249 -11.729571
v -16.081069 -0.677972 -11.677441
v -16.654300 -0.893249 -11.729571
v -16.654300 -0.683957 -11.520913
v -16.654300 -0.683957 -11.520913
v -16.654300 -0.893249 -11.729571
v -17.053413 -0.877008 -11.782678
v -16.654300 -0.683957 -11.520913
v -17.053413 -0.877008 -11.782678
v -17.257999 -0.676925 -11.659026
v -17.257999 -0.676925 -11.659026
v -17.053413 -0.877008 -11.782678
v -17.199902 -0.888267 -12.023900
v -17.257999 -0.676925 -11.659026
v -17.199902 -0.888267 -12.023900
v -17.529605 -0.682866 -12.023900
v -17.529605 -0.682866 -12.023900
v -17.199902 -0.888267 -12.023900
v -17.034466 -0.872293 -12.253671
v -17.529605 -0.682866 -12.023900
v -17.034466 -0.872293 -12.253671
v -17.288469 -0.675941 -12.407189
v -17.288469 -0.675941 -12.407189
v -17.034466 -0.872293 -12.253671
v -16.654300 -0.890105 -12.339076
v -17.288469 -0.675941 -12.407189
v -16.654300 -0.890105 -12.339076
v -16.654300 -0.681913 -12.496590
v -16.654300 -0.681913 -12.496590
v -16.654300 -0.890105 -12.339076
v -16.291315 -0.873898 -12.243286
v -16.654300 -0.681913 -12.496590
v -16.291315 -0.873898 -12.243286
v -16.086048 -0.678164 -12.367349
v -16.086048 -0.678164 -12.367349
v -16.291315 -0.873898 -12.243286
v -16.159621 -0.880969 -12.023900
v -16.086048 -0.678164 -12.367349
v -16.159621 -0.880969 -12.023900
v -15.829121 -0.672779 -12.023900
v -16.140515 -0.891644 -12.023900
v -16.654300 -0.968145 -12.023900
v -16.654300 -0.945523 -12.023900
v -16.140515 -0.891644 -12.023900
v -16.654300 -0.945523 -12.023900
v -16.296755 -0.875469 -11.807801
v -16.296755 -0.875469 -11.807801
v -16.654300 -0.945523 -12.023900
v -16.654300 -0.970139 -12.023900
v -16.296755 -0.875469 -11.807801
v -16.654300 -0.970139 -12.023900
v -16.654300 -0.893249 -11.729571
v -16.654300 -0.893249 -11.729571
v -16.654300 -0.970139 -12.023900
v -16.654300 -0.947517 -12.023900
v -16.654300 -0.893249 -11.729571
v -16.654300 -0.947517 -12.023900
v -17.053413 -0.877008 -11.782678
v -17.053413 -0.877008 -11.782678
v -16.654300 -0.947517 -12.023900
v -16.654300 -0.972360 -12.023900
v -17.053413 -0.877008 -11.782678
v -16.654300 -0.972360 -12.023900
v -17.199902 -0.888267 -12.023900
v -17.199902 -0.888267 -12.023900
v -16.654300 -0.972360 -12.023900
v -16.654300 -0.954658 -12.023900
v -17.199902 -0.888267 -12.023900
v -16.654300 -0.954658 -12.023900
v -17.034466 -0.872293 -12.253671
v -17.034466 -0.872293 -12.253671
v -16.654300 -0.954658 -12.023900
v -16.654300 -0.974026 -12.023900
v -17.034466 -0.872293 -12.253671
v -16.654300 -0.974026 -12.023900
v -16.654300 -0.890105 -12.339076
v -16.654300 -0.890105 -12.339076
v -16.654300 -0.974026 -12.023900
v -16.654300 -0.946152 -12.023900
v -16.654300 -0.890105 -12.339076
v -16.654300 -0.946152 -12.023900
v -16.291315 -0.873898 -12.243286
v -16.291315 -0.873898 -12.243286
v -16.654300 -0.946152 -12.023900
v -16.654300 -0.965629 -12.023900
v -16.291315 -0.873898 -12.243286
v -16.654300 -0.965629 -12.023900
v -16.159621 -0.880969 -12.023900
v -8.108947 -0.147970 -15.880009
v -7.538904 -0.202358 -15.880009
v -7.650071 -0.219603 -15.644138
v -8.108947 -0.147970 -15.880009
v -7.650071 -0.219603 -15.644138
v -8.108947 -0.127301 -15.880009
v -8.108947 -0.127301 -15.880009
v -7.650071 -0.219603 -15.644138
v -8.108947 -0.201806 -15.538369
v -8.108947 -0.127301 -15.880009
v -8.108947 -0.201806 -15.538369
v -8.108947 -0.149913 -15.880009
v -8.108947 -0.149913 -15.880009
v -8.108947 -0.201806 -15.538369
v -8.545527 -0.221307 -15.655598
v -8.108947 -0.149913 -15.880009
v -8.545527 -0.221307 -15.655598
v -8.108947 -0.123892 -15.880009
v -8.108947 -0.123892 -15.880009
v -8.545527 -0.221307 -15.655598
v -8.768448 -0.205187 -15.880009
v -8.108947 -0.123892 -15.880009
v -8.768448 -0.205187 -15.880009
v -8.108947 -0.143449 -15.880009
v -8.108947 -0.143449 -15.880009
v -8.768448 -0.205187 -15.880009
v -8.559696 -0.222829 -16.111702
v -8.108947 -0.143449 -15.880009
v -8.559696 -0.222829 -16.111702
v -8.108947 -0.123312 -15.880009
v -8.108947 -0.123312 -15.880009
v -8.559696 -0.222829 -16.111702
v -8.108947 -0.209281 -16.189234
v -8.108947 -0.123312 -15.880009
v -8.108947 -0.209281 -16.189234
v -8.108947 -0.140716 -15.880009
v -8.108947 -0.140716 -15.880009
v -8.108947 -0.209281 -16.189234
v -7.681359 -0.224402 -16.099797
v -8.108947 -0.140716 -15.880009
v -7.681359 -0.224402 -16.099797
v -8.108947 -0.120025 -15.880009
v -8.108947 -0.120025 -15.880009
v -7.681359 -0.224402 -16.099797
v -7.462780 -0.212662 -15.880009
v -8.108947 -0.120025 -15.880009
v -7.462780 -0.212662 -15.880009
v -8.108947 -0.134208 -15.880009
v -7.538904 -0.202358 -15.880009
v -7.103945 -0.423322 -15.880009
v -7.423115 -0.416930 -15.527478
v -7.538904 -0.202358 -15.880009
v -7.423115 -0.416930 -15.527478
v -7.650071 -0.219603 -15.644138
v -7.650071 -0.219603 -15.644138
v -7.423115 -0.416930 -15.527478
v -8.108947 -0.423922 -15.368433
v -7.650071 -0.219603 -15.644138
v -8.108947 -0.423922 -15.368433
v -8.108947 -0.201806 -15.538369
v -8.108947 -0.201806 -15.538369
v -8.108947 -0.423922 -15.368433
v -8.758650 -0.417530 -15.546049
v -8.108947 -0.201806 -15.538369
v -8.758650 -0.417530 -15.546049
v -8.545527 -0.221307 -15.655598
v -8.545527 -0.221307 -15.655598
v -8.758650 -0.417530 -15.546049
v -9.093386 -0.425163 -15.880009
v -8.545527 -0.221307 -15.655598
v -9.093386 -0.425163 -15.880009
v -8.768448 -0.205187 -15.880009
v -8.768448 -0.205187 -15.880009
v -9.093386 -0.425163 -15.880009
v -8.779789 -0.418974 -16.224834
v -8.768448 -0.205187 -15.880009
v -8.779789 -0.418974 -16.224834
v -8.559696 -0.222829 -16.111702
v -8.559696 -0.222829 -16.111702
v -8.779789 -0.418974 -16.224834
v -8.108947 -0.425966 -16.422863
v -8.559696 -0.222829 -16.111702
v -8.108947 -0.425966 -16.422863
v -8.108947 -0.209281 -16.189234
v -8.108947 -0.209281 -16.189234
v -8.108947 -0.425966 -16.422863
v -7.358653 -0.419574 -16.265673
v -8.108947 -0.209281 -16.189234
v -7.358653 -0.419574 -16.265673
v -7.681359 -0.224402 -16.099797
v -7.681359 -0.224402 -16.099797
v -7.358653 -0.419574 -16.265673
v -7.143599 -0.427207 -15.880009
v -7.681359 -0.224402 -16.099797
v -7.143599 -0.427207 -15.880009
v -7.462780 -0.212662 -15.880009
v -7.103945 -0.423322 -15.880009
v -7.188766 -0.672224 -15.880009
v -7.361454 -0.678613 -15.495783
v -7.103945 -0.423322 -15.880009
v -7.361454 -0.678613 -15.495783
v -7.423115 -0.416930 -15.527478
v -7.423115 -0.416930 -15.527478
v -7.361454 -0.678613 -15.495783
v -8.108947 -0.672419 -15.328766
v -7.423115 -0.416930 -15.527478
v -8.108947 -0.672419 -15.328766
v -8.108947 -0.423922 -15.368433
v -8.108947 -0.423922 -15.368433
v -8.108947 -0.672419 -15.328766
v -8.820564 -0.679638 -15.514224
v -8.108947 -0.423922 -15.368433
v -8.820564 -0.679638 -15.514224
v -8.758650 -0.417530 -15.546049
v -8.758650 -0.417530 -15.546049
v -8.820564 -0.679638 -15.514224
v -9.168072 -0.677671 -15.880009
v -8.758650 -0.417530 -15.546049
v -9.168072 -0.677671 -15.880009
v -9.093386 -0.425163 -15.880009
v -9.093386 -0.425163 -15.880009
v -9.168072 -0.677671 -15.880009
v -8.839890 -0.683870 -16.255727
v -9.093386 -0.425163 -15.880009
v -8.839890 -0.683870 -16.255727
v -8.779789 -0.418974 -16.224834
v -8.779789 -0.418974 -16.224834
v -8.839890 -0.683870 -16.255727
v -8.108947 -0.677689 -16.379090
v -8.779789 -0.418974 -16.224834
v -8.108947 -0.677689 -16.379090
v -8.108947 -0.425966 -16.422863
v -8.108947 -0.425966 -16.422863
v -8.108947 -0.677689 -16.379090
v -7.411573 -0.684882 -16.238472
v -8.108947 -0.425966 -16.422863
v -7.411573 -0.684882 -16.238472
v -7.358653 -0.419574 -16.265673
v -7.358653 -0.419574 -16.265673
v -7.411573 -0.684882 -16.238472
v -7.066429 -0.676439 -15.880009
v -7.358653 -0.419574 -16.265673
v -7.066429 -0.676439 -15.880009
v -7.143599 -0.427207 -15.880009
v -7.188766 -0.672224 -15.880009
v -7.470193 -0.879656 -15.880009
v -7.681979 -0.896391 -15.660539
v -7.188766 -0.672224 -15.880009
v -7.681979 -0.896391 -15.660539
v -7.361454 -0.678613 -15.495783
v -7.361454 -0.678613 -15.495783
v -7.681979 -0.896391 -15.660539
v -8.108947 -0.878083 -15.574489
v -7.361454 -0.678613 -15.495783
v -8.108947 -0.878083 -15.574489
v -8.108947 -0.672419 -15.328766
v -8.108947 -0.672419 -15.328766
v -8.108947 -0.878083 -15.574489
v -8.522671 -0.899065 -15.667347
v -8.108947 -0.672419 -15.328766
v -8.522671 -0.899065 -15.667347
v -8.820564 -0.679638 -15.514224
v -8.820564 -0.679638 -15.514224
v -8.522671 -0.899065 -15.667347
v -8.712339 -0.874571 -15.880009
v -8.820564 -0.679638 -15.514224
v -8.712339 -0.874571 -15.880009
v -9.168072 -0.677671 -15.880009
v -9.168072 -0.677671 -15.880009
v -8.712339 -0.874571 -15.880009
v -8.511278 -0.891039 -16.086814
v -9.168072 -0.677671 -15.880009
v -8.511278 -0.891039 -16.086814
v -8.839890 -0.683870 -16.255727
v -8.839890 -0.683870 -16.255727
v -8.511278 -0.891039 -16.086814
v -8.108947 -0.876981 -16.217967
v -8.839890 -0.683870 -16.255727
v -8.108947 -0.876981 -16.217967
v -8.108947 -0.677689 -16.379090
v -8.108947 -0.677689 -16.379090
v -8.108947 -0.876981 -16.217967
v -7.650721 -0.893715 -16.115545
v -8.108947 -0.677689 -16.379090
v -7.650721 -0.893715 -16.115545
v -7.411573 -0.684882 -16.238472
v -7.411573 -0.684882 -16.238472
v -7.650721 -0.893715 -16.115545
v -7.495315 -0.873468 -15.880009
v -7.411573 -0.684882 -16.238472
v -7.495315 -0.873468 -15.880009
v -7.066429 -0.676439 -15.880009
v -7.470193 -0.879656 -15.880009
v -8.108947 -0.964063 -15.880009
v -8.108947 -0.984742 -15.880009
v -7.470193 -0.879656 -15.880009
v -8.108947 -0.984742 -15.880009
v -7.681979 -0.896391 -15.660539
v -7.681979 -0.896391 -15.660539
v -8.108947 -0.984742 -15.880009
v -8.108947 -0.964693 -15.880009
v -7.681979 -0.896391 -15.660539
v -8.108947 -0.964693 -15.880009
v -8.108947 -0.878083 -15.574489
v -8.108947 -0.878083 -15.574489
v -8.108947 -0.964693 -15.880009
v -8.108947 -0.982809 -15.880009
v -8.108947 -0.878083 -15.574489
v -8.108947 -0.982809 -15.880009
v -8.522671 -0.899065 -15.667347
v -8.522671 -0.899065 -15.667347
v -8.108947 -0.982809 -15.880009
v -8.108947 -0.949861 -15.880009
v -8.522671 -0.899065 -15.667347
v -8.108947 -0.949861 -15.880009
v -8.712339 -0.874571 -15.880009
v -8.712339 -0.874571 -15.880009
v -8.108947 -0.949861 -15.880009
v -8.108947 -0.970254 -15.880009
v -8.712339 -0.874571 -15.880009
v -8.108947 -0.970254 -15.880009
v -8.511278 -0.891039 -16.086814
v -8.511278 -0.891039 -16.086814
v -8.108947 -0.970254 -15.880009
v -8.108947 -0.944995 -15.880009
v -8.511278 -0.891039 -16.086814
v -8.108947 -0.944995 -15.880009
v -8.108947 -0.876981 -16.217967
v -8.108947 -0.876981 -16.217967
v -8.108947 -0.944995 -15.880009
v -8.108947 -0.968280 -15.880009
v -8.108947 -0.876981 -16.217967
v -8.108947 -0.968280 -15.880009
v -7.650721 -0.893715 -16.115545
v -7.650721 -0.893715 -16.115545
v -8.108947 -0.968280 -15.880009
v -8.108947 -0.951123 -15.880009
v -7.650721 -0.893715 -16.115545
v -8.108947 -0.951123 -15.880009
v -7.495315 -0.873468 -15.880009
v -8.448947 -0.620000 -15.947009
v -8.415686 -0.621309 -15.971193
v -8.365686 0.648691 -15.971193
v -8.448947 -0.620000 -15.947009
v -8.365686 0.648691 -15.971193
v -8.398947 0.650000 -15.947009
v -8.448947 -0.620000 -15.982009
v -8.415686 -0.621309 -15.971193
v -8.448947 -0.620000 -15.947009
v -8.398947 0.650000 -15.982009
v -8.398947 0.650000 -15.947009
v -8.365686 0.648691 -15.971193
v -8.415686 -0.621309 -15.971193
v -8.428390 -0.620809 -16.010324
v -8.378390 0.649191 -16.010324
v -8.415686 -0.621309 -15.971193
v -8.378390 0.649191 -16.010324
v -8.365686 0.648691 -15.971193
v -8.448947 -0.620000 -15.982009
v -8.428390 -0.620809 -16.010324
v -8.415686 -0.621309 -15.971193
v -8.398947 0.650000 -15.982009
v -8.365686 0.648691 -15.971193
v -8.378390 0.649191 -16.010324
v -8.428390 -0.620809 -16.010324
v -8.469503 -0.619191 -16.010324
v -8.419503 0.650809 -16.010324
v -8.428390 -0.620809 -16.010324
v -8.419503 0.650809 -16.010324
v -8.378390 0.649191 -16.010324
v -8.448947 -0.620000 -15.982009
v -8.469503 -0.619191 -16.010324
v -8.428390 -0.620809 -16.010324
v -8.398947 0.650000 -15.982009
v -8.378390 0.649191 -16.010324
v -8.419503 0.650809 -16.010324
v -8.469503 -0.619191 -16.010324
v -8.482208 -0.618691 -15.971193
v -8.432208 0.651309 -15.971193
v -8.469503 -0.619191 -16.010324
v -8.432208 0.651309 -15.971193
v -8.419503 0.650809 -16.010324
v -8.448947 -0.620000 -15.982009
v -8.482208 -0.618691 -15.971193
v -8.469503 -0.619191 -16.010324
v -8.398947 0.650000 -15.982009
v -8.419503 0.650809 -16.010324
v -8.432208 0.651309 -15.971193
v -8.482208 -0.618691 -15.971193
v -8.448947 -0.620000 -15.947009
v -8.398947 0.650000 -15.947009
v -8.482208 -0.618691 -15.971193
v -8.398947 0.650000 -15.947009
v -8.432208 0.651309 -15.971193
v -8.448947 -0.620000 -15.982009
v -8.448947 -0.620000 -15.947009
v -8.482208 -0.618691 -15.971193
v -8.398947 0.650000 -15.982009
v -8.432208 0.651309 -15.971193
v -8.398947 0.650000 -15.947009
v -8.278947 -0.620000 -15.896009
v -8.245684 -0.621270 -15.920193
v -8.195684 0.688730 -15.920193
v -8.278947 -0.620000 -15.896009
v -8.195684 0.688730 -15.920193
v -8.228947 0.690000 -15.896009
v -8.278947 -0.620000 -15.931009
v -8.245684 -0.621270 -15.920193
v -8.278947 -0.620000 -15.896009
v -8.228947 0.690000 -15.931009
v -8.228947 0.690000 -15.896009
v -8.195684 0.688730 -15.920193
v -8.245684 -0.621270 -15.920193
v -8.258389 -0.620785 -15.959324
v -8.208389 0.689215 -15.959324
v -8.245684 -0.621270 -15.920193
v -8.208389 0.689215 -15.959324
v -8.195684 0.688730 -15.920193
v -8.278947 -0.620000 -15.931009
v -8.258389 -0.620785 -15.959324
v -8.245684 -0.621270 -15.920193
v -8.228947 0.690000 -15.931009
v -8.195684 0.688730 -15.920193
v -8.208389 0.689215 -15.959324
v -8.258389 -0.620785 -15.959324
v -8.299504 -0.619215 -15.959324
v -8.249504 0.690785 -15.959324
v -8.258389 -0.620785 -15.959324
v -8.249504 0.690785 -15.959324
v -8.208389 0.689215 -15.959324
v -8.278947 -0.620000 -15.931009
v -8.299504 -0.619215 -15.959324
v -8.258389 -0.620785 -15.959324
v -8.228947 0.690000 -15.931009
v -8.208389 0.689215 -15.959324
v -8.249504 0.690785 -15.959324
v -8.299504 -0.619215 -15.959324
v -8.312209 -0.618730 -15.920193
v -8.262209 0.691270 -15.920193
v -8.299504 -0.619215 -15.959324
v -8.262209 0.691270 -15.920193
v -8.249504 0.690785 -15.959324
v -8.278947 -0.620000 -15.931009
v -8.312209 -0.618730 -15.920193
v -8.299504 -0.619215 -15.959324
v -8.228947 0.690000 -15.931009
v -8.249504 0.690785 -15.959324
v -8.262209 0.691270 -15.920193
v -8.312209 -0.618730 -15.920193
v -8.278947 -0.620000 -15.896009
v -8.228947 0.690000 -15.896009
v -8.312209 -0.618730 -15.920193
v -8.228947 0.690000 -15.896009
v -8.262209 0.691270 -15.920193
v -8.278947 -0.620000 -15.931009
v -8.278947 -0.620000 -15.896009
v -8.312209 -0.618730 -15.920193
v -8.228947 0.690000 -15.931009
v -8.262209 0.691270 -15.920193
v -8.228947 0.690000 -15.896009
v -8.108947 -0.620000 -15.845009
v -8.075683 -0.621232 -15.869193
v -8.025683 0.728768 -15.869193
v -8.108947 -0.620000 -15.845009
v -8.025683 0.728768 -15.869193
v -8.058947 0.730000 -15.845009
v -8.108947 -0.620000 -15.880009
v -8.075683 -0.621232 -15.869193
v -8.108947 -0.620000 -15.845009
v -8.058947 0.730000 -15.880009
v -8.058947 0.730000 -15.845009
v -8.025683 0.728768 -15.869193
v -8.075683 -0.621232 -15.869193
v -8.088388 -0.620761 -15.908324
v -8.038388 0.729239 -15.908324
v -8.075683 -0.621232 -15.869193
v -8.038388 0.729239 -15.908324
v -8.025683 0.728768 -15.869193
v -8.108947 -0.620000 -15.880009
v -8.088388 -0.620761 -15.908324
v -8.075683 -0.621232 -15.869193
v -8.058947 0.730000 -15.880009
v -8.025683 0.728768 -15.869193
v -8.038388 0.729239 -15.908324
v -8.088388 -0.620761 -15.908324
v -8.129505 -0.619239 -15.908324
v -8.079505 0.730761 -15.908324
v -8.088388 -0.620761 -15.908324
v -8.079505 0.730761 -15.908324
v -8.038388 0.729239 -15.908324
v -8.108947 -0.620000 -15.880009
v -8.129505 -0.619239 -15.908324
v -8.088388 -0.620761 -15.908324
v -8.058947 0.730000 -15.880009
v -8.038388 0.729239 -15.908324
v -8.079505 0.730761 -15.908324
v -8.129505 -0.619239 -15.908324
v -8.142211 -0.618768 -15.869193
v -8.092211 0.731232 -15.869193
v -8.129505 -0.619239 -15.908324
v -8.092211 0.731232 -15.869193
v -8.079505 0.730761 -15.908324
v -8.108947 -0.620000 -15.880009
v -8.142211 -0.618768 -15.869193
v -8.129505 -0.619239 -15.908324
v -8.058947 0.730000 -15.880009
v -8.079505 0.730761 -15.908324
v -8.092211 0.731232 -15.869193
v -8.142211 -0.618768 -15.869193
v -8.108947 -0.620000 -15.845009
v -8.058947 0.730000 -15.845009
v -8.142211 -0.618768 -15.869193
v -8.058947 0.730000 -15.845009
v -8.092211 0.731232 -15.869193
v -8.108947 -0.620000 -15.880009
v -8.108947 -0.620000 -15.845009
v -8.142211 -0.618768 -15.869193
v -8.058947 0.730000 -15.880009
v -8.092211 0.731232 -15.869193
v -8.058947 0.730000 -15.845009
v -7.938947 -0.620000 -15.794009
v -7.905681 -0.621197 -15.818193
v -7.855681 0.768803 -15.818193
v -7.938947 -0.620000 -15.794009
v -7.855681 0.768803 -15.818193
v -7.888947 0.770000 -15.794009
v -7.938947 -0.620000 -15.829009
v -7.905681 -0.621197 -15.818193
v -7.938947 -0.620000 -15.794009
v -7.888947 0.770000 -15.829009
v -7.888947 0.770000 -15.794009
v -7.855681 0.768803 -15.818193
v -7.905681 -0.621197 -15.818193
v -7.918388 -0.620740 -15.857324
v -7.868388 0.769260 -15.857324
v -7.905681 -0.621197 -15.818193
v -7.868388 0.769260 -15.857324
v -7.855681 0.768803 -15.818193
v -7.938947 -0.620000 -15.829009
v -7.918388 -0.620740 -15.857324
v -7.905681 -0.621197 -15.818193
v -7.888947 0.770000 -15.829009
v -7.855681 0.768803 -15.818193
v -7.868388 0.769260 -15.857324
v -7.918388 -0.620740 -15.857324
v -7.959506 -0.619260 -15.857324
v -7.909506 0.770740 -15.857324
v -7.918388 -0.620740 -15.857324
v -7.909506 0.770740 -15.857324
v -7.868388 0.769260 -15.857324
v -7.938947 -0.620000 -15.829009
v -7.959506 -0.619260 -15.857324
v -7.918388 -0.620740 -15.857324
v -7.888947 0.770000 -15.829009
v -7.868388 0.769260 -15.857324
v -7.909506 0.770740 -15.857324
v -7.959506 -0.619260 -15.857324
v -7.972212 -0.618803 -15.818193
v -7.922212 0.771197 -15.818193
v -7.959506 -0.619260 -15.857324
v -7.922212 0.771197 -15.818193
v -7.909506 0.770740 -15.857324
v -7.938947 -0.620000 -15.829009
v -7.972212 -0.618803 -15.818193
v -7.959506 -0.619260 -15.857324
v -7.888947 0.770000 -15.829009
v -7.909506 0.770740 -15.857324
v -7.922212 0.771197 -15.818193
v -7.972212 -0.618803 -15.818193
v -7.938947 -0.620000 -15.794009
v -7.888947 0.770000 -15.794009
v -7.972212 -0.618803 -15.818193
v -7.888947 0.770000 -15.794009
v -7.922212 0.771197 -15.818193
v -7.938947 -0.620000 -15.829009
v -7.938947 -0.620000 -15.794009
v -7.972212 -0.618803 -15.818193
v -7.888947 0.770000 -15.829009
v -7.922212 0.771197 -15.818193
v -7.888947 0.770000 -15.794009
v -7.768947 -0.620000 -15.743009
v -7.735680 -0.621163 -15.767193
v -7.685680 0.808837 -15.767193
v -7.768947 -0.620000 -15.743009
v -7.685680 0.808837 -15.767193
v -7.718947 0.810000 -15.743009
v -7.768947 -0.620000 -15.778009
v -7.735680 -0.621163 -15.767193
v -7.768947 -0.620000 -15.743009
v -7.718947 0.810000 -15.778009
v -7.718947 0.810000 -15.743009
v -7.685680 0.808837 -15.767193
v -7.735680 -0.621163 -15.767193
v -7.748387 -0.620719 -15.806324
v -7.698387 0.809281 -15.806324
v -7.735680 -0.621163 -15.767193
v -7.698387 0.809281 -15.806324
v -7.685680 0.808837 -15.767193
v -7.768947 -0.620000 -15.778009
v -7.748387 -0.620719 -15.806324
v -7.735680 -0.621163 -15.767193
v -7.718947 0.810000 -15.778009
v -7.685680 0.808837 -15.767193
v -7.698387 0.809281 -15.806324
v -7.748387 -0.620719 -15.806324
v -7.789507 -0.619281 -15.806324
v -7.739507 0.810719 -15.806324
v -7.748387 -0.620719 -15.806324
v -7.739507 0.810719 -15.806324
v -7.698387 0.809281 -15.806324
v -7.768947 -0.620000 -15.778009
v -7.789507 -0.619281 -15.806324
v -7.748387 -0.620719 -15.806324
v -7.718947 0.810000 -15.778009
v -7.698387 0.809281 -15.806324
v -7.739507 0.810719 -15.806324
v -7.789507 -0.619281 -15.806324
v -7.802213 -0.618837 -15.767193
v -7.752213 0.811163 -15.767193
v -7.789507 -0.619281 -15.806324
v -7.752213 0.811163 -15.767193
v -7.739507 0.810719 -15.806324
v -7.768947 -0.620000 -15.778009
v -7.802213 -0.618837 -15.767193
v -7.789507 -0.619281 -15.806324
v -7.718947 0.810000 -15.778009
v -7.739507 0.810719 -15.806324
v -7.752213 0.811163 -15.767193
v -7.802213 -0.618837 -15.767193
v -7.768947 -0.620000 -15.743009
v -7.718947 0.810000 -15.743009
v -7.802213 -0.618837 -15.767193
v -7.718947 0.810000 -15.743009
v -7.752213 0.811163 -15.767193
v -7.768947 -0.620000 -15.778009
v -7.768947 -0.620000 -15.743009
v -7.802213 -0.618837 -15.767193
v -7.718947 0.810000 -15.778009
v -7.752213 0.811163 -15.767193
v -7.718947 0.810000 -15.743009
v 2.855916 -0.151422 -16.776850
v 3.275121 -0.222179 -16.776850
v 3.147569 -0.207054 -16.562970
v 2.855916 -0.151422 -16.776850
v 3.147569 -0.207054 -16.562970
v 2.855916 -0.130086 -16.776850
v 2.855916 -0.130086 -16.776850
v 3.147569 -0.207054 -16.562970
v 2.855916 -0.226264 -16.458720
v 2.855916 -0.130086 -16.776850
v 2.855916 -0.226264 -16.458720
v 2.855916 -0.153745 -16.776850
v 2.855916 -0.153745 -16.776850
v 2.855916 -0.226264 -16.458720
v 2.553804 -0.208650 -16.555301
v 2.855916 -0.153745 -16.776850
v 2.553804 -0.208650 -16.555301
v 2.855916 -0.132040 -16.776850
v 2.855916 -0.132040 -16.776850
v 2.553804 -0.208650 -16.555301
v 2.391332 -0.229653 -16.776850
v 2.855916 -0.132040 -16.776850
v 2.391332 -0.229653 -16.776850
v 2.855916 -0.147434 -16.776850
v 2.855916 -0.147434 -16.776850
v 2.391332 -0.229653 -16.776850
v 2.531929 -0.210181 -17.014440
v 2.855916 -0.147434 -16.776850
v 2.531929 -0.210181 -17.014440
v 2.855916 -0.126056 -16.776850
v 2.855916 -0.126056 -16.776850
v 2.531929 -0.210181 -17.014440
v 2.855916 -0.229126 -17.075574
v 2.855916 -0.126056 -16.776850
v 2.855916 -0.229126 -17.075574
v 2.855916 -0.149387 -16.776850
v 2.855916 -0.149387 -16.776850
v 2.855916 -0.229126 -17.075574
v 3.139193 -0.211878 -16.984586
v 2.855916 -0.149387 -16.776850
v 3.139193 -0.211878 -16.984586
v 2.855916 -0.128050 -16.776850
v 2.855916 -0.128050 -16.776850
v 3.139193 -0.211878 -16.984586
v 3.257305 -0.215790 -16.776850
v 2.855916 -0.128050 -16.776850
v 3.257305 -0.215790 -16.776850
v 2.855916 -0.143407 -16.776850
v 3.275121 -0.222179 -16.776850
v 3.595648 -0.419537 -16.776850
v 3.366345 -0.425923 -16.402535
v 3.275121 -0.222179 -16.776850
v 3.366345 -0.425923 -16.402535
v 3.147569 -0.207054 -16.562970
v 3.147569 -0.207054 -16.562970
v 3.366345 -0.425923 -16.402535
v 2.855916 -0.418611 -16.301921
v 3.147569 -0.207054 -16.562970
v 2.855916 -0.418611 -16.301921
v 2.855916 -0.226264 -16.458720
v 2.855916 -0.226264 -16.458720
v 2.855916 -0.418611 -16.301921
v 2.329915 -0.424920 -16.391116
v 2.855916 -0.226264 -16.458720
v 2.329915 -0.424920 -16.391116
v 2.553804 -0.208650 -16.555301
v 2.553804 -0.208650 -16.555301
v 2.329915 -0.424920 -16.391116
v 2.158625 -0.419952 -16.776850
v 2.553804 -0.208650 -16.555301
v 2.158625 -0.419952 -16.776850
v 2.391332 -0.229653 -16.776850
v 2.391332 -0.229653 -16.776850
v 2.158625 -0.419952 -16.776850
v 2.375263 -0.427986 -17.129328
v 2.391332 -0.229653 -16.776850
v 2.375263 -0.427986 -17.129328
v 2.531929 -0.210181 -17.014440
v 2.531929 -0.210181 -17.014440
v 2.375263 -0.427986 -17.129328
v 2.855916 -0.420572 -17.303937
v 2.531929 -0.210181 -17.014440
v 2.855916 -0.420572 -17.303937
v 2.855916 -0.229126 -17.075574
v 2.855916 -0.229126 -17.075574
v 2.855916 -0.420572 -17.303937
v 3.351531 -0.426957 -17.140301
v 2.855916 -0.229126 -17.075574
v 3.351531 -0.426957 -17.140301
v 3.139193 -0.211878 -16.984586
v 3.139193 -0.211878 -16.984586
v 3.351531 -0.426957 -17.140301
v 3.566936 -0.415526 -16.776850
v 3.139193 -0.211878 -16.984586
v 3.566936 -0.415526 -16.776850
v 3.257305 -0.215790 -16.776850
v 3.595648 -0.419537 -16.776850
v 3.539485 -0.682487 -16.776850
v 3.326609 -0.675285 -16.431674
v 3.595648 -0.419537 -16.776850
v 3.326609 -0.675285 -16.431674
v 3.366345 -0.425923 -16.402535
v 3.366345 -0.425923 -16.402535
v 3.326609 -0.675285 -16.431674
v 2.855916 -0.682596 -16.260746
v 3.366345 -0.425923 -16.402535
v 2.855916 -0.682596 -16.260746
v 2.855916 -0.418611 -16.301921
v 2.855916 -0.418611 -16.301921
v 2.855916 -0.682596 -16.260746
v 2.370921 -0.676307 -16.421187
v 2.855916 -0.418611 -16.301921
v 2.370921 -0.676307 -16.421187
v 2.329915 -0.424920 -16.391116
v 2.329915 -0.424920 -16.391116
v 2.370921 -0.676307 -16.421187
v 2.102490 -0.684499 -16.776850
v 2.329915 -0.424920 -16.391116
v 2.102490 -0.684499 -16.776850
v 2.158625 -0.419952 -16.776850
v 2.158625 -0.419952 -16.776850
v 2.102490 -0.684499 -16.776850
v 2.335508 -0.677297 -17.158482
v 2.158625 -0.419952 -16.776850
v 2.335508 -0.677297 -17.158482
v 2.375263 -0.427986 -17.129328
v 2.375263 -0.427986 -17.129328
v 2.335508 -0.677297 -17.158482
v 2.855916 -0.684709 -17.261473
v 2.375263 -0.427986 -17.129328
v 2.855916 -0.684709 -17.261473
v 2.855916 -0.420572 -17.303937
v 2.855916 -0.420572 -17.303937
v 2.855916 -0.684709 -17.261473
v 3.310535 -0.678319 -17.110237
v 2.855916 -0.420572 -17.303937
v 3.310535 -0.678319 -17.110237
v 3.351531 -0.426957 -17.140301
v 3.351531 -0.426957 -17.140301
v 3.310535 -0.678319 -17.110237
v 3.510798 -0.680023 -16.776850
v 3.351531 -0.426957 -17.140301
v 3.510798 -0.680023 -16.776850
v 3.566936 -0.415526 -16.776850
v 3.539485 -0.682487 -16.776850
v 3.307680 -0.893815 -16.776850
v 3.170727 -0.877085 -16.545988
v 3.539485 -0.682487 -16.776850
v 3.170727 -0.877085 -16.545988
v 3.326609 -0.675285 -16.431674
v 3.326609 -0.675285 -16.431674
v 3.170727 -0.877085 -16.545988
v 2.855916 -0.891721 -16.482589
v 3.326609 -0.675285 -16.431674
v 2.855916 -0.891721 -16.482589
v 2.855916 -0.682596 -16.260746
v 2.855916 -0.682596 -16.260746
v 2.855916 -0.891721 -16.482589
v 2.526963 -0.875488 -16.535618
v 2.855916 -0.682596 -16.260746
v 2.526963 -0.875488 -16.535618
v 2.370921 -0.676307 -16.421187
v 2.370921 -0.676307 -16.421187
v 2.526963 -0.875488 -16.535618
v 2.432449 -0.888465 -16.776850
v 2.370921 -0.676307 -16.421187
v 2.432449 -0.888465 -16.776850
v 2.102490 -0.684499 -16.776850
v 2.102490 -0.684499 -16.776850
v 2.432449 -0.888465 -16.776850
v 2.561309 -0.871701 -16.992894
v 2.102490 -0.684499 -16.776850
v 2.561309 -0.871701 -16.992894
v 2.335508 -0.677297 -17.158482
v 2.335508 -0.677297 -17.158482
v 2.561309 -0.871701 -16.992894
v 2.855916 -0.886868 -17.103497
v 2.335508 -0.677297 -17.158482
v 2.855916 -0.886868 -17.103497
v 2.855916 -0.684709 -17.261473
v 2.855916 -0.684709 -17.261473
v 2.855916 -0.886868 -17.103497
v 3.166248 -0.870137 -17.004426
v 2.855916 -0.684709 -17.261473
v 3.166248 -0.870137 -17.004426
v 3.310535 -0.678319 -17.110237
v 3.310535 -0.678319 -17.110237
v 3.166248 -0.870137 -17.004426
v 3.289608 -0.900071 -16.776850
v 3.310535 -0.678319 -17.110237
v 3.289608 -0.900071 -16.776850
v 3.510798 -0.680023 -16.776850
v 3.307680 -0.893815 -16.776850
v 2.855916 -0.981529 -16.776850
v 2.855916 -0.958219 -16.776850
v 3.307680 -0.893815 -16.776850
v 2.855916 -0.958219 -16.776850
v 3.170727 -0.877085 -16.545988
v 3.170727 -0.877085 -16.545988
v 2.855916 -0.958219 -16.776850
v 2.855916 -0.976305 -16.776850
v 3.170727 -0.877085 -16.545988
v 2.855916 -0.976305 -16.776850
v 2.855916 -0.891721 -16.482589
v 2.855916 -0.891721 -16.482589
v 2.855916 -0.976305 -16.776850
v 2.855916 -0.956276 -16.776850
v 2.855916 -0.891721 -16.482589
v 2.855916 -0.956276 -16.776850
v 2.526963 -0.875488 -16.535618
v 2.526963 -0.875488 -16.535618
v 2.855916 -0.956276 -16.776850
v 2.855916 -0.982790 -16.776850
v 2.526963 -0.875488 -16.535618
v 2.855916 -0.982790 -16.776850
v 2.432449 -0.888465 -16.776850
v 2.432449 -0.888465 -16.776850
v 2.855916 -0.982790 -16.776850
v 2.855916 -0.964731 -16.776850
v 2.432449 -0.888465 -16.776850
v 2.855916 -0.964731 -16.776850
v 2.561309 -0.871701 -16.992894
v 2.561309 -0.871701 -16.992894
v 2.855916 -0.964731 -16.776850
v 2.855916 -0.983472 -16.776850
v 2.561309 -0.871701 -16.992894
v 2.855916 -0.983472 -16.776850
v 2.855916 -0.886868 -17.103497
v 2.855916 -0.886868 -17.103497
v 2.855916 -0.983472 -16.776850
v 2.855916 -0.962788 -16.776850
v 2.855916 -0.886868 -17.103497
v 2.855916 -0.962788 -16.776850
v 3.166248 -0.870137 -17.004426
v 3.166248 -0.870137 -17.004426
v 2.855916 -0.962788 -16.776850
v 2.855916 -0.968298 -16.776850
v 3.166248 -0.870137 -17.004426
v 2.855916 -0.968298 -16.776850
v 3.289608 -0.900071 -16.776850
v 15.100482 -0.150249 -13.025487
v 15.602078 -0.225426 -13.025487
v 15.464580 -0.207763 -12.805428
v 15.100482 -0.150249 -13.025487
v 15.464580 -0.207763 -12.805428
v 15.100482 -0.130780 -13.025487
v 15.100482 -0.130780 -13.025487
v 15.464580 -0.207763 -12.805428
v 15.100482 -0.223862 -12.686493
v 15.100482 -0.130780 -13.025487
v 15.100482 -0.223862 -12.686493
v 15.100482 -0.153546 -13.025487
v 15.100482 -0.153546 -13.025487
v 15.100482 -0.223862 -12.686493
v 14.755334 -0.206067 -12.816881
v 15.100482 -0.153546 -13.025487
v 14.755334 -0.206067 -12.816881
v 15.100482 -0.134199 -13.025487
v 15.100482 -0.134199 -13.025487
v 14.755334 -0.206067 -12.816881
v 14.566400 -0.203170 -13.025487
v 15.100482 -0.134199 -13.025487
v 14.566400 -0.203170 -13.025487
v 15.100482 -0.114760 -13.025487
v 15.100482 -0.114760 -13.025487
v 14.566400 -0.203170 -13.025487
v 14.713296 -0.206610 -13.259500
v 15.100482 -0.114760 -13.025487
v 14.713296 -0.206610 -13.259500
v 15.100482 -0.132164 -13.025487
v 15.100482 -0.132164 -13.025487
v 14.713296 -0.206610 -13.259500
v 15.100482 -0.201473 -13.332086
v 15.100482 -0.132164 -13.025487
v 15.100482 -0.201473 -13.332086
v 15.100482 -0.117851 -13.025487
v 15.100482 -0.117851 -13.025487
v 15.100482 -0.201473 -13.332086
v 15.468601 -0.222035 -13.247976
v 15.100482 -0.117851 -13.025487
v 15.468601 -0.222035 -13.247976
v 15.100482 -0.135461 -13.025487
v 15.100482 -0.135461 -13.025487
v 15.468601 -0.222035 -13.247976
v 15.667047 -0.202017 -13.025487
v 15.100482 -0.135461 -13.025487
v 15.667047 -0.202017 -13.025487
v 15.100482 -0.115898 -13.025487
v 15.602078 -0.225426 -13.025487
v 15.923924 -0.424006 -13.025487
v 15.655270 -0.418053 -12.690176
v 15.602078 -0.225426 -13.025487
v 15.655270 -0.418053 -12.690176
v 15.464580 -0.207763 -12.805428
v 15.464580 -0.207763 -12.805428
v 15.655270 -0.418053 -12.690176
v 15.100482 -0.423387 -12.511562
v 15.464580 -0.207763 -12.805428
v 15.100482 -0.423387 -12.511562
v 15.100482 -0.223862 -12.686493
v 15.100482 -0.223862 -12.686493
v 15.100482 -0.423387 -12.511562
v 14.502980 -0.417408 -12.664359
v 15.100482 -0.223862 -12.686493
v 14.502980 -0.417408 -12.664359
v 14.755334 -0.206067 -12.816881
v 14.755334 -0.206067 -12.816881
v 14.502980 -0.417408 -12.664359
v 14.189777 -0.419554 -13.025487
v 14.755334 -0.206067 -12.816881
v 14.189777 -0.419554 -13.025487
v 14.566400 -0.203170 -13.025487
v 14.566400 -0.203170 -13.025487
v 14.189777 -0.419554 -13.025487
v 14.483988 -0.416820 -13.398093
v 14.566400 -0.203170 -13.025487
v 14.483988 -0.416820 -13.398093
v 14.713296 -0.206610 -13.259500
v 14.713296 -0.206610 -13.259500
v 14.483988 -0.416820 -13.398093
v 15.100482 -0.418910 -13.507809
v 14.713296 -0.206610 -13.259500
v 15.100482 -0.418910 -13.507809
v 15.100482 -0.201473 -13.332086
v 15.100482 -0.201473 -13.332086
v 15.100482 -0.418910 -13.507809
v 15.661774 -0.425935 -13.364730
v 15.100482 -0.201473 -13.332086
v 15.661774 -0.425935 -13.364730
v 15.468601 -0.222035 -13.247976
v 15.468601 -0.222035 -13.247976
v 15.661774 -0.425935 -13.364730
v 15.957816 -0.418297 -13.025487
v 15.468601 -0.222035 -13.247976
v 15.957816 -0.418297 -13.025487
v 15.667047 -0.202017 -13.025487
v 15.923924 -0.424006 -13.025487
v 15.987725 -0.679639 -13.025487
v 15.706493 -0.673437 -12.659217
v 15.923924 -0.424006 -13.025487
v 15.706493 -0.673437 -12.659217
v 15.655270 -0.418053 -12.690176
v 15.655270 -0.418053 -12.690176
v 15.706493 -0.673437 -12.659217
v 15.100482 -0.678620 -12.546240
v 15.655270 -0.418053 -12.690176
v 15.100482 -0.678620 -12.546240
v 15.100482 -0.423387 -12.511562
v 15.100482 -0.423387 -12.511562
v 15.100482 -0.678620 -12.546240
v 14.463934 -0.672431 -12.640760
v 15.100482 -0.423387 -12.511562
v 14.463934 -0.672431 -12.640760
v 14.502980 -0.417408 -12.664359
v 14.502980 -0.417408 -12.664359
v 14.463934 -0.672431 -12.640760
v 14.264396 -0.678438 -13.025487
v 14.502980 -0.417408 -12.664359
v 14.264396 -0.678438 -13.025487
v 14.189777 -0.419554 -13.025487
v 14.189777 -0.419554 -13.025487
v 14.264396 -0.678438 -13.025487
v 14.530670 -0.672249 -13.369879
v 14.189777 -0.419554 -13.025487
v 14.530670 -0.672249 -13.369879
v 14.483988 -0.416820 -13.398093
v 14.483988 -0.416820 -13.398093
v 14.530670 -0.672249 -13.369879
v 15.100482 -0.677432 -13.556832
v 14.483988 -0.416820 -13.398093
v 15.100482 -0.677432 -13.556832
v 15.100482 -0.418910 -13.507809
v 15.100482 -0.418910 -13.507809
v 15.100482 -0.677432 -13.556832
v 15.700760 -0.684209 -13.388292
v 15.100482 -0.418910 -13.507809
v 15.700760 -0.684209 -13.388292
v 15.661774 -0.425935 -13.364730
v 15.661774 -0.425935 -13.364730
v 15.700760 -0.684209 -13.388292
v 15.885306 -0.677225 -13.025487
v 15.661774 -0.425935 -13.364730
v 15.885306 -0.677225 -13.025487
v 15.957816 -0.418297 -13.025487
v 15.987725 -0.679639 -13.025487
v 15.613816 -0.894017 -13.025487
v 15.442687 -0.876243 -12.818660
v 15.987725 -0.679639 -13.025487
v 15.442687 -0.876243 -12.818660
v 15.706493 -0.673437 -12.659217
v 15.706493 -0.673437 -12.659217
v 15.442687 -0.876243 -12.818660
v 15.100482 -0.892396 -12.705812
v 15.706493 -0.673437 -12.659217
v 15.100482 -0.892396 -12.705812
v 15.100482 -0.678620 -12.546240
v 15.100482 -0.678620 -12.546240
v 15.100482 -0.892396 -12.705812
v 14.731730 -0.874620 -12.802615
v 15.100482 -0.678620 -12.546240
v 14.731730 -0.874620 -12.802615
v 14.463934 -0.672431 -12.640760
v 14.463934 -0.672431 -12.640760
v 14.731730 -0.874620 -12.802615
v 14.534010 -0.880172 -13.025487
v 14.463934 -0.672431 -12.640760
v 14.534010 -0.880172 -13.025487
v 14.264396 -0.678438 -13.025487
v 14.264396 -0.678438 -13.025487
v 14.534010 -0.880172 -13.025487
v 14.720835 -0.875139 -13.254944
v 14.264396 -0.678438 -13.025487
v 14.720835 -0.875139 -13.254944
v 14.530670 -0.672249 -13.369879
v 14.530670 -0.672249 -13.369879
v 14.720835 -0.875139 -13.254944
v 15.100482 -0.878552 -13.325845
v 14.530670 -0.672249 -13.369879
v 15.100482 -0.878552 -13.325845
v 15.100482 -0.677432 -13.556832
v 15.100482 -0.677432 -13.556832
v 15.100482 -0.878552 -13.325845
v 15.446234 -0.899001 -13.234458
v 15.100482 -0.677432 -13.556832
v 15.446234 -0.899001 -13.234458
v 15.700760 -0.684209 -13.388292
v 15.700760 -0.684209 -13.388292
v 15.446234 -0.899001 -13.234458
v 15.634408 -0.879070 -13.025487
v 15.700760 -0.684209 -13.388292
v 15.634408 -0.879070 -13.025487
v 15.885306 -0.677225 -13.025487
v 15.613816 -0.894017 -13.025487
v 15.100482 -0.976510 -13.025487
v 15.100482 -0.957219 -13.025487
v 15.613816 -0.894017 -13.025487
v 15.100482 -0.957219 -13.025487
v 15.442687 -0.876243 -12.818660
v 15.442687 -0.876243 -12.818660
v 15.100482 -0.957219 -13.025487
v 15.100482 -0.979827 -13.025487
v 15.442687 -0.876243 -12.818660
v 15.100482 -0.979827 -13.025487
v 15.100482 -0.892396 -12.705812
v 15.100482 -0.892396 -12.705812
v 15.100482 -0.979827 -13.025487
v 15.100482 -0.960455 -13.025487
v 15.100482 -0.892396 -12.705812
v 15.100482 -0.960455 -13.025487
v 14.731730 -0.874620 -12.802615
v 14.731730 -0.874620 -12.802615
v 15.100482 -0.960455 -13.025487
v 15.100482 -0.951542 -13.025487
v 14.731730 -0.874620 -12.802615
v 15.100482 -0.951542 -13.025487
v 14.534010 -0.880172 -13.025487
v 14.534010 -0.880172 -13.025487
v 15.100482 -0.951542 -13.025487
v 15.100482 -0.958419 -13.025487
v 14.534010 -0.880172 -13.025487
v 15.100482 -0.958419 -13.025487
v 14.720835 -0.875139 -13.254944
v 14.720835 -0.875139 -13.254944
v 15.100482 -0.958419 -13.025487
v 15.100482 -0.954775 -13.025487
v 14.720835 -0.875139 -13.254944
v 15.100482 -0.954775 -13.025487
v 15.100482 -0.878552 -13.325845
v 15.100482 -0.878552 -13.325845
v 15.100482 -0.954775 -13.025487
v 15.100482 -0.972236 -13.025487
v 15.100482 -0.878552 -13.325845
v 15.100482 -0.972236 -13.025487
v 15.446234 -0.899001 -13.234458
v 15.446234 -0.899001 -13.234458
v 15.100482 -0.972236 -13.025487
v 15.100482 -0.952822 -13.025487
v 15.446234 -0.899001 -13.234458
v 15.100482 -0.952822 -13.025487
v 15.634408 -0.879070 -13.025487
v 14.760482 -0.620000 -13.092487
v 14.793743 -0.621309 -13.116671
v 14.843743 0.648691 -13.116671
v 14.760482 -0.620000 -13.092487
v 14.843743 0.648691 -13.116671
v 14.810482 0.650000 -13.092487
v 14.760482 -0.620000 -13.127487
v 14.793743 -0.621309 -13.116671
v 14.760482 -0.620000 -13.092487
v 14.810482 0.650000 -13.127487
v 14.810482 0.650000 -13.092487
v 14.843743 0.648691 -13.116671
v 14.793743 -0.621309 -13.116671
v 14.781039 -0.620809 -13.155803
v 14.831039 0.649191 -13.155803
v 14.793743 -0.621309 -13.116671
v 14.831039 0.649191 -13.155803
v 14.843743 0.648691 -13.116671
v 14.760482 -0.620000 -13.127487
v 14.781039 -0.620809 -13.155803
v 14.793743 -0.621309 -13.116671
v 14.810482 0.650000 -13.127487
v 14.843743 0.648691 -13.116671
v 14.831039 0.649191 -13.155803
v 14.781039 -0.620809 -13.155803
v 14.739926 -0.619191 -13.155803
v 14.789926 0.650809 -13.155803
v 14.781039 -0.620809 -13.155803
v 14.789926 0.650809 -13.155803
v 14.831039 0.649191 -13.155803
v 14.760482 -0.620000 -13.127487
v 14.739926 -0.619191 -13.155803
v 14.781039 -0.620809 -13.155803
v 14.810482 0.650000 -13.127487
v 14.831039 0.649191 -13.155803
v 14.789926 0.650809 -13.155803
v 14.739926 -0.619191 -13.155803
v 14.727221 -0.618691 -13.116671
v 14.777221 0.651309 -13.116671
v 14.739926 -0.619191 -13.155803
v 14.777221 0.651309 -13.116671
v 14.789926 0.650809 -13.155803
v 14.760482 -0.620000 -13.127487
v 14.727221 -0.618691 -13.116671
v 14.739926 -0.619191 -13.155803
v 14.810482 0.650000 -13.127487
v 14.789926 0.650809 -13.155803
v 14.777221 0.651309 -13.116671
v 14.727221 -0.618691 -13.116671
v 14.760482 -0.620000 -13.092487
v 14.810482 0.650000 -13.092487
v 14.727221 -0.618691 -13.116671
v 14.810482 0.650000 -13.092487
v 14.777221 0.651309 -13.116671
v 14.760482 -0.620000 -13.127487
v 14.760482 -0.620000 -13.092487
v 14.727221 -0.618691 -13.116671
v 14.810482 0.650000 -13.127487
v 14.777221 0.651309 -13.116671
v 14.810482 0.650000 -13.092487
v 14.930482 -0.620000 -13.041487
v 14.963745 -0.621270 -13.065671
v 15.013745 0.688730 -13.065671
v 14.930482 -0.620000 -13.041487
v 15.013745 0.688730 -13.065671
v 14.980482 0.690000 -13.041487
v 14.930482 -0.620000 -13.076487
v 14.963745 -0.621270 -13.065671
v 14.930482 -0.620000 -13.041487
v 14.980482 0.690000 -13.076487
v 14.980482 0.690000 -13.041487
v 15.013745 0.688730 -13.065671
v 14.963745 -0.621270 -13.065671
v 14.951040 -0.620785 -13.104803
v 15.001040 0.689215 -13.104803
v 14.963745 -0.621270 -13.065671
v 15.001040 0.689215 -13.104803
v 15.013745 0.688730 -13.065671
v 14.930482 -0.620000 -13.076487
v 14.951040 -0.620785 -13.104803
v 14.963745 -0.621270 -13.065671
v 14.980482 0.690000 -13.076487
v 15.013745 0.688730 -13.065671
v 15.001040 0.689215 -13.104803
v 14.951040 -0.620785 -13.104803
v 14.909925 -0.619215 -13.104803
v 14.959925 0.690785 -13.104803
v 14.951040 -0.620785 -13.104803
v 14.959925 0.690785 -13.104803
v 15.001040 0.689215 -13.104803
v 14.930482 -0.620000 -13.076487
v 14.909925 -0.619215 -13.104803
v 14.951040 -0.620785 -13.104803
v 14.980482 0.690000 -13.076487
v 15.001040 0.689215 -13.104803
v 14.959925 0.690785 -13.104803
v 14.909925 -0.619215 -13.104803
v 14.897219 -0.618730 -13.065671
v 14.947219 0.691270 -13.065671
v 14.909925 -0.619215 -13.104803
v 14.947219 0.691270 -13.065671
v 14.959925 0.690785 -13.104803
v 14.930482 -0.620000 -13.076487
v 14.897219 -0.618730 -13.065671
v 14.909925 -0.619215 -13.104803
v 14.980482 0.690000 -13.076487
v 14.959925 0.690785 -13.104803
v 14.947219 0.691270 -13.065671
v 14.897219 -0.618730 -13.065671
v 14.930482 -0.620000 -13.041487
v 14.980482 0.690000 -13.041487
v 14.897219 -0.618730 -13.065671
v 14.980482 0.690000 -13.041487
v 14.947219 0.691270 -13.065671
v 14.930482 -0.620000 -13.076487
v 14.930482 -0.620000 -13.041487
v 14.897219 -0.618730 -13.065671
v 14.980482 0.690000 -13.076487
v 14.947219 0.691270 -13.065671
v 14.980482 0.690000 -13.041487
v 15.100482 -0.620000 -12.990487
v 15.133746 -0.621232 -13.014671
v 15.183746 0.728768 -13.014671
v 15.100482 -0.620000 -12.990487
v 15.183746 0.728768 -13.014671
v 15.150482 0.730000 -12.990487
v 15.100482 -0.620000 -13.025487
v 15.133746 -0.621232 -13.014671
v 15.100482 -0.620000 -12.990487
v 15.150482 0.730000 -13.025487
v 15.150482 0.730000 -12.990487
v 15.183746 0.728768 -13.014671
v 15.133746 -0.621232 -13.014671
v 15.121041 -0.620761 -13.053803
v 15.171041 0.729239 -13.053803
v 15.133746 -0.621232 -13.014671
v 15.171041 0.729239 -13.053803
v 15.183746 0.728768 -13.014671
v 15.100482 -0.620000 -13.025487
v 15.121041 -0.620761 -13.053803
v 15.133746 -0.621232 -13.014671
v 15.150482 0.730000 -13.025487
v 15.183746 0.728768 -13.014671
v 15.171041 0.729239 -13.053803
v 15.121041 -0.620761 -13.053803
v 15.079924 -0.619239 -13.053803
v 15.129924 0.730761 -13.053803
v 15.121041 -0.620761 -13.053803
v 15.129924 0.730761 -13.053803
v 15.171041 0.729239 -13.053803
v 15.100482 -0.620000 -13.025487
v 15.079924 -0.619239 -13.053803
v 15.121041 -0.620761 -13.053803
v 15.150482 0.730000 -13.025487
v 15.171041 0.729239 -13.053803
v 15.129924 0.730761 -13.053803
v 15.079924 -0.619239 -13.053803
v 15.067218 -0.618768 -13.014671
v 15.117218 0.731232 -13.014671
v 15.079924 -0.619239 -13.053803
v 15.117218 0.731232 -13.014671
v 15.129924 0.730761 -13.053803
v 15.100482 -0.620000 -13.025487
v 15.067218 -0.618768 -13.014671
v 15.079924 -0.619239 -13.053803
v 15.150482 0.730000 -13.025487
v 15.129924 0.730761 -13.053803
v 15.117218 0.731232 -13.014671
v 15.067218 -0.618768 -13.014671
v 15.100482 -0.620000 -12.990487
v 15.150482 0.730000 -12.990487
v 15.067218 -0.618768 -13.014671
v 15.150482 0.730000 -12.990487
v 15.117218 0.731232 -13.014671
v 15.100482 -0.620000 -13.025487
v 15.100482 -0.620000 -12.990487
v 15.067218 -0.618768 -13.014671
v 15.150482 0.730000 -13.025487
v 15.117218 0.731232 -13.014671
v 15.150482 0.730000 -12.990487
v 15.270482 -0.620000 -12.939487
v 15.303748 -0.621197 -12.963671
v 15.353748 0.768803 -12.963671
v 15.270482 -0.620000 -12.939487
v 15.353748 0.768803 -12.963671
v 15.320482 0.770000 -12.939487
v 15.270482 -0.620000 -12.974487
v 15.303748 -0.621197 -12.963671
v 15.270482 -0.620000 -12.939487
v 15.320482 0.770000 -12.974487
v 15.320482 0.770000 -12.939487
v 15.353748 0.768803 -12.963671
v 15.303748 -0.621197 -12.963671
v 15.291041 -0.620740 -13.002803
v 15.341041 0.769260 -13.002803
v 15.303748 -0.621197 -12.963671
v 15.341041 0.769260 -13.002803
v 15.353748 0.768803 -12.963671
v 15.270482 -0.620000 -12.974487
v 15.291041 -0.620740 -13.002803
v 15.303748 -0.621197 -12.963671
v 15.320482 0.770000 -12.974487
v 15.353748 0.768803 -12.963671
v 15.341041 0.769260 -13.002803
v 15.291041 -0.620740 -13.002803
v 15.249923 -0.619260 -13.002803
v 15.299923 0.770740 -13.002803
v 15.291041 -0.620740 -13.002803
v 15.299923 0.770740 -13.002803
v 15.341041 0.769260 -13.002803
v 15.270482 -0.620000 -12.974487
v 15.249923 -0.619260 -13.002803
v 15.291041 -0.620740 -13.002803
v 15.320482 0.770000 -12.974487
v 15.341041 0.769260 -13.002803
v 15.299923 0.770740 -13.002803
v 15.249923 -0.619260 -13.002803
v 15.237217 -0.618803 -12.963671
v 15.287217 0.771197 -12.963671
v 15.249923 -0.619260 -13.002803
v 15.287217 0.771197 -12.963671
v 15.299923 0.770740 -13.002803
v 15.270482 -0.620000 -12.974487
v 15.237217 -0.618803 -12.963671
v 15.249923 -0.619260 -13.002803
v 15.320482 0.770000 -12.974487
v 15.299923 0.770740 -13.002803
v 15.287217 0.771197 -12.963671
v 15.237217 -0.618803 -12.963671
v 15.270482 -0.620000 -12.939487
v 15.320482 0.770000 -12.939487
v 15.237217 -0.618803 -12.963671
v 15.320482 0.770000 -12.939487
v 15.287217 0.771197 -12.963671
v 15.270482 -0.620000 -12.974487
v 15.270482 -0.620000 -12.939487
v 15.237217 -0.618803 -12.963671
v 15.320482 0.770000 -12.974487
v 15.287217 0.771197 -12.963671
v 15.320482 0.770000 -12.939487
v 15.440482 -0.620000 -12.888487
v 15.473749 -0.621163 -12.912671
v 15.523749 0.808837 -12.912671
v 15.440482 -0.620000 -12.888487
v 15.523749 0.808837 -12.912671
v 15.490482 0.810000 -12.888487
v 15.440482 -0.620000 -12.923487
v 15.473749 -0.621163 -12.912671
v 15.440482 -0.620000 -12.888487
v 15.490482 0.810000 -12.923487
v 15.490482 0.810000 -12.888487
v 15.523749 0.808837 -12.912671
v 15.473749 -0.621163 -12.912671
v 15.461042 -0.620719 -12.951803
v 15.511042 0.809281 -12.951803
v 15.473749 -0.621163 -12.912671
v 15.511042 0.809281 -12.951803
v 15.523749 0.808837 -12.912671
v 15.440482 -0.620000 -12.923487
v 15.461042 -0.620719 -12.951803
v 15.473749 -0.621163 -12.912671
v 15.490482 0.810000 -12.923487
v 15.523749 0.808837 -12.912671
v 15.511042 0.809281 -12.951803
v 15.461042 -0.620719 -12.951803
v 15.419922 -0.619281 -12.951803
v 15.469922 0.810719 -12.951803
v 15.461042 -0.620719 -12.951803
v 15.469922 0.810719 -12.951803
v 15.511042 0.809281 -12.951803
v 15.440482 -0.620000 -12.923487
v 15.419922 -0.619281 -12.951803
v 15.461042 -0.620719 -12.951803
v 15.490482 0.810000 -12.923487
v 15.511042 0.809281 -12.951803
v 15.469922 0.810719 -12.951803
v 15.419922 -0.619281 -12.951803
v 15.407215 -0.618837 -12.912671
v 15.457215 0.811163 -12.912671
v 15.419922 -0.619281 -12.951803
v 15.457215 0.811163 -12.912671
v 15.469922 0.810719 -12.951803
v 15.440482 -0.620000 -12.923487
v 15.407215 -0.618837 -12.912671
v 15.419922 -0.619281 -12.951803
v 15.490482 0.810000 -12.923487
v 15.469922 0.810719 -12.951803
v 15.457215 0.811163 -12.912671
v 15.407215 -0.618837 -12.912671
v 15.440482 -0.620000 -12.888487
v 15.490482 0.810000 -12.888487
v 15.407215 -0.618837 -12.912671
v 15.490482 0.810000 -12.888487
v 15.457215 0.811163 -12.912671
v 15.440482 -0.620000 -12.923487
v 15.440482 -0.620000 -12.888487
v 15.407215 -0.618837 -12.912671
v 15.490482 0.810000 -12.923487
v 15.457215 0.811163 -12.912671
v 15.490482 0.810000 -12.888487
v 22.496879 -0.148815 -5.316175
v 23.151481 -0.203158 -5.316175
v 22.953037 -0.221938 -5.081701
v 22.496879 -0.148815 -5.316175
v 22.953037 -0.221938 -5.081701
v 22.496879 -0.127458 -5.316175
v 22.496879 -0.127458 -5.316175
v 22.953037 -0.221938 -5.081701
v 22.496879 -0.201488 -5.021590
v 22.496879 -0.127458 -5.316175
v 22.496879 -0.201488 -5.021590
v 22.496879 -0.146831 -5.316175
v 22.496879 -0.146831 -5.316175
v 22.496879 -0.201488 -5.021590
v 22.062774 -0.218192 -5.093037
v 22.496879 -0.146831 -5.316175
v 22.062774 -0.218192 -5.093037
v 22.496879 -0.125474 -5.316175
v 22.496879 -0.125474 -5.316175
v 22.062774 -0.218192 -5.093037
v 21.930454 -0.202056 -5.316175
v 22.496879 -0.125474 -5.316175
v 21.930454 -0.202056 -5.316175
v 22.496879 -0.144806 -5.316175
v 22.496879 -0.144806 -5.316175
v 21.930454 -0.202056 -5.316175
v 22.067496 -0.216653 -5.536886
v 22.496879 -0.144806 -5.316175
v 22.067496 -0.216653 -5.536886
v 22.496879 -0.133990 -5.316175
v 22.496879 -0.133990 -5.316175
v 22.067496 -0.216653 -5.536886
v 22.496879 -0.200441 -5.642819
v 22.496879 -0.133990 -5.316175
v 22.496879 -0.200441 -5.642819
v 22.496879 -0.153325 -5.316175
v 22.496879 -0.153325 -5.316175
v 22.496879 -0.200441 -5.642819
v 22.939788 -0.217088 -5.543838
v 22.496879 -0.153325 -5.316175
v 22.939788 -0.217088 -5.543838
v 22.496879 -0.131969 -5.316175
v 22.496879 -0.131969 -5.316175
v 22.939788 -0.217088 -5.543838
v 23.128822 -0.196645 -5.316175
v 22.496879 -0.131969 -5.316175
v 23.128822 -0.196645 -5.316175
v 22.496879 -0.151341 -5.316175
v 23.151481 -0.203158 -5.316175
v 23.486173 -0.415502 -5.316175
v 23.185466 -0.421842 -4.962229
v 23.151481 -0.203158 -5.316175
v 23.185466 -0.421842 -4.962229
v 22.953037 -0.221938 -5.081701
v 22.953037 -0.221938 -5.081701
v 23.185466 -0.421842 -4.962229
v 22.496879 -0.416470 -4.802322
v 22.953037 -0.221938 -5.081701
v 22.496879 -0.416470 -4.802322
v 22.496879 -0.201488 -5.021590
v 22.496879 -0.201488 -5.021590
v 22.496879 -0.416470 -4.802322
v 21.743151 -0.422867 -4.928744
v 22.496879 -0.201488 -5.021590
v 21.743151 -0.422867 -4.928744
v 22.062774 -0.218192 -5.093037
v 22.062774 -0.218192 -5.093037
v 21.743151 -0.422867 -4.928744
v 21.487675 -0.415873 -5.316175
v 22.062774 -0.218192 -5.093037
v 21.487675 -0.415873 -5.316175
v 21.930454 -0.202056 -5.316175
v 21.930454 -0.202056 -5.316175
v 21.487675 -0.415873 -5.316175
v 21.736412 -0.423885 -5.707069
v 21.930454 -0.202056 -5.316175
v 21.736412 -0.423885 -5.707069
v 22.067496 -0.216653 -5.536886
v 22.067496 -0.216653 -5.536886
v 21.736412 -0.423885 -5.707069
v 22.496879 -0.416897 -5.798259
v 22.067496 -0.216653 -5.536886
v 22.496879 -0.416897 -5.798259
v 22.496879 -0.200441 -5.642819
v 22.496879 -0.200441 -5.642819
v 22.496879 -0.416897 -5.798259
v 23.149568 -0.423236 -5.651669
v 22.496879 -0.200441 -5.642819
v 23.149568 -0.423236 -5.651669
v 22.939788 -0.217088 -5.543838
v 22.939788 -0.217088 -5.543838
v 23.149568 -0.423236 -5.651669
v 23.446827 -0.417865 -5.316175
v 22.939788 -0.217088 -5.543838
v 23.446827 -0.417865 -5.316175
v 23.128822 -0.196645 -5.316175
v 23.486173 -0.415502 -5.316175
v 23.568828 -0.680031 -5.316175
v 23.243908 -0.672891 -4.932188
v 23.486173 -0.415502 -5.316175
v 23.243908 -0.672891 -4.932188
v 23.185466 -0.421842 -4.962229
v 23.185466 -0.421842 -4.962229
v 23.243908 -0.672891 -4.932188
v 22.496879 -0.679072 -4.843501
v 23.185466 -0.421842 -4.962229
v 22.496879 -0.679072 -4.843501
v 22.496879 -0.416470 -4.802322
v 22.496879 -0.416470 -4.802322
v 22.496879 -0.679072 -4.843501
v 21.799836 -0.672693 -4.957882
v 22.496879 -0.416470 -4.802322
v 21.799836 -0.672693 -4.957882
v 21.743151 -0.422867 -4.928744
v 21.743151 -0.422867 -4.928744
v 21.799836 -0.672693 -4.957882
v 21.567762 -0.678887 -5.316175
v 21.743151 -0.422867 -4.928744
v 21.567762 -0.678887 -5.316175
v 21.487675 -0.415873 -5.316175
v 21.487675 -0.415873 -5.316175
v 21.567762 -0.678887 -5.316175
v 21.793059 -0.674929 -5.677952
v 21.487675 -0.415873 -5.316175
v 21.793059 -0.674929 -5.677952
v 21.736412 -0.423885 -5.707069
v 21.736412 -0.423885 -5.707069
v 21.793059 -0.674929 -5.677952
v 22.496879 -0.681122 -5.840745
v 21.736412 -0.423885 -5.707069
v 22.496879 -0.681122 -5.840745
v 22.496879 -0.416897 -5.798259
v 22.496879 -0.416897 -5.798259
v 22.496879 -0.681122 -5.840745
v 23.208053 -0.674692 -5.681732
v 22.496879 -0.416897 -5.798259
v 23.208053 -0.674692 -5.681732
v 23.149568 -0.423236 -5.651669
v 23.149568 -0.423236 -5.651669
v 23.208053 -0.674692 -5.681732
v 23.526912 -0.680874 -5.316175
v 23.149568 -0.423236 -5.651669
v 23.526912 -0.680874 -5.316175
v 23.446827 -0.417865 -5.316175
v 23.568828 -0.680031 -5.316175
v 23.072172 -0.886592 -5.316175
v 22.914883 -0.871322 -5.101313
v 23.568828 -0.680031 -5.316175
v 22.914883 -0.871322 -5.101313
v 23.243908 -0.672891 -4.932188
v 23.243908 -0.672891 -4.932188
v 22.914883 -0.871322 -5.101313
v 22.496879 -0.889101 -4.978500
v 23.243908 -0.672891 -4.932188
v 22.496879 -0.889101 -4.978500
v 22.496879 -0.679072 -4.843501
v 22.496879 -0.679072 -4.843501
v 22.496879 -0.889101 -4.978500
v 22.056871 -0.871824 -5.090002
v 22.496879 -0.679072 -4.843501
v 22.056871 -0.871824 -5.090002
v 21.799836 -0.672693 -4.957882
v 21.799836 -0.672693 -4.957882
v 22.056871 -0.871824 -5.090002
v 21.834055 -0.889604 -5.316175
v 21.799836 -0.672693 -4.957882
v 21.834055 -0.889604 -5.316175
v 21.567762 -0.678887 -5.316175
v 21.567762 -0.678887 -5.316175
v 21.834055 -0.889604 -5.316175
v 22.052693 -0.874466 -5.544495
v 21.567762 -0.678887 -5.316175
v 22.052693 -0.874466 -5.544495
v 21.793059 -0.674929 -5.677952
v 21.793059 -0.674929 -5.677952
v 22.052693 -0.874466 -5.544495
v 22.496879 -0.892229 -5.621349
v 21.793059 -0.674929 -5.677952
v 22.496879 -0.892229 -5.621349
v 22.496879 -0.681122 -5.840745
v 22.496879 -0.681122 -5.840745
v 22.496879 -0.892229 -5.621349
v 22.928187 -0.875102 -5.537875
v 22.496879 -0.681122 -5.840745
v 22.928187 -0.875102 -5.537875
v 23.208053 -0.674692 -5.681732
v 23.208053 -0.674692 -5.681732
v 22.928187 -0.875102 -5.537875
v 23.094923 -0.892881 -5.316175
v 23.208053 -0.674692 -5.681732
v 23.094923 -0.892881 -5.316175
v 23.526912 -0.680874 -5.316175
v 23.072172 -0.886592 -5.316175
v 22.496879 -0.972596 -5.316175
v 22.496879 -0.951131 -5.316175
v 23.072172 -0.886592 -5.316175
v 22.496879 -0.951131 -5.316175
v 22.914883 -0.871322 -5.101313
v 22.914883 -0.871322 -5.101313
v 22.496879 -0.951131 -5.316175
v 22.496879 -0.975727 -5.316175
v 22.914883 -0.871322 -5.101313
v 22.496879 -0.975727 -5.316175
v 22.496879 -0.889101 -4.978500
v 22.496879 -0.889101 -4.978500
v 22.496879 -0.975727 -5.316175
v 22.496879 -0.954428 -5.316175
v 22.496879 -0.889101 -4.978500
v 22.496879 -0.954428 -5.316175
v 22.056871 -0.871824 -5.090002
v 22.056871 -0.871824 -5.090002
v 22.496879 -0.954428 -5.316175
v 22.496879 -0.973815 -5.316175
v 22.056871 -0.871824 -5.090002
v 22.496879 -0.973815 -5.316175
v 21.834055 -0.889604 -5.316175
v 21.834055 -0.889604 -5.316175
v 22.496879 -0.973815 -5.316175
v 22.496879 -0.947225 -5.316175
v 21.834055 -0.889604 -5.316175
v 22.496879 -0.947225 -5.316175
v 22.052693 -0.874466 -5.544495
v 22.052693 -0.874466 -5.544495
v 22.496879 -0.947225 -5.316175
v 22.496879 -0.966608 -5.316175
v 22.052693 -0.874466 -5.544495
v 22.496879 -0.966608 -5.316175
v 22.496879 -0.892229 -5.621349
v 22.496879 -0.892229 -5.621349
v 22.496879 -0.966608 -5.316175
v 22.496879 -0.945144 -5.316175
v 22.496879 -0.892229 -5.621349
v 22.496879 -0.945144 -5.316175
v 22.928187 -0.875102 -5.537875
v 22.928187 -0.875102 -5.537875
v 22.496879 -0.945144 -5.316175
v 22.496879 -0.969741 -5.316175
v 22.928187 -0.875102 -5.537875
v 22.496879 -0.969741 -5.316175
v 23.094923 -0.892881 -5.316175
v 23.317096 -0.143228 3.025600
v 23.762990 -0.224222 3.025600
v 23.643310 -0.205894 3.264824
v 23.317096 -0.143228 3.025600
v 23.643310 -0.205894 3.264824
v 23.317096 -0.123235 3.025600
v 23.317096 -0.123235 3.025600
v 23.643310 -0.205894 3.264824
v 23.317096 -0.222592 3.355891
v 23.317096 -0.123235 3.025600
v 23.317096 -0.222592 3.355891
v 23.317096 -0.143940 3.025600
v 23.317096 -0.143940 3.025600
v 23.317096 -0.222592 3.355891
v 23.025078 -0.208528 3.239746
v 23.317096 -0.143940 3.025600
v 23.025078 -0.208528 3.239746
v 23.317096 -0.118658 3.025600
v 23.317096 -0.118658 3.025600
v 23.025078 -0.208528 3.239746
v 22.915128 -0.225225 3.025600
v 23.317096 -0.118658 3.025600
v 22.915128 -0.225225 3.025600
v 23.317096 -0.141987 3.025600
v 23.317096 -0.141987 3.025600
v 22.915128 -0.225225 3.025600
v 23.021898 -0.219506 2.809122
v 23.317096 -0.141987 3.025600
v 23.021898 -0.219506 2.809122
v 23.317096 -0.148082 3.025600
v 23.317096 -0.148082 3.025600
v 23.021898 -0.219506 2.809122
v 23.317096 -0.202258 2.701639
v 23.317096 -0.148082 3.025600
v 23.317096 -0.202258 2.701639
v 23.317096 -0.126736 3.025600
v 23.317096 -0.126736 3.025600
v 23.317096 -0.202258 2.701639
v 23.627923 -0.217893 2.797659
v 23.317096 -0.126736 3.025600
v 23.627923 -0.217893 2.797659
v 23.317096 -0.148754 3.025600
v 23.317096 -0.148754 3.025600
v 23.627923 -0.217893 2.797659
v 23.744951 -0.204875 3.025600
v 23.317096 -0.148754 3.025600
v 23.744951 -0.204875 3.025600
v 23.317096 -0.124823 3.025600
v 23.762990 -0.224222 3.025600
v 23.977081 -0.418643 3.025600
v 23.806438 -0.425428 3.384451
v 23.762990 -0.224222 3.025600
v 23.806438 -0.425428 3.384451
v 23.643310 -0.205894 3.264824
v 23.643310 -0.205894 3.264824
v 23.806438 -0.425428 3.384451
v 23.317096 -0.418834 3.525313
v 23.643310 -0.205894 3.264824
v 23.317096 -0.418834 3.525313
v 23.317096 -0.222592 3.355891
v 23.317096 -0.222592 3.355891
v 23.317096 -0.418834 3.525313
v 22.812432 -0.425626 3.395686
v 23.317096 -0.222592 3.355891
v 22.812432 -0.425626 3.395686
v 23.025078 -0.208528 3.239746
v 23.025078 -0.208528 3.239746
v 22.812432 -0.425626 3.395686
v 22.614116 -0.419844 3.025600
v 23.025078 -0.208528 3.239746
v 22.614116 -0.419844 3.025600
v 22.915128 -0.225225 3.025600
v 22.915128 -0.225225 3.025600
v 22.614116 -0.419844 3.025600
v 22.797268 -0.416895 2.644393
v 22.915128 -0.225225 3.025600
v 22.797268 -0.416895 2.644393
v 23.021898 -0.219506 2.809122
v 23.021898 -0.219506 2.809122
v 22.797268 -0.416895 2.644393
v 23.317096 -0.423281 2.536058
v 23.021898 -0.219506 2.809122
v 23.317096 -0.423281 2.536058
v 23.317096 -0.202258 2.701639
v 23.317096 -0.202258 2.701639
v 23.317096 -0.423281 2.536058
v 23.771463 -0.417093 2.692397
v 23.317096 -0.202258 2.701639
v 23.771463 -0.417093 2.692397
v 23.627923 -0.217893 2.797659
v 23.627923 -0.217893 2.797659
v 23.771463 -0.417093 2.692397
v 24.063750 -0.424283 3.025600
v 23.627923 -0.217893 2.797659
v 24.063750 -0.424283 3.025600
v 23.744951 -0.204875 3.025600
v 23.977081 -0.418643 3.025600
v 24.033261 -0.676900 3.025600
v 23.851197 -0.683891 3.417274
v 23.977081 -0.418643 3.025600
v 23.851197 -0.683891 3.417274
v 23.806438 -0.425428 3.384451
v 23.806438 -0.425428 3.384451
v 23.851197 -0.683891 3.417274
v 23.317096 -0.677525 3.566530
v 23.806438 -0.425428 3.384451
v 23.317096 -0.677525 3.566530
v 23.317096 -0.418834 3.525313
v 23.317096 -0.418834 3.525313
v 23.317096 -0.677525 3.566530
v 22.848355 -0.684516 3.369343
v 23.317096 -0.418834 3.525313
v 22.848355 -0.684516 3.369343
v 22.812432 -0.425626 3.395686
v 22.812432 -0.425626 3.395686
v 22.848355 -0.684516 3.369343
v 22.672118 -0.678126 3.025600
v 22.812432 -0.425626 3.395686
v 22.672118 -0.678126 3.025600
v 22.614116 -0.419844 3.025600
v 22.614116 -0.419844 3.025600
v 22.672118 -0.678126 3.025600
v 22.833182 -0.672165 2.670730
v 22.614116 -0.419844 3.025600
v 22.833182 -0.672165 2.670730
v 22.797268 -0.416895 2.644393
v 22.797268 -0.416895 2.644393
v 22.833182 -0.672165 2.670730
v 23.317096 -0.678750 2.494851
v 22.797268 -0.416895 2.644393
v 23.317096 -0.678750 2.494851
v 23.317096 -0.423281 2.536058
v 23.317096 -0.423281 2.536058
v 23.317096 -0.678750 2.494851
v 23.816193 -0.672765 2.659595
v 23.317096 -0.423281 2.536058
v 23.816193 -0.672765 2.659595
v 23.771463 -0.417093 2.692397
v 23.771463 -0.417093 2.692397
v 23.816193 -0.672765 2.659595
v 24.003989 -0.679375 3.025600
v 23.771463 -0.417093 2.692397
v 24.003989 -0.679375 3.025600
v 24.063750 -0.424283 3.025600
v 24.033261 -0.676900 3.025600
v 23.718231 -0.901142 3.025600
v 23.614759 -0.882811 3.243886
v 24.033261 -0.676900 3.025600
v 23.614759 -0.882811 3.243886
v 23.851197 -0.683891 3.417274
v 23.851197 -0.683891 3.417274
v 23.614759 -0.882811 3.243886
v 23.317096 -0.899596 3.342224
v 23.851197 -0.683891 3.417274
v 23.317096 -0.899596 3.342224
v 23.317096 -0.677525 3.566530
v 23.317096 -0.677525 3.566530
v 23.317096 -0.899596 3.342224
v 23.010171 -0.885511 3.250678
v 23.317096 -0.677525 3.566530
v 23.010171 -0.885511 3.250678
v 22.848355 -0.684516 3.369343
v 22.848355 -0.684516 3.369343
v 23.010171 -0.885511 3.250678
v 22.872030 -0.902230 3.025600
v 22.848355 -0.684516 3.369343
v 22.872030 -0.902230 3.025600
v 22.672118 -0.678126 3.025600
v 22.672118 -0.678126 3.025600
v 22.872030 -0.902230 3.025600
v 22.988513 -0.888080 2.784639
v 22.672118 -0.678126 3.025600
v 22.988513 -0.888080 2.784639
v 22.833182 -0.672165 2.670730
v 22.833182 -0.672165 2.670730
v 22.988513 -0.888080 2.784639
v 23.317096 -0.870811 2.728407
v 22.833182 -0.672165 2.670730
v 23.317096 -0.870811 2.728407
v 23.317096 -0.678750 2.494851
v 23.317096 -0.678750 2.494851
v 23.317096 -0.870811 2.728407
v 23.605211 -0.886466 2.814315
v 23.317096 -0.678750 2.494851
v 23.605211 -0.886466 2.814315
v 23.816193 -0.672765 2.659595
v 23.816193 -0.672765 2.659595
v 23.605211 -0.886466 2.814315
v 23.770433 -0.873511 3.025600
v 23.816193 -0.672765 2.659595
v 23.770433 -0.873511 3.025600
v 24.003989 -0.679375 3.025600
v 23.718231 -0.901142 3.025600
v 23.317096 -0.980152 3.025600
v 23.317096 -0.960114 3.025600
v 23.718231 -0.901142 3.025600
v 23.317096 -0.960114 3.025600
v 23.614759 -0.882811 3.243886
v 23.614759 -0.882811 3.243886
v 23.317096 -0.960114 3.025600
v 23.317096 -0.980752 3.025600
v 23.614759 -0.882811 3.243886
v 23.317096 -0.980752 3.025600
v 23.317096 -0.899596 3.342224
v 23.317096 -0.899596 3.342224
v 23.317096 -0.980752 3.025600
v 23.317096 -0.955505 3.025600
v 23.317096 -0.899596 3.342224
v 23.317096 -0.955505 3.025600
v 23.010171 -0.885511 3.250678
v 23.010171 -0.885511 3.250678
v 23.317096 -0.955505 3.025600
v 23.317096 -0.978768 3.025600
v 23.010171 -0.885511 3.250678
v 23.317096 -0.978768 3.025600
v 22.872030 -0.902230 3.025600
v 22.872030 -0.902230 3.025600
v 23.317096 -0.978768 3.025600
v 23.317096 -0.974476 3.025600
v 22.872030 -0.902230 3.025600
v 23.317096 -0.974476 3.025600
v 22.988513 -0.888080 2.784639
v 22.988513 -0.888080 2.784639
v 23.317096 -0.974476 3.025600
v 23.317096 -0.953165 3.025600
v 22.988513 -0.888080 2.784639
v 23.317096 -0.953165 3.025600
v 23.317096 -0.870811 2.728407
v 23.317096 -0.870811 2.728407
v 23.317096 -0.953165 3.025600
v 23.317096 -0.975116 3.025600
v 23.317096 -0.870811 2.728407
v 23.317096 -0.975116 3.025600
v 23.605211 -0.886466 2.814315
v 23.605211 -0.886466 2.814315
v 23.317096 -0.975116 3.025600
v 23.317096 -0.951140 3.025600
v 23.605211 -0.886466 2.814315
v 23.317096 -0.951140 3.025600
v 23.770433 -0.873511 3.025600
v 22.977096 -0.620000 2.958600
v 23.010357 -0.621309 2.934415
v 23.060357 0.648691 2.934415
v 22.977096 -0.620000 2.958600
v 23.060357 0.648691 2.934415
v 23.027096 0.650000 2.958600
v 22.977096 -0.620000 2.923600
v 23.010357 -0.621309 2.934415
v 22.977096 -0.620000 2.958600
v 23.027096 0.650000 2.923600
v 23.027096 0.650000 2.958600
v 23.060357 0.648691 2.934415
v 23.010357 -0.621309 2.934415
v 22.997652 -0.620809 2.895284
v 23.047652 0.649191 2.895284
v 23.010357 -0.621309 2.934415
v 23.047652 0.649191 2.895284
v 23.060357 0.648691 2.934415
v 22.977096 -0.620000 2.923600
v 22.997652 -0.620809 2.895284
v 23.010357 -0.621309 2.934415
v 23.027096 0.650000 2.923600
v 23.060357 0.648691 2.934415
v 23.047652 0.649191 2.895284
v 22.997652 -0.620809 2.895284
v 22.956539 -0.619191 2.895284
v 23.006539 0.650809 2.895284
v 22.997652 -0.620809 2.895284
v 23.006539 0.650809 2.895284
v 23.047652 0.649191 2.895284
v 22.977096 -0.620000 2.923600
v 22.956539 -0.619191 2.895284
v 22.997652 -0.620809 2.895284
v 23.027096 0.650000 2.923600
v 23.047652 0.649191 2.895284
v 23.006539 0.650809 2.895284
v 22.956539 -0.619191 2.895284
v 22.943834 -0.618691 2.934415
v 22.993834 0.651309 2.934415
v 22.956539 -0.619191 2.895284
v 22.993834 0.651309 2.934415
v 23.006539 0.650809 2.895284
v 22.977096 -0.620000 2.923600
v 22.943834 -0.618691 2.934415
v 22.956539 -0.619191 2.895284
v 23.027096 0.650000 2.923600
v 23.006539 0.650809 2.895284
v 22.993834 0.651309 2.934415
v 22.943834 -0.618691 2.934415
v 22.977096 -0.620000 2.958600
v 23.027096 0.650000 2.958600
v 22.943834 -0.618691 2.934415
v 23.027096 0.650000 2.958600
v 22.993834 0.651309 2.934415
v 22.977096 -0.620000 2.923600
v 22.977096 -0.620000 2.958600
v 22.943834 -0.618691 2.934415
v 23.027096 0.650000 2.923600
v 22.993834 0.651309 2.934415
v 23.027096 0.650000 2.958600
v 23.147096 -0.620000 3.009600
v 23.180358 -0.621270 2.985415
v 23.230358 0.688730 2.985415
v 23.147096 -0.620000 3.009600
v 23.230358 0.688730 2.985415
v 23.197096 0.690000 3.009600
v 23.147096 -0.620000 2.974600
v 23.180358 -0.621270 2.985415
v 23.147096 -0.620000 3.009600
v 23.197096 0.690000 2.974600
v 23.197096 0.690000 3.009600
v 23.230358 0.688730 2.985415
v 23.180358 -0.621270 2.985415
v 23.167653 -0.620785 2.946284
v 23.217653 0.689215 2.946284
v 23.180358 -0.621270 2.985415
v 23.217653 0.689215 2.946284
v 23.230358 0.688730 2.985415
v 23.147096 -0.620000 2.974600
v 23.167653 -0.620785 2.946284
v 23.180358 -0.621270 2.985415
v 23.197096 0.690000 2.974600
v 23.230358 0.688730 2.985415
v 23.217653 0.689215 2.946284
v 23.167653 -0.620785 2.946284
v 23.126538 -0.619215 2.946284
v 23.176538 0.690785 2.946284
v 23.167653 -0.620785 2.946284
v 23.176538 0.690785 2.946284
v 23.217653 0.689215 2.946284
v 23.147096 -0.620000 2.974600
v 23.126538 -0.619215 2.946284
v 23.167653 -0.620785 2.946284
v 23.197096 0.690000 2.974600
v 23.217653 0.689215 2.946284
v 23.176538 0.690785 2.946284
v 23.126538 -0.619215 2.946284
v 23.113833 -0.618730 2.985415
v 23.163833 0.691270 2.985415
v 23.126538 -0.619215 2.946284
v 23.163833 0.691270 2.985415
v 23.176538 0.690785 2.946284
v 23.147096 -0.620000 2.974600
v 23.113833 -0.618730 2.985415
v 23.126538 -0.619215 2.946284
v 23.197096 0.690000 2.974600
v 23.176538 0.690785 2.946284
v 23.163833 0.691270 2.985415
v 23.113833 -0.618730 2.985415
v 23.147096 -0.620000 3.009600
v 23.197096 0.690000 3.009600
v 23.113833 -0.618730 2.985415
v 23.197096 0.690000 3.009600
v 23.163833 0.691270 2.985415
v 23.147096 -0.620000 2.974600
v 23.147096 -0.620000 3.009600
v 23.113833 -0.618730 2.985415
v 23.197096 0.690000 2.974600
v 23.163833 0.691270 2.985415
v 23.197096 0.690000 3.009600
v 23.317096 -0.620000 3.060600
v 23.350360 -0.621232 3.036415
v 23.400360 0.728768 3.036415
v 23.317096 -0.620000 3.060600
v 23.400360 0.728768 3.036415
v 23.367096 0.730000 3.060600
v 23.317096 -0.620000 3.025600
v 23.350360 -0.621232 3.036415
v 23.317096 -0.620000 3.060600
v 23.367096 0.730000 3.025600
v 23.367096 0.730000 3.060600
v 23.400360 0.728768 3.036415
v 23.350360 -0.621232 3.036415
v 23.337654 -0.620761 2.997284
v 23.387654 0.729239 2.997284
v 23.350360 -0.621232 3.036415
v 23.387654 0.729239 2.997284
v 23.400360 0.728768 3.036415
v 23.317096 -0.620000 3.025600
v 23.337654 -0.620761 2.997284
v 23.350360 -0.621232 3.036415
v 23.367096 0.730000 3.025600
v 23.400360 0.728768 3.036415
v 23.387654 0.729239 2.997284
v 23.337654 -0.620761 2.997284
v 23.296537 -0.619239 2.997284
v 23.346537 0.730761 2.997284
v 23.337654 -0.620761 2.997284
v 23.346537 0.730761 2.997284
v 23.387654 0.729239 2.997284
v 23.317096 -0.620000 3.025600
v 23.296537 -0.619239 2.997284
v 23.337654 -0.620761 2.997284
v 23.367096 0.730000 3.025600
v 23.387654 0.729239 2.997284
v 23.346537 0.730761 2.997284
v 23.296537 -0.619239 2.997284
v 23.283831 -0.618768 3.036415
v 23.333831 0.731232 3.036415
v 23.296537 -0.619239 2.997284
v 23.333831 0.731232 3.036415
v 23.346537 0.730761 2.997284
v 23.317096 -0.620000 3.025600
v 23.283831 -0.618768 3.036415
v 23.296537 -0.619239 2.997284
v 23.367096 0.730000 3.025600
v 23.346537 0.730761 2.997284
v 23.333831 0.731232 3.036415
v 23.283831 -0.618768 3.036415
v 23.317096 -0.620000 3.060600
v 23.367096 0.730000 3.060600
v 23.283831 -0.618768 3.036415
v 23.367096 0.730000 3.060600
v 23.333831 0.731232 3.036415
v 23.317096 -0.620000 3.025600
v 23.317096 -0.620000 3.060600
v 23.283831 -0.618768 3.036415
v 23.367096 0.730000 3.025600
v 23.333831 0.731232 3.036415
v 23.367096 0.730000 3.060600
v 23.487096 -0.620000 3.111600
v 23.520361 -0.621197 3.087415
v 23.570361 0.768803 3.087415
v 23.487096 -0.620000 3.111600
v 23.570361 0.768803 3.087415
v 23.537096 0.770000 3.111600
v 23.487096 -0.620000 3.076600
v 23.520361 -0.621197 3.087415
v 23.487096 -0.620000 3.111600
v 23.537096 0.770000 3.076600
v 23.537096 0.770000 3.111600
v 23.570361 0.768803 3.087415
v 23.520361 -0.621197 3.087415
v 23.507655 -0.620740 3.048284
v 23.557655 0.769260 3.048284
v 23.520361 -0.621197 3.087415
v 23.557655 0.769260 3.048284
v 23.570361 0.768803 3.087415
v 23.487096 -0.620000 3.076600
v 23.507655 -0.620740 3.048284
v 23.520361 -0.621197 3.087415
v 23.537096 0.770000 3.076600
v 23.570361 0.768803 3.087415
v 23.557655 0.769260 3.048284
v 23.507655 -0.620740 3.048284
v 23.466536 -0.619260 3.048284
v 23.516536 0.770740 3.048284
v 23.507655 -0.620740 3.048284
v 23.516536 0.770740 3.048284
v 23.557655 0.769260 3.048284
v 23.487096 -0.620000 3.076600
v 23.466536 -0.619260 3.048284
v 23.507655 -0.620740 3.048284
v 23.537096 0.770000 3.076600
v 23.557655 0.769260 3.048284
v 23.516536 0.770740 3.048284
v 23.466536 -0.619260 3.048284
v 23.453830 -0.618803 3.087415
v 23.503830 0.771197 3.087415
v 23.466536 -0.619260 3.048284
v 23.503830 0.771197 3.087415
v 23.516536 0.770740 3.048284
v 23.487096 -0.620000 3.076600
v 23.453830 -0.618803 3.087415
v 23.466536 -0.619260 3.048284
v 23.537096 0.770000 3.076600
v 23.516536 0.770740 3.048284
v 23.503830 0.771197 3.087415
v 23.453830 -0.618803 3.087415
v 23.487096 -0.620000 3.111600
v 23.537096 0.770000 3.111600
v 23.453830 -0.618803 3.087415
v 23.537096 0.770000 3.111600
v 23.503830 0.771197 3.087415
v 23.487096 -0.620000 3.076600
v 23.487096 -0.620000 3.111600
v 23.453830 -0.618803 3.087415
v 23.537096 0.770000 3.076600
v 23.503830 0.771197 3.087415
v 23.537096 0.770000 3.111600
v 23.657096 -0.620000 3.162600
v 23.690362 -0.621163 3.138415
v 23.740362 0.808837 3.138415
v 23.657096 -0.620000 3.162600
v 23.740362 0.808837 3.138415
v 23.707096 0.810000 3.162600
v 23.657096 -0.620000 3.127600
v 23.690362 -0.621163 3.138415
v 23.657096 -0.620000 3.162600
v 23.707096 0.810000 3.127600
v 23.707096 0.810000 3.162600
v 23.740362 0.808837 3.138415
v 23.690362 -0.621163 3.138415
v 23.677655 -0.620719 3.099284
v 23.727655 0.809281 3.099284
v 23.690362 -0.621163 3.138415
v 23.727655 0.809281 3.099284
v 23.740362 0.808837 3.138415
v 23.657096 -0.620000 3.127600
v 23.677655 -0.620719 3.099284
v 23.690362 -0.621163 3.138415
v 23.707096 0.810000 3.127600
v 23.740362 0.808837 3.138415
v 23.727655 0.809281 3.099284
v 23.677655 -0.620719 3.099284
v 23.636536 -0.619281 3.099284
v 23.686536 0.810719 3.099284
v 23.677655 -0.620719 3.099284
v 23.686536 0.810719 3.099284
v 23.727655 0.809281 3.099284
v 23.657096 -0.620000 3.127600
v 23.636536 -0.619281 3.099284
v 23.677655 -0.620719 3.099284
v 23.707096 0.810000 3.127600
v 23.727655 0.809281 3.099284
v 23.686536 0.810719 3.099284
v 23.636536 -0.619281 3.099284
v 23.623829 -0.618837 3.138415
v 23.673829 0.811163 3.138415
v 23.636536 -0.619281 3.099284
v 23.673829 0.811163 3.138415
v 23.686536 0.810719 3.099284
v 23.657096 -0.620000 3.127600
v 23.623829 -0.618837 3.138415
v 23.636536 -0.619281 3.099284
v 23.707096 0.810000 3.127600
v 23.686536 0.810719 3.099284
v 23.673829 0.811163 3.138415
v 23.623829 -0.618837 3.138415
v 23.657096 -0.620000 3.162600
v 23.707096 0.810000 3.162600
v 23.623829 -0.618837 3.138415
v 23.707096 0.810000 3.162600
v 23.673829 0.811163 3.138415
v 23.657096 -0.620000 3.127600
v 23.657096 -0.620000 3.162600
v 23.623829 -0.618837 3.138415
v 23.707096 0.810000 3.127600
v 23.673829 0.811163 3.138415
v 23.707096 0.810000 3.162600
v 17.660633 -0.126183 11.270097
v 18.181347 -0.210353 11.270097
v 18.038331 -0.227598 11.498375
v 17.660633 -0.126183 11.270097
v 18.038331 -0.227598 11.498375
v 17.660633 -0.144899 11.270097
v 17.660633 -0.144899 11.270097
v 18.038331 -0.227598 11.498375
v 17.660633 -0.212962 11.568788
v 17.660633 -0.144899 11.270097
v 17.660633 -0.212962 11.568788
v 17.660633 -0.126865 11.270097
v 17.660633 -0.126865 11.270097
v 17.660633 -0.212962 11.568788
v 17.301879 -0.230206 11.486927
v 17.660633 -0.126865 11.270097
v 17.301879 -0.230206 11.486927
v 17.660633 -0.148206 11.270097
v 17.660633 -0.148206 11.270097
v 17.301879 -0.230206 11.486927
v 17.172113 -0.207209 11.270097
v 17.660633 -0.148206 11.270097
v 17.172113 -0.207209 11.270097
v 17.660633 -0.130193 11.270097
v 17.660633 -0.130193 11.270097
v 17.172113 -0.207209 11.270097
v 17.305900 -0.228634 11.055697
v 17.660633 -0.130193 11.270097
v 17.305900 -0.228634 11.055697
v 17.660633 -0.148868 11.270097
v 17.660633 -0.148868 11.270097
v 17.305900 -0.228634 11.055697
v 17.660633 -0.205638 10.939310
v 17.660633 -0.148868 11.270097
v 17.660633 -0.205638 10.939310
v 17.660633 -0.130874 11.270097
v 17.660633 -0.130874 11.270097
v 17.660633 -0.205638 10.939310
v 18.057074 -0.222883 11.030490
v 17.660633 -0.130874 11.270097
v 18.057074 -0.222883 11.030490
v 17.660633 -0.152173 11.270097
v 17.660633 -0.152173 11.270097
v 18.057074 -0.222883 11.030490
v 18.202281 -0.208247 11.270097
v 17.660633 -0.152173 11.270097
v 18.202281 -0.208247 11.270097
v 17.660633 -0.134160 11.270097
v 18.181347 -0.210353 11.270097
v 18.575609 -0.427926 11.270097
v 18.219007 -0.420731 11.607575
v 18.181347 -0.210353 11.270097
v 18.219007 -0.420731 11.607575
v 18.038331 -0.227598 11.498375
v 18.038331 -0.227598 11.498375
v 18.219007 -0.420731 11.607575
v 17.660633 -0.426524 11.795915
v 18.038331 -0.227598 11.498375
v 17.660633 -0.426524 11.795915
v 17.660633 -0.212962 11.568788
v 17.660633 -0.212962 11.568788
v 17.660633 -0.426524 11.795915
v 17.035006 -0.420140 11.648224
v 17.660633 -0.212962 11.568788
v 17.035006 -0.420140 11.648224
v 17.301879 -0.230206 11.486927
v 17.301879 -0.230206 11.486927
v 17.035006 -0.420140 11.648224
v 16.797685 -0.425882 11.270097
v 17.301879 -0.230206 11.486927
v 16.797685 -0.425882 11.270097
v 17.172113 -0.207209 11.270097
v 17.172113 -0.207209 11.270097
v 16.797685 -0.425882 11.270097
v 17.041509 -0.420335 10.895901
v 17.172113 -0.207209 11.270097
v 17.041509 -0.420335 10.895901
v 17.305900 -0.228634 11.055697
v 17.305900 -0.228634 11.055697
v 17.041509 -0.420335 10.895901
v 17.660633 -0.426077 10.774742
v 17.305900 -0.228634 11.055697
v 17.660633 -0.426077 10.774742
v 17.660633 -0.205638 10.939310
v 17.660633 -0.205638 10.939310
v 17.660633 -0.426077 10.774742
v 18.249285 -0.419693 10.914318
v 17.660633 -0.205638 10.939310
v 18.249285 -0.419693 10.914318
v 18.057074 -0.222883 11.030490
v 18.057074 -0.222883 11.030490
v 18.249285 -0.419693 10.914318
v 18.471022 -0.425486 11.270097
v 18.057074 -0.222883 11.030490
v 18.471022 -0.425486 11.270097
v 18.202281 -0.208247 11.270097
v 18.575609 -0.427926 11.270097
v 18.492501 -0.683819 11.270097
v 18.264076 -0.677232 11.634815
v 18.575609 -0.427926 11.270097
v 18.264076 -0.677232 11.634815
v 18.219007 -0.420731 11.607575
v 18.219007 -0.420731 11.607575
v 18.264076 -0.677232 11.634815
v 17.660633 -0.684436 11.757280
v 18.219007 -0.420731 11.607575
v 17.660633 -0.684436 11.757280
v 17.660633 -0.426524 11.795915
v 17.660633 -0.426524 11.795915
v 17.660633 -0.684436 11.757280
v 17.075482 -0.677849 11.623760
v 17.660633 -0.426524 11.795915
v 17.075482 -0.677849 11.623760
v 17.035006 -0.420140 11.648224
v 17.035006 -0.420140 11.648224
v 17.075482 -0.677849 11.623760
v 16.881059 -0.681813 11.270097
v 17.035006 -0.420140 11.648224
v 16.881059 -0.681813 11.270097
v 16.797685 -0.425882 11.270097
v 16.797685 -0.425882 11.270097
v 16.881059 -0.681813 11.270097
v 17.094228 -0.678458 10.927764
v 16.797685 -0.425882 11.270097
v 17.094228 -0.678458 10.927764
v 17.041509 -0.420335 10.895901
v 17.041509 -0.420335 10.895901
v 17.094228 -0.678458 10.927764
v 17.660633 -0.682430 10.730878
v 17.041509 -0.420335 10.895901
v 17.660633 -0.682430 10.730878
v 17.660633 -0.426077 10.774742
v 17.660633 -0.426077 10.774742
v 17.660633 -0.682430 10.730878
v 18.306808 -0.675831 10.879552
v 17.660633 -0.426077 10.774742
v 18.306808 -0.675831 10.879552
v 18.249285 -0.419693 10.914318
v 18.249285 -0.419693 10.914318
v 18.306808 -0.675831 10.879552
v 18.526234 -0.683040 11.270097
v 18.249285 -0.419693 10.914318
v 18.526234 -0.683040 11.270097
v 18.471022 -0.425486 11.270097
v 18.492501 -0.683819 11.270097
v 18.149867 -0.880236 11.270097
v 18.061345 -0.899094 11.512285
v 18.492501 -0.683819 11.270097
v 18.061345 -0.899094 11.512285
v 18.264076 -0.677232 11.634815
v 18.264076 -0.677232 11.634815
v 18.061345 -0.899094 11.512285
v 17.660633 -0.879726 11.574922
v 18.264076 -0.677232 11.634815
v 17.660633 -0.879726 11.574922
v 17.660633 -0.684436 11.757280
v 17.660633 -0.684436 11.757280
v 17.660633 -0.879726 11.574922
v 17.309056 -0.896459 11.482589
v 17.660633 -0.684436 11.757280
v 17.309056 -0.896459 11.482589
v 17.075482 -0.677849 11.623760
v 17.075482 -0.677849 11.623760
v 17.309056 -0.896459 11.482589
v 17.139243 -0.885470 11.270097
v 17.075482 -0.677849 11.623760
v 17.139243 -0.885470 11.270097
v 16.881059 -0.681813 11.270097
v 16.881059 -0.681813 11.270097
v 17.139243 -0.885470 11.270097
v 17.297946 -0.895933 11.050890
v 16.881059 -0.681813 11.270097
v 17.297946 -0.895933 11.050890
v 17.094228 -0.678458 10.927764
v 17.094228 -0.678458 10.927764
v 17.297946 -0.895933 11.050890
v 17.660633 -0.884959 10.945242
v 17.094228 -0.678458 10.927764
v 17.660633 -0.884959 10.945242
v 17.660633 -0.682430 10.730878
v 17.660633 -0.682430 10.730878
v 17.660633 -0.884959 10.945242
v 18.035070 -0.901660 11.043789
v 17.660633 -0.682430 10.730878
v 18.035070 -0.901660 11.043789
v 18.306808 -0.675831 10.879552
v 18.306808 -0.675831 10.879552
v 18.035070 -0.901660 11.043789
v 18.213852 -0.882308 11.270097
v 18.306808 -0.675831 10.879552
v 18.213852 -0.882308 11.270097
v 18.526234 -0.683040 11.270097
v 18.149867 -0.880236 11.270097
v 17.660633 -0.954212 11.270097
v 17.660633 -0.974871 11.270097
v 18.149867 -0.880236 11.270097
v 17.660633 -0.974871 11.270097
v 18.061345 -0.899094 11.512285
v 18.061345 -0.899094 11.512285
v 17.660633 -0.974871 11.270097
v 17.660633 -0.950905 11.270097
v 18.061345 -0.899094 11.512285
v 17.660633 -0.950905 11.270097
v 17.660633 -0.879726 11.574922
v 17.660633 -0.879726 11.574922
v 17.660633 -0.950905 11.270097
v 17.660633 -0.971565 11.270097
v 17.660633 -0.879726 11.574922
v 17.660633 -0.971565 11.270097
v 17.309056 -0.896459 11.482589
v 17.309056 -0.896459 11.482589
v 17.660633 -0.971565 11.270097
v 17.660633 -0.947742 11.270097
v 17.309056 -0.896459 11.482589
v 17.660633 -0.947742 11.270097
v 17.139243 -0.885470 11.270097
v 17.139243 -0.885470 11.270097
v 17.660633 -0.947742 11.270097
v 17.660633 -0.973529 11.270097
v 17.139243 -0.885470 11.270097
v 17.660633 -0.973529 11.270097
v 17.297946 -0.895933 11.050890
v 17.297946 -0.895933 11.050890
v 17.660633 -0.973529 11.270097
v 17.660633 -0.949684 11.270097
v 17.297946 -0.895933 11.050890
v 17.660633 -0.949684 11.270097
v 17.660633 -0.884959 10.945242
v 17.660633 -0.884959 10.945242
v 17.660633 -0.949684 11.270097
v 17.660633 -0.970384 11.270097
v 17.660633 -0.884959 10.945242
v 17.660633 -0.970384 11.270097
v 18.035070 -0.901660 11.043789
v 18.035070 -0.901660 11.043789
v 17.660633 -0.970384 11.270097
v 17.660633 -0.946398 11.270097
v 18.035070 -0.901660 11.043789
v 17.660633 -0.946398 11.270097
v 18.213852 -0.882308 11.270097
v 9.246595 -0.113421 15.560685
v 9.876168 -0.204277 15.560685
v 9.680624 -0.221007 15.783784
v 9.246595 -0.113421 15.560685
v 9.680624 -0.221007 15.783784
v 9.246595 -0.136711 15.560685
v 9.246595 -0.136711 15.560685
v 9.680624 -0.221007 15.783784
v 9.246595 -0.201634 15.900138
v 9.246595 -0.136711 15.560685
v 9.246595 -0.201634 15.900138
v 9.246595 -0.117989 15.560685
v 9.246595 -0.117989 15.560685
v 9.246595 -0.201634 15.900138
v 8.807990 -0.218365 15.786136
v 9.246595 -0.117989 15.560685
v 8.807990 -0.218365 15.786136
v 9.246595 -0.138653 15.560685
v 9.246595 -0.138653 15.560685
v 8.807990 -0.218365 15.786136
v 8.604659 -0.205978 15.560685
v 9.246595 -0.138653 15.560685
v 8.604659 -0.205978 15.560685
v 9.246595 -0.133960 15.560685
v 9.246595 -0.133960 15.560685
v 8.604659 -0.205978 15.560685
v 8.803267 -0.225867 15.332806
v 9.246595 -0.133960 15.560685
v 8.803267 -0.225867 15.332806
v 9.246595 -0.150710 15.560685
v 9.246595 -0.150710 15.560685
v 8.803267 -0.225867 15.332806
v 9.246595 -0.206919 15.266198
v 9.246595 -0.150710 15.560685
v 9.246595 -0.206919 15.266198
v 9.246595 -0.132457 15.560685
v 9.246595 -0.132457 15.560685
v 9.246595 -0.206919 15.266198
v 9.658277 -0.223217 15.349073
v 9.246595 -0.132457 15.560685
v 9.658277 -0.223217 15.349073
v 9.246595 -0.152671 15.560685
v 9.246595 -0.152671 15.560685
v 9.658277 -0.223217 15.349073
v 9.851343 -0.211227 15.560685
v 9.246595 -0.152671 15.560685
v 9.851343 -0.211227 15.560685
v 9.246595 -0.127473 15.560685
v 9.876168 -0.204277 15.560685
v 10.195491 -0.425666 15.560685
v 10.000244 -0.419882 15.948075
v 9.876168 -0.204277 15.560685
v 10.000244 -0.419882 15.948075
v 9.680624 -0.221007 15.783784
v 9.680624 -0.221007 15.783784
v 10.000244 -0.419882 15.948075
v 9.246595 -0.425446 16.063584
v 9.680624 -0.221007 15.783784
v 9.246595 -0.425446 16.063584
v 9.246595 -0.201634 15.900138
v 9.246595 -0.201634 15.900138
v 9.246595 -0.425446 16.063584
v 8.586521 -0.418851 15.899975
v 9.246595 -0.201634 15.900138
v 8.586521 -0.418851 15.899975
v 8.807990 -0.218365 15.786136
v 8.807990 -0.218365 15.786136
v 8.586521 -0.418851 15.899975
v 8.277713 -0.423851 15.560685
v 8.807990 -0.218365 15.786136
v 8.277713 -0.423851 15.560685
v 8.604659 -0.205978 15.560685
v 8.604659 -0.205978 15.560685
v 8.277713 -0.423851 15.560685
v 8.595069 -0.417660 15.225788
v 8.604659 -0.205978 15.560685
v 8.595069 -0.417660 15.225788
v 8.803267 -0.225867 15.332806
v 8.803267 -0.225867 15.332806
v 8.595069 -0.417660 15.225788
v 9.246595 -0.423428 15.047022
v 8.803267 -0.225867 15.332806
v 9.246595 -0.423428 15.047022
v 9.246595 -0.206919 15.266198
v 9.246595 -0.206919 15.266198
v 9.246595 -0.423428 15.047022
v 9.978505 -0.416655 15.184470
v 9.246595 -0.206919 15.266198
v 9.978505 -0.416655 15.184470
v 9.658277 -0.223217 15.349073
v 9.658277 -0.223217 15.349073
v 9.978505 -0.416655 15.184470
v 10.315245 -0.421831 15.560685
v 9.658277 -0.223217 15.349073
v 10.315245 -0.421831 15.560685
v 9.851343 -0.211227 15.560685
v 10.195491 -0.425666 15.560685
v 10.273119 -0.677990 15.560685
v 9.947197 -0.684583 15.920808
v 10.195491 -0.425666 15.560685
v 9.947197 -0.684583 15.920808
v 10.000244 -0.419882 15.948075
v 10.000244 -0.419882 15.948075
v 9.947197 -0.684583 15.920808
v 9.246595 -0.677389 16.113947
v 10.000244 -0.419882 15.948075
v 9.246595 -0.677389 16.113947
v 9.246595 -0.425446 16.063584
v 9.246595 -0.425446 16.063584
v 9.246595 -0.677389 16.113947
v 8.538872 -0.683982 15.924468
v 9.246595 -0.425446 16.063584
v 8.538872 -0.683982 15.924468
v 8.586521 -0.418851 15.899975
v 8.586521 -0.418851 15.899975
v 8.538872 -0.683982 15.924468
v 8.200145 -0.672505 15.560685
v 8.586521 -0.418851 15.899975
v 8.200145 -0.672505 15.560685
v 8.277713 -0.423851 15.560685
v 8.277713 -0.423851 15.560685
v 8.200145 -0.672505 15.560685
v 8.531230 -0.679497 15.192974
v 8.277713 -0.423851 15.560685
v 8.531230 -0.679497 15.192974
v 8.595069 -0.417660 15.225788
v 8.595069 -0.417660 15.225788
v 8.531230 -0.679497 15.192974
v 9.246595 -0.672107 15.080384
v 8.595069 -0.417660 15.225788
v 9.246595 -0.672107 15.080384
v 9.246595 -0.423428 15.047022
v 9.246595 -0.423428 15.047022
v 9.246595 -0.672107 15.080384
v 9.911068 -0.678890 15.219133
v 9.246595 -0.423428 15.047022
v 9.911068 -0.678890 15.219133
v 9.978505 -0.416655 15.184470
v 9.978505 -0.416655 15.184470
v 9.911068 -0.678890 15.219133
v 10.232510 -0.673699 15.560685
v 9.978505 -0.416655 15.184470
v 10.232510 -0.673699 15.560685
v 10.315245 -0.421831 15.560685
v 10.273119 -0.677990 15.560685
v 9.818294 -0.873520 15.560685
v 9.706409 -0.888662 15.797038
v 10.273119 -0.677990 15.560685
v 9.706409 -0.888662 15.797038
v 9.947197 -0.684583 15.920808
v 9.947197 -0.684583 15.920808
v 9.706409 -0.888662 15.797038
v 9.246595 -0.869849 15.870996
v 9.947197 -0.684583 15.920808
v 9.246595 -0.869849 15.870996
v 9.246595 -0.677389 16.113947
v 9.246595 -0.677389 16.113947
v 9.246595 -0.869849 15.870996
v 8.835720 -0.887114 15.771882
v 9.246595 -0.677389 16.113947
v 8.835720 -0.887114 15.771882
v 8.538872 -0.683982 15.924468
v 8.538872 -0.683982 15.924468
v 8.835720 -0.887114 15.771882
v 8.636993 -0.882255 15.560685
v 8.538872 -0.683982 15.924468
v 8.636993 -0.882255 15.560685
v 8.200145 -0.672505 15.560685
v 8.200145 -0.672505 15.560685
v 8.636993 -0.882255 15.560685
v 8.831553 -0.902707 15.347346
v 8.200145 -0.672505 15.560685
v 8.831553 -0.902707 15.347346
v 8.531230 -0.679497 15.192974
v 8.531230 -0.679497 15.192974
v 8.831553 -0.902707 15.347346
v 9.246595 -0.883628 15.231196
v 8.531230 -0.679497 15.192974
v 9.246595 -0.883628 15.231196
v 9.246595 -0.672107 15.080384
v 9.246595 -0.672107 15.080384
v 9.246595 -0.883628 15.231196
v 9.684341 -0.901093 15.335676
v 9.246595 -0.672107 15.080384
v 9.684341 -0.901093 15.335676
v 9.911068 -0.678890 15.219133
v 9.911068 -0.678890 15.219133
v 9.684341 -0.901093 15.335676
v 9.893507 -0.879046 15.560685
v 9.911068 -0.678890 15.219133
v 9.893507 -0.879046 15.560685
v 10.232510 -0.673699 15.560685
v 9.818294 -0.873520 15.560685
v 9.246595 -0.961724 15.560685
v 9.246595 -0.983059 15.560685
v 9.818294 -0.873520 15.560685
v 9.246595 -0.983059 15.560685
v 9.706409 -0.888662 15.797038
v 9.706409 -0.888662 15.797038
v 9.246595 -0.983059 15.560685
v 9.246595 -0.965030 15.560685
v 9.706409 -0.888662 15.797038
v 9.246595 -0.965030 15.560685
v 9.246595 -0.869849 15.870996
v 9.246595 -0.869849 15.870996
v 9.246595 -0.965030 15.560685
v 9.246595 -0.986367 15.560685
v 9.246595 -0.869849 15.870996
v 9.246595 -0.986367 15.560685
v 8.835720 -0.887114 15.771882
v 8.835720 -0.887114 15.771882
v 9.246595 -0.986367 15.560685
v 9.246595 -0.948896 15.560685
v 8.835720 -0.887114 15.771882
v 9.246595 -0.948896 15.560685
v 8.636993 -0.882255 15.560685
v 8.636993 -0.882255 15.560685
v 9.246595 -0.948896 15.560685
v 9.246595 -0.966270 15.560685
v 8.636993 -0.882255 15.560685
v 9.246595 -0.966270 15.560685
v 8.831553 -0.902707 15.347346
v 8.831553 -0.902707 15.347346
v 9.246595 -0.966270 15.560685
v 9.246595 -0.947938 15.560685
v 8.831553 -0.902707 15.347346
v 9.246595 -0.947938 15.560685
v 9.246595 -0.883628 15.231196
v 9.246595 -0.883628 15.231196
v 9.246595 -0.947938 15.560685
v 9.246595 -0.969559 15.560685
v 9.246595 -0.883628 15.231196
v 9.246595 -0.969559 15.560685
v 9.684341 -0.901093 15.335676
v 9.684341 -0.901093 15.335676
v 9.246595 -0.969559 15.560685
v 9.246595 -0.952757 15.560685
v 9.684341 -0.901093 15.335676
v 9.246595 -0.952757 15.560685
v 9.893507 -0.879046 15.560685
v 8.906595 -0.620000 15.493685
v 8.939856 -0.621309 15.469501
v 8.989856 0.648691 15.469501
v 8.906595 -0.620000 15.493685
v 8.989856 0.648691 15.469501
v 8.956595 0.650000 15.493685
v 8.906595 -0.620000 15.458685
v 8.939856 -0.621309 15.469501
v 8.906595 -0.620000 15.493685
v 8.956595 0.650000 15.458685
v 8.956595 0.650000 15.493685
v 8.989856 0.648691 15.469501
v 8.939856 -0.621309 15.469501
v 8.927151 -0.620809 15.430370
v 8.977151 0.649191 15.430370
v 8.939856 -0.621309 15.469501
v 8.977151 0.649191 15.430370
v 8.989856 0.648691 15.469501
v 8.906595 -0.620000 15.458685
v 8.927151 -0.620809 15.430370
v 8.939856 -0.621309 15.469501
v 8.956595 0.650000 15.458685
v 8.989856 0.648691 15.469501
v 8.977151 0.649191 15.430370
v 8.927151 -0.620809 15.430370
v 8.886038 -0.619191 15.430370
v 8.936038 0.650809 15.430370
v 8.927151 -0.620809 15.430370
v 8.936038 0.650809 15.430370
v 8.977151 0.649191 15.430370
v 8.906595 -0.620000 15.458685
v 8.886038 -0.619191 15.430370
v 8.927151 -0.620809 15.430370
v 8.956595 0.650000 15.458685
v 8.977151 0.649191 15.430370
v 8.936038 0.650809 15.430370
v 8.886038 -0.619191 15.430370
v 8.873334 -0.618691 15.469501
v 8.923334 0.651309 15.469501
v 8.886038 -0.619191 15.430370
v 8.923334 0.651309 15.469501
v 8.936038 0.650809 15.430370
v 8.906595 -0.620000 15.458685
v 8.873334 -0.618691 15.469501
v 8.886038 -0.619191 15.430370
v 8.956595 0.650000 15.458685
v 8.936038 0.650809 15.430370
v 8.923334 0.651309 15.469501
v 8.873334 -0.618691 15.469501
v 8.906595 -0.620000 15.493685
v 8.956595 0.650000 15.493685
v 8.873334 -0.618691 15.469501
v 8.956595 0.650000 15.493685
v 8.923334 0.651309 15.469501
v 8.906595 -0.620000 15.458685
v 8.906595 -0.620000 15.493685
v 8.873334 -0.618691 15.469501
v 8.956595 0.650000 15.458685
v 8.923334 0.651309 15.469501
v 8.956595 0.650000 15.493685
v 9.076595 -0.620000 15.544685
v 9.109858 -0.621270 15.520501
v 9.159858 0.688730 15.520501
v 9.076595 -0.620000 15.544685
v 9.159858 0.688730 15.520501
v 9.126595 0.690000 15.544685
v 9.076595 -0.620000 15.509685
v 9.109858 -0.621270 15.520501
v 9.076595 -0.620000 15.544685
v 9.126595 0.690000 15.509685
v 9.126595 0.690000 15.544685
v 9.159858 0.688730 15.520501
v 9.109858 -0.621270 15.520501
v 9.097152 -0.620785 15.481370
v 9.147152 0.689215 15.481370
v 9.109858 -0.621270 15.520501
v 9.147152 0.689215 15.481370
v 9.159858 0.688730 15.520501
v 9.076595 -0.620000 15.509685
v 9.097152 -0.620785 15.481370
v 9.109858 -0.621270 15.520501
v 9.126595 0.690000 15.509685
v 9.159858 0.688730 15.520501
v 9.147152 0.689215 15.481370
v 9.097152 -0.620785 15.481370
v 9.056037 -0.619215 15.481370
v 9.106037 0.690785 15.481370
v 9.097152 -0.620785 15.481370
v 9.106037 0.690785 15.481370
v 9.147152 0.689215 15.481370
v 9.076595 -0.620000 15.509685
v 9.056037 -0.619215 15.481370
v 9.097152 -0.620785 15.481370
v 9.126595 0.690000 15.509685
v 9.147152 0.689215 15.481370
v 9.106037 0.690785 15.481370
v 9.056037 -0.619215 15.481370
v 9.043332 -0.618730 15.520501
v 9.093332 0.691270 15.520501
v 9.056037 -0.619215 15.481370
v 9.093332 0.691270 15.520501
v 9.106037 0.690785 15.481370
v 9.076595 -0.620000 15.509685
v 9.043332 -0.618730 15.520501
v 9.056037 -0.619215 15.481370
v 9.126595 0.690000 15.509685
v 9.106037 0.690785 15.481370
v 9.093332 0.691270 15.520501
v 9.043332 -0.618730 15.520501
v 9.076595 -0.620000 15.544685
v 9.126595 0.690000 15.544685
v 9.043332 -0.618730 15.520501
v 9.126595 0.690000 15.544685
v 9.093332 0.691270 15.520501
v 9.076595 -0.620000 15.509685
v 9.076595 -0.620000 15.544685
v 9.043332 -0.618730 15.520501
v 9.126595 0.690000 15.509685
v 9.093332 0.691270 15.520501
v 9.126595 0.690000 15.544685
v 9.246595 -0.620000 15.595685
v 9.279859 -0.621232 15.571501
v 9.329859 0.728768 15.571501
v 9.246595 -0.620000 15.595685
v 9.329859 0.728768 15.571501
v 9.296595 0.730000 15.595685
v 9.246595 -0.620000 15.560685
v 9.279859 -0.621232 15.571501
v 9.246595 -0.620000 15.595685
v 9.296595 0.730000 15.560685
v 9.296595 0.730000 15.595685
v 9.329859 0.728768 15.571501
v 9.279859 -0.621232 15.571501
v 9.267153 -0.620761 15.532370
v 9.317153 0.729239 15.532370
v 9.279859 -0.621232 15.571501
v 9.317153 0.729239 15.532370
v 9.329859 0.728768 15.571501
v 9.246595 -0.620000 15.560685
v 9.267153 -0.620761 15.532370
v 9.279859 -0.621232 15.571501
v 9.296595 0.730000 15.560685
v 9.329859 0.728768 15.571501
v 9.317153 0.729239 15.532370
v 9.267153 -0.620761 15.532370
v 9.226037 -0.619239 15.532370
v 9.276037 0.730761 15.532370
v 9.267153 -0.620761 15.532370
v 9.276037 0.730761 15.532370
v 9.317153 0.729239 15.532370
v 9.246595 -0.620000 15.560685
v 9.226037 -0.619239 15.532370
v 9.267153 -0.620761 15.532370
v 9.296595 0.730000 15.560685
v 9.317153 0.729239 15.532370
v 9.276037 0.730761 15.532370
v 9.226037 -0.619239 15.532370
v 9.213331 -0.618768 15.571501
v 9.263331 0.731232 15.571501
v 9.226037 -0.619239 15.532370
v 9.263331 0.731232 15.571501
v 9.276037 0.730761 15.532370
v 9.246595 -0.620000 15.560685
v 9.213331 -0.618768 15.571501
v 9.226037 -0.619239 15.532370
v 9.296595 0.730000 15.560685
v 9.276037 0.730761 15.532370
v 9.263331 0.731232 15.571501
v 9.213331 -0.618768 15.571501
v 9.246595 -0.620000 15.595685
v 9.296595 0.730000 15.595685
v 9.213331 -0.618768 15.571501
v 9.296595 0.730000 15.595685
v 9.263331 0.731232 15.571501
v 9.246595 -0.620000 15.560685
v 9.246595 -0.620000 15.595685
v 9.213331 -0.618768 15.571501
v 9.296595 0.730000 15.560685
v 9.263331 0.731232 15.571501
v 9.296595 0.730000 15.595685
v 9.416595 -0.620000 15.646685
v 9.449860 -0.621197 15.622501
v 9.499860 0.768803 15.622501
v 9.416595 -0.620000 15.646685
v 9.499860 0.768803 15.622501
v 9.466595 0.770000 15.646685
v 9.416595 -0.620000 15.611685
v 9.449860 -0.621197 15.622501
v 9.416595 -0.620000 15.646685
v 9.466595 0.770000 15.611685
v 9.466595 0.770000 15.646685
v 9.499860 0.768803 15.622501
v 9.449860 -0.621197 15.622501
v 9.437154 -0.620740 15.583370
v 9.487154 0.769260 15.583370
v 9.449860 -0.621197 15.622501
v 9.487154 0.769260 15.583370
v 9.499860 0.768803 15.622501
v 9.416595 -0.620000 15.611685
v 9.437154 -0.620740 15.583370
v 9.449860 -0.621197 15.622501
v 9.466595 0.770000 15.611685
v 9.499860 0.768803 15.622501
v 9.487154 0.769260 15.583370
v 9.437154 -0.620740 15.583370
v 9.396036 -0.619260 15.583370
v 9.446036 0.770740 15.583370
v 9.437154 -0.620740 15.583370
v 9.446036 0.770740 15.583370
v 9.487154 0.769260 15.583370
v 9.416595 -0.620000 15.611685
v 9.396036 -0.619260 15.583370
v 9.437154 -0.620740 15.583370
v 9.466595 0.770000 15.611685
v 9.487154 0.769260 15.583370
v 9.446036 0.770740 15.583370
v 9.396036 -0.619260 15.583370
v 9.383329 -0.618803 15.622501
v 9.433329 0.771197 15.622501
v 9.396036 -0.619260 15.583370
v 9.433329 0.771197 15.622501
v 9.446036 0.770740 15.583370
v 9.416595 -0.620000 15.611685
v 9.383329 -0.618803 15.622501
v 9.396036 -0.619260 15.583370
v 9.466595 0.770000 15.611685
v 9.446036 0.770740 15.583370
v 9.433329 0.771197 15.622501
v 9.383329 -0.618803 15.622501
v 9.416595 -0.620000 15.646685
v 9.466595 0.770000 15.646685
v 9.383329 -0.618803 15.622501
v 9.466595 0.770000 15.646685
v 9.433329 0.771197 15.622501
v 9.416595 -0.620000 15.611685
v 9.416595 -0.620000 15.646685
v 9.383329 -0.618803 15.622501
v 9.466595 0.770000 15.611685
v 9.433329 0.771197 15.622501
v 9.466595 0.770000 15.646685
v 9.586595 -0.620000 15.697685
v 9.619862 -0.621163 15.673501
v 9.669862 0.808837 15.673501
v 9.586595 -0.620000 15.697685
v 9.669862 0.808837 15.673501
v 9.636595 0.810000 15.697685
v 9.586595 -0.620000 15.662685
v 9.619862 -0.621163 15.673501
v 9.586595 -0.620000 15.697685
v 9.636595 0.810000 15.662685
v 9.636595 0.810000 15.697685
v 9.669862 0.808837 15.673501
v 9.619862 -0.621163 15.673501
v 9.607155 -0.620719 15.634370
v 9.657155 0.809281 15.634370
v 9.619862 -0.621163 15.673501
v 9.657155 0.809281 15.634370
v 9.669862 0.808837 15.673501
v 9.586595 -0.620000 15.662685
v 9.607155 -0.620719 15.634370
v 9.619862 -0.621163 15.673501
v 9.636595 0.810000 15.662685
v 9.669862 0.808837 15.673501
v 9.657155 0.809281 15.634370
v 9.607155 -0.620719 15.634370
v 9.566035 -0.619281 15.634370
v 9.616035 0.810719 15.634370
v 9.607155 -0.620719 15.634370
v 9.616035 0.810719 15.634370
v 9.657155 0.809281 15.634370
v 9.586595 -0.620000 15.662685
v 9.566035 -0.619281 15.634370
v 9.607155 -0.620719 15.634370
v 9.636595 0.810000 15.662685
v 9.657155 0.809281 15.634370
v 9.616035 0.810719 15.634370
v 9.566035 -0.619281 15.634370
v 9.553328 -0.618837 15.673501
v 9.603328 0.811163 15.673501
v 9.566035 -0.619281 15.634370
v 9.603328 0.811163 15.673501
v 9.616035 0.810719 15.634370
v 9.586595 -0.620000 15.662685
v 9.553328 -0.618837 15.673501
v 9.566035 -0.619281 15.634370
v 9.636595 0.810000 15.662685
v 9.616035 0.810719 15.634370
v 9.603328 0.811163 15.673501
v 9.553328 -0.618837 15.673501
v 9.586595 -0.620000 15.697685
v 9.636595 0.810000 15.697685
v 9.553328 -0.618837 15.673501
v 9.636595 0.810000 15.697685
v 9.603328 0.811163 15.673501
v 9.586595 -0.620000 15.662685
v 9.586595 -0.620000 15.697685
v 9.553328 -0.618837 15.673501
v 9.636595 0.810000 15.662685
v 9.603328 0.811163 15.673501
v 9.636595 0.810000 15.697685
v -1.875165 -0.133122 16.847019
v -1.423881 -0.198924 16.847019
v -1.548300 -0.217255 17.086720
v -1.875165 -0.133122 16.847019
v -1.548300 -0.217255 17.086720
v -1.875165 -0.153110 16.847019
v -1.875165 -0.153110 16.847019
v -1.548300 -0.217255 17.086720
v -1.875165 -0.200471 17.174598
v -1.875165 -0.153110 16.847019
v -1.875165 -0.200471 17.174598
v -1.875165 -0.132431 16.847019
v -1.875165 -0.132431 16.847019
v -1.875165 -0.200471 17.174598
v -2.173850 -0.214555 17.066054
v -1.875165 -0.132431 16.847019
v -2.173850 -0.214555 17.066054
v -1.875165 -0.152438 16.847019
v -1.875165 -0.152438 16.847019
v -2.173850 -0.214555 17.066054
v -2.299813 -0.204258 16.847019
v -1.875165 -0.152438 16.847019
v -2.299813 -0.204258 16.847019
v -1.875165 -0.126611 16.847019
v -1.875165 -0.126611 16.847019
v -2.299813 -0.204258 16.847019
v -2.156249 -0.218342 16.640891
v -1.875165 -0.126611 16.847019
v -2.156249 -0.218342 16.640891
v -1.875165 -0.146599 16.847019
v -1.875165 -0.146599 16.847019
v -2.156249 -0.218342 16.640891
v -1.875165 -0.201624 16.547461
v -1.875165 -0.146599 16.847019
v -1.875165 -0.201624 16.547461
v -1.875165 -0.125919 16.847019
v -1.875165 -0.125919 16.847019
v -1.875165 -0.201624 16.547461
v -1.547327 -0.219889 16.606604
v -1.875165 -0.125919 16.847019
v -1.547327 -0.219889 16.606604
v -1.875165 -0.145928 16.847019
v -1.875165 -0.145928 16.847019
v -1.547327 -0.219889 16.606604
v -1.476428 -0.222933 16.847019
v -1.875165 -0.145928 16.847019
v -1.476428 -0.222933 16.847019
v -1.875165 -0.141755 16.847019
v -1.423881 -0.198924 16.847019
v -1.195912 -0.417101 16.847019
v -1.382158 -0.423293 17.208557
v -1.423881 -0.198924 16.847019
v -1.382158 -0.423293 17.208557
v -1.548300 -0.217255 17.086720
v -1.548300 -0.217255 17.086720
v -1.382158 -0.423293 17.208557
v -1.875165 -0.416916 17.329254
v -1.548300 -0.217255 17.086720
v -1.875165 -0.416916 17.329254
v -1.875165 -0.200471 17.174598
v -1.875165 -0.200471 17.174598
v -1.875165 -0.416916 17.329254
v -2.393207 -0.424717 17.226917
v -1.875165 -0.200471 17.174598
v -2.393207 -0.424717 17.226917
v -2.173850 -0.214555 17.066054
v -2.173850 -0.214555 17.066054
v -2.393207 -0.424717 17.226917
v -2.625656 -0.415114 16.847019
v -2.173850 -0.214555 17.066054
v -2.625656 -0.415114 16.847019
v -2.299813 -0.204258 16.847019
v -2.299813 -0.204258 16.847019
v -2.625656 -0.415114 16.847019
v -2.375929 -0.422929 16.479792
v -2.299813 -0.204258 16.847019
v -2.375929 -0.422929 16.479792
v -2.156249 -0.218342 16.640891
v -2.156249 -0.218342 16.640891
v -2.375929 -0.422929 16.479792
v -1.875165 -0.416539 16.314506
v -2.156249 -0.218342 16.640891
v -1.875165 -0.416539 16.314506
v -1.875165 -0.201624 16.547461
v -1.875165 -0.201624 16.547461
v -1.875165 -0.416539 16.314506
v -1.389401 -0.422680 16.490792
v -1.875165 -0.201624 16.547461
v -1.389401 -0.422680 16.490792
v -1.547327 -0.219889 16.606604
v -1.547327 -0.219889 16.606604
v -1.389401 -0.422680 16.490792
v -1.168341 -0.427919 16.847019
v -1.547327 -0.219889 16.606604
v -1.168341 -0.427919 16.847019
v -1.476428 -0.222933 16.847019
v -1.195912 -0.417101 16.847019
v -1.136210 -0.675147 16.847019
v -1.345014 -0.681138 17.235797
v -1.195912 -0.417101 16.847019
v -1.345014 -0.681138 17.235797
v -1.382158 -0.423293 17.208557
v -1.382158 -0.423293 17.208557
v -1.345014 -0.681138 17.235797
v -1.875165 -0.674549 17.373117
v -1.382158 -0.423293 17.208557
v -1.875165 -0.674549 17.373117
v -1.875165 -0.416916 17.329254
v -1.875165 -0.416916 17.329254
v -1.875165 -0.674549 17.373117
v -2.349728 -0.680534 17.195032
v -1.875165 -0.416916 17.329254
v -2.349728 -0.680534 17.195032
v -2.393207 -0.424717 17.226917
v -2.393207 -0.424717 17.226917
v -2.349728 -0.680534 17.195032
v -2.571193 -0.673154 16.847019
v -2.393207 -0.424717 17.226917
v -2.571193 -0.673154 16.847019
v -2.625656 -0.415114 16.847019
v -2.625656 -0.415114 16.847019
v -2.571193 -0.673154 16.847019
v -2.338787 -0.679145 16.507029
v -2.625656 -0.415114 16.847019
v -2.338787 -0.679145 16.507029
v -2.375929 -0.422929 16.479792
v -2.375929 -0.422929 16.479792
v -2.338787 -0.679145 16.507029
v -1.875165 -0.672556 16.358290
v -2.375929 -0.422929 16.479792
v -1.875165 -0.672556 16.358290
v -1.875165 -0.416539 16.314506
v -1.875165 -0.416539 16.314506
v -1.875165 -0.672556 16.358290
v -1.345964 -0.678490 16.458938
v -1.875165 -0.416539 16.314506
v -1.345964 -0.678490 16.458938
v -1.389401 -0.422680 16.490792
v -1.389401 -0.422680 16.490792
v -1.345964 -0.678490 16.458938
v -1.221039 -0.683835 16.847019
v -1.389401 -0.422680 16.490792
v -1.221039 -0.683835 16.847019
v -1.168341 -0.427919 16.847019
v -1.136210 -0.675147 16.847019
v -1.467581 -0.882957 16.847019
v -1.591676 -0.900728 17.054911
v -1.136210 -0.675147 16.847019
v -1.591676 -0.900728 17.054911
v -1.345014 -0.681138 17.235797
v -1.345014 -0.681138 17.235797
v -1.591676 -0.900728 17.054911
v -1.875165 -0.883534 17.155734
v -1.345014 -0.681138 17.235797
v -1.875165 -0.883534 17.155734
v -1.875165 -0.674549 17.373117
v -1.875165 -0.674549 17.373117
v -1.875165 -0.883534 17.155734
v -2.193062 -0.901305 17.080143
v -1.875165 -0.674549 17.373117
v -2.193062 -0.901305 17.080143
v -2.349728 -0.680534 17.195032
v -2.349728 -0.680534 17.195032
v -2.193062 -0.901305 17.080143
v -2.309280 -0.879879 16.847019
v -2.349728 -0.680534 17.195032
v -2.309280 -0.879879 16.847019
v -2.571193 -0.673154 16.847019
v -2.571193 -0.673154 16.847019
v -2.309280 -0.879879 16.847019
v -2.199431 -0.897651 16.609224
v -2.571193 -0.673154 16.847019
v -2.199431 -0.897651 16.609224
v -2.338787 -0.679145 16.507029
v -2.338787 -0.679145 16.507029
v -2.199431 -0.897651 16.609224
v -1.875165 -0.880390 16.515616
v -2.338787 -0.679145 16.507029
v -1.875165 -0.880390 16.515616
v -1.875165 -0.672556 16.358290
v -1.875165 -0.672556 16.358290
v -1.875165 -0.880390 16.515616
v -1.591476 -0.898095 16.638980
v -1.875165 -0.672556 16.358290
v -1.591476 -0.898095 16.638980
v -1.345964 -0.678490 16.458938
v -1.345964 -0.678490 16.458938
v -1.591476 -0.898095 16.638980
v -1.415154 -0.892930 16.847019
v -1.345964 -0.678490 16.458938
v -1.415154 -0.892930 16.847019
v -1.221039 -0.683835 16.847019
v -1.467581 -0.882957 16.847019
v -1.875165 -0.957676 16.847019
v -1.875165 -0.977012 16.847019
v -1.467581 -0.882957 16.847019
v -1.875165 -0.977012 16.847019
v -1.591676 -0.900728 17.054911
v -1.591676 -0.900728 17.054911
v -1.875165 -0.977012 16.847019
v -1.875165 -0.955650 16.847019
v -1.591676 -0.900728 17.054911
v -1.875165 -0.955650 16.847019
v -1.875165 -0.883534 17.155734
v -1.875165 -0.883534 17.155734
v -1.875165 -0.955650 16.847019
v -1.875165 -0.980278 16.847019
v -1.875165 -0.883534 17.155734
v -1.875165 -0.980278 16.847019
v -2.193062 -0.901305 17.080143
v -2.193062 -0.901305 17.080143
v -1.875165 -0.980278 16.847019
v -1.875165 -0.961644 16.847019
v -2.193062 -0.901305 17.080143
v -1.875165 -0.961644 16.847019
v -2.309280 -0.879879 16.847019
v -2.309280 -0.879879 16.847019
v -1.875165 -0.961644 16.847019
v -1.875165 -0.986230 16.847019
v -2.309280 -0.879879 16.847019
v -1.875165 -0.986230 16.847019
v -2.199431 -0.897651 16.609224
v -2.199431 -0.897651 16.609224
v -1.875165 -0.986230 16.847019
v -1.875165 -0.964910 16.847019
v -2.199431 -0.897651 16.609224
v -1.875165 -0.964910 16.847019
v -1.875165 -0.880390 16.515616
v -1.875165 -0.880390 16.515616
v -1.875165 -0.964910 16.847019
v -1.875165 -0.984246 16.847019
v -1.875165 -0.880390 16.515616
v -1.875165 -0.984246 16.847019
v -1.591476 -0.898095 16.638980
v -1.591476 -0.898095 16.638980
v -1.875165 -0.984246 16.847019
v -1.875165 -0.969918 16.847019
v -1.591476 -0.898095 16.638980
v -1.875165 -0.969918 16.847019
v -1.415154 -0.892930 16.847019
v -12.371594 -0.137398 14.414694
v -11.820153 -0.210911 14.414694
v -12.028864 -0.226927 14.621838
v -12.371594 -0.137398 14.414694
v -12.028864 -0.226927 14.621838
v -12.371594 -0.117876 14.414694
v -12.371594 -0.117876 14.414694
v -12.028864 -0.226927 14.621838
v -12.371594 -0.213379 14.712349
v -12.371594 -0.117876 14.414694
v -12.371594 -0.213379 14.712349
v -12.371594 -0.135280 14.414694
v -12.371594 -0.135280 14.414694
v -12.371594 -0.213379 14.712349
v -12.733037 -0.229595 14.633149
v -12.371594 -0.135280 14.414694
v -12.733037 -0.229595 14.633149
v -12.371594 -0.113318 14.414694
v -12.371594 -0.113318 14.414694
v -12.733037 -0.229595 14.633149
v -12.879123 -0.214138 14.414694
v -12.371594 -0.113318 14.414694
v -12.879123 -0.214138 14.414694
v -12.371594 -0.133409 14.414694
v -12.371594 -0.133409 14.414694
v -12.879123 -0.214138 14.414694
v -12.736104 -0.200589 14.194386
v -12.371594 -0.133409 14.414694
v -12.736104 -0.200589 14.194386
v -12.371594 -0.150801 14.414694
v -12.371594 -0.150801 14.414694
v -12.736104 -0.200589 14.194386
v -12.371594 -0.216739 14.091743
v -12.371594 -0.150801 14.414694
v -12.371594 -0.216739 14.091743
v -12.371594 -0.131456 14.414694
v -12.371594 -0.131456 14.414694
v -12.371594 -0.216739 14.091743
v -11.987306 -0.198975 14.182432
v -12.371594 -0.131456 14.414694
v -11.987306 -0.198975 14.182432
v -12.371594 -0.151494 14.414694
v -12.371594 -0.151494 14.414694
v -11.987306 -0.198975 14.182432
v -11.831578 -0.208670 14.414694
v -12.371594 -0.151494 14.414694
v -11.831578 -0.208670 14.414694
v -12.371594 -0.139790 14.414694
v -11.820153 -0.210911 14.414694
v -11.551596 -0.426535 14.414694
v -11.764338 -0.420543 14.781717
v -11.820153 -0.210911 14.414694
v -11.764338 -0.420543 14.781717
v -12.028864 -0.226927 14.621838
v -12.028864 -0.226927 14.621838
v -11.764338 -0.420543 14.781717
v -12.371594 -0.427544 14.946720
v -12.028864 -0.226927 14.621838
v -12.371594 -0.427544 14.946720
v -12.371594 -0.213379 14.712349
v -12.371594 -0.213379 14.712349
v -12.371594 -0.427544 14.946720
v -12.997126 -0.420741 14.792763
v -12.371594 -0.213379 14.712349
v -12.997126 -0.420741 14.792763
v -12.733037 -0.229595 14.633149
v -12.733037 -0.229595 14.633149
v -12.997126 -0.420741 14.792763
v -13.265383 -0.415593 14.414694
v -12.733037 -0.229595 14.633149
v -13.265383 -0.415593 14.414694
v -12.879123 -0.214138 14.414694
v -12.879123 -0.214138 14.414694
v -13.265383 -0.415593 14.414694
v -13.018932 -0.422593 14.023446
v -12.879123 -0.214138 14.414694
v -13.018932 -0.422593 14.023446
v -12.736104 -0.200589 14.194386
v -12.736104 -0.200589 14.194386
v -13.018932 -0.422593 14.023446
v -12.371594 -0.416602 13.942561
v -12.736104 -0.200589 14.194386
v -12.371594 -0.416602 13.942561
v -12.371594 -0.216739 14.091743
v -12.371594 -0.216739 14.091743
v -12.371594 -0.416602 13.942561
v -11.807098 -0.422779 14.073515
v -12.371594 -0.216739 14.091743
v -11.807098 -0.422779 14.073515
v -11.987306 -0.198975 14.182432
v -11.987306 -0.198975 14.182432
v -11.807098 -0.422779 14.073515
v -11.563915 -0.425692 14.414694
v -11.987306 -0.198975 14.182432
v -11.563915 -0.425692 14.414694
v -11.831578 -0.208670 14.414694
v -11.551596 -0.426535 14.414694
v -11.485648 -0.675485 14.414694
v -11.809528 -0.682304 14.754404
v -11.551596 -0.426535 14.414694
v -11.809528 -0.682304 14.754404
v -11.764338 -0.420543 14.781717
v -11.764338 -0.420543 14.781717
v -11.809528 -0.682304 14.754404
v -12.371594 -0.676123 14.902939
v -11.764338 -0.420543 14.781717
v -12.371594 -0.676123 14.902939
v -12.371594 -0.427544 14.946720
v -12.371594 -0.427544 14.946720
v -12.371594 -0.676123 14.902939
v -12.951963 -0.682924 14.765467
v -12.371594 -0.427544 14.946720
v -12.951963 -0.682924 14.765467
v -12.997126 -0.420741 14.792763
v -12.997126 -0.420741 14.792763
v -12.951963 -0.682924 14.765467
v -13.199434 -0.680767 14.414694
v -12.997126 -0.420741 14.792763
v -13.199434 -0.680767 14.414694
v -13.265383 -0.415593 14.414694
v -13.265383 -0.415593 14.414694
v -13.199434 -0.680767 14.414694
v -12.966105 -0.674582 14.055374
v -13.265383 -0.415593 14.414694
v -12.966105 -0.674582 14.055374
v -13.018932 -0.422593 14.023446
v -13.018932 -0.422593 14.023446
v -12.966105 -0.674582 14.055374
v -12.371594 -0.681355 13.898799
v -13.018932 -0.422593 14.023446
v -12.371594 -0.681355 13.898799
v -12.371594 -0.416602 13.942561
v -12.371594 -0.416602 13.942561
v -12.371594 -0.681355 13.898799
v -11.754284 -0.675177 14.041595
v -12.371594 -0.416602 13.942561
v -11.754284 -0.675177 14.041595
v -11.807098 -0.422779 14.073515
v -11.807098 -0.422779 14.073515
v -11.754284 -0.675177 14.041595
v -11.491525 -0.677973 14.414694
v -11.807098 -0.422779 14.073515
v -11.491525 -0.677973 14.414694
v -11.563915 -0.425692 14.414694
v -11.485648 -0.675485 14.414694
v -11.847475 -0.871237 14.414694
v -11.991584 -0.886677 14.644370
v -11.485648 -0.675485 14.414694
v -11.991584 -0.886677 14.644370
v -11.809528 -0.682304 14.754404
v -11.809528 -0.682304 14.754404
v -11.991584 -0.886677 14.644370
v -12.371594 -0.872618 14.734620
v -11.809528 -0.682304 14.754404
v -12.371594 -0.872618 14.734620
v -12.371594 -0.676123 14.902939
v -12.371594 -0.676123 14.902939
v -12.371594 -0.872618 14.734620
v -12.770450 -0.890381 14.655761
v -12.371594 -0.676123 14.902939
v -12.770450 -0.890381 14.655761
v -12.951963 -0.682924 14.765467
v -12.951963 -0.682924 14.765467
v -12.770450 -0.890381 14.655761
v -12.928007 -0.899864 14.414694
v -12.951963 -0.682924 14.765467
v -12.928007 -0.899864 14.414694
v -13.199434 -0.680767 14.414694
v -13.199434 -0.680767 14.414694
v -12.928007 -0.899864 14.414694
v -12.759341 -0.885806 14.180341
v -13.199434 -0.680767 14.414694
v -12.759341 -0.885806 14.180341
v -12.966105 -0.674582 14.055374
v -12.966105 -0.674582 14.055374
v -12.759341 -0.885806 14.180341
v -12.371594 -0.901511 14.114028
v -12.966105 -0.674582 14.055374
v -12.371594 -0.901511 14.114028
v -12.371594 -0.681355 13.898799
v -12.371594 -0.681355 13.898799
v -12.371594 -0.901511 14.114028
v -12.025545 -0.885296 14.205544
v -12.371594 -0.681355 13.898799
v -12.025545 -0.885296 14.205544
v -11.754284 -0.675177 14.041595
v -11.754284 -0.675177 14.041595
v -12.025545 -0.885296 14.205544
v -11.889837 -0.877460 14.414694
v -11.754284 -0.675177 14.041595
v -11.889837 -0.877460 14.414694
v -11.491525 -0.677973 14.414694
v -11.847475 -0.871237 14.414694
v -12.371594 -0.953616 14.414694
v -12.371594 -0.975361 14.414694
v -11.847475 -0.871237 14.414694
v -12.371594 -0.975361 14.414694
v -11.991584 -0.886677 14.644370
v -11.991584 -0.886677 14.644370
v -12.371594 -0.975361 14.414694
v -12.371594 -0.950104 14.414694
v -11.991584 -0.886677 14.644370
v -12.371594 -0.950104 14.414694
v -12.371594 -0.872618 14.734620
v -12.371594 -0.872618 14.734620
v -12.371594 -0.950104 14.414694
v -12.371594 -0.972115 14.414694
v -12.371594 -0.872618 14.734620
v -12.371594 -0.972115 14.414694
v -12.770450 -0.890381 14.655761
v -12.770450 -0.890381 14.655761
v -12.371594 -0.972115 14.414694
v -12.371594 -0.981209 14.414694
v -12.770450 -0.890381 14.655761
v -12.371594 -0.981209 14.414694
v -12.928007 -0.899864 14.414694
v -12.928007 -0.899864 14.414694
v -12.371594 -0.981209 14.414694
v -12.371594 -0.955950 14.414694
v -12.928007 -0.899864 14.414694
v -12.371594 -0.955950 14.414694
v -12.759341 -0.885806 14.180341
v -12.759341 -0.885806 14.180341
v -12.371594 -0.955950 14.414694
v -12.371594 -0.977861 14.414694
v -12.759341 -0.885806 14.180341
v -12.371594 -0.977861 14.414694
v -12.371594 -0.901511 14.114028
v -12.371594 -0.901511 14.114028
v -12.371594 -0.977861 14.414694
v -12.371594 -0.957873 14.414694
v -12.371594 -0.901511 14.114028
v -12.371594 -0.957873 14.414694
v -12.025545 -0.885296 14.205544
v -12.025545 -0.885296 14.205544
v -12.371594 -0.957873 14.414694
v -12.371594 -0.945592 14.414694
v -12.025545 -0.885296 14.205544
v -12.371594 -0.945592 14.414694
v -11.889837 -0.877460 14.414694
v -12.711594 -0.620000 14.347694
v -12.678333 -0.621309 14.323510
v -12.628333 0.648691 14.323510
v -12.711594 -0.620000 14.347694
v -12.628333 0.648691 14.323510
v -12.661594 0.650000 14.347694
v -12.711594 -0.620000 14.312694
v -12.678333 -0.621309 14.323510
v -12.711594 -0.620000 14.347694
v -12.661594 0.650000 14.312694
v -12.661594 0.650000 14.347694
v -12.628333 0.648691 14.323510
v -12.678333 -0.621309 14.323510
v -12.691037 -0.620809 14.284379
v -12.641037 0.649191 14.284379
v -12.678333 -0.621309 14.323510
v -12.641037 0.649191 14.284379
v -12.628333 0.648691 14.323510
v -12.711594 -0.620000 14.312694
v -12.691037 -0.620809 14.284379
v -12.678333 -0.621309 14.323510
v -12.661594 0.650000 14.312694
v -12.628333 0.648691 14.323510
v -12.641037 0.649191 14.284379
v -12.691037 -0.620809 14.284379
v -12.732150 -0.619191 14.284379
v -12.682150 0.650809 14.284379
v -12.691037 -0.620809 14.284379
v -12.682150 0.650809 14.284379
v -12.641037 0.649191 14.284379
v -12.711594 -0.620000 14.312694
v -12.732150 -0.619191 14.284379
v -12.691037 -0.620809 14.284379
v -12.661594 0.650000 14.312694
v -12.641037 0.649191 14.284379
v -12.682150 0.650809 14.284379
v -12.732150 -0.619191 14.284379
v -12.744855 -0.618691 14.323510
v -12.694855 0.651309 14.323510
v -12.732150 -0.619191 14.284379
v -12.694855 0.651309 14.323510
v -12.682150 0.650809 14.284379
v -12.711594 -0.620000 14.312694
v -12.744855 -0.618691 14.323510
v -12.732150 -0.619191 14.284379
v -12.661594 0.650000 14.312694
v -12.682150 0.650809 14.284379
v -12.694855 0.651309 14.323510
v -12.744855 -0.618691 14.323510
v -12.711594 -0.620000 14.347694
v -12.661594 0.650000 14.347694
v -12.744855 -0.618691 14.323510
v -12.661594 0.650000 14.347694
v -12.694855 0.651309 14.323510
v -12.711594 -0.620000 14.312694
v -12.711594 -0.620000 14.347694
v -12.744855 -0.618691 14.323510
v -12.661594 0.650000 14.312694
v -12.694855 0.651309 14.323510
v -12.661594 0.650000 14.347694
v -12.541594 -0.620000 14.398694
v -12.508331 -0.621270 14.374510
v -12.458331 0.688730 14.374510
v -12.541594 -0.620000 14.398694
v -12.458331 0.688730 14.374510
v -12.491594 0.690000 14.398694
v -12.541594 -0.620000 14.363694
v -12.508331 -0.621270 14.374510
v -12.541594 -0.620000 14.398694
v -12.491594 0.690000 14.363694
v -12.491594 0.690000 14.398694
v -12.458331 0.688730 14.374510
v -12.508331 -0.621270 14.374510
v -12.521036 -0.620785 14.335379
v -12.471036 0.689215 14.335379
v -12.508331 -0.621270 14.374510
v -12.471036 0.689215 14.335379
v -12.458331 0.688730 14.374510
v -12.541594 -0.620000 14.363694
v -12.521036 -0.620785 14.335379
v -12.508331 -0.621270 14.374510
v -12.491594 0.690000 14.363694
v -12.458331 0.688730 14.374510
v -12.471036 0.689215 14.335379
v -12.521036 -0.620785 14.335379
v -12.562151 -0.619215 14.335379
v -12.512151 0.690785 14.335379
v -12.521036 -0.620785 14.335379
v -12.512151 0.690785 14.335379
v -12.471036 0.689215 14.335379
v -12.541594 -0.620000 14.363694
v -12.562151 -0.619215 14.335379
v -12.521036 -0.620785 14.335379
v -12.491594 0.690000 14.363694
v -12.471036 0.689215 14.335379
v -12.512151 0.690785 14.335379
v -12.562151 -0.619215 14.335379
v -12.574857 -0.618730 14.374510
v -12.524857 0.691270 14.374510
v -12.562151 -0.619215 14.335379
v -12.524857 0.691270 14.374510
v -12.512151 0.690785 14.335379
v -12.541594 -0.620000 14.363694
v -12.574857 -0.618730 14.374510
v -12.562151 -0.619215 14.335379
v -12.491594 0.690000 14.363694
v -12.512151 0.690785 14.335379
v -12.524857 0.691270 14.374510
v -12.574857 -0.618730 14.374510
v -12.541594 -0.620000 14.398694
v -12.491594 0.690000 14.398694
v -12.574857 -0.618730 14.374510
v -12.491594 0.690000 14.398694
v -12.524857 0.691270 14.374510
v -12.541594 -0.620000 14.363694
v -12.541594 -0.620000 14.398694
v -12.574857 -0.618730 14.374510
v -12.491594 0.690000 14.363694
v -12.524857 0.691270 14.374510
v -12.491594 0.690000 14.398694
v -12.371594 -0.620000 14.449694
v -12.338330 -0.621232 14.425510
v -12.288330 0.728768 14.425510
v -12.371594 -0.620000 14.449694
v -12.288330 0.728768 14.425510
v -12.321594 0.730000 14.449694
v -12.371594 -0.620000 14.414694
v -12.338330 -0.621232 14.425510
v -12.371594 -0.620000 14.449694
v -12.321594 0.730000 14.414694
v -12.321594 0.730000 14.449694
v -12.288330 0.728768 14.425510
v -12.338330 -0.621232 14.425510
v -12.351035 -0.620761 14.386379
v -12.301035 0.729239 14.386379
v -12.338330 -0.621232 14.425510
v -12.301035 0.729239 14.386379
v -12.288330 0.728768 14.425510
v -12.371594 -0.620000 14.414694
v -12.351035 -0.620761 14.386379
v -12.338330 -0.621232 14.425510
v -12.321594 0.730000 14.414694
v -12.288330 0.728768 14.425510
v -12.301035 0.729239 14.386379
v -12.351035 -0.620761 14.386379
v -12.392152 -0.619239 14.386379
v -12.342152 0.730761 14.386379
v -12.351035 -0.620761 14.386379
v -12.342152 0.730761 14.386379
v -12.301035 0.729239 14.386379
v -12.371594 -0.620000 14.414694
v -12.392152 -0.619239 14.386379
v -12.351035 -0.620761 14.386379
v -12.321594 0.730000 14.414694
v -12.301035 0.729239 14.386379
v -12.342152 0.730761 14.386379
v -12.392152 -0.619239 14.386379
v -12.404858 -0.618768 14.425510
v -12.354858 0.731232 14.425510
v -12.392152 -0.619239 14.386379
v -12.354858 0.731232 14.425510
v -12.342152 0.730761 14.386379
v -12.371594 -0.620000 14.414694
v -12.404858 -0.618768 14.425510
v -12.392152 -0.619239 14.386379
v -12.321594 0.730000 14.414694
v -12.342152 0.730761 14.386379
v -12.354858 0.731232 14.425510
v -12.404858 -0.618768 14.425510
v -12.371594 -0.620000 14.449694
v -12.321594 0.730000 14.449694
v -12.404858 -0.618768 14.425510
v -12.321594 0.730000 14.449694
v -12.354858 0.731232 14.425510
v -12.371594 -0.620000 14.414694
v -12.371594 -0.620000 14.449694
v -12.404858 -0.618768 14.425510
v -12.321594 0.730000 14.414694
v -12.354858 0.731232 14.425510
v -12.321594 0.730000 14.449694
v -12.201594 -0.620000 14.500694
v -12.168328 -0.621197 14.476510
v -12.118328 0.768803 14.476510
v -12.201594 -0.620000 14.500694
v -12.118328 0.768803 14.476510
v -12.151594 0.770000 14.500694
v -12.201594 -0.620000 14.465694
v -12.168328 -0.621197 14.476510
v -12.201594 -0.620000 14.500694
v -12.151594 0.770000 14.465694
v -12.151594 0.770000 14.500694
v -12.118328 0.768803 14.476510
v -12.168328 -0.621197 14.476510
v -12.181035 -0.620740 14.437379
v -12.131035 0.769260 14.437379
v -12.168328 -0.621197 14.476510
v -12.131035 0.769260 14.437379
v -12.118328 0.768803 14.476510
v -12.201594 -0.620000 14.465694
v -12.181035 -0.620740 14.437379
v -12.168328 -0.621197 14.476510
v -12.151594 0.770000 14.465694
v -12.118328 0.768803 14.476510
v -12.131035 0.769260 14.437379
v -12.181035 -0.620740 14.437379
v -12.222153 -0.619260 14.437379
v -12.172153 0.770740 14.437379
v -12.181035 -0.620740 14.437379
v -12.172153 0.770740 14.437379
v -12.131035 0.769260 14.437379
v -12.201594 -0.620000 14.465694
v -12.222153 -0.619260 14.437379
v -12.181035 -0.620740 14.437379
v -12.151594 0.770000 14.465694
v -12.131035 0.769260 14.437379
v -12.172153 0.770740 14.437379
v -12.222153 -0.619260 14.437379
v -12.234859 -0.618803 14.476510
v -12.184859 0.771197 14.476510
v -12.222153 -0.619260 14.437379
v -12.184859 0.771197 14.476510
v -12.172153 0.770740 14.437379
v -12.201594 -0.620000 14.465694
v -12.234859 -0.618803 14.476510
v -12.222153 -0.619260 14.437379
v -12.151594 0.770000 14.465694
v -12.172153 0.770740 14.437379
v -12.184859 0.771197 14.476510
v -12.234859 -0.618803 14.476510
v -12.201594 -0.620000 14.500694
v -12.151594 0.770000 14.500694
v -12.234859 -0.618803 14.476510
v -12.151594 0.770000 14.500694
v -12.184859 0.771197 14.476510
v -12.201594 -0.620000 14.465694
v -12.201594 -0.620000 14.500694
v -12.234859 -0.618803 14.476510
v -12.151594 0.770000 14.465694
v -12.184859 0.771197 14.476510
v -12.151594 0.770000 14.500694
v -12.031594 -0.620000 14.551694
v -11.998327 -0.621163 14.527510
v -11.948327 0.808837 14.527510
v -12.031594 -0.620000 14.551694
v -11.948327 0.808837 14.527510
v -11.981594 0.810000 14.551694
v -12.031594 -0.620000 14.516694
v -11.998327 -0.621163 14.527510
v -12.031594 -0.620000 14.551694
v -11.981594 0.810000 14.516694
v -11.981594 0.810000 14.551694
v -11.948327 0.808837 14.527510
v -11.998327 -0.621163 14.527510
v -12.011034 -0.620719 14.488379
v -11.961034 0.809281 14.488379
v -11.998327 -0.621163 14.527510
v -11.961034 0.809281 14.488379
v -11.948327 0.808837 14.527510
v -12.031594 -0.620000 14.516694
v -12.011034 -0.620719 14.488379
v -11.998327 -0.621163 14.527510
v -11.981594 0.810000 14.516694
v -11.948327 0.808837 14.527510
v -11.961034 0.809281 14.488379
v -12.011034 -0.620719 14.488379
v -12.052154 -0.619281 14.488379
v -12.002154 0.810719 14.488379
v -12.011034 -0.620719 14.488379
v -12.002154 0.810719 14.488379
v -11.961034 0.809281 14.488379
v -12.031594 -0.620000 14.516694
v -12.052154 -0.619281 14.488379
v -12.011034 -0.620719 14.488379
v -11.981594 0.810000 14.516694
v -11.961034 0.809281 14.488379
v -12.002154 0.810719 14.488379
v -12.052154 -0.619281 14.488379
v -12.064860 -0.618837 14.527510
v -12.014860 0.811163 14.527510
v -12.052154 -0.619281 14.488379
v -12.014860 0.811163 14.527510
v -12.002154 0.810719 14.488379
v -12.031594 -0.620000 14.516694
v -12.064860 -0.618837 14.527510
v -12.052154 -0.619281 14.488379
v -11.981594 0.810000 14.516694
v -12.002154 0.810719 14.488379
v -12.014860 0.811163 14.527510
v -12.064860 -0.618837 14.527510
v -12.031594 -0.620000 14.551694
v -11.981594 0.810000 14.551694
v -12.064860 -0.618837 14.527510
v -11.981594 0.810000 14.551694
v -12.014860 0.811163 14.527510
v -12.031594 -0.620000 14.516694
v -12.031594 -0.620000 14.551694
v -12.064860 -0.618837 14.527510
v -11.981594 0.810000 14.516694
v -12.014860 0.811163 14.527510
v -11.981594 0.810000 14.551694
v -19.672269 -0.141344 9.424855
v -19.102196 -0.214107 9.424855
v -19.240210 -0.197854 9.646941
v -19.672269 -0.141344 9.424855
v -19.240210 -0.197854 9.646941
v -19.672269 -0.118696 9.424855
v -19.672269 -0.118696 9.424855
v -19.240210 -0.197854 9.646941
v -19.672269 -0.216732 9.755805
v -19.672269 -0.118696 9.424855
v -19.672269 -0.216732 9.755805
v -19.672269 -0.144651 9.424855
v -19.672269 -0.144651 9.424855
v -19.672269 -0.216732 9.755805
v -20.082002 -0.200546 9.635465
v -19.672269 -0.144651 9.424855
v -20.082002 -0.200546 9.635465
v -19.672269 -0.122002 9.424855
v -19.672269 -0.122002 9.424855
v -20.082002 -0.200546 9.635465
v -20.309688 -0.221449 9.424855
v -19.672269 -0.122002 9.424855
v -20.309688 -0.221449 9.424855
v -19.672269 -0.137355 9.424855
v -19.672269 -0.137355 9.424855
v -20.309688 -0.221449 9.424855
v -20.116369 -0.201014 9.196579
v -19.672269 -0.137355 9.424855
v -20.116369 -0.201014 9.196579
v -19.672269 -0.114707 9.424855
v -19.672269 -0.114707 9.424855
v -20.116369 -0.201014 9.196579
v -19.672269 -0.215646 9.113438
v -19.672269 -0.114707 9.424855
v -19.672269 -0.215646 9.113438
v -19.672269 -0.140662 9.424855
v -19.672269 -0.140662 9.424855
v -19.672269 -0.215646 9.113438
v -19.250500 -0.203706 9.208058
v -19.672269 -0.140662 9.424855
v -19.250500 -0.203706 9.208058
v -19.672269 -0.118014 9.424855
v -19.672269 -0.118014 9.424855
v -19.250500 -0.203706 9.208058
v -19.022535 -0.228758 9.424855
v -19.672269 -0.118014 9.424855
v -19.022535 -0.228758 9.424855
v -19.672269 -0.148992 9.424855
v -19.102196 -0.214107 9.424855
v -18.672243 -0.416352 9.424855
v -18.911144 -0.422362 9.816087
v -19.102196 -0.214107 9.424855
v -18.911144 -0.422362 9.816087
v -19.240210 -0.197854 9.646941
v -19.240210 -0.197854 9.646941
v -18.911144 -0.422362 9.816087
v -19.672269 -0.415732 9.920441
v -19.240210 -0.197854 9.646941
v -19.672269 -0.415732 9.920441
v -19.672269 -0.216732 9.755805
v -19.672269 -0.216732 9.755805
v -19.672269 -0.415732 9.920441
v -20.397258 -0.421717 9.797513
v -19.672269 -0.216732 9.755805
v -20.397258 -0.421717 9.797513
v -20.082002 -0.200546 9.635465
v -20.082002 -0.200546 9.635465
v -20.397258 -0.421717 9.797513
v -20.626012 -0.416773 9.424855
v -20.082002 -0.200546 9.635465
v -20.626012 -0.416773 9.424855
v -20.309688 -0.221449 9.424855
v -20.309688 -0.221449 9.424855
v -20.626012 -0.416773 9.424855
v -20.328798 -0.424380 9.087386
v -20.309688 -0.221449 9.424855
v -20.328798 -0.424380 9.087386
v -20.116369 -0.201014 9.196579
v -20.116369 -0.201014 9.196579
v -20.328798 -0.424380 9.087386
v -19.672269 -0.416179 8.877149
v -20.116369 -0.201014 9.196579
v -19.672269 -0.416179 8.877149
v -19.672269 -0.215646 9.113438
v -19.672269 -0.215646 9.113438
v -19.672269 -0.416179 8.877149
v -18.936741 -0.423786 9.046780
v -19.672269 -0.215646 9.113438
v -18.936741 -0.423786 9.046780
v -19.250500 -0.203706 9.208058
v -19.250500 -0.203706 9.208058
v -18.936741 -0.423786 9.046780
v -18.698539 -0.420478 9.424855
v -19.250500 -0.203706 9.208058
v -18.698539 -0.420478 9.424855
v -19.022535 -0.228758 9.424855
v -18.672243 -0.416352 9.424855
v -18.737050 -0.679182 9.424855
v -18.978623 -0.672373 9.781402
v -18.672243 -0.416352 9.424855
v -18.978623 -0.672373 9.781402
v -18.911144 -0.422362 9.816087
v -18.911144 -0.422362 9.816087
v -18.978623 -0.672373 9.781402
v -19.672269 -0.679785 9.964235
v -18.911144 -0.422362 9.816087
v -19.672269 -0.679785 9.964235
v -19.672269 -0.415732 9.920441
v -19.672269 -0.415732 9.920441
v -19.672269 -0.679785 9.964235
v -20.344269 -0.672990 9.770275
v -19.672269 -0.415732 9.920441
v -20.344269 -0.672990 9.770275
v -20.397258 -0.421717 9.797513
v -20.397258 -0.421717 9.797513
v -20.344269 -0.672990 9.770275
v -20.690973 -0.681181 9.424855
v -20.397258 -0.421717 9.797513
v -20.690973 -0.681181 9.424855
v -20.626012 -0.416773 9.424855
v -20.626012 -0.416773 9.424855
v -20.690973 -0.681181 9.424855
v -20.381914 -0.674385 9.060084
v -20.626012 -0.416773 9.424855
v -20.381914 -0.674385 9.060084
v -20.328798 -0.424380 9.087386
v -20.328798 -0.424380 9.087386
v -20.381914 -0.674385 9.060084
v -19.672269 -0.678553 8.916997
v -20.328798 -0.424380 9.087386
v -19.672269 -0.678553 8.916997
v -19.672269 -0.416179 8.877149
v -19.672269 -0.416179 8.877149
v -19.672269 -0.678553 8.916997
v -18.984505 -0.675014 9.071332
v -19.672269 -0.416179 8.877149
v -18.984505 -0.675014 9.071332
v -18.936741 -0.423786 9.046780
v -18.936741 -0.423786 9.046780
v -18.984505 -0.675014 9.071332
v -18.633797 -0.684778 9.424855
v -18.936741 -0.423786 9.046780
v -18.633797 -0.684778 9.424855
v -18.698539 -0.420478 9.424855
v -18.737050 -0.679182 9.424855
v -19.046297 -0.901886 9.424855
v -19.209676 -0.886151 9.662636
v -18.737050 -0.679182 9.424855
v -19.209676 -0.886151 9.662636
v -18.978623 -0.672373 9.781402
v -18.978623 -0.672373 9.781402
v -19.209676 -0.886151 9.662636
v -19.672269 -0.899261 9.733550
v -18.978623 -0.672373 9.781402
v -19.672269 -0.899261 9.733550
v -19.672269 -0.679785 9.964235
v -19.672269 -0.679785 9.964235
v -19.672269 -0.899261 9.733550
v -20.121474 -0.883592 9.655755
v -19.672269 -0.679785 9.964235
v -20.121474 -0.883592 9.655755
v -20.344269 -0.672990 9.770275
v -20.344269 -0.672990 9.770275
v -20.121474 -0.883592 9.655755
v -20.253890 -0.896535 9.424855
v -20.344269 -0.672990 9.770275
v -20.253890 -0.896535 9.424855
v -20.690973 -0.681181 9.424855
v -20.690973 -0.681181 9.424855
v -20.253890 -0.896535 9.424855
v -20.076958 -0.880867 9.216837
v -20.690973 -0.681181 9.424855
v -20.076958 -0.880867 9.216837
v -20.381914 -0.674385 9.060084
v -20.381914 -0.674385 9.060084
v -20.076958 -0.880867 9.216837
v -19.672269 -0.902338 9.083898
v -20.381914 -0.674385 9.060084
v -19.672269 -0.902338 9.083898
v -19.672269 -0.678553 8.916997
v -19.672269 -0.678553 8.916997
v -19.672269 -0.902338 9.083898
v -19.209948 -0.878176 9.187214
v -19.672269 -0.678553 8.916997
v -19.209948 -0.878176 9.187214
v -18.984505 -0.675014 9.071332
v -18.984505 -0.675014 9.071332
v -19.209948 -0.878176 9.187214
v -19.078394 -0.887104 9.424855
v -18.984505 -0.675014 9.071332
v -19.078394 -0.887104 9.424855
v -18.633797 -0.684778 9.424855
v -19.046297 -0.901886 9.424855
v -19.672269 -0.970505 9.424855
v -19.672269 -0.948466 9.424855
v -19.046297 -0.901886 9.424855
v -19.672269 -0.948466 9.424855
v -19.209676 -0.886151 9.662636
v -19.209676 -0.886151 9.662636
v -19.672269 -0.948466 9.424855
v -19.672269 -0.967208 9.424855
v -19.209676 -0.886151 9.662636
v -19.672269 -0.967208 9.424855
v -19.672269 -0.899261 9.733550
v -19.672269 -0.899261 9.733550
v -19.672269 -0.967208 9.424855
v -19.672269 -0.945211 9.424855
v -19.672269 -0.899261 9.733550
v -19.672269 -0.945211 9.424855
v -20.121474 -0.883592 9.655755
v -20.121474 -0.883592 9.655755
v -19.672269 -0.945211 9.424855
v -19.672269 -0.971725 9.424855
v -20.121474 -0.883592 9.655755
v -19.672269 -0.971725 9.424855
v -20.253890 -0.896535 9.424855
v -20.253890 -0.896535 9.424855
v -19.672269 -0.971725 9.424855
v -19.672269 -0.954978 9.424855
v -20.253890 -0.896535 9.424855
v -19.672269 -0.954978 9.424855
v -20.076958 -0.880867 9.216837
v -20.076958 -0.880867 9.216837
v -19.672269 -0.954978 9.424855
v -19.672269 -0.968469 9.424855
v -20.076958 -0.880867 9.216837
v -19.672269 -0.968469 9.424855
v -19.672269 -0.902338 9.083898
v -19.672269 -0.902338 9.083898
v -19.672269 -0.968469 9.424855
v -19.672269 -0.951764 9.424855
v -19.672269 -0.902338 9.083898
v -19.672269 -0.951764 9.424855
v -19.209948 -0.878176 9.187214
v -19.209948 -0.878176 9.187214
v -19.672269 -0.951764 9.424855
v -19.672269 -0.983692 9.424855
v -19.209948 -0.878176 9.187214
v -19.672269 -0.983692 9.424855
v -19.078394 -0.887104 9.424855
vt 0.500000 0.500000
vt 0.933391 0.500000
vt 0.937655 0.541800
vt 0.000000 0.000000
vt 1.000000 0.000000
vt 1.000000 1.000000
vt 0.000000 0.000000
vt 1.000000 1.000000
vt 0.000000 1.000000
vt 0.500000 0.500000
vt 0.937655 0.541800
vt 0.934914 0.583890
vt 0.000000 0.000000
vt 1.000000 0.000000
vt 1.000000 1.000000
vt 0.000000 0.000000
vt 1.000000 1.000000
vt 0.000000 1.000000
vt 0.500000 0.500000
vt 0.934914 0.583890
vt 0.924128 0.624762
vt 0.000000 0.000000
vt 1.000000 0.000000
vt 1.000000 1.000000
vt 0.000000 0.000000
vt 1.000000 1.000000
vt 0.000000 1.000000
vt 0.500000 0.500000
vt 0.924128 0.624762
vt 0.905924 0.663048
vt 0.000000 0.000000
vt 1.000000 0.000000
vt 1.000000 1.000000
vt 0.000000 0.000000
vt 1.000000 1.000000
vt 0.000000 1.000000
vt 0.500000 0.500000
vt 0.905924 0.663048
vt 0.882274 0.698143
vt 0.000000 0.000000
vt 1.000000 0.000000
vt 1.000000 1.000000
vt 0.000000 0.000000
vt 1.000000 1.000000
vt 0.000000 1.000000
vt 0.500000 0.500000
vt 0.882274 0.698143
vt 0.855565 0.730387
vt 0.000000 0.000000
vt 1.000000 0.000000
vt 1.000000 1.000000
vt 0.000000 0.000000
vt 1.000000 1.000000
vt 0.000000 1.000000
vt 0.500000 0.500000
vt 0.855565 0.730387
vt 0.827547 0.760671
vt 0.000000 0.000000
vt 1.000000 0.000000
vt 1.000000 1.000000
vt 0.000000 0.000000
vt 1.000000 1.000000
vt 0.000000 1.000000
vt 0.500000 0.500000
vt 0.827547 0.760671
vt 0.798737 0.789691
vt 0.000000 0.000000
vt 1.000000 0.000000
vt 1.000000 1.000000
vt 0.000000 0.000000
vt 1.000000 1.000000
vt 0.000000 1.000000
vt 0.500000 0.500000
vt 0.798737 0.789691
vt 0.768528 0.817294
vt 0.000000 0.000000
vt 1.000000 0.000000
vt 1.000000 1.000000
vt 0.000000 0.000000
vt 1.000000 1.000000
vt 0.000000 1.000000
vt 0.500000 0.500000
vt 0.768528 0.817294
vt 0.735886 0.842338
vt 0.000000 0.000000
vt 1.000000 0.000000
vt 1.000000 1.000000
vt 0.000000 0.000000
vt 1.000000 1.000000
vt 0.000000 1.000000
vt 0.500000 0.500000
vt 0.735886 0.842338
vt 0.700186 0.863180
vt 0.000000 0.000000
vt 1.000000 0.000000
vt 1.000000 1.000000
vt 0.000000 0.000000
vt 1.000000 1.000000
vt 0.000000 1.000000
vt 0.500000 0.500000
vt 0.700186 0.863180
vt 0.661698 0.878553
vt 0.000000 0.000000
vt 1.000000 0.000000
vt 1.000000 1.000000
vt 0.000000 0.000000
vt 1.000000 1.000000
vt 0.000000 1.000000
vt 0.500000 0.500000
vt 0.661698 0.878553
vt 0.621474 0.888321
vt 0.000000 0.000000
vt 1.000000 0.000000
vt 1.000000 1.000000
vt 0.000000 0.000000
vt 1.000000 1.000000
vt 0.000000 1.000000
vt 0.500000 0.500000
vt 0.621474 0.888321
vt 0.580750 0.893663
vt 0.000000 0.000000
vt 1.000000 0.000000
vt 1.000000 1.000000
vt 0.000000 0.000000
vt 1.000000 1.000000
vt 0.000000 1.000000
vt 0.500000 0.500000
vt 0.580750 0.893663
vt 0.540274 0.896531
vt 0.000000 0.000000
vt 1.000000 0.000000
vt 1.000000 1.000000
vt 0.000000 0.000000
vt 1.000000 1.000000
vt 0.000000 1.000000
vt 0.500000 0.500000
vt 0.540274 0.896531
vt 0.500000 0.898642
vt 0.000000 0.000000
vt 1.000000 0.000000
vt 1.000000 1.000000
vt 0.000000 0.000000
vt 1.000000 1.000000
vt 0.000000 1.000000
vt 0.500000 0.500000
vt 0.500000 0.898642
vt 0.459319 0.900538
vt 0.000000 0.000000
vt 1.000000 0.000000
vt 1.000000 1.000000
vt 0.000000 0.000000
vt 1.000000 1.000000
vt 0.000000 1.000000
vt 0.500000 0.500000
vt 0.459319 0.900538
vt 0.417700 0.901220
vt 0.000000 0.000000
vt 1.000000 0.000000
vt 1.000000 1.000000
vt 0.000000 0.000000
vt 1.000000 1.000000
vt 0.000000 1.000000
vt 0.500000 0.500000
vt 0.417700 0.901220
vt 0.375317 0.898580
vt 0.000000 0.000000
vt 1.000000 0.000000
vt 1.000000 1.000000
vt 0.000000 0.000000
vt 1.000000 1.000000
vt 0.000000 1.000000
vt 0.500000 0.500000
vt 0.375317 0.898580
vt 0.333245 0.890391
vt 0.000000 0.000000
vt 1.000000 0.000000
vt 1.000000 1.000000
vt 0.000000 0.000000
vt 1.000000 1.000000
vt 0.000000 1.000000
vt 0.500000 0.500000
vt 0.333245 0.890391
vt 0.293105 0.875352
vt 0.000000 0.000000
vt 1.000000 0.000000
vt 1.000000 1.000000
vt 0.000000 0.000000
vt 1.000000 1.000000
vt 0.000000 1.000000
vt 0.500000 0.500000
vt 0.293105 0.875352
vt 0.256321 0.853648
vt 0.000000 0.000000
vt 1.000000 0.000000
vt 1.000000 1.000000
vt 0.000000 0.000000
vt 1.000000 1.000000
vt 0.000000 1.000000
vt 0.500000 0.500000
vt 0.256321 0.853648
vt 0.223471 0.826749
vt 0.000000 0.000000
vt 1.000000 0.000000
vt 1.000000 1.000000
vt 0.000000 0.000000
vt 1.000000 1.000000
vt 0.000000 1.000000
vt 0.500000 0.500000
vt 0.223471 0.826749
vt 0.194113 0.796625
vt 0.000000 0.000000
vt 1.000000 0.000000
vt 1.000000 1.000000
vt 0.000000 0.000000
vt 1.000000 1.000000
vt 0.000000 1.000000
vt 0.500000 0.500000
vt 0.194113 0.796625
vt 0.167242 0.764818
vt 0.000000 0.000000
vt 1.000000 0.000000
vt 1.000000 1.000000
vt 0.000000 0.000000
vt 1.000000 1.000000
vt 0.000000 1.000000
vt 0.500000 0.500000
vt 0.167242 0.764818
vt 0.142115 0.731890
vt 0.000000 0.000000
vt 1.000000 0.000000
vt 1.000000 1.000000
vt 0.000000 0.000000
vt 1.000000 1.000000
vt 0.000000 1.000000
vt 0.500000 0.500000
vt 0.142115 0.731890
vt 0.118962 0.697502
vt 0.000000 0.000000
vt 1.000000 0.000000
vt 1.000000 1.000000
vt 0.000000 0.000000
vt 1.000000 1.000000
vt 0.000000 1.000000
vt 0.500000 0.500000
vt 0.118962 0.697502
vt 0.099133 0.661017
vt 0.000000 0.000000
vt 1.000000 0.000000
vt 1.000000 1.000000
vt 0.000000 0.000000
vt 1.000000 1.000000
vt 0.000000 1.000000
vt 0.500000 0.500000
vt 0.099133 0.661017
vt 0.084554 0.622208
vt 0.000000 0.000000
vt 1.000000 0.000000
vt 1.000000 1.000000
vt 0.000000 0.000000
vt 1.000000 1.000000
vt 0.000000 1.000000
vt 0.500000 0.500000
vt 0.084554 0.622208
vt 0.076749 0.581641
vt 0.000000 0.000000
vt 1.000000 0.000000
vt 1.000000 1.000000
vt 0.000000 0.000000
vt 1.000000 1.000000
vt 0.000000 1.000000
vt 0.500000 0.500000
vt 0.076749 0.581641
vt 0.075965 0.540499
vt 0.000000 0.000000
vt 1.000000 0.000000
vt 1.000000 1.000000
vt 0.000000 0.000000
vt 1.000000 1.000000
vt 0.000000 1.000000
vt 0.500000 0.500000
vt 0.075965 0.540499
vt 0.080911 0.500000
vt 0.000000 0.000000
vt 1.000000 0.000000
vt 1.000000 1.000000
vt 0.000000 0.000000
vt 1.000000 1.000000
vt 0.000000 1.000000
vt 0.500000 0.500000
vt 0.080911 0.500000
vt 0.089280 0.460772
vt 0.000000 0.000000
vt 1.000000 0.000000
vt 1.000000 1.000000
vt 0.000000 0.000000
vt 1.000000 1.000000
vt 0.000000 1.000000
vt 0.500000 0.500000
vt 0.089280 0.460772
vt 0.098814 0.422616
vt 0.000000 0.000000
vt 1.000000 0.000000
vt 1.000000 1.000000
vt 0.000000 0.000000
vt 1.000000 1.000000
vt 0.000000 1.000000
vt 0.500000 0.500000
vt 0.098814 0.422616
vt 0.108356 0.384793
vt 0.000000 0.000000
vt 1.000000 0.000000
vt 1.000000 1.000000
vt 0.000000 0.000000
vt 1.000000 1.000000
vt 0.000000 1.000000
vt 0.500000 0.500000
vt 0.108356 0.384793
vt 0.118335 0.346696
vt 0.000000 0.000000
vt 1.000000 0.000000
vt 1.000000 1.000000
vt 0.000000 0.000000
vt 1.000000 1.000000
vt 0.000000 1.000000
vt 0.500000 0.500000
vt 0.118335 0.346696
vt 0.130454 0.308455
vt 0.000000 0.000000
vt 1.000000 0.000000
vt 1.000000 1.000000
vt 0.000000 0.000000
vt 1.000000 1.000000
vt 0.000000 1.000000
vt 0.500000 0.500000
vt 0.130454 0.308455
vt 0.146753 0.271115
vt 0.000000 0.000000
vt 1.000000 0.000000
vt 1.000000 1.000000
vt 0.000000 0.000000
vt 1.000000 1.000000
vt 0.000000 1.000000
vt 0.500000 0.500000
vt 0.146753 0.271115
vt 0.168571 0.236239
vt 0.000000 0.000000
vt 1.000000 0.000000
vt 1.000000 1.000000
vt 0.000000 0.000000
vt 1.000000 1.000000
vt 0.000000 1.000000
vt 0.500000 0.500000
vt 0.168571 0.236239
vt 0.195942 0.205149
vt 0.000000 0.000000
vt 1.000000 0.000000
vt 1.000000 1.000000
vt 0.000000 0.000000
vt 1.000000 1.000000
vt 0.000000 1.000000
vt 0.500000 0.500000
vt 0.195942 0.205149
vt 0.227720 0.178272
vt 0.000000 0.000000
vt 1.000000 0.000000
vt 1.000000 1.000000
vt 0.000000 0.000000
vt 1.000000 1.000000
vt 0.000000 1.000000
vt 0.500000 0.500000
vt 0.227720 0.178272
vt 0.262273 0.154990
vt 0.000000 0.000000
vt 1.000000 0.000000
vt 1.000000 1.000000
vt 0.000000 0.000000
vt 1.000000 1.000000
vt 0.000000 1.000000
vt 0.500000 0.500000
vt 0.262273 0.154990
vt 0.298329 0.134125
vt 0.000000 0.000000
vt 1.000000 0.000000
vt 1.000000 1.000000
vt 0.000000 0.000000
vt 1.000000 1.000000
vt 0.000000 1.000000
vt 0.500000 0.500000
vt 0.298329 0.134125
vt 0.335468 0.114813
vt 0.000000 0.000000
vt 1.000000 0.000000
vt 1.000000 1.000000
vt 0.000000 0.000000
vt 1.000000 1.000000
vt 0.000000 1.000000
vt 0.500000 0.500000
vt 0.335468 0.114813
vt 0.374012 0.097251
vt 0.000000 0.000000
vt 1.000000 0.000000
vt 1.000000 1.000000
vt 0.000000 0.000000
vt 1.000000 1.000000
vt 0.000000 1.000000
vt 0.500000 0.500000
vt 0.374012 0.097251
vt 0.414439 0.082881
vt 0.000000 0.000000
vt 1.000000 0.000000
vt 1.000000 1.000000
vt 0.000000 0.000000
vt 1.000000 1.000000
vt 0.000000 1.000000
vt 0.500000 0.500000
vt 0.414439 0.082881
vt 0.456717 0.073845
vt 0.000000 0.000000
vt 1.000000 0.000000
vt 1.000000 1.000000
vt 0.000000 0.000000
vt 1.000000 1.000000
vt 0.000000 1.000000
vt 0.500000 0.500000
vt 0.456717 0.073845
vt 0.500000 0.071976
vt 0.000000 0.000000
vt 1.000000 0.000000
vt 1.000000 1.000000
vt 0.000000 0.000000
vt 1.000000 1.000000
vt 0.000000 1.000000
vt 0.500000 0.500000
vt 0.500000 0.071976
vt 0.542876 0.077852
vt 0.000000 0.000000
vt 1.000000 0.000000
vt 1.000000 1.000000
vt 0.000000 0.000000
vt 1.000000 1.000000
vt 0.000000 1.000000
vt 0.500000 0.500000
vt 0.542876 0.077852
vt 0.584011 0.090438
vt 0.000000 0.000000
vt 1.000000 0.000000
vt 1.000000 1.000000
vt 0.000000 0.000000
vt 1.000000 1.000000
vt 0.000000 1.000000
vt 0.500000 0.500000
vt 0.584011 0.090438
vt 0.622778 0.107510
vt 0.000000 0.000000
vt 1.000000 0.000000
vt 1.000000 1.000000
vt 0.000000 0.000000
vt 1.000000 1.000000
vt 0.000000 1.000000
vt 0.500000 0.500000
vt 0.622778 0.107510
vt 0.659475 0.126650
vt 0.000000 0.000000
vt 1.000000 0.000000
vt 1.000000 1.000000
vt 0.000000 0.000000
vt 1.000000 1.000000
vt 0.000000 1.000000
vt 0.500000 0.500000
vt 0.659475 0.126650
vt 0.694961 0.146297
vt 0.000000 0.000000
vt 1.000000 0.000000
vt 1.000000 1.000000
vt 0.000000 0.000000
vt 1.000000 1.000000
vt 0.000000 1.000000
vt 0.500000 0.500000
vt 0.694961 0.146297
vt 0.729934 0.166300
vt 0.000000 0.000000
vt 1.000000 0.000000
vt 1.000000 1.000000
vt 0.000000 0.000000
vt 1.000000 1.000000
vt 0.000000 1.000000
vt 0.500000 0.500000
vt 0.729934 0.166300
vt 0.764278 0.187727
vt 0.000000 0.000000
vt 1.000000 0.000000
vt 1.000000 1.000000
vt 0.000000 0.000000
vt 1.000000 1.000000
vt 0.000000 1.000000
vt 0.500000 0.500000
vt 0.764278 0.187727
vt 0.796907 0.212084
vt 0.000000 0.000000
vt 1.000000 0.000000
vt 1.000000 1.000000
vt 0.000000 0.000000
vt 1.000000 1.000000
vt 0.000000 1.000000
vt 0.500000 0.500000
vt 0.796907 0.212084
vt 0.826218 0.240386
vt 0.000000 0.000000
vt 1.000000 0.000000
vt 1.000000 1.000000
vt 0.000000 0.000000
vt 1.000000 1.000000
vt 0.000000 1.000000
vt 0.500000 0.500000
vt 0.826218 0.240386
vt 0.850927 0.272618
vt 0.000000 0.000000
vt 1.000000 0.000000
vt 1.000000 1.000000
vt 0.000000 0.000000
vt 1.000000 1.000000
vt 0.000000 1.000000
vt 0.500000 0.500000
vt 0.850927 0.272618
vt 0.870782 0.307814
vt 0.000000 0.000000
vt 1.000000 0.000000
vt 1.000000 1.000000
vt 0.000000 0.000000
vt 1.000000 1.000000
vt 0.000000 1.000000
vt 0.500000 0.500000
vt 0.870782 0.307814
vt 0.886721 0.344665
vt 0.000000 0.000000
vt 1.000000 0.000000
vt 1.000000 1.000000
vt 0.000000 0.000000
vt 1.000000 1.000000
vt 0.000000 1.000000
vt 0.500000 0.500000
vt 0.886721 0.344665
vt 0.900327 0.382239
vt 0.000000 0.000000
vt 1.000000 0.000000
vt 1.000000 1.000000
vt 0.000000 0.000000
vt 1.000000 1.000000
vt 0.000000 1.000000
vt 0.500000 0.500000
vt 0.900327 0.382239
vt 0.912849 0.420366
vt 0.000000 0.000000
vt 1.000000 0.000000
vt 1.000000 1.000000
vt 0.000000 0.000000
vt 1.000000 1.000000
vt 0.000000 1.000000
vt 0.500000 0.500000
vt 0.912849 0.420366
vt 0.924340 0.459472
vt 0.000000 0.000000
vt 1.000000 0.000000
vt 1.000000 1.000000
vt 0.000000 0.000000
vt 1.000000 1.000000
vt 0.000000 1.000000
vt 0.500000 0.500000
vt 0.924340 0.459472
vt 0.933391 0.500000
vt 0.000000 0.000000
vt 1.000000 0.000000
vt 1.000000 1.000000
vt 0.000000 0.000000
vt 1.000000 1.000000
vt 0.000000 1.000000
vt 0.000000 0.000000
vt 0.000000 0.200000
vt 0.125000 0.200000
vt 0.000000 0.000000
vt 0.125000 0.200000
vt 0.125000 0.000000
vt 0.125000 0.000000
vt 0.125000 0.200000
vt 0.250000 0.200000
vt 0.125000 0.000000
vt 0.250000 0.200000
vt 0.250000 0.000000
vt 0.250000 0.000000
vt 0.250000 0.200000
vt 0.375000 0.200000
vt 0.250000 0.000000
vt 0.375000 0.200000
vt 0.375000 0.000000
vt 0.375000 0.000000
vt 0.375000 0.200000
vt 0.500000 0.200000
vt 0.375000 0.000000
vt 0.500000 0.200000
vt 0.500000 0.000000
vt 0.500000 0.000000
vt 0.500000 0.200000
vt 0.625000 0.200000
vt 0.500000 0.000000
vt 0.625000 0.200000
vt 0.625000 0.000000
vt 0.625000 0.000000
vt 0.625000 0.200000
vt 0.750000 0.200000
vt 0.625000 0.000000
vt 0.750000 0.200000
vt 0.750000 0.000000
vt 0.750000 0.000000
vt 0.750000 0.200000
vt 0.875000 0.200000
vt 0.750000 0.000000
vt 0.875000 0.200000
vt 0.875000 0.000000
vt 0.875000 0.000000
vt 0.875000 0.200000
vt 1.000000 0.200000
vt 0.875000 0.000000
vt 1.000000 0.200000
vt 1.000000 0.000000
vt 0.000000 0.200000
vt 0.000000 0.400000
vt 0.125000 0.400000
vt 0.000000 0.200000
vt 0.125000 0.400000
vt 0.125000 0.200000
vt 0.125000 0.200000
vt 0.125000 0.400000
vt 0.250000 0.400000
vt 0.125000 0.200000
vt 0.250000 0.400000
vt 0.250000 0.200000
vt 0.250000 0.200000
vt 0.250000 0.400000
vt 0.375000 0.400000
vt 0.250000 0.200000
vt 0.375000 0.400000
vt 0.375000 0.200000
vt 0.375000 0.200000
vt 0.375000 0.400000
vt 0.500000 0.400000
vt 0.375000 0.200000
vt 0.500000 0.400000
vt 0.500000 0.200000
vt 0.500000 0.200000
vt 0.500000 0.400000
vt 0.625000 0.400000
vt 0.500000 0.200000
vt 0.625000 0.400000
vt 0.625000 0.200000
vt 0.625000 0.200000
vt 0.625000 0.400000
vt 0.750000 0.400000
vt 0.625000 0.200000
vt 0.750000 0.400000
vt 0.750000 0.200000
vt 0.750000 0.200000
vt 0.750000 0.400000
vt 0.875000 0.400000
vt 0.750000 0.200000
vt 0.875000 0.400000
vt 0.875000 0.200000
vt 0.875000 0.200000
vt 0.875000 0.400000
vt 1.000000 0.400000
vt 0.875000 0.200000
vt 1.000000 0.400000
vt 1.000000 0.200000
vt 0.000000 0.400000
vt 0.000000 0.600000
vt 0.125000 0.600000
vt 0.000000 0.400000
vt 0.125000 0.600000
vt 0.125000 0.400000
vt 0.125000 0.400000
vt 0.125000 0.600000
vt 0.250000 0.600000
vt 0.125000 0.400000
vt 0.250000 0.600000
vt 0.250000 0.400000
vt 0.250000 0.400000
vt 0.250000 0.600000
vt 0.375000 0.600000
vt 0.250000 0.400000
vt 0.375000 0.600000
vt 0.375000 0.400000
vt 0.375000 0.400000
vt 0.375000 0.600000
vt 0.500000 0.600000
vt 0.375000 0.400000
vt 0.500000 0.600000
vt 0.500000 0.400000
vt 0.500000 0.400000
vt 0.500000 0.600000
vt 0.625000 0.600000
vt 0.500000 0.400000
vt 0.625000 0.600000
vt 0.625000 0.400000
vt 0.625000 0.400000
vt 0.625000 0.600000
vt 0.750000 0.600000
vt 0.625000 0.400000
vt 0.750000 0.600000
vt 0.750000 0.400000
vt 0.750000 0.400000
vt 0.750000 0.600000
vt 0.875000 0.600000
vt 0.750000 0.400000
vt 0.875000 0.600000
vt 0.875000 0.400000
vt 0.875000 0.400000
vt 0.875000 0.600000
vt 1.000000 0.600000
vt 0.875000 0.400000
vt 1.000000 0.600000
vt 1.000000 0.400000
vt 0.000000 0.600000
vt 0.000000 0.800000
vt 0.125000 0.800000
vt 0.000000 0.600000
vt 0.125000 0.800000
vt 0.125000 0.600000
vt 0.125000 0.600000
vt 0.125000 0.800000
vt 0.250000 0.800000
vt 0.125000 0.600000
vt 0.250000 0.800000
vt 0.250000 0.600000
vt 0.250000 0.600000
vt 0.250000 0.800000
vt 0.375000 0.800000
vt 0.250000 0.600000
vt 0.375000 0.800000
vt 0.375000 0.600000
vt 0.375000 0.600000
vt 0.375000 0.800000
vt 0.500000 0.800000
vt 0.375000 0.600000
vt 0.500000 0.800000
vt 0.500000 0.600000
vt 0.500000 0.600000
vt 0.500000 0.800000
vt 0.625000 0.800000
vt 0.500000 0.600000
vt 0.625000 0.800000
vt 0.625000 0.600000
vt 0.625000 0.600000
vt 0.625000 0.800000
vt 0.750000 0.800000
vt 0.625000 0.600000
vt 0.750000 0.800000
vt 0.750000 0.600000
vt 0.750000 0.600000
vt 0.750000 0.800000
vt 0.875000 0.800000
vt 0.750000 0.600000
vt 0.875000 0.800000
vt 0.875000 0.600000
vt 0.875000 0.600000
vt 0.875000 0.800000
vt 1.000000 0.800000
vt 0.875000 0.600000
vt 1.000000 0.800000
vt 1.000000 0.600000
vt 0.000000 0.800000
vt 0.000000 1.000000
vt 0.125000 1.000000
vt 0.000000 0.800000
vt 0.125000 1.000000
vt 0.125000 0.800000
vt 0.125000 0.800000
vt 0.125000 1.000000
vt 0.250000 1.000000
vt 0.125000 0.800000
vt 0.250000 1.000000
vt 0.250000 0.800000
vt 0.250000 0.800000
vt 0.250000 1.000000
vt 0.375000 1.000000
vt 0.250000 0.800000
vt 0.375000 1.000000
vt 0.375000 0.800000
vt 0.375000 0.800000
vt 0.375000 1.000000
vt 0.500000 1.000000
vt 0.375000 0.800000
vt 0.500000 1.000000
vt 0.500000 0.800000
vt 0.500000 0.800000
vt 0.500000 1.000000
vt 0.625000 1.000000
vt 0.500000 0.800000
vt 0.625000 1.000000
vt 0.625000 0.800000
vt 0.625000 0.800000
vt 0.625000 1.000000
vt 0.750000 1.000000
vt 0.625000 0.800000
vt 0.750000 1.000000
vt 0.750000 0.800000
vt 0.750000 0.800000
vt 0.750000 1.000000
vt 0.875000 1.000000
vt 0.750000 0.800000
vt 0.875000 1.000000
vt 0.875000 0.800000
vt 0.875000 0.800000
vt 0.875000 1.000000
vt 1.000000 1.000000
vt 0.875000 0.800000
vt 1.000000 1.000000
vt 1.000000 0.800000
vt 0.000000 0.000000
vt 0.200000 0.000000
vt 0.200000 1.000000
vt 0.000000 0.000000
vt 0.200000 1.000000
vt 0.000000 1.000000
vt 0.000000 0.000000
vt 1.000000 0.000000
vt 1.000000 1.000000
vt 0.000000 0.000000
vt 1.000000 0.000000
vt 1.000000 1.000000
vt 0.200000 0.000000
vt 0.400000 0.000000
vt 0.400000 1.000000
vt 0.200000 0.000000
vt 0.400000 1.000000
vt 0.200000 1.000000
vt 0.000000 0.000000
vt 1.000000 0.000000
vt 1.000000 1.000000
vt 0.000000 0.000000
vt 1.000000 0.000000
vt 1.000000 1.000000
vt 0.400000 0.000000
vt 0.600000 0.000000
vt 0.600000 1.000000
vt 0.400000 0.000000
vt 0.600000 1.000000
vt 0.400000 1.000000
vt 0.000000 0.000000
vt 1.000000 0.000000
vt 1.000000 1.000000
vt 0.000000 0.000000
vt 1.000000 0.000000
vt 1.000000 1.000000
vt 0.600000 0.000000
vt 0.800000 0.000000
vt 0.800000 1.000000
vt 0.600000 0.000000
vt 0.800000 1.000000
vt 0.600000 1.000000
vt 0.000000 0.000000
vt 1.000000 0.000000
vt 1.000000 1.000000
vt 0.000000 0.000000
vt 1.000000 0.000000
vt 1.000000 1.000000
vt 0.800000 0.000000
vt 1.000000 0.000000
vt 1.000000 1.000000
vt 0.800000 0.000000
vt 1.000000 1.000000
vt 0.800000 1.000000
vt 0.000000 0.000000
vt 1.000000 0.000000
vt 1.000000 1.000000
vt 0.000000 0.000000
vt 1.000000 0.000000
vt 1.000000 1.000000
vt 0.000000 0.000000
vt 0.200000 0.000000
vt 0.200000 1.000000
vt 0.000000 0.000000
vt 0.200000 1.000000
vt 0.000000 1.000000
vt 0.000000 0.000000
vt 1.000000 0.000000
vt 1.000000 1.000000
vt 0.000000 0.000000
vt 1.000000 0.000000
vt 1.000000 1.000000
vt 0.200000 0.000000
vt 0.400000 0.000000
vt 0.400000 1.000000
vt 0.200000 0.000000
vt 0.400000 1.000000
vt 0.200000 1.000000
vt 0.000000 0.000000
vt 1.000000 0.000000
vt 1.000000 1.000000
vt 0.000000 0.000000
vt 1.000000 0.000000
vt 1.000000 1.000000
vt 0.400000 0.000000
vt 0.600000 0.000000
vt 0.600000 1.000000
vt 0.400000 0.000000
vt 0.600000 1.000000
vt 0.400000 1.000000
vt 0.000000 0.000000
vt 1.000000 0.000000
vt 1.000000 1.000000
vt 0.000000 0.000000
vt 1.000000 0.000000
vt 1.000000 1.000000
vt 0.600000 0.000000
vt 0.800000 0.000000
vt 0.800000 1.000000
vt 0.600000 0.000000
vt 0.800000 1.000000
vt 0.600000 1.000000
vt 0.000000 0.000000
vt 1.000000 0.000000
vt 1.000000 1.000000
vt 0.000000 0.000000
vt 1.000000 0.000000
vt 1.000000 1.000000
vt 0.800000 0.000000
vt 1.000000 0.000000
vt 1.000000 1.000000
vt 0.800000 0.000000
vt 1.000000 1.000000
vt 0.800000 1.000000
vt 0.000000 0.000000
vt 1.000000 0.000000
vt 1.000000 1.000000
vt 0.000000 0.000000
vt 1.000000 0.000000
vt 1.000000 1.000000
vt 0.000000 0.000000
vt 0.200000 0.000000
vt 0.200000 1.000000
vt 0.000000 0.000000
vt 0.200000 1.000000
vt 0.000000 1.000000
vt 0.000000 0.000000
vt 1.000000 0.000000
vt 1.000000 1.000000
vt 0.000000 0.000000
vt 1.000000 0.000000
vt 1.000000 1.000000
vt 0.200000 0.000000
vt 0.400000 0.000000
vt 0.400000 1.000000
vt 0.200000 0.000000
vt 0.400000 1.000000
vt 0.200000 1.000000
vt 0.000000 0.000000
vt 1.000000 0.000000
vt 1.000000 1.000000
vt 0.000000 0.000000
vt 1.000000 0.000000
vt 1.000000 1.000000
vt 0.400000 0.000000
vt 0.600000 0.000000
vt 0.600000 1.000000
vt 0.400000 0.000000
vt 0.600000 1.000000
vt 0.400000 1.000000
vt 0.000000 0.000000
vt 1.000000 0.000000
vt 1.000000 1.000000
vt 0.000000 0.000000
vt 1.000000 0.000000
vt 1.000000 1.000000
vt 0.600000 0.000000
vt 0.800000 0.000000
vt 0.800000 1.000000
vt 0.600000 0.000000
vt 0.800000 1.000000
vt 0.600000 1.000000
vt 0.000000 0.000000
vt 1.000000 0.000000
vt 1.000000 1.000000
vt 0.000000 0.000000
vt 1.000000 0.000000
vt 1.000000 1.000000
vt 0.800000 0.000000
vt 1.000000 0.000000
vt 1.000000 1.000000
vt 0.800000 0.000000
vt 1.000000 1.000000
vt 0.800000 1.000000
vt 0.000000 0.000000
vt 1.000000 0.000000
vt 1.000000 1.000000
vt 0.000000 0.000000
vt 1.000000 0.000000
vt 1.000000 1.000000
vt 0.000000 0.000000
vt 0.200000 0.000000
vt 0.200000 1.000000
vt 0.000000 0.000000
vt 0.200000 1.000000
vt 0.000000 1.000000
vt 0.000000 0.000000
vt 1.000000 0.000000
vt 1.000000 1.000000
vt 0.000000 0.000000
vt 1.000000 0.000000
vt 1.000000 1.000000
vt 0.200000 0.000000
vt 0.400000 0.000000
vt 0.400000 1.000000
vt 0.200000 0.000000
vt 0.400000 1.000000
vt 0.200000 1.000000
vt 0.000000 0.000000
vt 1.000000 0.000000
vt 1.000000 1.000000
vt 0.000000 0.000000
vt 1.000000 0.000000
vt 1.000000 1.000000
vt 0.400000 0.000000
vt 0.600000 0.000000
vt 0.600000 1.000000
vt 0.400000 0.000000
vt 0.600000 1.000000
vt 0.400000 1.000000
vt 0.000000 0.000000
vt 1.000000 0.000000
vt 1.000000 1.000000
vt 0.000000 0.000000
vt 1.000000 0.000000
vt 1.000000 1.000000
vt 0.600000 0.000000
vt 0.800000 0.000000
vt 0.800000 1.000000
vt 0.600000 0.000000
vt 0.800000 1.000000
vt 0.600000 1.000000
vt 0.000000 0.000000
vt 1.000000 0.000000
vt 1.000000 1.000000
vt 0.000000 0.000000
vt 1.000000 0.000000
vt 1.000000 1.000000
vt 0.800000 0.000000
vt 1.000000 0.000000
vt 1.000000 1.000000
vt 0.800000 0.000000
vt 1.000000 1.000000
vt 0.800000 1.000000
vt 0.000000 0.000000
vt 1.000000 0.000000
vt 1.000000 1.000000
vt 0.000000 0.000000
vt 1.000000 0.000000
vt 1.000000 1.000000
vt 0.000000 0.000000
vt 0.200000 0.000000
vt 0.200000 1.000000
vt 0.000000 0.000000
vt 0.200000 1.000000
vt 0.000000 1.000000
vt 0.000000 0.000000
vt 1.000000 0.000000
vt 1.000000 1.000000
vt 0.000000 0.000000
vt 1.000000 0.000000
vt 1.000000 1.000000
vt 0.200000 0.000000
vt 0.400000 0.000000
vt 0.400000 1.000000
vt 0.200000 0.000000
vt 0.400000 1.000000
vt 0.200000 1.000000
vt 0.000000 0.000000
vt 1.000000 0.000000
vt 1.000000 1.000000
vt 0.000000 0.000000
vt 1.000000 0.000000
vt 1.000000 1.000000
vt 0.400000 0.000000
vt 0.600000 0.000000
vt 0.600000 1.000000
vt 0.400000 0.000000
vt 0.600000 1.000000
vt 0.400000 1.000000
vt 0.000000 0.000000
vt 1.000000 0.000000
vt 1.000000 1.000000
vt 0.000000 0.000000
vt 1.000000 0.000000
vt 1.000000 1.000000
vt 0.600000 0.000000
vt 0.800000 0.000000
vt 0.800000 1.000000
vt 0.600000 0.000000
vt 0.800000 1.000000
vt 0.600000 1.000000
vt 0.000000 0.000000
vt 1.000000 0.000000
vt 1.000000 1.000000
vt 0.000000 0.000000
vt 1.000000 0.000000
vt 1.000000 1.000000
vt 0.800000 0.000000
vt 1.000000 0.000000
vt 1.000000 1.000000
vt 0.800000 0.000000
vt 1.000000 1.000000
vt 0.800000 1.000000
vt 0.000000 0.000000
vt 1.000000 0.000000
vt 1.000000 1.000000
vt 0.000000 0.000000
vt 1.000000 0.000000
vt 1.000000 1.000000
vt 0.000000 0.000000
vt 0.000000 0.200000
vt 0.125000 0.200000
vt 0.000000 0.000000
vt 0.125000 0.200000
vt 0.125000 0.000000
vt 0.125000 0.000000
vt 0.125000 0.200000
vt 0.250000 0.200000
vt 0.125000 0.000000
vt 0.250000 0.200000
vt 0.250000 0.000000
vt 0.250000 0.000000
vt 0.250000 0.200000
vt 0.375000 0.200000
vt 0.250000 0.000000
vt 0.375000 0.200000
vt 0.375000 0.000000
vt 0.375000 0.000000
vt 0.375000 0.200000
vt 0.500000 0.200000
vt 0.375000 0.000000
vt 0.500000 0.200000
vt 0.500000 0.000000
vt 0.500000 0.000000
vt 0.500000 0.200000
vt 0.625000 0.200000
vt 0.500000 0.000000
vt 0.625000 0.200000
vt 0.625000 0.000000
vt 0.625000 0.000000
vt 0.625000 0.200000
vt 0.750000 0.200000
vt 0.625000 0.000000
vt 0.750000 0.200000
vt 0.750000 0.000000
vt 0.750000 0.000000
vt 0.750000 0.200000
vt 0.875000 0.200000
vt 0.750000 0.000000
vt 0.875000 0.200000
vt 0.875000 0.000000
vt 0.875000 0.000000
vt 0.875000 0.200000
vt 1.000000 0.200000
vt 0.875000 0.000000
vt 1.000000 0.200000
vt 1.000000 0.000000
vt 0.000000 0.200000
vt 0.000000 0.400000
vt 0.125000 0.400000
vt 0.000000 0.200000
vt 0.125000 0.400000
vt 0.125000 0.200000
vt 0.125000 0.200000
vt 0.125000 0.400000
vt 0.250000 0.400000
vt 0.125000 0.200000
vt 0.250000 0.400000
vt 0.250000 0.200000
vt 0.250000 0.200000
vt 0.250000 0.400000
vt 0.375000 0.400000
vt 0.250000 0.200000
vt 0.375000 0.400000
vt 0.375000 0.200000
vt 0.375000 0.200000
vt 0.375000 0.400000
vt 0.500000 0.400000
vt 0.375000 0.200000
vt 0.500000 0.400000
vt 0.500000 0.200000
vt 0.500000 0.200000
vt 0.500000 0.400000
vt 0.625000 0.400000
vt 0.500000 0.200000
vt 0.625000 0.400000
vt 0.625000 0.200000
vt 0.625000 0.200000
vt 0.625000 0.400000
vt 0.750000 0.400000
vt 0.625000 0.200000
vt 0.750000 0.400000
vt 0.750000 0.200000
vt 0.750000 0.200000
vt 0.750000 0.400000
vt 0.875000 0.400000
vt 0.750000 0.200000
vt 0.875000 0.400000
vt 0.875000 0.200000
vt 0.875000 0.200000
vt 0.875000 0.400000
vt 1.000000 0.400000
vt 0.875000 0.200000
vt 1.000000 0.400000
vt 1.000000 0.200000
vt 0.000000 0.400000
vt 0.000000 0.600000
vt 0.125000 0.600000
vt 0.000000 0.400000
vt 0.125000 0.600000
vt 0.125000 0.400000
vt 0.125000 0.400000
vt 0.125000 0.600000
vt 0.250000 0.600000
vt 0.125000 0.400000
vt 0.250000 0.600000
vt 0.250000 0.400000
vt 0.250000 0.400000
vt 0.250000 0.600000
vt 0.375000 0.600000
vt 0.250000 0.400000
vt 0.375000 0.600000
vt 0.375000 0.400000
vt 0.375000 0.400000
vt 0.375000 0.600000
vt 0.500000 0.600000
vt 0.375000 0.400000
vt 0.500000 0.600000
vt 0.500000 0.400000
vt 0.500000 0.400000
vt 0.500000 0.600000
vt 0.625000 0.600000
vt 0.500000 0.400000
vt 0.625000 0.600000
vt 0.625000 0.400000
vt 0.625000 0.400000
vt 0.625000 0.600000
vt 0.750000 0.600000
vt 0.625000 0.400000
vt 0.750000 0.600000
vt 0.750000 0.400000
vt 0.750000 0.400000
vt 0.750000 0.600000
vt 0.875000 0.600000
vt 0.750000 0.400000
vt 0.875000 0.600000
vt 0.875000 0.400000
vt 0.875000 0.400000
vt 0.875000 0.600000
vt 1.000000 0.600000
vt 0.875000 0.400000
vt 1.000000 0.600000
vt 1.000000 0.400000
vt 0.000000 0.600000
vt 0.000000 0.800000
vt 0.125000 0.800000
vt 0.000000 0.600000
vt 0.125000 0.800000
vt 0.125000 0.600000
vt 0.125000 0.600000
vt 0.125000 0.800000
vt 0.250000 0.800000
vt 0.125000 0.600000
vt 0.250000 0.800000
vt 0.250000 0.600000
vt 0.250000 0.600000
vt 0.250000 0.800000
vt 0.375000 0.800000
vt 0.250000 0.600000
vt 0.375000 0.800000
vt 0.375000 0.600000
vt 0.375000 0.600000
vt 0.375000 0.800000
vt 0.500000 0.800000
vt 0.375000 0.600000
vt 0.500000 0.800000
vt 0.500000 0.600000
vt 0.500000 0.600000
vt 0.500000 0.800000
vt 0.625000 0.800000
vt 0.500000 0.600000
vt 0.625000 0.800000
vt 0.625000 0.600000
vt 0.625000 0.600000
vt 0.625000 0.800000
vt 0.750000 0.800000
vt 0.625000 0.600000
vt 0.750000 0.800000
vt 0.750000 0.600000
vt 0.750000 0.600000
vt 0.750000 0.800000
vt 0.875000 0.800000
vt 0.750000 0.600000
vt 0.875000 0.800000
vt 0.875000 0.600000
vt 0.875000 0.600000
vt 0.875000 0.800000
vt 1.000000 0.800000
vt 0.875000 0.600000
vt 1.000000 0.800000
vt 1.000000 0.600000
vt 0.000000 0.800000
vt 0.000000 1.000000
vt 0.125000 1.000000
vt 0.000000 0.800000
vt 0.125000 1.000000
vt 0.125000 0.800000
vt 0.125000 0.800000
vt 0.125000 1.000000
vt 0.250000 1.000000
vt 0.125000 0.800000
vt 0.250000 1.000000
vt 0.250000 0.800000
vt 0.250000 0.800000
vt 0.250000 1.000000
vt 0.375000 1.000000
vt 0.250000 0.800000
vt 0.375000 1.000000
vt 0.375000 0.800000
vt 0.375000 0.800000
vt 0.375000 1.000000
vt 0.500000 1.000000
vt 0.375000 0.800000
vt 0.500000 1.000000
vt 0.500000 0.800000
vt 0.500000 0.800000
vt 0.500000 1.000000
vt 0.625000 1.000000
vt 0.500000 0.800000
vt 0.625000 1.000000
vt 0.625000 0.800000
vt 0.625000 0.800000
vt 0.625000 1.000000
vt 0.750000 1.000000
vt 0.625000 0.800000
vt 0.750000 1.000000
vt 0.750000 0.800000
vt 0.750000 0.800000
vt 0.750000 1.000000
vt 0.875000 1.000000
vt 0.750000 0.800000
vt 0.875000 1.000000
vt 0.875000 0.800000
vt 0.875000 0.800000
vt 0.875000 1.000000
vt 1.000000 1.000000
vt 0.875000 0.800000
vt 1.000000 1.000000
vt 1.000000 0.800000
vt 0.000000 0.000000
vt 0.000000 0.200000
vt 0.125000 0.200000
vt 0.000000 0.000000
vt 0.125000 0.200000
vt 0.125000 0.000000
vt 0.125000 0.000000
vt 0.125000 0.200000
vt 0.250000 0.200000
vt 0.125000 0.000000
vt 0.250000 0.200000
vt 0.250000 0.000000
vt 0.250000 0.000000
vt 0.250000 0.200000
vt 0.375000 0.200000
vt 0.250000 0.000000
vt 0.375000 0.200000
vt 0.375000 0.000000
vt 0.375000 0.000000
vt 0.375000 0.200000
vt 0.500000 0.200000
vt 0.375000 0.000000
vt 0.500000 0.200000
vt 0.500000 0.000000
vt 0.500000 0.000000
vt 0.500000 0.200000
vt 0.625000 0.200000
vt 0.500000 0.000000
vt 0.625000 0.200000
vt 0.625000 0.000000
vt 0.625000 0.000000
vt 0.625000 0.200000
vt 0.750000 0.200000
vt 0.625000 0.000000
vt 0.750000 0.200000
vt 0.750000 0.000000
vt 0.750000 0.000000
vt 0.750000 0.200000
vt 0.875000 0.200000
vt 0.750000 0.000000
vt 0.875000 0.200000
vt 0.875000 0.000000
vt 0.875000 0.000000
vt 0.875000 0.200000
vt 1.000000 0.200000
vt 0.875000 0.000000
vt 1.000000 0.200000
vt 1.000000 0.000000
vt 0.000000 0.200000
vt 0.000000 0.400000
vt 0.125000 0.400000
vt 0.000000 0.200000
vt 0.125000 0.400000
vt 0.125000 0.200000
vt 0.125000 0.200000
vt 0.125000 0.400000
vt 0.250000 0.400000
vt 0.125000 0.200000
vt 0.250000 0.400000
vt 0.250000 0.200000
vt 0.250000 0.200000
vt 0.250000 0.400000
vt 0.375000 0.400000
vt 0.250000 0.200000
vt 0.375000 0.400000
vt 0.375000 0.200000
vt 0.375000 0.200000
vt 0.375000 0.400000
vt 0.500000 0.400000
vt 0.375000 0.200000
vt 0.500000 0.400000
vt 0.500000 0.200000
vt 0.500000 0.200000
vt 0.500000 0.400000
vt 0.625000 0.400000
vt 0.500000 0.200000
vt 0.625000 0.400000
vt 0.625000 0.200000
vt 0.625000 0.200000
vt 0.625000 0.400000
vt 0.750000 0.400000
vt 0.625000 0.200000
vt 0.750000 0.400000
vt 0.750000 0.200000
vt 0.750000 0.200000
vt 0.750000 0.400000
vt 0.875000 0.400000
vt 0.750000 0.200000
vt 0.875000 0.400000
vt 0.875000 0.200000
vt 0.875000 0.200000
vt 0.875000 0.400000
vt 1.000000 0.400000
vt 0.875000 0.200000
vt 1.000000 0.400000
vt 1.000000 0.200000
vt 0.000000 0.400000
vt 0.000000 0.600000
vt 0.125000 0.600000
vt 0.000000 0.400000
vt 0.125000 0.600000
vt 0.125000 0.400000
vt 0.125000 0.400000
vt 0.125000 0.600000
vt 0.250000 0.600000
vt 0.125000 0.400000
vt 0.250000 0.600000
vt 0.250000 0.400000
vt 0.250000 0.400000
vt 0.250000 0.600000
vt 0.375000 0.600000
vt 0.250000 0.400000
vt 0.375000 0.600000
vt 0.375000 0.400000
vt 0.375000 0.400000
vt 0.375000 0.600000
vt 0.500000 0.600000
vt 0.375000 0.400000
vt 0.500000 0.600000
vt 0.500000 0.400000
vt 0.500000 0.400000
vt 0.500000 0.600000
vt 0.625000 0.600000
vt 0.500000 0.400000
vt 0.625000 0.600000
vt 0.625000 0.400000
vt 0.625000 0.400000
vt 0.625000 0.600000
vt 0.750000 0.600000
vt 0.625000 0.400000
vt 0.750000 0.600000
vt 0.750000 0.400000
vt 0.750000 0.400000
vt 0.750000 0.600000
vt 0.875000 0.600000
vt 0.750000 0.400000
vt 0.875000 0.600000
vt 0.875000 0.400000
vt 0.875000 0.400000
vt 0.875000 0.600000
vt 1.000000 0.600000
vt 0.875000 0.400000
vt 1.000000 0.600000
vt 1.000000 0.400000
vt 0.000000 0.600000
vt 0.000000 0.800000
vt 0.125000 0.800000
vt 0.000000 0.600000
vt 0.125000 0.800000
vt 0.125000 0.600000
vt 0.125000 0.600000
vt 0.125000 0.800000
vt 0.250000 0.800000
vt 0.125000 0.600000
vt 0.250000 0.800000
vt 0.250000 0.600000
vt 0.250000 0.600000
vt 0.250000 0.800000
vt 0.375000 0.800000
vt 0.250000 0.600000
vt 0.375000 0.800000
vt 0.375000 0.600000
vt 0.375000 0.600000
vt 0.375000 0.800000
vt 0.500000 0.800000
vt 0.375000 0.600000
vt 0.500000 0.800000
vt 0.500000 0.600000
vt 0.500000 0.600000
vt 0.500000 0.800000
vt 0.625000 0.800000
vt 0.500000 0.600000
vt 0.625000 0.800000
vt 0.625000 0.600000
vt 0.625000 0.600000
vt 0.625000 0.800000
vt 0.750000 0.800000
vt 0.625000 0.600000
vt 0.750000 0.800000
vt 0.750000 0.600000
vt 0.750000 0.600000
vt 0.750000 0.800000
vt 0.875000 0.800000
vt 0.750000 0.600000
vt 0.875000 0.800000
vt 0.875000 0.600000
vt 0.875000 0.600000
vt 0.875000 0.800000
vt 1.000000 0.800000
vt 0.875000 0.600000
vt 1.000000 0.800000
vt 1.000000 0.600000
vt 0.000000 0.800000
vt 0.000000 1.000000
vt 0.125000 1.000000
vt 0.000000 0.800000
vt 0.125000 1.000000
vt 0.125000 0.800000
vt 0.125000 0.800000
vt 0.125000 1.000000
vt 0.250000 1.000000
vt 0.125000 0.800000
vt 0.250000 1.000000
vt 0.250000 0.800000
vt 0.250000 0.800000
vt 0.250000 1.000000
vt 0.375000 1.000000
vt 0.250000 0.800000
vt 0.375000 1.000000
vt 0.375000 0.800000
vt 0.375000 0.800000
vt 0.375000 1.000000
vt 0.500000 1.000000
vt 0.375000 0.800000
vt 0.500000 1.000000
vt 0.500000 0.800000
vt 0.500000 0.800000
vt 0.500000 1.000000
vt 0.625000 1.000000
vt 0.500000 0.800000
vt 0.625000 1.000000
vt 0.625000 0.800000
vt 0.625000 0.800000
vt 0.625000 1.000000
vt 0.750000 1.000000
vt 0.625000 0.800000
vt 0.750000 1.000000
vt 0.750000 0.800000
vt 0.750000 0.800000
vt 0.750000 1.000000
vt 0.875000 1.000000
vt 0.750000 0.800000
vt 0.875000 1.000000
vt 0.875000 0.800000
vt 0.875000 0.800000
vt 0.875000 1.000000
vt 1.000000 1.000000
vt 0.875000 0.800000
vt 1.000000 1.000000
vt 1.000000 0.800000
vt 0.000000 0.000000
vt 0.200000 0.000000
vt 0.200000 1.000000
vt 0.000000 0.000000
vt 0.200000 1.000000
vt 0.000000 1.000000
vt 0.000000 0.000000
vt 1.000000 0.000000
vt 1.000000 1.000000
vt 0.000000 0.000000
vt 1.000000 0.000000
vt 1.000000 1.000000
vt 0.200000 0.000000
vt 0.400000 0.000000
vt 0.400000 1.000000
vt 0.200000 0.000000
vt 0.400000 1.000000
vt 0.200000 1.000000
vt 0.000000 0.000000
vt 1.000000 0.000000
vt 1.000000 1.000000
vt 0.000000 0.000000
vt 1.000000 0.000000
vt 1.000000 1.000000
vt 0.400000 0.000000
vt 0.600000 0.000000
vt 0.600000 1.000000
vt 0.400000 0.000000
vt 0.600000 1.000000
vt 0.400000 1.000000
vt 0.000000 0.000000
vt 1.000000 0.000000
vt 1.000000 1.000000
vt 0.000000 0.000000
vt 1.000000 0.000000
vt 1.000000 1.000000
vt 0.600000 0.000000
vt 0.800000 0.000000
vt 0.800000 1.000000
vt 0.600000 0.000000
vt 0.800000 1.000000
vt 0.600000 1.000000
vt 0.000000 0.000000
vt 1.000000 0.000000
vt 1.000000 1.000000
vt 0.000000 0.000000
vt 1.000000 0.000000
vt 1.000000 1.000000
vt 0.800000 0.000000
vt 1.000000 0.000000
vt 1.000000 1.000000
vt 0.800000 0.000000
vt 1.000000 1.000000
vt 0.800000 1.000000
vt 0.000000 0.000000
vt 1.000000 0.000000
vt 1.000000 1.000000
vt 0.000000 0.000000
vt 1.000000 0.000000
vt 1.000000 1.000000
vt 0.000000 0.000000
vt 0.200000 0.000000
vt 0.200000 1.000000
vt 0.000000 0.000000
vt 0.200000 1.000000
vt 0.000000 1.000000
vt 0.000000 0.000000
vt 1.000000 0.000000
vt 1.000000 1.000000
vt 0.000000 0.000000
vt 1.000000 0.000000
vt 1.000000 1.000000
vt 0.200000 0.000000
vt 0.400000 0.000000
vt 0.400000 1.000000
vt 0.200000 0.000000
vt 0.400000 1.000000
vt 0.200000 1.000000
vt 0.000000 0.000000
vt 1.000000 0.000000
vt 1.000000 1.000000
vt 0.000000 0.000000
vt 1.000000 0.000000
vt 1.000000 1.000000
vt 0.400000 0.000000
vt 0.600000 0.000000
vt 0.600000 1.000000
vt 0.400000 0.000000
vt 0.600000 1.000000
vt 0.400000 1.000000
vt 0.000000 0.000000
vt 1.000000 0.000000
vt 1.000000 1.000000
vt 0.000000 0.000000
vt 1.000000 0.000000
vt 1.000000 1.000000
vt 0.600000 0.000000
vt 0.800000 0.000000
vt 0.800000 1.000000
vt 0.600000 0.000000
vt 0.800000 1.000000
vt 0.600000 1.000000
vt 0.000000 0.000000
vt 1.000000 0.000000
vt 1.000000 1.000000
vt 0.000000 0.000000
vt 1.000000 0.000000
vt 1.000000 1.000000
vt 0.800000 0.000000
vt 1.000000 0.000000
vt 1.000000 1.000000
vt 0.800000 0.000000
vt 1.000000 1.000000
vt 0.800000 1.000000
vt 0.000000 0.000000
vt 1.000000 0.000000
vt 1.000000 1.000000
vt 0.000000 0.000000
vt 1.000000 0.000000
vt 1.000000 1.000000
vt 0.000000 0.000000
vt 0.200000 0.000000
vt 0.200000 1.000000
vt 0.000000 0.000000
vt 0.200000 1.000000
vt 0.000000 1.000000
vt 0.000000 0.000000
vt 1.000000 0.000000
vt 1.000000 1.000000
vt 0.000000 0.000000
vt 1.000000 0.000000
vt 1.000000 1.000000
vt 0.200000 0.000000
vt 0.400000 0.000000
vt 0.400000 1.000000
vt 0.200000 0.000000
vt 0.400000 1.000000
vt 0.200000 1.000000
vt 0.000000 0.000000
vt 1.000000 0.000000
vt 1.000000 1.000000
vt 0.000000 0.000000
vt 1.000000 0.000000
vt 1.000000 1.000000
vt 0.400000 0.000000
vt 0.600000 0.000000
vt 0.600000 1.000000
vt 0.400000 0.000000
vt 0.600000 1.000000
vt 0.400000 1.000000
vt 0.000000 0.000000
vt 1.000000 0.000000
vt 1.000000 1.000000
vt 0.000000 0.000000
vt 1.000000 0.000000
vt 1.000000 1.000000
vt 0.600000 0.000000
vt 0.800000 0.000000
vt 0.800000 1.000000
vt 0.600000 0.000000
vt 0.800000 1.000000
vt 0.600000 1.000000
vt 0.000000 0.000000
vt 1.000000 0.000000
vt 1.000000 1.000000
vt 0.000000 0.000000
vt 1.000000 0.000000
vt 1.000000 1.000000
vt 0.800000 0.000000
vt 1.000000 0.000000
vt 1.000000 1.000000
vt 0.800000 0.000000
vt 1.000000 1.000000
vt 0.800000 1.000000
vt 0.000000 0.000000
vt 1.000000 0.000000
vt 1.000000 1.000000
vt 0.000000 0.000000
vt 1.000000 0.000000
vt 1.000000 1.000000
vt 0.000000 0.000000
vt 0.200000 0.000000
vt 0.200000 1.000000
vt 0.000000 0.000000
vt 0.200000 1.000000
vt 0.000000 1.000000
vt 0.000000 0.000000
vt 1.000000 0.000000
vt 1.000000 1.000000
vt 0.000000 0.000000
vt 1.000000 0.000000
vt 1.000000 1.000000
vt 0.200000 0.000000
vt 0.400000 0.000000
vt 0.400000 1.000000
vt 0.200000 0.000000
vt 0.400000 1.000000
vt 0.200000 1.000000
vt 0.000000 0.000000
vt 1.000000 0.000000
vt 1.000000 1.000000
vt 0.000000 0.000000
vt 1.000000 0.000000
vt 1.000000 1.000000
vt 0.400000 0.000000
vt 0.600000 0.000000
vt 0.600000 1.000000
vt 0.400000 0.000000
vt 0.600000 1.000000
vt 0.400000 1.000000
vt 0.000000 0.000000
vt 1.000000 0.000000
vt 1.000000 1.000000
vt 0.000000 0.000000
vt 1.000000 0.000000
vt 1.000000 1.000000
vt 0.600000 0.000000
vt 0.800000 0.000000
vt 0.800000 1.000000
vt 0.600000 0.000000
vt 0.800000 1.000000
vt 0.600000 1.000000
vt 0.000000 0.000000
vt 1.000000 0.000000
vt 1.000000 1.000000
vt 0.000000 0.000000
vt 1.000000 0.000000
vt 1.000000 1.000000
vt 0.800000 0.000000
vt 1.000000 0.000000
vt 1.000000 1.000000
vt 0.800000 0.000000
vt 1.000000 1.000000
vt 0.800000 1.000000
vt 0.000000 0.000000
vt 1.000000 0.000000
vt 1.000000 1.000000
vt 0.000000 0.000000
vt 1.000000 0.000000
vt 1.000000 1.000000
vt 0.000000 0.000000
vt 0.200000 0.000000
vt 0.200000 1.000000
vt 0.000000 0.000000
vt 0.200000 1.000000
vt 0.000000 1.000000
vt 0.000000 0.000000
vt 1.000000 0.000000
vt 1.000000 1.000000
vt 0.000000 0.000000
vt 1.000000 0.000000
vt 1.000000 1.000000
vt 0.200000 0.000000
vt 0.400000 0.000000
vt 0.400000 1.000000
vt 0.200000 0.000000
vt 0.400000 1.000000
vt 0.200000 1.000000
vt 0.000000 0.000000
vt 1.000000 0.000000
vt 1.000000 1.000000
vt 0.000000 0.000000
vt 1.000000 0.000000
vt 1.000000 1.000000
vt 0.400000 0.000000
vt 0.600000 0.000000
vt 0.600000 1.000000
vt 0.400000 0.000000
vt 0.600000 1.000000
vt 0.400000 1.000000
vt 0.000000 0.000000
vt 1.000000 0.000000
vt 1.000000 1.000000
vt 0.000000 0.000000
vt 1.000000 0.000000
vt 1.000000 1.000000
vt 0.600000 0.000000
vt 0.800000 0.000000
vt 0.800000 1.000000
vt 0.600000 0.000000
vt 0.800000 1.000000
vt 0.600000 1.000000
vt 0.000000 0.000000
vt 1.000000 0.000000
vt 1.000000 1.000000
vt 0.000000 0.000000
vt 1.000000 0.000000
vt 1.000000 1.000000
vt 0.800000 0.000000
vt 1.000000 0.000000
vt 1.000000 1.000000
vt 0.800000 0.000000
vt 1.000000 1.000000
vt 0.800000 1.000000
vt 0.000000 0.000000
vt 1.000000 0.000000
vt 1.000000 1.000000
vt 0.000000 0.000000
vt 1.000000 0.000000
vt 1.000000 1.000000
vt 0.000000 0.000000
vt 0.000000 0.200000
vt 0.125000 0.200000
vt 0.000000 0.000000
vt 0.125000 0.200000
vt 0.125000 0.000000
vt 0.125000 0.000000
vt 0.125000 0.200000
vt 0.250000 0.200000
vt 0.125000 0.000000
vt 0.250000 0.200000
vt 0.250000 0.000000
vt 0.250000 0.000000
vt 0.250000 0.200000
vt 0.375000 0.200000
vt 0.250000 0.000000
vt 0.375000 0.200000
vt 0.375000 0.000000
vt 0.375000 0.000000
vt 0.375000 0.200000
vt 0.500000 0.200000
vt 0.375000 0.000000
vt 0.500000 0.200000
vt 0.500000 0.000000
vt 0.500000 0.000000
vt 0.500000 0.200000
vt 0.625000 0.200000
vt 0.500000 0.000000
vt 0.625000 0.200000
vt 0.625000 0.000000
vt 0.625000 0.000000
vt 0.625000 0.200000
vt 0.750000 0.200000
vt 0.625000 0.000000
vt 0.750000 0.200000
vt 0.750000 0.000000
vt 0.750000 0.000000
vt 0.750000 0.200000
vt 0.875000 0.200000
vt 0.750000 0.000000
vt 0.875000 0.200000
vt 0.875000 0.000000
vt 0.875000 0.000000
vt 0.875000 0.200000
vt 1.000000 0.200000
vt 0.875000 0.000000
vt 1.000000 0.200000
vt 1.000000 0.000000
vt 0.000000 0.200000
vt 0.000000 0.400000
vt 0.125000 0.400000
vt 0.000000 0.200000
vt 0.125000 0.400000
vt 0.125000 0.200000
vt 0.125000 0.200000
vt 0.125000 0.400000
vt 0.250000 0.400000
vt 0.125000 0.200000
vt 0.250000 0.400000
vt 0.250000 0.200000
vt 0.250000 0.200000
vt 0.250000 0.400000
vt 0.375000 0.400000
vt 0.250000 0.200000
vt 0.375000 0.400000
vt 0.375000 0.200000
vt 0.375000 0.200000
vt 0.375000 0.400000
vt 0.500000 0.400000
vt 0.375000 0.200000
vt 0.500000 0.400000
vt 0.500000 0.200000
vt 0.500000 0.200000
vt 0.500000 0.400000
vt 0.625000 0.400000
vt 0.500000 0.200000
vt 0.625000 0.400000
vt 0.625000 0.200000
vt 0.625000 0.200000
vt 0.625000 0.400000
vt 0.750000 0.400000
vt 0.625000 0.200000
vt 0.750000 0.400000
vt 0.750000 0.200000
vt 0.750000 0.200000
vt 0.750000 0.400000
vt 0.875000 0.400000
vt 0.750000 0.200000
vt 0.875000 0.400000
vt 0.875000 0.200000
vt 0.875000 0.200000
vt 0.875000 0.400000
vt 1.000000 0.400000
vt 0.875000 0.200000
vt 1.000000 0.400000
vt 1.000000 0.200000
vt 0.000000 0.400000
vt 0.000000 0.600000
vt 0.125000 0.600000
vt 0.000000 0.400000
vt 0.125000 0.600000
vt 0.125000 0.400000
vt 0.125000 0.400000
vt 0.125000 0.600000
vt 0.250000 0.600000
vt 0.125000 0.400000
vt 0.250000 0.600000
vt 0.250000 0.400000
vt 0.250000 0.400000
vt 0.250000 0.600000
vt 0.375000 0.600000
vt 0.250000 0.400000
vt 0.375000 0.600000
vt 0.375000 0.400000
vt 0.375000 0.400000
vt 0.375000 0.600000
vt 0.500000 0.600000
vt 0.375000 0.400000
vt 0.500000 0.600000
vt 0.500000 0.400000
vt 0.500000 0.400000
vt 0.500000 0.600000
vt 0.625000 0.600000
vt 0.500000 0.400000
vt 0.625000 0.600000
vt 0.625000 0.400000
vt 0.625000 0.400000
vt 0.625000 0.600000
vt 0.750000 0.600000
vt 0.625000 0.400000
vt 0.750000 0.600000
vt 0.750000 0.400000
vt 0.750000 0.400000
vt 0.750000 0.600000
vt 0.875000 0.600000
vt 0.750000 0.400000
vt 0.875000 0.600000
vt 0.875000 0.400000
vt 0.875000 0.400000
vt 0.875000 0.600000
vt 1.000000 0.600000
vt 0.875000 0.400000
vt 1.000000 0.600000
vt 1.000000 0.400000
vt 0.000000 0.600000
vt 0.000000 0.800000
vt 0.125000 0.800000
vt 0.000000 0.600000
vt 0.125000 0.800000
vt 0.125000 0.600000
vt 0.125000 0.600000
vt 0.125000 0.800000
vt 0.250000 0.800000
vt 0.125000 0.600000
vt 0.250000 0.800000
vt 0.250000 0.600000
vt 0.250000 0.600000
vt 0.250000 0.800000
vt 0.375000 0.800000
vt 0.250000 0.600000
vt 0.375000 0.800000
vt 0.375000 0.600000
vt 0.375000 0.600000
vt 0.375000 0.800000
vt 0.500000 0.800000
vt 0.375000 0.600000
vt 0.500000 0.800000
vt 0.500000 0.600000
vt 0.500000 0.600000
vt 0.500000 0.800000
vt 0.625000 0.800000
vt 0.500000 0.600000
vt 0.625000 0.800000
vt 0.625000 0.600000
vt 0.625000 0.600000
vt 0.625000 0.800000
vt 0.750000 0.800000
vt 0.625000 0.600000
vt 0.750000 0.800000
vt 0.750000 0.600000
vt 0.750000 0.600000
vt 0.750000 0.800000
vt 0.875000 0.800000
vt 0.750000 0.600000
vt 0.875000 0.800000
vt 0.875000 0.600000
vt 0.875000 0.600000
vt 0.875000 0.800000
vt 1.000000 0.800000
vt 0.875000 0.600000
vt 1.000000 0.800000
vt 1.000000 0.600000
vt 0.000000 0.800000
vt 0.000000 1.000000
vt 0.125000 1.000000
vt 0.000000 0.800000
vt 0.125000 1.000000
vt 0.125000 0.800000
vt 0.125000 0.800000
vt 0.125000 1.000000
vt 0.250000 1.000000
vt 0.125000 0.800000
vt 0.250000 1.000000
vt 0.250000 0.800000
vt 0.250000 0.800000
vt 0.250000 1.000000
vt 0.375000 1.000000
vt 0.250000 0.800000
vt 0.375000 1.000000
vt 0.375000 0.800000
vt 0.375000 0.800000
vt 0.375000 1.000000
vt 0.500000 1.000000
vt 0.375000 0.800000
vt 0.500000 1.000000
vt 0.500000 0.800000
vt 0.500000 0.800000
vt 0.500000 1.000000
vt 0.625000 1.000000
vt 0.500000 0.800000
vt 0.625000 1.000000
vt 0.625000 0.800000
vt 0.625000 0.800000
vt 0.625000 1.000000
vt 0.750000 1.000000
vt 0.625000 0.800000
vt 0.750000 1.000000
vt 0.750000 0.800000
vt 0.750000 0.800000
vt 0.750000 1.000000
vt 0.875000 1.000000
vt 0.750000 0.800000
vt 0.875000 1.000000
vt 0.875000 0.800000
vt 0.875000 0.800000
vt 0.875000 1.000000
vt 1.000000 1.000000
vt 0.875000 0.800000
vt 1.000000 1.000000
vt 1.000000 0.800000
vt 0.000000 0.000000
vt 0.000000 0.200000
vt 0.125000 0.200000
vt 0.000000 0.000000
vt 0.125000 0.200000
vt 0.125000 0.000000
vt 0.125000 0.000000
vt 0.125000 0.200000
vt 0.250000 0.200000
vt 0.125000 0.000000
vt 0.250000 0.200000
vt 0.250000 0.000000
vt 0.250000 0.000000
vt 0.250000 0.200000
vt 0.375000 0.200000
vt 0.250000 0.000000
vt 0.375000 0.200000
vt 0.375000 0.000000
vt 0.375000 0.000000
vt 0.375000 0.200000
vt 0.500000 0.200000
vt 0.375000 0.000000
vt 0.500000 0.200000
vt 0.500000 0.000000
vt 0.500000 0.000000
vt 0.500000 0.200000
vt 0.625000 0.200000
vt 0.500000 0.000000
vt 0.625000 0.200000
vt 0.625000 0.000000
vt 0.625000 0.000000
vt 0.625000 0.200000
vt 0.750000 0.200000
vt 0.625000 0.000000
vt 0.750000 0.200000
vt 0.750000 0.000000
vt 0.750000 0.000000
vt 0.750000 0.200000
vt 0.875000 0.200000
vt 0.750000 0.000000
vt 0.875000 0.200000
vt 0.875000 0.000000
vt 0.875000 0.000000
vt 0.875000 0.200000
vt 1.000000 0.200000
vt 0.875000 0.000000
vt 1.000000 0.200000
vt 1.000000 0.000000
vt 0.000000 0.200000
vt 0.000000 0.400000
vt 0.125000 0.400000
vt 0.000000 0.200000
vt 0.125000 0.400000
vt 0.125000 0.200000
vt 0.125000 0.200000
vt 0.125000 0.400000
vt 0.250000 0.400000
vt 0.125000 0.200000
vt 0.250000 0.400000
vt 0.250000 0.200000
vt 0.250000 0.200000
vt 0.250000 0.400000
vt 0.375000 0.400000
vt 0.250000 0.200000
vt 0.375000 0.400000
vt 0.375000 0.200000
vt 0.375000 0.200000
vt 0.375000 0.400000
vt 0.500000 0.400000
vt 0.375000 0.200000
vt 0.500000 0.400000
vt 0.500000 0.200000
vt 0.500000 0.200000
vt 0.500000 0.400000
vt 0.625000 0.400000
vt 0.500000 0.200000
vt 0.625000 0.400000
vt 0.625000 0.200000
vt 0.625000 0.200000
vt 0.625000 0.400000
vt 0.750000 0.400000
vt 0.625000 0.200000
vt 0.750000 0.400000
vt 0.750000 0.200000
vt 0.750000 0.200000
vt 0.750000 0.400000
vt 0.875000 0.400000
vt 0.750000 0.200000
vt 0.875000 0.400000
vt 0.875000 0.200000
vt 0.875000 0.200000
vt 0.875000 0.400000
vt 1.000000 0.400000
vt 0.875000 0.200000
vt 1.000000 0.400000
vt 1.000000 0.200000
vt 0.000000 0.400000
vt 0.000000 0.600000
vt 0.125000 0.600000
vt 0.000000 0.400000
vt 0.125000 0.600000
vt 0.125000 0.400000
vt 0.125000 0.400000
vt 0.125000 0.600000
vt 0.250000 0.600000
vt 0.125000 0.400000
vt 0.250000 0.600000
vt 0.250000 0.400000
vt 0.250000 0.400000
vt 0.250000 0.600000
vt 0.375000 0.600000
vt 0.250000 0.400000
vt 0.375000 0.600000
vt 0.375000 0.400000
vt 0.375000 0.400000
vt 0.375000 0.600000
vt 0.500000 0.600000
vt 0.375000 0.400000
vt 0.500000 0.600000
vt 0.500000 0.400000
vt 0.500000 0.400000
vt 0.500000 0.600000
vt 0.625000 0.600000
vt 0.500000 0.400000
vt 0.625000 0.600000
vt 0.625000 0.400000
vt 0.625000 0.400000
vt 0.625000 0.600000
vt 0.750000 0.600000
vt 0.625000 0.400000
vt 0.750000 0.600000
vt 0.750000 0.400000
vt 0.750000 0.400000
vt 0.750000 0.600000
vt 0.875000 0.600000
vt 0.750000 0.400000
vt 0.875000 0.600000
vt 0.875000 0.400000
vt 0.875000 0.400000
vt 0.875000 0.600000
vt 1.000000 0.600000
vt 0.875000 0.400000
vt 1.000000 0.600000
vt 1.000000 0.400000
vt 0.000000 0.600000
vt 0.000000 0.800000
vt 0.125000 0.800000
vt 0.000000 0.600000
vt 0.125000 0.800000
vt 0.125000 0.600000
vt 0.125000 0.600000
vt 0.125000 0.800000
vt 0.250000 0.800000
vt 0.125000 0.600000
vt 0.250000 0.800000
vt 0.250000 0.600000
vt 0.250000 0.600000
vt 0.250000 0.800000
vt 0.375000 0.800000
vt 0.250000 0.600000
vt 0.375000 0.800000
vt 0.375000 0.600000
vt 0.375000 0.600000
vt 0.375000 0.800000
vt 0.500000 0.800000
vt 0.375000 0.600000
vt 0.500000 0.800000
vt 0.500000 0.600000
vt 0.500000 0.600000
vt 0.500000 0.800000
vt 0.625000 0.800000
vt 0.500000 0.600000
vt 0.625000 0.800000
vt 0.625000 0.600000
vt 0.625000 0.600000
vt 0.625000 0.800000
vt 0.750000 0.800000
vt 0.625000 0.600000
vt 0.750000 0.800000
vt 0.750000 0.600000
vt 0.750000 0.600000
vt 0.750000 0.800000
vt 0.875000 0.800000
vt 0.750000 0.600000
vt 0.875000 0.800000
vt 0.875000 0.600000
vt 0.875000 0.600000
vt 0.875000 0.800000
vt 1.000000 0.800000
vt 0.875000 0.600000
vt 1.000000 0.800000
vt 1.000000 0.600000
vt 0.000000 0.800000
vt 0.000000 1.000000
vt 0.125000 1.000000
vt 0.000000 0.800000
vt 0.125000 1.000000
vt 0.125000 0.800000
vt 0.125000 0.800000
vt 0.125000 1.000000
vt 0.250000 1.000000
vt 0.125000 0.800000
vt 0.250000 1.000000
vt 0.250000 0.800000
vt 0.250000 0.800000
vt 0.250000 1.000000
vt 0.375000 1.000000
vt 0.250000 0.800000
vt 0.375000 1.000000
vt 0.375000 0.800000
vt 0.375000 0.800000
vt 0.375000 1.000000
vt 0.500000 1.000000
vt 0.375000 0.800000
vt 0.500000 1.000000
vt 0.500000 0.800000
vt 0.500000 0.800000
vt 0.500000 1.000000
vt 0.625000 1.000000
vt 0.500000 0.800000
vt 0.625000 1.000000
vt 0.625000 0.800000
vt 0.625000 0.800000
vt 0.625000 1.000000
vt 0.750000 1.000000
vt 0.625000 0.800000
vt 0.750000 1.000000
vt 0.750000 0.800000
vt 0.750000 0.800000
vt 0.750000 1.000000
vt 0.875000 1.000000
vt 0.750000 0.800000
vt 0.875000 1.000000
vt 0.875000 0.800000
vt 0.875000 0.800000
vt 0.875000 1.000000
vt 1.000000 1.000000
vt 0.875000 0.800000
vt 1.000000 1.000000
vt 1.000000 0.800000
vt 0.000000 0.000000
vt 0.200000 0.000000
vt 0.200000 1.000000
vt 0.000000 0.000000
vt 0.200000 1.000000
vt 0.000000 1.000000
vt 0.000000 0.000000
vt 1.000000 0.000000
vt 1.000000 1.000000
vt 0.000000 0.000000
vt 1.000000 0.000000
vt 1.000000 1.000000
vt 0.200000 0.000000
vt 0.400000 0.000000
vt 0.400000 1.000000
vt 0.200000 0.000000
vt 0.400000 1.000000
vt 0.200000 1.000000
vt 0.000000 0.000000
vt 1.000000 0.000000
vt 1.000000 1.000000
vt 0.000000 0.000000
vt 1.000000 0.000000
vt 1.000000 1.000000
vt 0.400000 0.000000
vt 0.600000 0.000000
vt 0.600000 1.000000
vt 0.400000 0.000000
vt 0.600000 1.000000
vt 0.400000 1.000000
vt 0.000000 0.000000
vt 1.000000 0.000000
vt 1.000000 1.000000
vt 0.000000 0.000000
vt 1.000000 0.000000
vt 1.000000 1.000000
vt 0.600000 0.000000
vt 0.800000 0.000000
vt 0.800000 1.000000
vt 0.600000 0.000000
vt 0.800000 1.000000
vt 0.600000 1.000000
vt 0.000000 0.000000
vt 1.000000 0.000000
vt 1.000000 1.000000
vt 0.000000 0.000000
vt 1.000000 0.000000
vt 1.000000 1.000000
vt 0.800000 0.000000
vt 1.000000 0.000000
vt 1.000000 1.000000
vt 0.800000 0.000000
vt 1.000000 1.000000
vt 0.800000 1.000000
vt 0.000000 0.000000
vt 1.000000 0.000000
vt 1.000000 1.000000
vt 0.000000 0.000000
vt 1.000000 0.000000
vt 1.000000 1.000000
vt 0.000000 0.000000
vt 0.200000 0.000000
vt 0.200000 1.000000
vt 0.000000 0.000000
vt 0.200000 1.000000
vt 0.000000 1.000000
vt 0.000000 0.000000
vt 1.000000 0.000000
vt 1.000000 1.000000
vt 0.000000 0.000000
vt 1.000000 0.000000
vt 1.000000 1.000000
vt 0.200000 0.000000
vt 0.400000 0.000000
vt 0.400000 1.000000
vt 0.200000 0.000000
vt 0.400000 1.000000
vt 0.200000 1.000000
vt 0.000000 0.000000
vt 1.000000 0.000000
vt 1.000000 1.000000
vt 0.000000 0.000000
vt 1.000000 0.000000
vt 1.000000 1.000000
vt 0.400000 0.000000
vt 0.600000 0.000000
vt 0.600000 1.000000
vt 0.400000 0.000000
vt 0.600000 1.000000
vt 0.400000 1.000000
vt 0.000000 0.000000
vt 1.000000 0.000000
vt 1.000000 1.000000
vt 0.000000 0.000000
vt 1.000000 0.000000
vt 1.000000 1.000000
vt 0.600000 0.000000
vt 0.800000 0.000000
vt 0.800000 1.000000
vt 0.600000 0.000000
vt 0.800000 1.000000
vt 0.600000 1.000000
vt 0.000000 0.000000
vt 1.000000 0.000000
vt 1.000000 1.000000
vt 0.000000 0.000000
vt 1.000000 0.000000
vt 1.000000 1.000000
vt 0.800000 0.000000
vt 1.000000 0.000000
vt 1.000000 1.000000
vt 0.800000 0.000000
vt 1.000000 1.000000
vt 0.800000 1.000000
vt 0.000000 0.000000
vt 1.000000 0.000000
vt 1.000000 1.000000
vt 0.000000 0.000000
vt 1.000000 0.000000
vt 1.000000 1.000000
vt 0.000000 0.000000
vt 0.200000 0.000000
vt 0.200000 1.000000
vt 0.000000 0.000000
vt 0.200000 1.000000
vt 0.000000 1.000000
vt 0.000000 0.000000
vt 1.000000 0.000000
vt 1.000000 1.000000
vt 0.000000 0.000000
vt 1.000000 0.000000
vt 1.000000 1.000000
vt 0.200000 0.000000
vt 0.400000 0.000000
vt 0.400000 1.000000
vt 0.200000 0.000000
vt 0.400000 1.000000
vt 0.200000 1.000000
vt 0.000000 0.000000
vt 1.000000 0.000000
vt 1.000000 1.000000
vt 0.000000 0.000000
vt 1.000000 0.000000
vt 1.000000 1.000000
vt 0.400000 0.000000
vt 0.600000 0.000000
vt 0.600000 1.000000
vt 0.400000 0.000000
vt 0.600000 1.000000
vt 0.400000 1.000000
vt 0.000000 0.000000
vt 1.000000 0.000000
vt 1.000000 1.000000
vt 0.000000 0.000000
vt 1.000000 0.000000
vt 1.000000 1.000000
vt 0.600000 0.000000
vt 0.800000 0.000000
vt 0.800000 1.000000
vt 0.600000 0.000000
vt 0.800000 1.000000
vt 0.600000 1.000000
vt 0.000000 0.000000
vt 1.000000 0.000000
vt 1.000000 1.000000
vt 0.000000 0.000000
vt 1.000000 0.000000
vt 1.000000 1.000000
vt 0.800000 0.000000
vt 1.000000 0.000000
vt 1.000000 1.000000
vt 0.800000 0.000000
vt 1.000000 1.000000
vt 0.800000 1.000000
vt 0.000000 0.000000
vt 1.000000 0.000000
vt 1.000000 1.000000
vt 0.000000 0.000000
vt 1.000000 0.000000
vt 1.000000 1.000000
vt 0.000000 0.000000
vt 0.200000 0.000000
vt 0.200000 1.000000
vt 0.000000 0.000000
vt 0.200000 1.000000
vt 0.000000 1.000000
vt 0.000000 0.000000
vt 1.000000 0.000000
vt 1.000000 1.000000
vt 0.000000 0.000000
vt 1.000000 0.000000
vt 1.000000 1.000000
vt 0.200000 0.000000
vt 0.400000 0.000000
vt 0.400000 1.000000
vt 0.200000 0.000000
vt 0.400000 1.000000
vt 0.200000 1.000000
vt 0.000000 0.000000
vt 1.000000 0.000000
vt 1.000000 1.000000
vt 0.000000 0.000000
vt 1.000000 0.000000
vt 1.000000 1.000000
vt 0.400000 0.000000
vt 0.600000 0.000000
vt 0.600000 1.000000
vt 0.400000 0.000000
vt 0.600000 1.000000
vt 0.400000 1.000000
vt 0.000000 0.000000
vt 1.000000 0.000000
vt 1.000000 1.000000
vt 0.000000 0.000000
vt 1.000000 0.000000
vt 1.000000 1.000000
vt 0.600000 0.000000
vt 0.800000 0.000000
vt 0.800000 1.000000
vt 0.600000 0.000000
vt 0.800000 1.000000
vt 0.600000 1.000000
vt 0.000000 0.000000
vt 1.000000 0.000000
vt 1.000000 1.000000
vt 0.000000 0.000000
vt 1.000000 0.000000
vt 1.000000 1.000000
vt 0.800000 0.000000
vt 1.000000 0.000000
vt 1.000000 1.000000
vt 0.800000 0.000000
vt 1.000000 1.000000
vt 0.800000 1.000000
vt 0.000000 0.000000
vt 1.000000 0.000000
vt 1.000000 1.000000
vt 0.000000 0.000000
vt 1.000000 0.000000
vt 1.000000 1.000000
vt 0.000000 0.000000
vt 0.200000 0.000000
vt 0.200000 1.000000
vt 0.000000 0.000000
vt 0.200000 1.000000
vt 0.000000 1.000000
vt 0.000000 0.000000
vt 1.000000 0.000000
vt 1.000000 1.000000
vt 0.000000 0.000000
vt 1.000000 0.000000
vt 1.000000 1.000000
vt 0.200000 0.000000
vt 0.400000 0.000000
vt 0.400000 1.000000
vt 0.200000 0.000000
vt 0.400000 1.000000
vt 0.200000 1.000000
vt 0.000000 0.000000
vt 1.000000 0.000000
vt 1.000000 1.000000
vt 0.000000 0.000000
vt 1.000000 0.000000
vt 1.000000 1.000000
vt 0.400000 0.000000
vt 0.600000 0.000000
vt 0.600000 1.000000
vt 0.400000 0.000000
vt 0.600000 1.000000
vt 0.400000 1.000000
vt 0.000000 0.000000
vt 1.000000 0.000000
vt 1.000000 1.000000
vt 0.000000 0.000000
vt 1.000000 0.000000
vt 1.000000 1.000000
vt 0.600000 0.000000
vt 0.800000 0.000000
vt 0.800000 1.000000
vt 0.600000 0.000000
vt 0.800000 1.000000
vt 0.600000 1.000000
vt 0.000000 0.000000
vt 1.000000 0.000000
vt 1.000000 1.000000
vt 0.000000 0.000000
vt 1.000000 0.000000
vt 1.000000 1.000000
vt 0.800000 0.000000
vt 1.000000 0.000000
vt 1.000000 1.000000
vt 0.800000 0.000000
vt 1.000000 1.000000
vt 0.800000 1.000000
vt 0.000000 0.000000
vt 1.000000 0.000000
vt 1.000000 1.000000
vt 0.000000 0.000000
vt 1.000000 0.000000
vt 1.000000 1.000000
vt 0.000000 0.000000
vt 0.000000 0.200000
vt 0.125000 0.200000
vt 0.000000 0.000000
vt 0.125000 0.200000
vt 0.125000 0.000000
vt 0.125000 0.000000
vt 0.125000 0.200000
vt 0.250000 0.200000
vt 0.125000 0.000000
vt 0.250000 0.200000
vt 0.250000 0.000000
vt 0.250000 0.000000
vt 0.250000 0.200000
vt 0.375000 0.200000
vt 0.250000 0.000000
vt 0.375000 0.200000
vt 0.375000 0.000000
vt 0.375000 0.000000
vt 0.375000 0.200000
vt 0.500000 0.200000
vt 0.375000 0.000000
vt 0.500000 0.200000
vt 0.500000 0.000000
vt 0.500000 0.000000
vt 0.500000 0.200000
vt 0.625000 0.200000
vt 0.500000 0.000000
vt 0.625000 0.200000
vt 0.625000 0.000000
vt 0.625000 0.000000
vt 0.625000 0.200000
vt 0.750000 0.200000
vt 0.625000 0.000000
vt 0.750000 0.200000
vt 0.750000 0.000000
vt 0.750000 0.000000
vt 0.750000 0.200000
vt 0.875000 0.200000
vt 0.750000 0.000000
vt 0.875000 0.200000
vt 0.875000 0.000000
vt 0.875000 0.000000
vt 0.875000 0.200000
vt 1.000000 0.200000
vt 0.875000 0.000000
vt 1.000000 0.200000
vt 1.000000 0.000000
vt 0.000000 0.200000
vt 0.000000 0.400000
vt 0.125000 0.400000
vt 0.000000 0.200000
vt 0.125000 0.400000
vt 0.125000 0.200000
vt 0.125000 0.200000
vt 0.125000 0.400000
vt 0.250000 0.400000
vt 0.125000 0.200000
vt 0.250000 0.400000
vt 0.250000 0.200000
vt 0.250000 0.200000
vt 0.250000 0.400000
vt 0.375000 0.400000
vt 0.250000 0.200000
vt 0.375000 0.400000
vt 0.375000 0.200000
vt 0.375000 0.200000
vt 0.375000 0.400000
vt 0.500000 0.400000
vt 0.375000 0.200000
vt 0.500000 0.400000
vt 0.500000 0.200000
vt 0.500000 0.200000
vt 0.500000 0.400000
vt 0.625000 0.400000
vt 0.500000 0.200000
vt 0.625000 0.400000
vt 0.625000 0.200000
vt 0.625000 0.200000
vt 0.625000 0.400000
vt 0.750000 0.400000
vt 0.625000 0.200000
vt 0.750000 0.400000
vt 0.750000 0.200000
vt 0.750000 0.200000
vt 0.750000 0.400000
vt 0.875000 0.400000
vt 0.750000 0.200000
vt 0.875000 0.400000
vt 0.875000 0.200000
vt 0.875000 0.200000
vt 0.875000 0.400000
vt 1.000000 0.400000
vt 0.875000 0.200000
vt 1.000000 0.400000
vt 1.000000 0.200000
vt 0.000000 0.400000
vt 0.000000 0.600000
vt 0.125000 0.600000
vt 0.000000 0.400000
vt 0.125000 0.600000
vt 0.125000 0.400000
vt 0.125000 0.400000
vt 0.125000 0.600000
vt 0.250000 0.600000
vt 0.125000 0.400000
vt 0.250000 0.600000
vt 0.250000 0.400000
vt 0.250000 0.400000
vt 0.250000 0.600000
vt 0.375000 0.600000
vt 0.250000 0.400000
vt 0.375000 0.600000
vt 0.375000 0.400000
vt 0.375000 0.400000
vt 0.375000 0.600000
vt 0.500000 0.600000
vt 0.375000 0.400000
vt 0.500000 0.600000
vt 0.500000 0.400000
vt 0.500000 0.400000
vt 0.500000 0.600000
vt 0.625000 0.600000
vt 0.500000 0.400000
vt 0.625000 0.600000
vt 0.625000 0.400000
vt 0.625000 0.400000
vt 0.625000 0.600000
vt 0.750000 0.600000
vt 0.625000 0.400000
vt 0.750000 0.600000
vt 0.750000 0.400000
vt 0.750000 0.400000
vt 0.750000 0.600000
vt 0.875000 0.600000
vt 0.750000 0.400000
vt 0.875000 0.600000
vt 0.875000 0.400000
vt 0.875000 0.400000
vt 0.875000 0.600000
vt 1.000000 0.600000
vt 0.875000 0.400000
vt 1.000000 0.600000
vt 1.000000 0.400000
vt 0.000000 0.600000
vt 0.000000 0.800000
vt 0.125000 0.800000
vt 0.000000 0.600000
vt 0.125000 0.800000
vt 0.125000 0.600000
vt 0.125000 0.600000
vt 0.125000 0.800000
vt 0.250000 0.800000
vt 0.125000 0.600000
vt 0.250000 0.800000
vt 0.250000 0.600000
vt 0.250000 0.600000
vt 0.250000 0.800000
vt 0.375000 0.800000
vt 0.250000 0.600000
vt 0.375000 0.800000
vt 0.375000 0.600000
vt 0.375000 0.600000
vt 0.375000 0.800000
vt 0.500000 0.800000
vt 0.375000 0.600000
vt 0.500000 0.800000
vt 0.500000 0.600000
vt 0.500000 0.600000
vt 0.500000 0.800000
vt 0.625000 0.800000
vt 0.500000 0.600000
vt 0.625000 0.800000
vt 0.625000 0.600000
vt 0.625000 0.600000
vt 0.625000 0.800000
vt 0.750000 0.800000
vt 0.625000 0.600000
vt 0.750000 0.800000
vt 0.750000 0.600000
vt 0.750000 0.600000
vt 0.750000 0.800000
vt 0.875000 0.800000
vt 0.750000 0.600000
vt 0.875000 0.800000
vt 0.875000 0.600000
vt 0.875000 0.600000
vt 0.875000 0.800000
vt 1.000000 0.800000
vt 0.875000 0.600000
vt 1.000000 0.800000
vt 1.000000 0.600000
vt 0.000000 0.800000
vt 0.000000 1.000000
vt 0.125000 1.000000
vt 0.000000 0.800000
vt 0.125000 1.000000
vt 0.125000 0.800000
vt 0.125000 0.800000
vt 0.125000 1.000000
vt 0.250000 1.000000
vt 0.125000 0.800000
vt 0.250000 1.000000
vt 0.250000 0.800000
vt 0.250000 0.800000
vt 0.250000 1.000000
vt 0.375000 1.000000
vt 0.250000 0.800000
vt 0.375000 1.000000
vt 0.375000 0.800000
vt 0.375000 0.800000
vt 0.375000 1.000000
vt 0.500000 1.000000
vt 0.375000 0.800000
vt 0.500000 1.000000
vt 0.500000 0.800000
vt 0.500000 0.800000
vt 0.500000 1.000000
vt 0.625000 1.000000
vt 0.500000 0.800000
vt 0.625000 1.000000
vt 0.625000 0.800000
vt 0.625000 0.800000
vt 0.625000 1.000000
vt 0.750000 1.000000
vt 0.625000 0.800000
vt 0.750000 1.000000
vt 0.750000 0.800000
vt 0.750000 0.800000
vt 0.750000 1.000000
vt 0.875000 1.000000
vt 0.750000 0.800000
vt 0.875000 1.000000
vt 0.875000 0.800000
vt 0.875000 0.800000
vt 0.875000 1.000000
vt 1.000000 1.000000
vt 0.875000 0.800000
vt 1.000000 1.000000
vt 1.000000 0.800000
vt 0.000000 0.000000
vt 0.000000 0.200000
vt 0.125000 0.200000
vt 0.000000 0.000000
vt 0.125000 0.200000
vt 0.125000 0.000000
vt 0.125000 0.000000
vt 0.125000 0.200000
vt 0.250000 0.200000
vt 0.125000 0.000000
vt 0.250000 0.200000
vt 0.250000 0.000000
vt 0.250000 0.000000
vt 0.250000 0.200000
vt 0.375000 0.200000
vt 0.250000 0.000000
vt 0.375000 0.200000
vt 0.375000 0.000000
vt 0.375000 0.000000
vt 0.375000 0.200000
vt 0.500000 0.200000
vt 0.375000 0.000000
vt 0.500000 0.200000
vt 0.500000 0.000000
vt 0.500000 0.000000
vt 0.500000 0.200000
vt 0.625000 0.200000
vt 0.500000 0.000000
vt 0.625000 0.200000
vt 0.625000 0.000000
vt 0.625000 0.000000
vt 0.625000 0.200000
vt 0.750000 0.200000
vt 0.625000 0.000000
vt 0.750000 0.200000
vt 0.750000 0.000000
vt 0.750000 0.000000
vt 0.750000 0.200000
vt 0.875000 0.200000
vt 0.750000 0.000000
vt 0.875000 0.200000
vt 0.875000 0.000000
vt 0.875000 0.000000
vt 0.875000 0.200000
vt 1.000000 0.200000
vt 0.875000 0.000000
vt 1.000000 0.200000
vt 1.000000 0.000000
vt 0.000000 0.200000
vt 0.000000 0.400000
vt 0.125000 0.400000
vt 0.000000 0.200000
vt 0.125000 0.400000
vt 0.125000 0.200000
vt 0.125000 0.200000
vt 0.125000 0.400000
vt 0.250000 0.400000
vt 0.125000 0.200000
vt 0.250000 0.400000
vt 0.250000 0.200000
vt 0.250000 0.200000
vt 0.250000 0.400000
vt 0.375000 0.400000
vt 0.250000 0.200000
vt 0.375000 0.400000
vt 0.375000 0.200000
vt 0.375000 0.200000
vt 0.375000 0.400000
vt 0.500000 0.400000
vt 0.375000 0.200000
vt 0.500000 0.400000
vt 0.500000 0.200000
vt 0.500000 0.200000
vt 0.500000 0.400000
vt 0.625000 0.400000
vt 0.500000 0.200000
vt 0.625000 0.400000
vt 0.625000 0.200000
vt 0.625000 0.200000
vt 0.625000 0.400000
vt 0.750000 0.400000
vt 0.625000 0.200000
vt 0.750000 0.400000
vt 0.750000 0.200000
vt 0.750000 0.200000
vt 0.750000 0.400000
vt 0.875000 0.400000
vt 0.750000 0.200000
vt 0.875000 0.400000
vt 0.875000 0.200000
vt 0.875000 0.200000
vt 0.875000 0.400000
vt 1.000000 0.400000
vt 0.875000 0.200000
vt 1.000000 0.400000
vt 1.000000 0.200000
vt 0.000000 0.400000
vt 0.000000 0.600000
vt 0.125000 0.600000
vt 0.000000 0.400000
vt 0.125000 0.600000
vt 0.125000 0.400000
vt 0.125000 0.400000
vt 0.125000 0.600000
vt 0.250000 0.600000
vt 0.125000 0.400000
vt 0.250000 0.600000
vt 0.250000 0.400000
vt 0.250000 0.400000
vt 0.250000 0.600000
vt 0.375000 0.600000
vt 0.250000 0.400000
vt 0.375000 0.600000
vt 0.375000 0.400000
vt 0.375000 0.400000
vt 0.375000 0.600000
vt 0.500000 0.600000
vt 0.375000 0.400000
vt 0.500000 0.600000
vt 0.500000 0.400000
vt 0.500000 0.400000
vt 0.500000 0.600000
vt 0.625000 0.600000
vt 0.500000 0.400000
vt 0.625000 0.600000
vt 0.625000 0.400000
vt 0.625000 0.400000
vt 0.625000 0.600000
vt 0.750000 0.600000
vt 0.625000 0.400000
vt 0.750000 0.600000
vt 0.750000 0.400000
vt 0.750000 0.400000
vt 0.750000 0.600000
vt 0.875000 0.600000
vt 0.750000 0.400000
vt 0.875000 0.600000
vt 0.875000 0.400000
vt 0.875000 0.400000
vt 0.875000 0.600000
vt 1.000000 0.600000
vt 0.875000 0.400000
vt 1.000000 0.600000
vt 1.000000 0.400000
vt 0.000000 0.600000
vt 0.000000 0.800000
vt 0.125000 0.800000
vt 0.000000 0.600000
vt 0.125000 0.800000
vt 0.125000 0.600000
vt 0.125000 0.600000
vt 0.125000 0.800000
vt 0.250000 0.800000
vt 0.125000 0.600000
vt 0.250000 0.800000
vt 0.250000 0.600000
vt 0.250000 0.600000
vt 0.250000 0.800000
vt 0.375000 0.800000
vt 0.250000 0.600000
vt 0.375000 0.800000
vt 0.375000 0.600000
vt 0.375000 0.600000
vt 0.375000 0.800000
vt 0.500000 0.800000
vt 0.375000 0.600000
vt 0.500000 0.800000
vt 0.500000 0.600000
vt 0.500000 0.600000
vt 0.500000 0.800000
vt 0.625000 0.800000
vt 0.500000 0.600000
vt 0.625000 0.800000
vt 0.625000 0.600000
vt 0.625000 0.600000
vt 0.625000 0.800000
vt 0.750000 0.800000
vt 0.625000 0.600000
vt 0.750000 0.800000
vt 0.750000 0.600000
vt 0.750000 0.600000
vt 0.750000 0.800000
vt 0.875000 0.800000
vt 0.750000 0.600000
vt 0.875000 0.800000
vt 0.875000 0.600000
vt 0.875000 0.600000
vt 0.875000 0.800000
vt 1.000000 0.800000
vt 0.875000 0.600000
vt 1.000000 0.800000
vt 1.000000 0.600000
vt 0.000000 0.800000
vt 0.000000 1.000000
vt 0.125000 1.000000
vt 0.000000 0.800000
vt 0.125000 1.000000
vt 0.125000 0.800000
vt 0.125000 0.800000
vt 0.125000 1.000000
vt 0.250000 1.000000
vt 0.125000 0.800000
vt 0.250000 1.000000
vt 0.250000 0.800000
vt 0.250000 0.800000
vt 0.250000 1.000000
vt 0.375000 1.000000
vt 0.250000 0.800000
vt 0.375000 1.000000
vt 0.375000 0.800000
vt 0.375000 0.800000
vt 0.375000 1.000000
vt 0.500000 1.000000
vt 0.375000 0.800000
vt 0.500000 1.000000
vt 0.500000 0.800000
vt 0.500000 0.800000
vt 0.500000 1.000000
vt 0.625000 1.000000
vt 0.500000 0.800000
vt 0.625000 1.000000
vt 0.625000 0.800000
vt 0.625000 0.800000
vt 0.625000 1.000000
vt 0.750000 1.000000
vt 0.625000 0.800000
vt 0.750000 1.000000
vt 0.750000 0.800000
vt 0.750000 0.800000
vt 0.750000 1.000000
vt 0.875000 1.000000
vt 0.750000 0.800000
vt 0.875000 1.000000
vt 0.875000 0.800000
vt 0.875000 0.800000
vt 0.875000 1.000000
vt 1.000000 1.000000
vt 0.875000 0.800000
vt 1.000000 1.000000
vt 1.000000 0.800000
vt 0.000000 0.000000
vt 0.200000 0.000000
vt 0.200000 1.000000
vt 0.000000 0.000000
vt 0.200000 1.000000
vt 0.000000 1.000000
vt 0.000000 0.000000
vt 1.000000 0.000000
vt 1.000000 1.000000
vt 0.000000 0.000000
vt 1.000000 0.000000
vt 1.000000 1.000000
vt 0.200000 0.000000
vt 0.400000 0.000000
vt 0.400000 1.000000
vt 0.200000 0.000000
vt 0.400000 1.000000
vt 0.200000 1.000000
vt 0.000000 0.000000
vt 1.000000 0.000000
vt 1.000000 1.000000
vt 0.000000 0.000000
vt 1.000000 0.000000
vt 1.000000 1.000000
vt 0.400000 0.000000
vt 0.600000 0.000000
vt 0.600000 1.000000
vt 0.400000 0.000000
vt 0.600000 1.000000
vt 0.400000 1.000000
vt 0.000000 0.000000
vt 1.000000 0.000000
vt 1.000000 1.000000
vt 0.000000 0.000000
vt 1.000000 0.000000
vt 1.000000 1.000000
vt 0.600000 0.000000
vt 0.800000 0.000000
vt 0.800000 1.000000
vt 0.600000 0.000000
vt 0.800000 1.000000
vt 0.600000 1.000000
vt 0.000000 0.000000
vt 1.000000 0.000000
vt 1.000000 1.000000
vt 0.000000 0.000000
vt 1.000000 0.000000
vt 1.000000 1.000000
vt 0.800000 0.000000
vt 1.000000 0.000000
vt 1.000000 1.000000
vt 0.800000 0.000000
vt 1.000000 1.000000
vt 0.800000 1.000000
vt 0.000000 0.000000
vt 1.000000 0.000000
vt 1.000000 1.000000
vt 0.000000 0.000000
vt 1.000000 0.000000
vt 1.000000 1.000000
vt 0.000000 0.000000
vt 0.200000 0.000000
vt 0.200000 1.000000
vt 0.000000 0.000000
vt 0.200000 1.000000
vt 0.000000 1.000000
vt 0.000000 0.000000
vt 1.000000 0.000000
vt 1.000000 1.000000
vt 0.000000 0.000000
vt 1.000000 0.000000
vt 1.000000 1.000000
vt 0.200000 0.000000
vt 0.400000 0.000000
vt 0.400000 1.000000
vt 0.200000 0.000000
vt 0.400000 1.000000
vt 0.200000 1.000000
vt 0.000000 0.000000
vt 1.000000 0.000000
vt 1.000000 1.000000
vt 0.000000 0.000000
vt 1.000000 0.000000
vt 1.000000 1.000000
vt 0.400000 0.000000
vt 0.600000 0.000000
vt 0.600000 1.000000
vt 0.400000 0.000000
vt 0.600000 1.000000
vt 0.400000 1.000000
vt 0.000000 0.000000
vt 1.000000 0.000000
vt 1.000000 1.000000
vt 0.000000 0.000000
vt 1.000000 0.000000
vt 1.000000 1.000000
vt 0.600000 0.000000
vt 0.800000 0.000000
vt 0.800000 1.000000
vt 0.600000 0.000000
vt 0.800000 1.000000
vt 0.600000 1.000000
vt 0.000000 0.000000
vt 1.000000 0.000000
vt 1.000000 1.000000
vt 0.000000 0.000000
vt 1.000000 0.000000
vt 1.000000 1.000000
vt 0.800000 0.000000
vt 1.000000 0.000000
vt 1.000000 1.000000
vt 0.800000 0.000000
vt 1.000000 1.000000
vt 0.800000 1.000000
vt 0.000000 0.000000
vt 1.000000 0.000000
vt 1.000000 1.000000
vt 0.000000 0.000000
vt 1.000000 0.000000
vt 1.000000 1.000000
vt 0.000000 0.000000
vt 0.200000 0.000000
vt 0.200000 1.000000
vt 0.000000 0.000000
vt 0.200000 1.000000
vt 0.000000 1.000000
vt 0.000000 0.000000
vt 1.000000 0.000000
vt 1.000000 1.000000
vt 0.000000 0.000000
vt 1.000000 0.000000
vt 1.000000 1.000000
vt 0.200000 0.000000
vt 0.400000 0.000000
vt 0.400000 1.000000
vt 0.200000 0.000000
vt 0.400000 1.000000
vt 0.200000 1.000000
vt 0.000000 0.000000
vt 1.000000 0.000000
vt 1.000000 1.000000
vt 0.000000 0.000000
vt 1.000000 0.000000
vt 1.000000 1.000000
vt 0.400000 0.000000
vt 0.600000 0.000000
vt 0.600000 1.000000
vt 0.400000 0.000000
vt 0.600000 1.000000
vt 0.400000 1.000000
vt 0.000000 0.000000
vt 1.000000 0.000000
vt 1.000000 1.000000
vt 0.000000 0.000000
vt 1.000000 0.000000
vt 1.000000 1.000000
vt 0.600000 0.000000
vt 0.800000 0.000000
vt 0.800000 1.000000
vt 0.600000 0.000000
vt 0.800000 1.000000
vt 0.600000 1.000000
vt 0.000000 0.000000
vt 1.000000 0.000000
vt 1.000000 1.000000
vt 0.000000 0.000000
vt 1.000000 0.000000
vt 1.000000 1.000000
vt 0.800000 0.000000
vt 1.000000 0.000000
vt 1.000000 1.000000
vt 0.800000 0.000000
vt 1.000000 1.000000
vt 0.800000 1.000000
vt 0.000000 0.000000
vt 1.000000 0.000000
vt 1.000000 1.000000
vt 0.000000 0.000000
vt 1.000000 0.000000
vt 1.000000 1.000000
vt 0.000000 0.000000
vt 0.200000 0.000000
vt 0.200000 1.000000
vt 0.000000 0.000000
vt 0.200000 1.000000
vt 0.000000 1.000000
vt 0.000000 0.000000
vt 1.000000 0.000000
vt 1.000000 1.000000
vt 0.000000 0.000000
vt 1.000000 0.000000
vt 1.000000 1.000000
vt 0.200000 0.000000
vt 0.400000 0.000000
vt 0.400000 1.000000
vt 0.200000 0.000000
vt 0.400000 1.000000
vt 0.200000 1.000000
vt 0.000000 0.000000
vt 1.000000 0.000000
vt 1.000000 1.000000
vt 0.000000 0.000000
vt 1.000000 0.000000
vt 1.000000 1.000000
vt 0.400000 0.000000
vt 0.600000 0.000000
vt 0.600000 1.000000
vt 0.400000 0.000000
vt 0.600000 1.000000
vt 0.400000 1.000000
vt 0.000000 0.000000
vt 1.000000 0.000000
vt 1.000000 1.000000
vt 0.000000 0.000000
vt 1.000000 0.000000
vt 1.000000 1.000000
vt 0.600000 0.000000
vt 0.800000 0.000000
vt 0.800000 1.000000
vt 0.600000 0.000000
vt 0.800000 1.000000
vt 0.600000 1.000000
vt 0.000000 0.000000
vt 1.000000 0.000000
vt 1.000000 1.000000
vt 0.000000 0.000000
vt 1.000000 0.000000
vt 1.000000 1.000000
vt 0.800000 0.000000
vt 1.000000 0.000000
vt 1.000000 1.000000
vt 0.800000 0.000000
vt 1.000000 1.000000
vt 0.800000 1.000000
vt 0.000000 0.000000
vt 1.000000 0.000000
vt 1.000000 1.000000
vt 0.000000 0.000000
vt 1.000000 0.000000
vt 1.000000 1.000000
vt 0.000000 0.000000
vt 0.200000 0.000000
vt 0.200000 1.000000
vt 0.000000 0.000000
vt 0.200000 1.000000
vt 0.000000 1.000000
vt 0.000000 0.000000
vt 1.000000 0.000000
vt 1.000000 1.000000
vt 0.000000 0.000000
vt 1.000000 0.000000
vt 1.000000 1.000000
vt 0.200000 0.000000
vt 0.400000 0.000000
vt 0.400000 1.000000
vt 0.200000 0.000000
vt 0.400000 1.000000
vt 0.200000 1.000000
vt 0.000000 0.000000
vt 1.000000 0.000000
vt 1.000000 1.000000
vt 0.000000 0.000000
vt 1.000000 0.000000
vt 1.000000 1.000000
vt 0.400000 0.000000
vt 0.600000 0.000000
vt 0.600000 1.000000
vt 0.400000 0.000000
vt 0.600000 1.000000
vt 0.400000 1.000000
vt 0.000000 0.000000
vt 1.000000 0.000000
vt 1.000000 1.000000
vt 0.000000 0.000000
vt 1.000000 0.000000
vt 1.000000 1.000000
vt 0.600000 0.000000
vt 0.800000 0.000000
vt 0.800000 1.000000
vt 0.600000 0.000000
vt 0.800000 1.000000
vt 0.600000 1.000000
vt 0.000000 0.000000
vt 1.000000 0.000000
vt 1.000000 1.000000
vt 0.000000 0.000000
vt 1.000000 0.000000
vt 1.000000 1.000000
vt 0.800000 0.000000
vt 1.000000 0.000000
vt 1.000000 1.000000
vt 0.800000 0.000000
vt 1.000000 1.000000
vt 0.800000 1.000000
vt 0.000000 0.000000
vt 1.000000 0.000000
vt 1.000000 1.000000
vt 0.000000 0.000000
vt 1.000000 0.000000
vt 1.000000 1.000000
vt 0.000000 0.000000
vt 0.000000 0.200000
vt 0.125000 0.200000
vt 0.000000 0.000000
vt 0.125000 0.200000
vt 0.125000 0.000000
vt 0.125000 0.000000
vt 0.125000 0.200000
vt 0.250000 0.200000
vt 0.125000 0.000000
vt 0.250000 0.200000
vt 0.250000 0.000000
vt 0.250000 0.000000
vt 0.250000 0.200000
vt 0.375000 0.200000
vt 0.250000 0.000000
vt 0.375000 0.200000
vt 0.375000 0.000000
vt 0.375000 0.000000
vt 0.375000 0.200000
vt 0.500000 0.200000
vt 0.375000 0.000000
vt 0.500000 0.200000
vt 0.500000 0.000000
vt 0.500000 0.000000
vt 0.500000 0.200000
vt 0.625000 0.200000
vt 0.500000 0.000000
vt 0.625000 0.200000
vt 0.625000 0.000000
vt 0.625000 0.000000
vt 0.625000 0.200000
vt 0.750000 0.200000
vt 0.625000 0.000000
vt 0.750000 0.200000
vt 0.750000 0.000000
vt 0.750000 0.000000
vt 0.750000 0.200000
vt 0.875000 0.200000
vt 0.750000 0.000000
vt 0.875000 0.200000
vt 0.875000 0.000000
vt 0.875000 0.000000
vt 0.875000 0.200000
vt 1.000000 0.200000
vt 0.875000 0.000000
vt 1.000000 0.200000
vt 1.000000 0.000000
vt 0.000000 0.200000
vt 0.000000 0.400000
vt 0.125000 0.400000
vt 0.000000 0.200000
vt 0.125000 0.400000
vt 0.125000 0.200000
vt 0.125000 0.200000
vt 0.125000 0.400000
vt 0.250000 0.400000
vt 0.125000 0.200000
vt 0.250000 0.400000
vt 0.250000 0.200000
vt 0.250000 0.200000
vt 0.250000 0.400000
vt 0.375000 0.400000
vt 0.250000 0.200000
vt 0.375000 0.400000
vt 0.375000 0.200000
vt 0.375000 0.200000
vt 0.375000 0.400000
vt 0.500000 0.400000
vt 0.375000 0.200000
vt 0.500000 0.400000
vt 0.500000 0.200000
vt 0.500000 0.200000
vt 0.500000 0.400000
vt 0.625000 0.400000
vt 0.500000 0.200000
vt 0.625000 0.400000
vt 0.625000 0.200000
vt 0.625000 0.200000
vt 0.625000 0.400000
vt 0.750000 0.400000
vt 0.625000 0.200000
vt 0.750000 0.400000
vt 0.750000 0.200000
vt 0.750000 0.200000
vt 0.750000 0.400000
vt 0.875000 0.400000
vt 0.750000 0.200000
vt 0.875000 0.400000
vt 0.875000 0.200000
vt 0.875000 0.200000
vt 0.875000 0.400000
vt 1.000000 0.400000
vt 0.875000 0.200000
vt 1.000000 0.400000
vt 1.000000 0.200000
vt 0.000000 0.400000
vt 0.000000 0.600000
vt 0.125000 0.600000
vt 0.000000 0.400000
vt 0.125000 0.600000
vt 0.125000 0.400000
vt 0.125000 0.400000
vt 0.125000 0.600000
vt 0.250000 0.600000
vt 0.125000 0.400000
vt 0.250000 0.600000
vt 0.250000 0.400000
vt 0.250000 0.400000
vt 0.250000 0.600000
vt 0.375000 0.600000
vt 0.250000 0.400000
vt 0.375000 0.600000
vt 0.375000 0.400000
vt 0.375000 0.400000
vt 0.375000 0.600000
vt 0.500000 0.600000
vt 0.375000 0.400000
vt 0.500000 0.600000
vt 0.500000 0.400000
vt 0.500000 0.400000
vt 0.500000 0.600000
vt 0.625000 0.600000
vt 0.500000 0.400000
vt 0.625000 0.600000
vt 0.625000 0.400000
vt 0.625000 0.400000
vt 0.625000 0.600000
vt 0.750000 0.600000
vt 0.625000 0.400000
vt 0.750000 0.600000
vt 0.750000 0.400000
vt 0.750000 0.400000
vt 0.750000 0.600000
vt 0.875000 0.600000
vt 0.750000 0.400000
vt 0.875000 0.600000
vt 0.875000 0.400000
vt 0.875000 0.400000
vt 0.875000 0.600000
vt 1.000000 0.600000
vt 0.875000 0.400000
vt 1.000000 0.600000
vt 1.000000 0.400000
vt 0.000000 0.600000
vt 0.000000 0.800000
vt 0.125000 0.800000
vt 0.000000 0.600000
vt 0.125000 0.800000
vt 0.125000 0.600000
vt 0.125000 0.600000
vt 0.125000 0.800000
vt 0.250000 0.800000
vt 0.125000 0.600000
vt 0.250000 0.800000
vt 0.250000 0.600000
vt 0.250000 0.600000
vt 0.250000 0.800000
vt 0.375000 0.800000
vt 0.250000 0.600000
vt 0.375000 0.800000
vt 0.375000 0.600000
vt 0.375000 0.600000
vt 0.375000 0.800000
vt 0.500000 0.800000
vt 0.375000 0.600000
vt 0.500000 0.800000
vt 0.500000 0.600000
vt 0.500000 0.600000
vt 0.500000 0.800000
vt 0.625000 0.800000
vt 0.500000 0.600000
vt 0.625000 0.800000
vt 0.625000 0.600000
vt 0.625000 0.600000
vt 0.625000 0.800000
vt 0.750000 0.800000
vt 0.625000 0.600000
vt 0.750000 0.800000
vt 0.750000 0.600000
vt 0.750000 0.600000
vt 0.750000 0.800000
vt 0.875000 0.800000
vt 0.750000 0.600000
vt 0.875000 0.800000
vt 0.875000 0.600000
vt 0.875000 0.600000
vt 0.875000 0.800000
vt 1.000000 0.800000
vt 0.875000 0.600000
vt 1.000000 0.800000
vt 1.000000 0.600000
vt 0.000000 0.800000
vt 0.000000 1.000000
vt 0.125000 1.000000
vt 0.000000 0.800000
vt 0.125000 1.000000
vt 0.125000 0.800000
vt 0.125000 0.800000
vt 0.125000 1.000000
vt 0.250000 1.000000
vt 0.125000 0.800000
vt 0.250000 1.000000
vt 0.250000 0.800000
vt 0.250000 0.800000
vt 0.250000 1.000000
vt 0.375000 1.000000
vt 0.250000 0.800000
vt 0.375000 1.000000
vt 0.375000 0.800000
vt 0.375000 0.800000
vt 0.375000 1.000000
vt 0.500000 1.000000
vt 0.375000 0.800000
vt 0.500000 1.000000
vt 0.500000 0.800000
vt 0.500000 0.800000
vt 0.500000 1.000000
vt 0.625000 1.000000
vt 0.500000 0.800000
vt 0.625000 1.000000
vt 0.625000 0.800000
vt 0.625000 0.800000
vt 0.625000 1.000000
vt 0.750000 1.000000
vt 0.625000 0.800000
vt 0.750000 1.000000
vt 0.750000 0.800000
vt 0.750000 0.800000
vt 0.750000 1.000000
vt 0.875000 1.000000
vt 0.750000 0.800000
vt 0.875000 1.000000
vt 0.875000 0.800000
vt 0.875000 0.800000
vt 0.875000 1.000000
vt 1.000000 1.000000
vt 0.875000 0.800000
vt 1.000000 1.000000
vt 1.000000 0.800000
vt 0.000000 0.000000
vt 0.000000 0.200000
vt 0.125000 0.200000
vt 0.000000 0.000000
vt 0.125000 0.200000
vt 0.125000 0.000000
vt 0.125000 0.000000
vt 0.125000 0.200000
vt 0.250000 0.200000
vt 0.125000 0.000000
vt 0.250000 0.200000
vt 0.250000 0.000000
vt 0.250000 0.000000
vt 0.250000 0.200000
vt 0.375000 0.200000
vt 0.250000 0.000000
vt 0.375000 0.200000
vt 0.375000 0.000000
vt 0.375000 0.000000
vt 0.375000 0.200000
vt 0.500000 0.200000
vt 0.375000 0.000000
vt 0.500000 0.200000
vt 0.500000 0.000000
vt 0.500000 0.000000
vt 0.500000 0.200000
vt 0.625000 0.200000
vt 0.500000 0.000000
vt 0.625000 0.200000
vt 0.625000 0.000000
vt 0.625000 0.000000
vt 0.625000 0.200000
vt 0.750000 0.200000
vt 0.625000 0.000000
vt 0.750000 0.200000
vt 0.750000 0.000000
vt 0.750000 0.000000
vt 0.750000 0.200000
vt 0.875000 0.200000
vt 0.750000 0.000000
vt 0.875000 0.200000
vt 0.875000 0.000000
vt 0.875000 0.000000
vt 0.875000 0.200000
vt 1.000000 0.200000
vt 0.875000 0.000000
vt 1.000000 0.200000
vt 1.000000 0.000000
vt 0.000000 0.200000
vt 0.000000 0.400000
vt 0.125000 0.400000
vt 0.000000 0.200000
vt 0.125000 0.400000
vt 0.125000 0.200000
vt 0.125000 0.200000
vt 0.125000 0.400000
vt 0.250000 0.400000
vt 0.125000 0.200000
vt 0.250000 0.400000
vt 0.250000 0.200000
vt 0.250000 0.200000
vt 0.250000 0.400000
vt 0.375000 0.400000
vt 0.250000 0.200000
vt 0.375000 0.400000
vt 0.375000 0.200000
vt 0.375000 0.200000
vt 0.375000 0.400000
vt 0.500000 0.400000
vt 0.375000 0.200000
vt 0.500000 0.400000
vt 0.500000 0.200000
vt 0.500000 0.200000
vt 0.500000 0.400000
vt 0.625000 0.400000
vt 0.500000 0.200000
vt 0.625000 0.400000
vt 0.625000 0.200000
vt 0.625000 0.200000
vt 0.625000 0.400000
vt 0.750000 0.400000
vt 0.625000 0.200000
vt 0.750000 0.400000
vt 0.750000 0.200000
vt 0.750000 0.200000
vt 0.750000 0.400000
vt 0.875000 0.400000
vt 0.750000 0.200000
vt 0.875000 0.400000
vt 0.875000 0.200000
vt 0.875000 0.200000
vt 0.875000 0.400000
vt 1.000000 0.400000
vt 0.875000 0.200000
vt 1.000000 0.400000
vt 1.000000 0.200000
vt 0.000000 0.400000
vt 0.000000 0.600000
vt 0.125000 0.600000
vt 0.000000 0.400000
vt 0.125000 0.600000
vt 0.125000 0.400000
vt 0.125000 0.400000
vt 0.125000 0.600000
vt 0.250000 0.600000
vt 0.125000 0.400000
vt 0.250000 0.600000
vt 0.250000 0.400000
vt 0.250000 0.400000
vt 0.250000 0.600000
vt 0.375000 0.600000
vt 0.250000 0.400000
vt 0.375000 0.600000
vt 0.375000 0.400000
vt 0.375000 0.400000
vt 0.375000 0.600000
vt 0.500000 0.600000
vt 0.375000 0.400000
vt 0.500000 0.600000
vt 0.500000 0.400000
vt 0.500000 0.400000
vt 0.500000 0.600000
vt 0.625000 0.600000
vt 0.500000 0.400000
vt 0.625000 0.600000
vt 0.625000 0.400000
vt 0.625000 0.400000
vt 0.625000 0.600000
vt 0.750000 0.600000
vt 0.625000 0.400000
vt 0.750000 0.600000
vt 0.750000 0.400000
vt 0.750000 0.400000
vt 0.750000 0.600000
vt 0.875000 0.600000
vt 0.750000 0.400000
vt 0.875000 0.600000
vt 0.875000 0.400000
vt 0.875000 0.400000
vt 0.875000 0.600000
vt 1.000000 0.600000
vt 0.875000 0.400000
vt 1.000000 0.600000
vt 1.000000 0.400000
vt 0.000000 0.600000
vt 0.000000 0.800000
vt 0.125000 0.800000
vt 0.000000 0.600000
vt 0.125000 0.800000
vt 0.125000 0.600000
vt 0.125000 0.600000
vt 0.125000 0.800000
vt 0.250000 0.800000
vt 0.125000 0.600000
vt 0.250000 0.800000
vt 0.250000 0.600000
vt 0.250000 0.600000
vt 0.250000 0.800000
vt 0.375000 0.800000
vt 0.250000 0.600000
vt 0.375000 0.800000
vt 0.375000 0.600000
vt 0.375000 0.600000
vt 0.375000 0.800000
vt 0.500000 0.800000
vt 0.375000 0.600000
vt 0.500000 0.800000
vt 0.500000 0.600000
vt 0.500000 0.600000
vt 0.500000 0.800000
vt 0.625000 0.800000
vt 0.500000 0.600000
vt 0.625000 0.800000
vt 0.625000 0.600000
vt 0.625000 0.600000
vt 0.625000 0.800000
vt 0.750000 0.800000
vt 0.625000 0.600000
vt 0.750000 0.800000
vt 0.750000 0.600000
vt 0.750000 0.600000
vt 0.750000 0.800000
vt 0.875000 0.800000
vt 0.750000 0.600000
vt 0.875000 0.800000
vt 0.875000 0.600000
vt 0.875000 0.600000
vt 0.875000 0.800000
vt 1.000000 0.800000
vt 0.875000 0.600000
vt 1.000000 0.800000
vt 1.000000 0.600000
vt 0.000000 0.800000
vt 0.000000 1.000000
vt 0.125000 1.000000
vt 0.000000 0.800000
vt 0.125000 1.000000
vt 0.125000 0.800000
vt 0.125000 0.800000
vt 0.125000 1.000000
vt 0.250000 1.000000
vt 0.125000 0.800000
vt 0.250000 1.000000
vt 0.250000 0.800000
vt 0.250000 0.800000
vt 0.250000 1.000000
vt 0.375000 1.000000
vt 0.250000 0.800000
vt 0.375000 1.000000
vt 0.375000 0.800000
vt 0.375000 0.800000
vt 0.375000 1.000000
vt 0.500000 1.000000
vt 0.375000 0.800000
vt 0.500000 1.000000
vt 0.500000 0.800000
vt 0.500000 0.800000
vt 0.500000 1.000000
vt 0.625000 1.000000
vt 0.500000 0.800000
vt 0.625000 1.000000
vt 0.625000 0.800000
vt 0.625000 0.800000
vt 0.625000 1.000000
vt 0.750000 1.000000
vt 0.625000 0.800000
vt 0.750000 1.000000
vt 0.750000 0.800000
vt 0.750000 0.800000
vt 0.750000 1.000000
vt 0.875000 1.000000
vt 0.750000 0.800000
vt 0.875000 1.000000
vt 0.875000 0.800000
vt 0.875000 0.800000
vt 0.875000 1.000000
vt 1.000000 1.000000
vt 0.875000 0.800000
vt 1.000000 1.000000
vt 1.000000 0.800000
vt 0.000000 0.000000
vt 0.200000 0.000000
vt 0.200000 1.000000
vt 0.000000 0.000000
vt 0.200000 1.000000
vt 0.000000 1.000000
vt 0.000000 0.000000
vt 1.000000 0.000000
vt 1.000000 1.000000
vt 0.000000 0.000000
vt 1.000000 0.000000
vt 1.000000 1.000000
vt 0.200000 0.000000
vt 0.400000 0.000000
vt 0.400000 1.000000
vt 0.200000 0.000000
vt 0.400000 1.000000
vt 0.200000 1.000000
vt 0.000000 0.000000
vt 1.000000 0.000000
vt 1.000000 1.000000
vt 0.000000 0.000000
vt 1.000000 0.000000
vt 1.000000 1.000000
vt 0.400000 0.000000
vt 0.600000 0.000000
vt 0.600000 1.000000
vt 0.400000 0.000000
vt 0.600000 1.000000
vt 0.400000 1.000000
vt 0.000000 0.000000
vt 1.000000 0.000000
vt 1.000000 1.000000
vt 0.000000 0.000000
vt 1.000000 0.000000
vt 1.000000 1.000000
vt 0.600000 0.000000
vt 0.800000 0.000000
vt 0.800000 1.000000
vt 0.600000 0.000000
vt 0.800000 1.000000
vt 0.600000 1.000000
vt 0.000000 0.000000
vt 1.000000 0.000000
vt 1.000000 1.000000
vt 0.000000 0.000000
vt 1.000000 0.000000
vt 1.000000 1.000000
vt 0.800000 0.000000
vt 1.000000 0.000000
vt 1.000000 1.000000
vt 0.800000 0.000000
vt 1.000000 1.000000
vt 0.800000 1.000000
vt 0.000000 0.000000
vt 1.000000 0.000000
vt 1.000000 1.000000
vt 0.000000 0.000000
vt 1.000000 0.000000
vt 1.000000 1.000000
vt 0.000000 0.000000
vt 0.200000 0.000000
vt 0.200000 1.000000
vt 0.000000 0.000000
vt 0.200000 1.000000
vt 0.000000 1.000000
vt 0.000000 0.000000
vt 1.000000 0.000000
vt 1.000000 1.000000
vt 0.000000 0.000000
vt 1.000000 0.000000
vt 1.000000 1.000000
vt 0.200000 0.000000
vt 0.400000 0.000000
vt 0.400000 1.000000
vt 0.200000 0.000000
vt 0.400000 1.000000
vt 0.200000 1.000000
vt 0.000000 0.000000
vt 1.000000 0.000000
vt 1.000000 1.000000
vt 0.000000 0.000000
vt 1.000000 0.000000
vt 1.000000 1.000000
vt 0.400000 0.000000
vt 0.600000 0.000000
vt 0.600000 1.000000
vt 0.400000 0.000000
vt 0.600000 1.000000
vt 0.400000 1.000000
vt 0.000000 0.000000
vt 1.000000 0.000000
vt 1.000000 1.000000
vt 0.000000 0.000000
vt 1.000000 0.000000
vt 1.000000 1.000000
vt 0.600000 0.000000
vt 0.800000 0.000000
vt 0.800000 1.000000
vt 0.600000 0.000000
vt 0.800000 1.000000
vt 0.600000 1.000000
vt 0.000000 0.000000
vt 1.000000 0.000000
vt 1.000000 1.000000
vt 0.000000 0.000000
vt 1.000000 0.000000
vt 1.000000 1.000000
vt 0.800000 0.000000
vt 1.000000 0.000000
vt 1.000000 1.000000
vt 0.800000 0.000000
vt 1.000000 1.000000
vt 0.800000 1.000000
vt 0.000000 0.000000
vt 1.000000 0.000000
vt 1.000000 1.000000
vt 0.000000 0.000000
vt 1.000000 0.000000
vt 1.000000 1.000000
vt 0.000000 0.000000
vt 0.200000 0.000000
vt 0.200000 1.000000
vt 0.000000 0.000000
vt 0.200000 1.000000
vt 0.000000 1.000000
vt 0.000000 0.000000
vt 1.000000 0.000000
vt 1.000000 1.000000
vt 0.000000 0.000000
vt 1.000000 0.000000
vt 1.000000 1.000000
vt 0.200000 0.000000
vt 0.400000 0.000000
vt 0.400000 1.000000
vt 0.200000 0.000000
vt 0.400000 1.000000
vt 0.200000 1.000000
vt 0.000000 0.000000
vt 1.000000 0.000000
vt 1.000000 1.000000
vt 0.000000 0.000000
vt 1.000000 0.000000
vt 1.000000 1.000000
vt 0.400000 0.000000
vt 0.600000 0.000000
vt 0.600000 1.000000
vt 0.400000 0.000000
vt 0.600000 1.000000
vt 0.400000 1.000000
vt 0.000000 0.000000
vt 1.000000 0.000000
vt 1.000000 1.000000
vt 0.000000 0.000000
vt 1.000000 0.000000
vt 1.000000 1.000000
vt 0.600000 0.000000
vt 0.800000 0.000000
vt 0.800000 1.000000
vt 0.600000 0.000000
vt 0.800000 1.000000
vt 0.600000 1.000000
vt 0.000000 0.000000
vt 1.000000 0.000000
vt 1.000000 1.000000
vt 0.000000 0.000000
vt 1.000000 0.000000
vt 1.000000 1.000000
vt 0.800000 0.000000
vt 1.000000 0.000000
vt 1.000000 1.000000
vt 0.800000 0.000000
vt 1.000000 1.000000
vt 0.800000 1.000000
vt 0.000000 0.000000
vt 1.000000 0.000000
vt 1.000000 1.000000
vt 0.000000 0.000000
vt 1.000000 0.000000
vt 1.000000 1.000000
vt 0.000000 0.000000
vt 0.200000 0.000000
vt 0.200000 1.000000
vt 0.000000 0.000000
vt 0.200000 1.000000
vt 0.000000 1.000000
vt 0.000000 0.000000
vt 1.000000 0.000000
vt 1.000000 1.000000
vt 0.000000 0.000000
vt 1.000000 0.000000
vt 1.000000 1.000000
vt 0.200000 0.000000
vt 0.400000 0.000000
vt 0.400000 1.000000
vt 0.200000 0.000000
vt 0.400000 1.000000
vt 0.200000 1.000000
vt 0.000000 0.000000
vt 1.000000 0.000000
vt 1.000000 1.000000
vt 0.000000 0.000000
vt 1.000000 0.000000
vt 1.000000 1.000000
vt 0.400000 0.000000
vt 0.600000 0.000000
vt 0.600000 1.000000
vt 0.400000 0.000000
vt 0.600000 1.000000
vt 0.400000 1.000000
vt 0.000000 0.000000
vt 1.000000 0.000000
vt 1.000000 1.000000
vt 0.000000 0.000000
vt 1.000000 0.000000
vt 1.000000 1.000000
vt 0.600000 0.000000
vt 0.800000 0.000000
vt 0.800000 1.000000
vt 0.600000 0.000000
vt 0.800000 1.000000
vt 0.600000 1.000000
vt 0.000000 0.000000
vt 1.000000 0.000000
vt 1.000000 1.000000
vt 0.000000 0.000000
vt 1.000000 0.000000
vt 1.000000 1.000000
vt 0.800000 0.000000
vt 1.000000 0.000000
vt 1.000000 1.000000
vt 0.800000 0.000000
vt 1.000000 1.000000
vt 0.800000 1.000000
vt 0.000000 0.000000
vt 1.000000 0.000000
vt 1.000000 1.000000
vt 0.000000 0.000000
vt 1.000000 0.000000
vt 1.000000 1.000000
vt 0.000000 0.000000
vt 0.200000 0.000000
vt 0.200000 1.000000
vt 0.000000 0.000000
vt 0.200000 1.000000
vt 0.000000 1.000000
vt 0.000000 0.000000
vt 1.000000 0.000000
vt 1.000000 1.000000
vt 0.000000 0.000000
vt 1.000000 0.000000
vt 1.000000 1.000000
vt 0.200000 0.000000
vt 0.400000 0.000000
vt 0.400000 1.000000
vt 0.200000 0.000000
vt 0.400000 1.000000
vt 0.200000 1.000000
vt 0.000000 0.000000
vt 1.000000 0.000000
vt 1.000000 1.000000
vt 0.000000 0.000000
vt 1.000000 0.000000
vt 1.000000 1.000000
vt 0.400000 0.000000
vt 0.600000 0.000000
vt 0.600000 1.000000
vt 0.400000 0.000000
vt 0.600000 1.000000
vt 0.400000 1.000000
vt 0.000000 0.000000
vt 1.000000 0.000000
vt 1.000000 1.000000
vt 0.000000 0.000000
vt 1.000000 0.000000
vt 1.000000 1.000000
vt 0.600000 0.000000
vt 0.800000 0.000000
vt 0.800000 1.000000
vt 0.600000 0.000000
vt 0.800000 1.000000
vt 0.600000 1.000000
vt 0.000000 0.000000
vt 1.000000 0.000000
vt 1.000000 1.000000
vt 0.000000 0.000000
vt 1.000000 0.000000
vt 1.000000 1.000000
vt 0.800000 0.000000
vt 1.000000 0.000000
vt 1.000000 1.000000
vt 0.800000 0.000000
vt 1.000000 1.000000
vt 0.800000 1.000000
vt 0.000000 0.000000
vt 1.000000 0.000000
vt 1.000000 1.000000
vt 0.000000 0.000000
vt 1.000000 0.000000
vt 1.000000 1.000000
vt 0.000000 0.000000
vt 0.000000 0.200000
vt 0.125000 0.200000
vt 0.000000 0.000000
vt 0.125000 0.200000
vt 0.125000 0.000000
vt 0.125000 0.000000
vt 0.125000 0.200000
vt 0.250000 0.200000
vt 0.125000 0.000000
vt 0.250000 0.200000
vt 0.250000 0.000000
vt 0.250000 0.000000
vt 0.250000 0.200000
vt 0.375000 0.200000
vt 0.250000 0.000000
vt 0.375000 0.200000
vt 0.375000 0.000000
vt 0.375000 0.000000
vt 0.375000 0.200000
vt 0.500000 0.200000
vt 0.375000 0.000000
vt 0.500000 0.200000
vt 0.500000 0.000000
vt 0.500000 0.000000
vt 0.500000 0.200000
vt 0.625000 0.200000
vt 0.500000 0.000000
vt 0.625000 0.200000
vt 0.625000 0.000000
vt 0.625000 0.000000
vt 0.625000 0.200000
vt 0.750000 0.200000
vt 0.625000 0.000000
vt 0.750000 0.200000
vt 0.750000 0.000000
vt 0.750000 0.000000
vt 0.750000 0.200000
vt 0.875000 0.200000
vt 0.750000 0.000000
vt 0.875000 0.200000
vt 0.875000 0.000000
vt 0.875000 0.000000
vt 0.875000 0.200000
vt 1.000000 0.200000
vt 0.875000 0.000000
vt 1.000000 0.200000
vt 1.000000 0.000000
vt 0.000000 0.200000
vt 0.000000 0.400000
vt 0.125000 0.400000
vt 0.000000 0.200000
vt 0.125000 0.400000
vt 0.125000 0.200000
vt 0.125000 0.200000
vt 0.125000 0.400000
vt 0.250000 0.400000
vt 0.125000 0.200000
vt 0.250000 0.400000
vt 0.250000 0.200000
vt 0.250000 0.200000
vt 0.250000 0.400000
vt 0.375000 0.400000
vt 0.250000 0.200000
vt 0.375000 0.400000
vt 0.375000 0.200000
vt 0.375000 0.200000
vt 0.375000 0.400000
vt 0.500000 0.400000
vt 0.375000 0.200000
vt 0.500000 0.400000
vt 0.500000 0.200000
vt 0.500000 0.200000
vt 0.500000 0.400000
vt 0.625000 0.400000
vt 0.500000 0.200000
vt 0.625000 0.400000
vt 0.625000 0.200000
vt 0.625000 0.200000
vt 0.625000 0.400000
vt 0.750000 0.400000
vt 0.625000 0.200000
vt 0.750000 0.400000
vt 0.750000 0.200000
vt 0.750000 0.200000
vt 0.750000 0.400000
vt 0.875000 0.400000
vt 0.750000 0.200000
vt 0.875000 0.400000
vt 0.875000 0.200000
vt 0.875000 0.200000
vt 0.875000 0.400000
vt 1.000000 0.400000
vt 0.875000 0.200000
vt 1.000000 0.400000
vt 1.000000 0.200000
vt 0.000000 0.400000
vt 0.000000 0.600000
vt 0.125000 0.600000
vt 0.000000 0.400000
vt 0.125000 0.600000
vt 0.125000 0.400000
vt 0.125000 0.400000
vt 0.125000 0.600000
vt 0.250000 0.600000
vt 0.125000 0.400000
vt 0.250000 0.600000
vt 0.250000 0.400000
vt 0.250000 0.400000
vt 0.250000 0.600000
vt 0.375000 0.600000
vt 0.250000 0.400000
vt 0.375000 0.600000
vt 0.375000 0.400000
vt 0.375000 0.400000
vt 0.375000 0.600000
vt 0.500000 0.600000
vt 0.375000 0.400000
vt 0.500000 0.600000
vt 0.500000 0.400000
vt 0.500000 0.400000
vt 0.500000 0.600000
vt 0.625000 0.600000
vt 0.500000 0.400000
vt 0.625000 0.600000
vt 0.625000 0.400000
vt 0.625000 0.400000
vt 0.625000 0.600000
vt 0.750000 0.600000
vt 0.625000 0.400000
vt 0.750000 0.600000
vt 0.750000 0.400000
vt 0.750000 0.400000
vt 0.750000 0.600000
vt 0.875000 0.600000
vt 0.750000 0.400000
vt 0.875000 0.600000
vt 0.875000 0.400000
vt 0.875000 0.400000
vt 0.875000 0.600000
vt 1.000000 0.600000
vt 0.875000 0.400000
vt 1.000000 0.600000
vt 1.000000 0.400000
vt 0.000000 0.600000
vt 0.000000 0.800000
vt 0.125000 0.800000
vt 0.000000 0.600000
vt 0.125000 0.800000
vt 0.125000 0.600000
vt 0.125000 0.600000
vt 0.125000 0.800000
vt 0.250000 0.800000
vt 0.125000 0.600000
vt 0.250000 0.800000
vt 0.250000 0.600000
vt 0.250000 0.600000
vt 0.250000 0.800000
vt 0.375000 0.800000
vt 0.250000 0.600000
vt 0.375000 0.800000
vt 0.375000 0.600000
vt 0.375000 0.600000
vt 0.375000 0.800000
vt 0.500000 0.800000
vt 0.375000 0.600000
vt 0.500000 0.800000
vt 0.500000 0.600000
vt 0.500000 0.600000
vt 0.500000 0.800000
vt 0.625000 0.800000
vt 0.500000 0.600000
vt 0.625000 0.800000
vt 0.625000 0.600000
vt 0.625000 0.600000
vt 0.625000 0.800000
vt 0.750000 0.800000
vt 0.625000 0.600000
vt 0.750000 0.800000
vt 0.750000 0.600000
vt 0.750000 0.600000
vt 0.750000 0.800000
vt 0.875000 0.800000
vt 0.750000 0.600000
vt 0.875000 0.800000
vt 0.875000 0.600000
vt 0.875000 0.600000
vt 0.875000 0.800000
vt 1.000000 0.800000
vt 0.875000 0.600000
vt 1.000000 0.800000
vt 1.000000 0.600000
vt 0.000000 0.800000
vt 0.000000 1.000000
vt 0.125000 1.000000
vt 0.000000 0.800000
vt 0.125000 1.000000
vt 0.125000 0.800000
vt 0.125000 0.800000
vt 0.125000 1.000000
vt 0.250000 1.000000
vt 0.125000 0.800000
vt 0.250000 1.000000
vt 0.250000 0.800000
vt 0.250000 0.800000
vt 0.250000 1.000000
vt 0.375000 1.000000
vt 0.250000 0.800000
vt 0.375000 1.000000
vt 0.375000 0.800000
vt 0.375000 0.800000
vt 0.375000 1.000000
vt 0.500000 1.000000
vt 0.375000 0.800000
vt 0.500000 1.000000
vt 0.500000 0.800000
vt 0.500000 0.800000
vt 0.500000 1.000000
vt 0.625000 1.000000
vt 0.500000 0.800000
vt 0.625000 1.000000
vt 0.625000 0.800000
vt 0.625000 0.800000
vt 0.625000 1.000000
vt 0.750000 1.000000
vt 0.625000 0.800000
vt 0.750000 1.000000
vt 0.750000 0.800000
vt 0.750000 0.800000
vt 0.750000 1.000000
vt 0.875000 1.000000
vt 0.750000 0.800000
vt 0.875000 1.000000
vt 0.875000 0.800000
vt 0.875000 0.800000
vt 0.875000 1.000000
vt 1.000000 1.000000
vt 0.875000 0.800000
vt 1.000000 1.000000
vt 1.000000 0.800000
vt 0.000000 0.000000
vt 0.000000 0.200000
vt 0.125000 0.200000
vt 0.000000 0.000000
vt 0.125000 0.200000
vt 0.125000 0.000000
vt 0.125000 0.000000
vt 0.125000 0.200000
vt 0.250000 0.200000
vt 0.125000 0.000000
vt 0.250000 0.200000
vt 0.250000 0.000000
vt 0.250000 0.000000
vt 0.250000 0.200000
vt 0.375000 0.200000
vt 0.250000 0.000000
vt 0.375000 0.200000
vt 0.375000 0.000000
vt 0.375000 0.000000
vt 0.375000 0.200000
vt 0.500000 0.200000
vt 0.375000 0.000000
vt 0.500000 0.200000
vt 0.500000 0.000000
vt 0.500000 0.000000
vt 0.500000 0.200000
vt 0.625000 0.200000
vt 0.500000 0.000000
vt 0.625000 0.200000
vt 0.625000 0.000000
vt 0.625000 0.000000
vt 0.625000 0.200000
vt 0.750000 0.200000
vt 0.625000 0.000000
vt 0.750000 0.200000
vt 0.750000 0.000000
vt 0.750000 0.000000
vt 0.750000 0.200000
vt 0.875000 0.200000
vt 0.750000 0.000000
vt 0.875000 0.200000
vt 0.875000 0.000000
vt 0.875000 0.000000
vt 0.875000 0.200000
vt 1.000000 0.200000
vt 0.875000 0.000000
vt 1.000000 0.200000
vt 1.000000 0.000000
vt 0.000000 0.200000
vt 0.000000 0.400000
vt 0.125000 0.400000
vt 0.000000 0.200000
vt 0.125000 0.400000
vt 0.125000 0.200000
vt 0.125000 0.200000
vt 0.125000 0.400000
vt 0.250000 0.400000
vt 0.125000 0.200000
vt 0.250000 0.400000
vt 0.250000 0.200000
vt 0.250000 0.200000
vt 0.250000 0.400000
vt 0.375000 0.400000
vt 0.250000 0.200000
vt 0.375000 0.400000
vt 0.375000 0.200000
vt 0.375000 0.200000
vt 0.375000 0.400000
vt 0.500000 0.400000
vt 0.375000 0.200000
vt 0.500000 0.400000
vt 0.500000 0.200000
vt 0.500000 0.200000
vt 0.500000 0.400000
vt 0.625000 0.400000
vt 0.500000 0.200000
vt 0.625000 0.400000
vt 0.625000 0.200000
vt 0.625000 0.200000
vt 0.625000 0.400000
vt 0.750000 0.400000
vt 0.625000 0.200000
vt 0.750000 0.400000
vt 0.750000 0.200000
vt 0.750000 0.200000
vt 0.750000 0.400000
vt 0.875000 0.400000
vt 0.750000 0.200000
vt 0.875000 0.400000
vt 0.875000 0.200000
vt 0.875000 0.200000
vt 0.875000 0.400000
vt 1.000000 0.400000
vt 0.875000 0.200000
vt 1.000000 0.400000
vt 1.000000 0.200000
vt 0.000000 0.400000
vt 0.000000 0.600000
vt 0.125000 0.600000
vt 0.000000 0.400000
vt 0.125000 0.600000
vt 0.125000 0.400000
vt 0.125000 0.400000
vt 0.125000 0.600000
vt 0.250000 0.600000
vt 0.125000 0.400000
vt 0.250000 0.600000
vt 0.250000 0.400000
vt 0.250000 0.400000
vt 0.250000 0.600000
vt 0.375000 0.600000
vt 0.250000 0.400000
vt 0.375000 0.600000
vt 0.375000 0.400000
vt 0.375000 0.400000
vt 0.375000 0.600000
vt 0.500000 0.600000
vt 0.375000 0.400000
vt 0.500000 0.600000
vt 0.500000 0.400000
vt 0.500000 0.400000
vt 0.500000 0.600000
vt 0.625000 0.600000
vt 0.500000 0.400000
vt 0.625000 0.600000
vt 0.625000 0.400000
vt 0.625000 0.400000
vt 0.625000 0.600000
vt 0.750000 0.600000
vt 0.625000 0.400000
vt 0.750000 0.600000
vt 0.750000 0.400000
vt 0.750000 0.400000
vt 0.750000 0.600000
vt 0.875000 0.600000
vt 0.750000 0.400000
vt 0.875000 0.600000
vt 0.875000 0.400000
vt 0.875000 0.400000
vt 0.875000 0.600000
vt 1.000000 0.600000
vt 0.875000 0.400000
vt 1.000000 0.600000
vt 1.000000 0.400000
vt 0.000000 0.600000
vt 0.000000 0.800000
vt 0.125000 0.800000
vt 0.000000 0.600000
vt 0.125000 0.800000
vt 0.125000 0.600000
vt 0.125000 0.600000
vt 0.125000 0.800000
vt 0.250000 0.800000
vt 0.125000 0.600000
vt 0.250000 0.800000
vt 0.250000 0.600000
vt 0.250000 0.600000
vt 0.250000 0.800000
vt 0.375000 0.800000
vt 0.250000 0.600000
vt 0.375000 0.800000
vt 0.375000 0.600000
vt 0.375000 0.600000
vt 0.375000 0.800000
vt 0.500000 0.800000
vt 0.375000 0.600000
vt 0.500000 0.800000
vt 0.500000 0.600000
vt 0.500000 0.600000
vt 0.500000 0.800000
vt 0.625000 0.800000
vt 0.500000 0.600000
vt 0.625000 0.800000
vt 0.625000 0.600000
vt 0.625000 0.600000
vt 0.625000 0.800000
vt 0.750000 0.800000
vt 0.625000 0.600000
vt 0.750000 0.800000
vt 0.750000 0.600000
vt 0.750000 0.600000
vt 0.750000 0.800000
vt 0.875000 0.800000
vt 0.750000 0.600000
vt 0.875000 0.800000
vt 0.875000 0.600000
vt 0.875000 0.600000
vt 0.875000 0.800000
vt 1.000000 0.800000
vt 0.875000 0.600000
vt 1.000000 0.800000
vt 1.000000 0.600000
vt 0.000000 0.800000
vt 0.000000 1.000000
vt 0.125000 1.000000
vt 0.000000 0.800000
vt 0.125000 1.000000
vt 0.125000 0.800000
vt 0.125000 0.800000
vt 0.125000 1.000000
vt 0.250000 1.000000
vt 0.125000 0.800000
vt 0.250000 1.000000
vt 0.250000 0.800000
vt 0.250000 0.800000
vt 0.250000 1.000000
vt 0.375000 1.000000
vt 0.250000 0.800000
vt 0.375000 1.000000
vt 0.375000 0.800000
vt 0.375000 0.800000
vt 0.375000 1.000000
vt 0.500000 1.000000
vt 0.375000 0.800000
vt 0.500000 1.000000
vt 0.500000 0.800000
vt 0.500000 0.800000
vt 0.500000 1.000000
vt 0.625000 1.000000
vt 0.500000 0.800000
vt 0.625000 1.000000
vt 0.625000 0.800000
vt 0.625000 0.800000
vt 0.625000 1.000000
vt 0.750000 1.000000
vt 0.625000 0.800000
vt 0.750000 1.000000
vt 0.750000 0.800000
vt 0.750000 0.800000
vt 0.750000 1.000000
vt 0.875000 1.000000
vt 0.750000 0.800000
vt 0.875000 1.000000
vt 0.875000 0.800000
vt 0.875000 0.800000
vt 0.875000 1.000000
vt 1.000000 1.000000
vt 0.875000 0.800000
vt 1.000000 1.000000
vt 1.000000 0.800000
vt 0.000000 0.000000
vt 0.200000 0.000000
vt 0.200000 1.000000
vt 0.000000 0.000000
vt 0.200000 1.000000
vt 0.000000 1.000000
vt 0.000000 0.000000
vt 1.000000 0.000000
vt 1.000000 1.000000
vt 0.000000 0.000000
vt 1.000000 0.000000
vt 1.000000 1.000000
vt 0.200000 0.000000
vt 0.400000 0.000000
vt 0.400000 1.000000
vt 0.200000 0.000000
vt 0.400000 1.000000
vt 0.200000 1.000000
vt 0.000000 0.000000
vt 1.000000 0.000000
vt 1.000000 1.000000
vt 0.000000 0.000000
vt 1.000000 0.000000
vt 1.000000 1.000000
vt 0.400000 0.000000
vt 0.600000 0.000000
vt 0.600000 1.000000
vt 0.400000 0.000000
vt 0.600000 1.000000
vt 0.400000 1.000000
vt 0.000000 0.000000
vt 1.000000 0.000000
vt 1.000000 1.000000
vt 0.000000 0.000000
vt 1.000000 0.000000
vt 1.000000 1.000000
vt 0.600000 0.000000
vt 0.800000 0.000000
vt 0.800000 1.000000
vt 0.600000 0.000000
vt 0.800000 1.000000
vt 0.600000 1.000000
vt 0.000000 0.000000
vt 1.000000 0.000000
vt 1.000000 1.000000
vt 0.000000 0.000000
vt 1.000000 0.000000
vt 1.000000 1.000000
vt 0.800000 0.000000
vt 1.000000 0.000000
vt 1.000000 1.000000
vt 0.800000 0.000000
vt 1.000000 1.000000
vt 0.800000 1.000000
vt 0.000000 0.000000
vt 1.000000 0.000000
vt 1.000000 1.000000
vt 0.000000 0.000000
vt 1.000000 0.000000
vt 1.000000 1.000000
vt 0.000000 0.000000
vt 0.200000 0.000000
vt 0.200000 1.000000
vt 0.000000 0.000000
vt 0.200000 1.000000
vt 0.000000 1.000000
vt 0.000000 0.000000
vt 1.000000 0.000000
vt 1.000000 1.000000
vt 0.000000 0.000000
vt 1.000000 0.000000
vt 1.000000 1.000000
vt 0.200000 0.000000
vt 0.400000 0.000000
vt 0.400000 1.000000
vt 0.200000 0.000000
vt 0.400000 1.000000
vt 0.200000 1.000000
vt 0.000000 0.000000
vt 1.000000 0.000000
vt 1.000000 1.000000
vt 0.000000 0.000000
vt 1.000000 0.000000
vt 1.000000 1.000000
vt 0.400000 0.000000
vt 0.600000 0.000000
vt 0.600000 1.000000
vt 0.400000 0.000000
vt 0.600000 1.000000
vt 0.400000 1.000000
vt 0.000000 0.000000
vt 1.000000 0.000000
vt 1.000000 1.000000
vt 0.000000 0.000000
vt 1.000000 0.000000
vt 1.000000 1.000000
vt 0.600000 0.000000
vt 0.800000 0.000000
vt 0.800000 1.000000
vt 0.600000 0.000000
vt 0.800000 1.000000
vt 0.600000 1.000000
vt 0.000000 0.000000
vt 1.000000 0.000000
vt 1.000000 1.000000
vt 0.000000 0.000000
vt 1.000000 0.000000
vt 1.000000 1.000000
vt 0.800000 0.000000
vt 1.000000 0.000000
vt 1.000000 1.000000
vt 0.800000 0.000000
vt 1.000000 1.000000
vt 0.800000 1.000000
vt 0.000000 0.000000
vt 1.000000 0.000000
vt 1.000000 1.000000
vt 0.000000 0.000000
vt 1.000000 0.000000
vt 1.000000 1.000000
vt 0.000000 0.000000
vt 0.200000 0.000000
vt 0.200000 1.000000
vt 0.000000 0.000000
vt 0.200000 1.000000
vt 0.000000 1.000000
vt 0.000000 0.000000
vt 1.000000 0.000000
vt 1.000000 1.000000
vt 0.000000 0.000000
vt 1.000000 0.000000
vt 1.000000 1.000000
vt 0.200000 0.000000
vt 0.400000 0.000000
vt 0.400000 1.000000
vt 0.200000 0.000000
vt 0.400000 1.000000
vt 0.200000 1.000000
vt 0.000000 0.000000
vt 1.000000 0.000000
vt 1.000000 1.000000
vt 0.000000 0.000000
vt 1.000000 0.000000
vt 1.000000 1.000000
vt 0.400000 0.000000
vt 0.600000 0.000000
vt 0.600000 1.000000
vt 0.400000 0.000000
vt 0.600000 1.000000
vt 0.400000 1.000000
vt 0.000000 0.000000
vt 1.000000 0.000000
vt 1.000000 1.000000
vt 0.000000 0.000000
vt 1.000000 0.000000
vt 1.000000 1.000000
vt 0.600000 0.000000
vt 0.800000 0.000000
vt 0.800000 1.000000
vt 0.600000 0.000000
vt 0.800000 1.000000
vt 0.600000 1.000000
vt 0.000000 0.000000
vt 1.000000 0.000000
vt 1.000000 1.000000
vt 0.000000 0.000000
vt 1.000000 0.000000
vt 1.000000 1.000000
vt 0.800000 0.000000
vt 1.000000 0.000000
vt 1.000000 1.000000
vt 0.800000 0.000000
vt 1.000000 1.000000
vt 0.800000 1.000000
vt 0.000000 0.000000
vt 1.000000 0.000000
vt 1.000000 1.000000
vt 0.000000 0.000000
vt 1.000000 0.000000
vt 1.000000 1.000000
vt 0.000000 0.000000
vt 0.200000 0.000000
vt 0.200000 1.000000
vt 0.000000 0.000000
vt 0.200000 1.000000
vt 0.000000 1.000000
vt 0.000000 0.000000
vt 1.000000 0.000000
vt 1.000000 1.000000
vt 0.000000 0.000000
vt 1.000000 0.000000
vt 1.000000 1.000000
vt 0.200000 0.000000
vt 0.400000 0.000000
vt 0.400000 1.000000
vt 0.200000 0.000000
vt 0.400000 1.000000
vt 0.200000 1.000000
vt 0.000000 0.000000
vt 1.000000 0.000000
vt 1.000000 1.000000
vt 0.000000 0.000000
vt 1.000000 0.000000
vt 1.000000 1.000000
vt 0.400000 0.000000
vt 0.600000 0.000000
vt 0.600000 1.000000
vt 0.400000 0.000000
vt 0.600000 1.000000
vt 0.400000 1.000000
vt 0.000000 0.000000
vt 1.000000 0.000000
vt 1.000000 1.000000
vt 0.000000 0.000000
vt 1.000000 0.000000
vt 1.000000 1.000000
vt 0.600000 0.000000
vt 0.800000 0.000000
vt 0.800000 1.000000
vt 0.600000 0.000000
vt 0.800000 1.000000
vt 0.600000 1.000000
vt 0.000000 0.000000
vt 1.000000 0.000000
vt 1.000000 1.000000
vt 0.000000 0.000000
vt 1.000000 0.000000
vt 1.000000 1.000000
vt 0.800000 0.000000
vt 1.000000 0.000000
vt 1.000000 1.000000
vt 0.800000 0.000000
vt 1.000000 1.000000
vt 0.800000 1.000000
vt 0.000000 0.000000
vt 1.000000 0.000000
vt 1.000000 1.000000
vt 0.000000 0.000000
vt 1.000000 0.000000
vt 1.000000 1.000000
vt 0.000000 0.000000
vt 0.200000 0.000000
vt 0.200000 1.000000
vt 0.000000 0.000000
vt 0.200000 1.000000
vt 0.000000 1.000000
vt 0.000000 0.000000
vt 1.000000 0.000000
vt 1.000000 1.000000
vt 0.000000 0.000000
vt 1.000000 0.000000
vt 1.000000 1.000000
vt 0.200000 0.000000
vt 0.400000 0.000000
vt 0.400000 1.000000
vt 0.200000 0.000000
vt 0.400000 1.000000
vt 0.200000 1.000000
vt 0.000000 0.000000
vt 1.000000 0.000000
vt 1.000000 1.000000
vt 0.000000 0.000000
vt 1.000000 0.000000
vt 1.000000 1.000000
vt 0.400000 0.000000
vt 0.600000 0.000000
vt 0.600000 1.000000
vt 0.400000 0.000000
vt 0.600000 1.000000
vt 0.400000 1.000000
vt 0.000000 0.000000
vt 1.000000 0.000000
vt 1.000000 1.000000
vt 0.000000 0.000000
vt 1.000000 0.000000
vt 1.000000 1.000000
vt 0.600000 0.000000
vt 0.800000 0.000000
vt 0.800000 1.000000
vt 0.600000 0.000000
vt 0.800000 1.000000
vt 0.600000 1.000000
vt 0.000000 0.000000
vt 1.000000 0.000000
vt 1.000000 1.000000
vt 0.000000 0.000000
vt 1.000000 0.000000
vt 1.000000 1.000000
vt 0.800000 0.000000
vt 1.000000 0.000000
vt 1.000000 1.000000
vt 0.800000 0.000000
vt 1.000000 1.000000
vt 0.800000 1.000000
vt 0.000000 0.000000
vt 1.000000 0.000000
vt 1.000000 1.000000
vt 0.000000 0.000000
vt 1.000000 0.000000
vt 1.000000 1.000000
vt 0.000000 0.000000
vt 0.000000 0.200000
vt 0.125000 0.200000
vt 0.000000 0.000000
vt 0.125000 0.200000
vt 0.125000 0.000000
vt 0.125000 0.000000
vt 0.125000 0.200000
vt 0.250000 0.200000
vt 0.125000 0.000000
vt 0.250000 0.200000
vt 0.250000 0.000000
vt 0.250000 0.000000
vt 0.250000 0.200000
vt 0.375000 0.200000
vt 0.250000 0.000000
vt 0.375000 0.200000
vt 0.375000 0.000000
vt 0.375000 0.000000
vt 0.375000 0.200000
vt 0.500000 0.200000
vt 0.375000 0.000000
vt 0.500000 0.200000
vt 0.500000 0.000000
vt 0.500000 0.000000
vt 0.500000 0.200000
vt 0.625000 0.200000
vt 0.500000 0.000000
vt 0.625000 0.200000
vt 0.625000 0.000000
vt 0.625000 0.000000
vt 0.625000 0.200000
vt 0.750000 0.200000
vt 0.625000 0.000000
vt 0.750000 0.200000
vt 0.750000 0.000000
vt 0.750000 0.000000
vt 0.750000 0.200000
vt 0.875000 0.200000
vt 0.750000 0.000000
vt 0.875000 0.200000
vt 0.875000 0.000000
vt 0.875000 0.000000
vt 0.875000 0.200000
vt 1.000000 0.200000
vt 0.875000 0.000000
vt 1.000000 0.200000
vt 1.000000 0.000000
vt 0.000000 0.200000
vt 0.000000 0.400000
vt 0.125000 0.400000
vt 0.000000 0.200000
vt 0.125000 0.400000
vt 0.125000 0.200000
vt 0.125000 0.200000
vt 0.125000 0.400000
vt 0.250000 0.400000
vt 0.125000 0.200000
vt 0.250000 0.400000
vt 0.250000 0.200000
vt 0.250000 0.200000
vt 0.250000 0.400000
vt 0.375000 0.400000
vt 0.250000 0.200000
vt 0.375000 0.400000
vt 0.375000 0.200000
vt 0.375000 0.200000
vt 0.375000 0.400000
vt 0.500000 0.400000
vt 0.375000 0.200000
vt 0.500000 0.400000
vt 0.500000 0.200000
vt 0.500000 0.200000
vt 0.500000 0.400000
vt 0.625000 0.400000
vt 0.500000 0.200000
vt 0.625000 0.400000
vt 0.625000 0.200000
vt 0.625000 0.200000
vt 0.625000 0.400000
vt 0.750000 0.400000
vt 0.625000 0.200000
vt 0.750000 0.400000
vt 0.750000 0.200000
vt 0.750000 0.200000
vt 0.750000 0.400000
vt 0.875000 0.400000
vt 0.750000 0.200000
vt 0.875000 0.400000
vt 0.875000 0.200000
vt 0.875000 0.200000
vt 0.875000 0.400000
vt 1.000000 0.400000
vt 0.875000 0.200000
vt 1.000000 0.400000
vt 1.000000 0.200000
vt 0.000000 0.400000
vt 0.000000 0.600000
vt 0.125000 0.600000
vt 0.000000 0.400000
vt 0.125000 0.600000
vt 0.125000 0.400000
vt 0.125000 0.400000
vt 0.125000 0.600000
vt 0.250000 0.600000
vt 0.125000 0.400000
vt 0.250000 0.600000
vt 0.250000 0.400000
vt 0.250000 0.400000
vt 0.250000 0.600000
vt 0.375000 0.600000
vt 0.250000 0.400000
vt 0.375000 0.600000
vt 0.375000 0.400000
vt 0.375000 0.400000
vt 0.375000 0.600000
vt 0.500000 0.600000
vt 0.375000 0.400000
vt 0.500000 0.600000
vt 0.500000 0.400000
vt 0.500000 0.400000
vt 0.500000 0.600000
vt 0.625000 0.600000
vt 0.500000 0.400000
vt 0.625000 0.600000
vt 0.625000 0.400000
vt 0.625000 0.400000
vt 0.625000 0.600000
vt 0.750000 0.600000
vt 0.625000 0.400000
vt 0.750000 0.600000
vt 0.750000 0.400000
vt 0.750000 0.400000
vt 0.750000 0.600000
vt 0.875000 0.600000
vt 0.750000 0.400000
vt 0.875000 0.600000
vt 0.875000 0.400000
vt 0.875000 0.400000
vt 0.875000 0.600000
vt 1.000000 0.600000
vt 0.875000 0.400000
vt 1.000000 0.600000
vt 1.000000 0.400000
vt 0.000000 0.600000
vt 0.000000 0.800000
vt 0.125000 0.800000
vt 0.000000 0.600000
vt 0.125000 0.800000
vt 0.125000 0.600000
vt 0.125000 0.600000
vt 0.125000 0.800000
vt 0.250000 0.800000
vt 0.125000 0.600000
vt 0.250000 0.800000
vt 0.250000 0.600000
vt 0.250000 0.600000
vt 0.250000 0.800000
vt 0.375000 0.800000
vt 0.250000 0.600000
vt 0.375000 0.800000
vt 0.375000 0.600000
vt 0.375000 0.600000
vt 0.375000 0.800000
vt 0.500000 0.800000
vt 0.375000 0.600000
vt 0.500000 0.800000
vt 0.500000 0.600000
vt 0.500000 0.600000
vt 0.500000 0.800000
vt 0.625000 0.800000
vt 0.500000 0.600000
vt 0.625000 0.800000
vt 0.625000 0.600000
vt 0.625000 0.600000
vt 0.625000 0.800000
vt 0.750000 0.800000
vt 0.625000 0.600000
vt 0.750000 0.800000
vt 0.750000 0.600000
vt 0.750000 0.600000
vt 0.750000 0.800000
vt 0.875000 0.800000
vt 0.750000 0.600000
vt 0.875000 0.800000
vt 0.875000 0.600000
vt 0.875000 0.600000
vt 0.875000 0.800000
vt 1.000000 0.800000
vt 0.875000 0.600000
vt 1.000000 0.800000
vt 1.000000 0.600000
vt 0.000000 0.800000
vt 0.000000 1.000000
vt 0.125000 1.000000
vt 0.000000 0.800000
vt 0.125000 1.000000
vt 0.125000 0.800000
vt 0.125000 0.800000
vt 0.125000 1.000000
vt 0.250000 1.000000
vt 0.125000 0.800000
vt 0.250000 1.000000
vt 0.250000 0.800000
vt 0.250000 0.800000
vt 0.250000 1.000000
vt 0.375000 1.000000
vt 0.250000 0.800000
vt 0.375000 1.000000
vt 0.375000 0.800000
vt 0.375000 0.800000
vt 0.375000 1.000000
vt 0.500000 1.000000
vt 0.375000 0.800000
vt 0.500000 1.000000
vt 0.500000 0.800000
vt 0.500000 0.800000
vt 0.500000 1.000000
vt 0.625000 1.000000
vt 0.500000 0.800000
vt 0.625000 1.000000
vt 0.625000 0.800000
vt 0.625000 0.800000
vt 0.625000 1.000000
vt 0.750000 1.000000
vt 0.625000 0.800000
vt 0.750000 1.000000
vt 0.750000 0.800000
vt 0.750000 0.800000
vt 0.750000 1.000000
vt 0.875000 1.000000
vt 0.750000 0.800000
vt 0.875000 1.000000
vt 0.875000 0.800000
vt 0.875000 0.800000
vt 0.875000 1.000000
vt 1.000000 1.000000
vt 0.875000 0.800000
vt 1.000000 1.000000
vt 1.000000 0.800000
vn 0.000000 1.000000 0.000000
vn 0.000000 1.000000 0.000000
vn 0.000000 1.000000 0.000000
vn 0.000000 1.000000 0.000000
vn 0.000000 1.000000 0.000000
vn 0.000000 1.000000 0.000000
vn 0.000000 1.000000 0.000000
vn 0.000000 1.000000 0.000000
vn 0.000000 1.000000 0.000000
vn 0.000000 1.000000 0.000000
vn 0.000000 1.000000 0.000000
vn 0.000000 1.000000 0.000000
vn 0.000000 1.000000 0.000000
vn 0.000000 1.000000 0.000000
vn 0.000000 1.000000 0.000000
vn 0.000000 1.000000 0.000000
vn 0.000000 1.000000 0.000000
vn 0.000000 1.000000 0.000000
vn 0.000000 1.000000 0.000000
vn 0.000000 1.000000 0.000000
vn 0.000000 1.000000 0.000000
vn 0.000000 1.000000 0.000000
vn 0.000000 1.000000 0.000000
vn 0.000000 1.000000 0.000000
vn 0.000000 1.000000 0.000000
vn 0.000000 1.000000 0.000000
vn 0.000000 1.000000 0.000000
vn 0.000000 1.000000 0.000000
vn 0.000000 1.000000 0.000000
vn 0.000000 1.000000 0.000000
vn 0.000000 1.000000 0.000000
vn 0.000000 1.000000 0.000000
vn 0.000000 1.000000 0.000000
vn 0.000000 1.000000 0.000000
vn 0.000000 1.000000 0.000000
vn 0.000000 1.000000 0.000000
vn 0.000000 1.000000 0.000000
vn 0.000000 1.000000 0.000000
vn 0.000000 1.000000 0.000000
vn 0.000000 1.000000 0.000000
vn 0.000000 1.000000 0.000000
vn 0.000000 1.000000 0.000000
vn 0.000000 1.000000 0.000000
vn 0.000000 1.000000 0.000000
vn 0.000000 1.000000 0.000000
vn 0.000000 1.000000 0.000000
vn 0.000000 1.000000 0.000000
vn 0.000000 1.000000 0.000000
vn 0.000000 1.000000 0.000000
vn 0.000000 1.000000 0.000000
vn 0.000000 1.000000 0.000000
vn 0.000000 1.000000 0.000000
vn 0.000000 1.000000 0.000000
vn 0.000000 1.000000 0.000000
vn 0.000000 1.000000 0.000000
vn 0.000000 1.000000 0.000000
vn 0.000000 1.000000 0.000000
vn 0.000000 1.000000 0.000000
vn 0.000000 1.000000 0.000000
vn 0.000000 1.000000 0.000000
vn 0.000000 1.000000 0.000000
vn 0.000000 1.000000 0.000000
vn 0.000000 1.000000 0.000000
vn 0.000000 1.000000 0.000000
vn 0.000000 1.000000 0.000000
vn 0.000000 1.000000 0.000000
vn 0.000000 1.000000 0.000000
vn 0.000000 1.000000 0.000000
vn 0.000000 1.000000 0.000000
vn 0.000000 1.000000 0.000000
vn 0.000000 1.000000 0.000000
vn 0.000000 1.000000 0.000000
vn 0.000000 1.000000 0.000000
vn 0.000000 1.000000 0.000000
vn 0.000000 1.000000 0.000000
vn 0.000000 1.000000 0.000000
vn 0.000000 1.000000 0.000000
vn 0.000000 1.000000 0.000000
vn 0.000000 1.000000 0.000000
vn 0.000000 1.000000 0.000000
vn 0.000000 1.000000 0.000000
vn 0.000000 1.000000 0.000000
vn 0.000000 1.000000 0.000000
vn 0.000000 1.000000 0.000000
vn 0.000000 1.000000 0.000000
vn 0.000000 1.000000 0.000000
vn 0.000000 1.000000 0.000000
vn 0.000000 1.000000 0.000000
vn 0.000000 1.000000 0.000000
vn 0.000000 1.000000 0.000000
vn 0.000000 1.000000 0.000000
vn 0.000000 1.000000 0.000000
vn 0.000000 1.000000 0.000000
vn 0.000000 1.000000 0.000000
vn 0.000000 1.000000 0.000000
vn 0.000000 1.000000 0.000000
vn 0.000000 1.000000 0.000000
vn 0.000000 1.000000 0.000000
vn 0.000000 1.000000 0.000000
vn 0.000000 1.000000 0.000000
vn 0.000000 1.000000 0.000000
vn 0.000000 1.000000 0.000000
vn 0.000000 1.000000 0.000000
vn 0.000000 1.000000 0.000000
vn 0.000000 1.000000 0.000000
vn 0.000000 1.000000 0.000000
vn 0.000000 1.000000 0.000000
vn 0.000000 1.000000 0.000000
vn 0.000000 1.000000 0.000000
vn 0.000000 1.000000 0.000000
vn 0.000000 1.000000 0.000000
vn 0.000000 1.000000 0.000000
vn 0.000000 1.000000 0.000000
vn 0.000000 1.000000 0.000000
vn 0.000000 1.000000 0.000000
vn 0.000000 1.000000 0.000000
vn 0.000000 1.000000 0.000000
vn 0.000000 1.000000 0.000000
vn 0.000000 1.000000 0.000000
vn 0.000000 1.000000 0.000000
vn 0.000000 1.000000 0.000000
vn 0.000000 1.000000 0.000000
vn 0.000000 1.000000 0.000000
vn 0.000000 1.000000 0.000000
vn 0.000000 1.000000 0.000000
vn 0.000000 1.000000 0.000000
vn 0.000000 1.000000 0.000000
vn 0.000000 1.000000 0.000000
vn 0.000000 1.000000 0.000000
vn 0.000000 1.000000 0.000000
vn 0.000000 1.000000 0.000000
vn 0.000000 1.000000 0.000000
vn 0.000000 1.000000 0.000000
vn 0.000000 1.000000 0.000000
vn 0.000000 1.000000 0.000000
vn 0.000000 1.000000 0.000000
vn 0.000000 1.000000 0.000000
vn 0.000000 1.000000 0.000000
vn 0.000000 1.000000 0.000000
vn 0.000000 1.000000 0.000000
vn 0.000000 1.000000 0.000000
vn 0.000000 1.000000 0.000000
vn 0.000000 1.000000 0.000000
vn 0.000000 1.000000 0.000000
vn 0.000000 1.000000 0.000000
vn 0.000000 1.000000 0.000000
vn 0.000000 1.000000 0.000000
vn 0.000000 1.000000 0.000000
vn 0.000000 1.000000 0.000000
vn 0.000000 1.000000 0.000000
vn 0.000000 1.000000 0.000000
vn 0.000000 1.000000 0.000000
vn 0.000000 1.000000 0.000000
vn 0.000000 1.000000 0.000000
vn 0.000000 1.000000 0.000000
vn 0.000000 1.000000 0.000000
vn 0.000000 1.000000 0.000000
vn 0.000000 1.000000 0.000000
vn 0.000000 1.000000 0.000000
vn 0.000000 1.000000 0.000000
vn 0.000000 1.000000 0.000000
vn 0.000000 1.000000 0.000000
vn 0.000000 1.000000 0.000000
vn 0.000000 1.000000 0.000000
vn 0.000000 1.000000 0.000000
vn 0.000000 1.000000 0.000000
vn 0.000000 1.000000 0.000000
vn 0.000000 1.000000 0.000000
vn 0.000000 1.000000 0.000000
vn 0.000000 1.000000 0.000000
vn 0.000000 1.000000 0.000000
vn 0.000000 1.000000 0.000000
vn 0.000000 1.000000 0.000000
vn 0.000000 1.000000 0.000000
vn 0.000000 1.000000 0.000000
vn 0.000000 1.000000 0.000000
vn 0.000000 1.000000 0.000000
vn 0.000000 1.000000 0.000000
vn 0.000000 1.000000 0.000000
vn 0.000000 1.000000 0.000000
vn 0.000000 1.000000 0.000000
vn 0.000000 1.000000 0.000000
vn 0.000000 1.000000 0.000000
vn 0.000000 1.000000 0.000000
vn 0.000000 1.000000 0.000000
vn 0.000000 1.000000 0.000000
vn 0.000000 1.000000 0.000000
vn 0.000000 1.000000 0.000000
vn 0.000000 1.000000 0.000000
vn 0.000000 1.000000 0.000000
vn 0.000000 1.000000 0.000000
vn 0.000000 1.000000 0.000000
vn 0.000000 1.000000 0.000000
vn 0.000000 1.000000 0.000000
vn 0.000000 1.000000 0.000000
vn 0.000000 1.000000 0.000000
vn 0.000000 1.000000 0.000000
vn 0.000000 1.000000 0.000000
vn 0.000000 1.000000 0.000000
vn 0.000000 1.000000 0.000000
vn 0.000000 1.000000 0.000000
vn 0.000000 1.000000 0.000000
vn 0.000000 1.000000 0.000000
vn 0.000000 1.000000 0.000000
vn 0.000000 1.000000 0.000000
vn 0.000000 1.000000 0.000000
vn 0.000000 1.000000 0.000000
vn 0.000000 1.000000 0.000000
vn 0.000000 1.000000 0.000000
vn 0.000000 1.000000 0.000000
vn 0.000000 1.000000 0.000000
vn 0.000000 1.000000 0.000000
vn 0.000000 1.000000 0.000000
vn 0.000000 1.000000 0.000000
vn 0.000000 1.000000 0.000000
vn 0.000000 1.000000 0.000000
vn 0.000000 1.000000 0.000000
vn 0.000000 1.000000 0.000000
vn 0.000000 1.000000 0.000000
vn 0.000000 1.000000 0.000000
vn 0.000000 1.000000 0.000000
vn 0.000000 1.000000 0.000000
vn 0.000000 1.000000 0.000000
vn 0.000000 1.000000 0.000000
vn 0.000000 1.000000 0.000000
vn 0.000000 1.000000 0.000000
vn 0.000000 1.000000 0.000000
vn 0.000000 1.000000 0.000000
vn 0.000000 1.000000 0.000000
vn 0.000000 1.000000 0.000000
vn 0.000000 1.000000 0.000000
vn 0.000000 1.000000 0.000000
vn 0.000000 1.000000 0.000000
vn 0.000000 1.000000 0.000000
vn 0.000000 1.000000 0.000000
vn 0.000000 1.000000 0.000000
vn 0.000000 1.000000 0.000000
vn 0.000000 1.000000 0.000000
vn 0.000000 1.000000 0.000000
vn 0.000000 1.000000 0.000000
vn 0.000000 1.000000 0.000000
vn 0.000000 1.000000 0.000000
vn 0.000000 1.000000 0.000000
vn 0.000000 1.000000 0.000000
vn 0.000000 1.000000 0.000000
vn 0.000000 1.000000 0.000000
vn 0.000000 1.000000 0.000000
vn 0.000000 1.000000 0.000000
vn 0.000000 1.000000 0.000000
vn 0.000000 1.000000 0.000000
vn 0.000000 1.000000 0.000000
vn 0.000000 1.000000 0.000000
vn 0.000000 1.000000 0.000000
vn 0.000000 1.000000 0.000000
vn 0.000000 1.000000 0.000000
vn 0.000000 1.000000 0.000000
vn 0.000000 1.000000 0.000000
vn 0.000000 1.000000 0.000000
vn 0.000000 1.000000 0.000000
vn 0.000000 1.000000 0.000000
vn 0.000000 1.000000 0.000000
vn 0.000000 1.000000 0.000000
vn 0.000000 1.000000 0.000000
vn 0.000000 1.000000 0.000000
vn 0.000000 1.000000 0.000000
vn 0.000000 1.000000 0.000000
vn 0.000000 1.000000 0.000000
vn 0.000000 1.000000 0.000000
vn 0.000000 1.000000 0.000000
vn 0.000000 1.000000 0.000000
vn 0.000000 1.000000 0.000000
vn 0.000000 1.000000 0.000000
vn 0.000000 1.000000 0.000000
vn 0.000000 1.000000 0.000000
vn 0.000000 1.000000 0.000000
vn 0.000000 1.000000 0.000000
vn 0.000000 1.000000 0.000000
vn 0.000000 1.000000 0.000000
vn 0.000000 1.000000 0.000000
vn 0.000000 1.000000 0.000000
vn 0.000000 1.000000 0.000000
vn 0.000000 1.000000 0.000000
vn 0.000000 1.000000 0.000000
vn 0.000000 1.000000 0.000000
vn 0.000000 1.000000 0.000000
vn 0.000000 1.000000 0.000000
vn 0.000000 1.000000 0.000000
vn 0.000000 1.000000 0.000000
vn 0.000000 1.000000 0.000000
vn 0.000000 1.000000 0.000000
vn 0.000000 1.000000 0.000000
vn 0.000000 1.000000 0.000000
vn 0.000000 1.000000 0.000000
vn 0.000000 1.000000 0.000000
vn 0.000000 1.000000 0.000000
vn 0.000000 1.000000 0.000000
vn 0.000000 1.000000 0.000000
vn 0.000000 1.000000 0.000000
vn 0.000000 1.000000 0.000000
vn 0.000000 1.000000 0.000000
vn 0.000000 1.000000 0.000000
vn 0.000000 1.000000 0.000000
vn 0.000000 1.000000 0.000000
vn 0.000000 1.000000 0.000000
vn 0.000000 1.000000 0.000000
vn 0.000000 1.000000 0.000000
vn 0.000000 1.000000 0.000000
vn 0.000000 1.000000 0.000000
vn 0.000000 1.000000 0.000000
vn 0.000000 1.000000 0.000000
vn 0.000000 1.000000 0.000000
vn 0.000000 1.000000 0.000000
vn 0.000000 1.000000 0.000000
vn 0.000000 1.000000 0.000000
vn 0.000000 1.000000 0.000000
vn 0.000000 1.000000 0.000000
vn 0.000000 1.000000 0.000000
vn 0.000000 1.000000 0.000000
vn 0.000000 1.000000 0.000000
vn 0.000000 1.000000 0.000000
vn 0.000000 1.000000 0.000000
vn 0.000000 1.000000 0.000000
vn 0.000000 1.000000 0.000000
vn 0.000000 1.000000 0.000000
vn 0.000000 1.000000 0.000000
vn 0.000000 1.000000 0.000000
vn 0.000000 1.000000 0.000000
vn 0.000000 1.000000 0.000000
vn 0.000000 1.000000 0.000000
vn 0.000000 1.000000 0.000000
vn 0.000000 1.000000 0.000000
vn 0.000000 1.000000 0.000000
vn 0.000000 1.000000 0.000000
vn 0.000000 1.000000 0.000000
vn 0.000000 1.000000 0.000000
vn 0.000000 1.000000 0.000000
vn 0.000000 1.000000 0.000000
vn 0.000000 1.000000 0.000000
vn 0.000000 1.000000 0.000000
vn 0.000000 1.000000 0.000000
vn 0.000000 1.000000 0.000000
vn 0.000000 1.000000 0.000000
vn 0.000000 1.000000 0.000000
vn 0.000000 1.000000 0.000000
vn 0.000000 1.000000 0.000000
vn 0.000000 1.000000 0.000000
vn 0.000000 1.000000 0.000000
vn 0.000000 1.000000 0.000000
vn 0.000000 1.000000 0.000000
vn 0.000000 1.000000 0.000000
vn 0.000000 1.000000 0.000000
vn 0.000000 1.000000 0.000000
vn 0.000000 1.000000 0.000000
vn 0.000000 1.000000 0.000000
vn 0.000000 1.000000 0.000000
vn 0.000000 1.000000 0.000000
vn 0.000000 1.000000 0.000000
vn 0.000000 1.000000 0.000000
vn 0.000000 1.000000 0.000000
vn 0.000000 1.000000 0.000000
vn 0.000000 1.000000 0.000000
vn 0.000000 1.000000 0.000000
vn 0.000000 1.000000 0.000000
vn 0.000000 1.000000 0.000000
vn 0.000000 1.000000 0.000000
vn 0.000000 1.000000 0.000000
vn 0.000000 1.000000 0.000000
vn 0.000000 1.000000 0.000000
vn 0.000000 1.000000 0.000000
vn 0.000000 1.000000 0.000000
vn 0.000000 1.000000 0.000000
vn 0.000000 1.000000 0.000000
vn 0.000000 1.000000 0.000000
vn 0.000000 1.000000 0.000000
vn 0.000000 1.000000 0.000000
vn 0.000000 1.000000 0.000000
vn 0.000000 1.000000 0.000000
vn 0.000000 1.000000 0.000000
vn 0.000000 1.000000 0.000000
vn 0.000000 1.000000 0.000000
vn 0.000000 1.000000 0.000000
vn 0.000000 1.000000 0.000000
vn 0.000000 1.000000 0.000000
vn 0.000000 1.000000 0.000000
vn 0.000000 1.000000 0.000000
vn 0.000000 1.000000 0.000000
vn 0.000000 1.000000 0.000000
vn 0.000000 1.000000 0.000000
vn 0.000000 1.000000 0.000000
vn 0.000000 1.000000 0.000000
vn 0.000000 1.000000 0.000000
vn 0.000000 1.000000 0.000000
vn 0.000000 1.000000 0.000000
vn 0.000000 1.000000 0.000000
vn 0.000000 1.000000 0.000000
vn 0.000000 1.000000 0.000000
vn 0.000000 1.000000 0.000000
vn 0.000000 1.000000 0.000000
vn 0.000000 1.000000 0.000000
vn 0.000000 1.000000 0.000000
vn 0.000000 1.000000 0.000000
vn 0.000000 1.000000 0.000000
vn 0.000000 1.000000 0.000000
vn 0.000000 1.000000 0.000000
vn 0.000000 1.000000 0.000000
vn 0.000000 1.000000 0.000000
vn 0.000000 1.000000 0.000000
vn 0.000000 1.000000 0.000000
vn 0.000000 1.000000 0.000000
vn 0.000000 1.000000 0.000000
vn 0.000000 1.000000 0.000000
vn 0.000000 1.000000 0.000000
vn 0.000000 1.000000 0.000000
vn 0.000000 1.000000 0.000000
vn 0.000000 1.000000 0.000000
vn 0.000000 1.000000 0.000000
vn 0.000000 1.000000 0.000000
vn 0.000000 1.000000 0.000000
vn 0.000000 1.000000 0.000000
vn 0.000000 1.000000 0.000000
vn 0.000000 1.000000 0.000000
vn 0.000000 1.000000 0.000000
vn 0.000000 1.000000 0.000000
vn 0.000000 1.000000 0.000000
vn 0.000000 1.000000 0.000000
vn 0.000000 1.000000 0.000000
vn 0.000000 1.000000 0.000000
vn 0.000000 1.000000 0.000000
vn 0.000000 1.000000 0.000000
vn 0.000000 1.000000 0.000000
vn 0.000000 1.000000 0.000000
vn 0.000000 1.000000 0.000000
vn 0.000000 1.000000 0.000000
vn 0.000000 1.000000 0.000000
vn 0.000000 1.000000 0.000000
vn 0.000000 1.000000 0.000000
vn 0.000000 1.000000 0.000000
vn 0.000000 1.000000 0.000000
vn 0.000000 1.000000 0.000000
vn 0.000000 1.000000 0.000000
vn 0.000000 1.000000 0.000000
vn 0.000000 1.000000 0.000000
vn 0.000000 1.000000 0.000000
vn 0.000000 1.000000 0.000000
vn 0.000000 1.000000 0.000000
vn 0.000000 1.000000 0.000000
vn 0.000000 1.000000 0.000000
vn 0.000000 1.000000 0.000000
vn 0.000000 1.000000 0.000000
vn 0.000000 1.000000 0.000000
vn 0.000000 1.000000 0.000000
vn 0.000000 1.000000 0.000000
vn 0.000000 1.000000 0.000000
vn 0.000000 1.000000 0.000000
vn 0.000000 1.000000 0.000000
vn 0.000000 1.000000 0.000000
vn 0.000000 1.000000 0.000000
vn 0.000000 1.000000 0.000000
vn 0.000000 1.000000 0.000000
vn 0.000000 1.000000 0.000000
vn 0.000000 1.000000 0.000000
vn 0.000000 1.000000 0.000000
vn 0.000000 1.000000 0.000000
vn 0.000000 1.000000 0.000000
vn 0.000000 1.000000 0.000000
vn 0.000000 1.000000 0.000000
vn 0.000000 1.000000 0.000000
vn 0.000000 1.000000 0.000000
vn 0.000000 1.000000 0.000000
vn 0.000000 1.000000 0.000000
vn 0.000000 1.000000 0.000000
vn 0.000000 1.000000 0.000000
vn 0.000000 1.000000 0.000000
vn 0.000000 1.000000 0.000000
vn 0.000000 1.000000 0.000000
vn 0.000000 1.000000 0.000000
vn 0.000000 1.000000 0.000000
vn 0.000000 1.000000 0.000000
vn 0.000000 1.000000 0.000000
vn 0.000000 1.000000 0.000000
vn 0.000000 1.000000 0.000000
vn 0.000000 1.000000 0.000000
vn 0.000000 1.000000 0.000000
vn 0.000000 1.000000 0.000000
vn 0.000000 1.000000 0.000000
vn 0.000000 1.000000 0.000000
vn 0.000000 1.000000 0.000000
vn 0.000000 1.000000 0.000000
vn 0.000000 1.000000 0.000000
vn 0.000000 1.000000 0.000000
vn 0.000000 1.000000 0.000000
vn 0.000000 1.000000 0.000000
vn 0.000000 1.000000 0.000000
vn 0.000000 1.000000 0.000000
vn 0.000000 1.000000 0.000000
vn 0.000000 1.000000 0.000000
vn 0.000000 1.000000 0.000000
vn 0.000000 1.000000 0.000000
vn 0.000000 1.000000 0.000000
vn 0.000000 1.000000 0.000000
vn 0.000000 1.000000 0.000000
vn 0.000000 1.000000 0.000000
vn 0.000000 1.000000 0.000000
vn 0.000000 1.000000 0.000000
vn 0.000000 1.000000 0.000000
vn 0.000000 1.000000 0.000000
vn 0.000000 1.000000 0.000000
vn 0.000000 1.000000 0.000000
vn 0.000000 1.000000 0.000000
vn 0.000000 1.000000 0.000000
vn 0.000000 1.000000 0.000000
vn 0.000000 1.000000 0.000000
vn 0.000000 1.000000 0.000000
vn 0.000000 1.000000 0.000000
vn 0.000000 1.000000 0.000000
vn 0.000000 1.000000 0.000000
vn 0.000000 1.000000 0.000000
vn 0.000000 1.000000 0.000000
vn 0.000000 1.000000 0.000000
vn 0.000000 1.000000 0.000000
vn 0.000000 1.000000 0.000000
vn 0.000000 1.000000 0.000000
vn 0.000000 1.000000 0.000000
vn 0.000000 1.000000 0.000000
vn 0.000000 1.000000 0.000000
vn 0.000000 1.000000 0.000000
vn 0.000000 1.000000 0.000000
vn 0.000000 1.000000 0.000000
vn 0.000000 1.000000 0.000000
vn 0.000000 1.000000 0.000000
vn 0.000000 1.000000 0.000000
vn 0.000000 1.000000 0.000000
vn 0.000000 1.000000 0.000000
vn 0.000000 1.000000 0.000000
vn 0.000000 1.000000 0.000000
vn 0.000000 1.000000 0.000000
vn 0.000000 1.000000 0.000000
vn 0.000000 1.000000 0.000000
vn 0.000000 1.000000 0.000000
vn 0.000000 1.000000 0.000000
vn 0.000000 1.000000 0.000000
vn 0.000000 1.000000 0.000000
vn 0.000000 1.000000 0.000000
vn 0.000000 1.000000 0.000000
vn 0.000000 1.000000 0.000000
vn 0.000000 1.000000 0.000000
vn 0.000000 1.000000 0.000000
vn 0.000000 1.000000 0.000000
vn 0.000000 1.000000 0.000000
vn 0.000000 1.000000 0.000000
vn 0.000000 1.000000 0.000000
vn 0.000000 1.000000 0.000000
vn 0.000000 1.000000 0.000000
vn 0.000000 1.000000 0.000000
vn 0.000000 1.000000 0.000000
vn 0.000000 1.000000 0.000000
vn 0.000000 1.000000 0.000000
vn 0.000000 1.000000 0.000000
vn 0.000000 1.000000 0.000000
vn 0.000000 1.000000 0.000000
vn 0.000000 1.000000 0.000000
vn 0.000000 1.000000 0.000000
vn 0.000000 1.000000 0.000000
vn 0.000000 1.000000 0.000000
vn 0.000000 1.000000 0.000000
vn 0.000000 1.000000 0.000000
vn 0.000000 1.000000 0.000000
vn 0.000000 1.000000 0.000000
vn 0.000000 1.000000 0.000000
vn 0.000000 1.000000 0.000000
vn 0.000000 1.000000 0.000000
vn 0.000000 1.000000 0.000000
vn 0.000000 1.000000 0.000000
vn 0.000000 1.000000 0.000000
vn 0.000000 1.000000 0.000000
vn 0.000000 1.000000 0.000000
vn 0.000000 1.000000 0.000000
vn 0.390779 0.920485 0.000000
vn 0.249681 0.906497 0.340473
vn 0.000000 1.000000 0.000000
vn 0.249681 0.906497 0.340473
vn 0.000000 1.000000 0.000000
vn 0.000000 1.000000 0.000000
vn 0.249681 0.906497 0.340473
vn 0.000000 0.876956 0.480571
vn 0.000000 1.000000 0.000000
vn 0.000000 0.876956 0.480571
vn 0.000000 1.000000 0.000000
vn 0.000000 1.000000 0.000000
vn 0.000000 0.876956 0.480571
vn -0.279884 0.880909 0.381660
vn 0.000000 1.000000 0.000000
vn -0.279884 0.880909 0.381660
vn 0.000000 1.000000 0.000000
vn 0.000000 1.000000 0.000000
vn -0.279884 0.880909 0.381660
vn -0.385963 0.922514 0.000000
vn 0.000000 1.000000 0.000000
vn -0.385963 0.922514 0.000000
vn 0.000000 1.000000 0.000000
vn 0.000000 1.000000 0.000000
vn -0.385963 0.922514 0.000000
vn -0.259720 0.898395 -0.354164
vn 0.000000 1.000000 0.000000
vn -0.259720 0.898395 -0.354164
vn 0.000000 1.000000 0.000000
vn 0.000000 1.000000 0.000000
vn -0.259720 0.898395 -0.354164
vn -0.000000 0.880385 -0.474260
vn 0.000000 1.000000 0.000000
vn -0.000000 0.880385 -0.474260
vn 0.000000 1.000000 0.000000
vn 0.000000 1.000000 0.000000
vn -0.000000 0.880385 -0.474260
vn 0.241107 0.913110 -0.328783
vn 0.000000 1.000000 0.000000
vn 0.241107 0.913110 -0.328783
vn 0.000000 1.000000 0.000000
vn 0.000000 1.000000 0.000000
vn 0.241107 0.913110 -0.328783
vn 0.371900 0.928273 -0.000000
vn 0.000000 1.000000 0.000000
vn 0.371900 0.928273 -0.000000
vn 0.000000 1.000000 0.000000
vn 0.390779 0.920485 0.000000
vn 0.861140 0.508367 0.000000
vn 0.530117 0.443183 0.722887
vn 0.390779 0.920485 0.000000
vn 0.530117 0.443183 0.722887
vn 0.249681 0.906497 0.340473
vn 0.249681 0.906497 0.340473
vn 0.530117 0.443183 0.722887
vn 0.000000 0.409597 0.912266
vn 0.249681 0.906497 0.340473
vn 0.000000 0.409597 0.912266
vn 0.000000 0.876956 0.480571
vn 0.000000 0.876956 0.480571
vn 0.000000 0.409597 0.912266
vn -0.521710 0.470847 0.711423
vn 0.000000 0.876956 0.480571
vn -0.521710 0.470847 0.711423
vn -0.279884 0.880909 0.381660
vn -0.279884 0.880909 0.381660
vn -0.521710 0.470847 0.711423
vn -0.842335 0.538954 0.000000
vn -0.279884 0.880909 0.381660
vn -0.842335 0.538954 0.000000
vn -0.385963 0.922514 0.000000
vn -0.385963 0.922514 0.000000
vn -0.842335 0.538954 0.000000
vn -0.532520 0.434865 -0.726164
vn -0.385963 0.922514 0.000000
vn -0.532520 0.434865 -0.726164
vn -0.259720 0.898395 -0.354164
vn -0.259720 0.898395 -0.354164
vn -0.532520 0.434865 -0.726164
vn -0.000000 0.372684 -0.927958
vn -0.259720 0.898395 -0.354164
vn -0.000000 0.372684 -0.927958
vn -0.000000 0.880385 -0.474260
vn -0.000000 0.880385 -0.474260
vn -0.000000 0.372684 -0.927958
vn 0.540659 0.405132 -0.737262
vn -0.000000 0.880385 -0.474260
vn 0.540659 0.405132 -0.737262
vn 0.241107 0.913110 -0.328783
vn 0.241107 0.913110 -0.328783
vn 0.540659 0.405132 -0.737262
vn 0.853043 0.521841 -0.000000
vn 0.241107 0.913110 -0.328783
vn 0.853043 0.521841 -0.000000
vn 0.371900 0.928273 -0.000000
vn 0.861140 0.508367 0.000000
vn 0.882655 -0.470022 0.000000
vn 0.523633 -0.464704 0.714044
vn 0.861140 0.508367 0.000000
vn 0.523633 -0.464704 0.714044
vn 0.530117 0.443183 0.722887
vn 0.530117 0.443183 0.722887
vn 0.523633 -0.464704 0.714044
vn 0.000000 -0.370371 0.928884
vn 0.530117 0.443183 0.722887
vn 0.000000 -0.370371 0.928884
vn 0.000000 0.409597 0.912266
vn 0.000000 0.409597 0.912266
vn 0.000000 -0.370371 0.928884
vn -0.533537 -0.431286 0.727551
vn 0.000000 0.409597 0.912266
vn -0.533537 -0.431286 0.727551
vn -0.521710 0.470847 0.711423
vn -0.521710 0.470847 0.711423
vn -0.533537 -0.431286 0.727551
vn -0.858071 -0.513531 0.000000
vn -0.521710 0.470847 0.711423
vn -0.858071 -0.513531 0.000000
vn -0.842335 0.538954 0.000000
vn -0.842335 0.538954 0.000000
vn -0.858071 -0.513531 0.000000
vn -0.538442 -0.413488 -0.734239
vn -0.842335 0.538954 0.000000
vn -0.538442 -0.413488 -0.734239
vn -0.532520 0.434865 -0.726164
vn -0.532520 0.434865 -0.726164
vn -0.538442 -0.413488 -0.734239
vn -0.000000 -0.393201 -0.919453
vn -0.532520 0.434865 -0.726164
vn -0.000000 -0.393201 -0.919453
vn -0.000000 0.372684 -0.927958
vn -0.000000 0.372684 -0.927958
vn -0.000000 -0.393201 -0.919453
vn 0.531621 -0.438001 -0.724938
vn -0.000000 0.372684 -0.927958
vn 0.531621 -0.438001 -0.724938
vn 0.540659 0.405132 -0.737262
vn 0.540659 0.405132 -0.737262
vn 0.531621 -0.438001 -0.724938
vn 0.878950 -0.476913 -0.000000
vn 0.540659 0.405132 -0.737262
vn 0.878950 -0.476913 -0.000000
vn 0.853043 0.521841 -0.000000
vn 0.882655 -0.470022 0.000000
vn 0.367475 -0.930033 0.000000
vn 0.252323 -0.904403 0.344077
vn 0.882655 -0.470022 0.000000
vn 0.252323 -0.904403 0.344077
vn 0.523633 -0.464704 0.714044
vn 0.523633 -0.464704 0.714044
vn 0.252323 -0.904403 0.344077
vn 0.000000 -0.884910 0.465763
vn 0.523633 -0.464704 0.714044
vn 0.000000 -0.884910 0.465763
vn 0.000000 -0.370371 0.928884
vn 0.000000 -0.370371 0.928884
vn 0.000000 -0.884910 0.465763
vn -0.247664 -0.908077 0.337724
vn 0.000000 -0.370371 0.928884
vn -0.247664 -0.908077 0.337724
vn -0.533537 -0.431286 0.727551
vn -0.533537 -0.431286 0.727551
vn -0.247664 -0.908077 0.337724
vn -0.351746 -0.936096 0.000000
vn -0.533537 -0.431286 0.727551
vn -0.351746 -0.936096 0.000000
vn -0.858071 -0.513531 0.000000
vn -0.858071 -0.513531 0.000000
vn -0.351746 -0.936096 0.000000
vn -0.263232 -0.895467 -0.358953
vn -0.858071 -0.513531 0.000000
vn -0.263232 -0.895467 -0.358953
vn -0.538442 -0.413488 -0.734239
vn -0.538442 -0.413488 -0.734239
vn -0.263232 -0.895467 -0.358953
vn -0.000000 -0.855977 -0.517014
vn -0.538442 -0.413488 -0.734239
vn -0.000000 -0.855977 -0.517014
vn -0.000000 -0.393201 -0.919453
vn -0.000000 -0.393201 -0.919453
vn -0.000000 -0.855977 -0.517014
vn 0.272819 -0.887224 -0.372025
vn -0.000000 -0.393201 -0.919453
vn 0.272819 -0.887224 -0.372025
vn 0.531621 -0.438001 -0.724938
vn 0.531621 -0.438001 -0.724938
vn 0.272819 -0.887224 -0.372025
vn 0.352349 -0.935869 -0.000000
vn 0.531621 -0.438001 -0.724938
vn 0.352349 -0.935869 -0.000000
vn 0.878950 -0.476913 -0.000000
vn 0.367475 -0.930033 0.000000
vn 0.000000 -1.000000 0.000000
vn 0.000000 -1.000000 0.000000
vn 0.367475 -0.930033 0.000000
vn 0.000000 -1.000000 0.000000
vn 0.252323 -0.904403 0.344077
vn 0.252323 -0.904403 0.344077
vn 0.000000 -1.000000 0.000000
vn 0.000000 -1.000000 0.000000
vn 0.252323 -0.904403 0.344077
vn 0.000000 -1.000000 0.000000
vn 0.000000 -0.884910 0.465763
vn 0.000000 -0.884910 0.465763
vn 0.000000 -1.000000 0.000000
vn -0.000000 -1.000000 0.000000
vn 0.000000 -0.884910 0.465763
vn -0.000000 -1.000000 0.000000
vn -0.247664 -0.908077 0.337724
vn -0.247664 -0.908077 0.337724
vn -0.000000 -1.000000 0.000000
vn -0.000000 -1.000000 0.000000
vn -0.247664 -0.908077 0.337724
vn -0.000000 -1.000000 0.000000
vn -0.351746 -0.936096 0.000000
vn -0.351746 -0.936096 0.000000
vn -0.000000 -1.000000 0.000000
vn -0.000000 -1.000000 -0.000000
vn -0.351746 -0.936096 0.000000
vn -0.000000 -1.000000 -0.000000
vn -0.263232 -0.895467 -0.358953
vn -0.263232 -0.895467 -0.358953
vn -0.000000 -1.000000 -0.000000
vn -0.000000 -1.000000 -0.000000
vn -0.263232 -0.895467 -0.358953
vn -0.000000 -1.000000 -0.000000
vn -0.000000 -0.855977 -0.517014
vn -0.000000 -0.855977 -0.517014
vn -0.000000 -1.000000 -0.000000
vn 0.000000 -1.000000 -0.000000
vn -0.000000 -0.855977 -0.517014
vn 0.000000 -1.000000 -0.000000
vn 0.272819 -0.887224 -0.372025
vn 0.272819 -0.887224 -0.372025
vn 0.000000 -1.000000 -0.000000
vn 0.000000 -1.000000 -0.000000
vn 0.272819 -0.887224 -0.372025
vn 0.000000 -1.000000 -0.000000
vn 0.352349 -0.935869 -0.000000
vn 0.000000 0.000000 1.000000
vn 0.950320 -0.037414 0.309017
vn 0.950320 -0.037414 0.309017
vn 0.000000 0.000000 1.000000
vn 0.950320 -0.037414 0.309017
vn 0.000000 0.000000 1.000000
vn -0.039340 -0.999226 0.000000
vn -0.039340 -0.999226 0.000000
vn -0.039340 -0.999226 0.000000
vn 0.039340 0.999226 0.000000
vn 0.039340 0.999226 0.000000
vn 0.039340 0.999226 0.000000
vn 0.950320 -0.037414 0.309017
vn 0.587330 -0.023123 -0.809017
vn 0.587330 -0.023123 -0.809017
vn 0.950320 -0.037414 0.309017
vn 0.587330 -0.023123 -0.809017
vn 0.950320 -0.037414 0.309017
vn -0.039340 -0.999226 -0.000000
vn -0.039340 -0.999226 -0.000000
vn -0.039340 -0.999226 -0.000000
vn 0.039340 0.999226 0.000000
vn 0.039340 0.999226 0.000000
vn 0.039340 0.999226 0.000000
vn 0.587330 -0.023123 -0.809017
vn -0.587330 0.023123 -0.809017
vn -0.587330 0.023123 -0.809017
vn 0.587330 -0.023123 -0.809017
vn -0.587330 0.023123 -0.809017
vn 0.587330 -0.023123 -0.809017
vn -0.039340 -0.999226 0.000000
vn -0.039340 -0.999226 0.000000
vn -0.039340 -0.999226 0.000000
vn 0.039340 0.999226 0.000000
vn 0.039340 0.999226 0.000000
vn 0.039340 0.999226 0.000000
vn -0.587330 0.023123 -0.809017
vn -0.950320 0.037414 0.309017
vn -0.950320 0.037414 0.309017
vn -0.587330 0.023123 -0.809017
vn -0.950320 0.037414 0.309017
vn -0.587330 0.023123 -0.809017
vn -0.039340 -0.999226 0.000000
vn -0.039340 -0.999226 0.000000
vn -0.039340 -0.999226 0.000000
vn 0.039340 0.999226 -0.000000
vn 0.039340 0.999226 -0.000000
vn 0.039340 0.999226 -0.000000
vn -0.950320 0.037414 0.309017
vn 0.000000 0.000000 1.000000
vn 0.000000 0.000000 1.000000
vn -0.950320 0.037414 0.309017
vn 0.000000 0.000000 1.000000
vn -0.950320 0.037414 0.309017
vn -0.039340 -0.999226 0.000000
vn -0.039340 -0.999226 0.000000
vn -0.039340 -0.999226 0.000000
vn 0.039340 0.999226 0.000000
vn 0.039340 0.999226 0.000000
vn 0.039340 0.999226 0.000000
vn 0.000000 0.000000 1.000000
vn 0.950365 -0.036273 0.309017
vn 0.950365 -0.036273 0.309017
vn 0.000000 0.000000 1.000000
vn 0.950365 -0.036273 0.309017
vn 0.000000 0.000000 1.000000
vn -0.038140 -0.999272 0.000000
vn -0.038140 -0.999272 0.000000
vn -0.038140 -0.999272 0.000000
vn 0.038140 0.999272 0.000000
vn 0.038140 0.999272 0.000000
vn 0.038140 0.999272 0.000000
vn 0.950365 -0.036273 0.309017
vn 0.587358 -0.022418 -0.809017
vn 0.587358 -0.022418 -0.809017
vn 0.950365 -0.036273 0.309017
vn 0.587358 -0.022418 -0.809017
vn 0.950365 -0.036273 0.309017
vn -0.038140 -0.999272 0.000000
vn -0.038140 -0.999272 0.000000
vn -0.038140 -0.999272 0.000000
vn 0.038140 0.999272 -0.000000
vn 0.038140 0.999272 -0.000000
vn 0.038140 0.999272 -0.000000
vn 0.587358 -0.022418 -0.809017
vn -0.587358 0.022418 -0.809017
vn -0.587358 0.022418 -0.809017
vn 0.587358 -0.022418 -0.809017
vn -0.587358 0.022418 -0.809017
vn 0.587358 -0.022418 -0.809017
vn -0.038140 -0.999272 0.000000
vn -0.038140 -0.999272 0.000000
vn -0.038140 -0.999272 0.000000
vn 0.038140 0.999272 0.000000
vn 0.038140 0.999272 0.000000
vn 0.038140 0.999272 0.000000
vn -0.587358 0.022418 -0.809017
vn -0.950365 0.036273 0.309017
vn -0.950365 0.036273 0.309017
vn -0.587358 0.022418 -0.809017
vn -0.950365 0.036273 0.309017
vn -0.587358 0.022418 -0.809017
vn -0.038140 -0.999272 -0.000000
vn -0.038140 -0.999272 -0.000000
vn -0.038140 -0.999272 -0.000000
vn 0.038140 0.999272 0.000000
vn 0.038140 0.999272 0.000000
vn 0.038140 0.999272 0.000000
vn -0.950365 0.036273 0.309017
vn 0.000000 0.000000 1.000000
vn 0.000000 0.000000 1.000000
vn -0.950365 0.036273 0.309017
vn 0.000000 0.000000 1.000000
vn -0.950365 0.036273 0.309017
vn -0.038140 -0.999272 0.000000
vn -0.038140 -0.999272 0.000000
vn -0.038140 -0.999272 0.000000
vn 0.038140 0.999272 0.000000
vn 0.038140 0.999272 0.000000
vn 0.038140 0.999272 0.000000
vn 0.000000 0.000000 1.000000
vn 0.950405 -0.035200 0.309017
vn 0.950405 -0.035200 0.309017
vn 0.000000 0.000000 1.000000
vn 0.950405 -0.035200 0.309017
vn 0.000000 0.000000 1.000000
vn -0.037012 -0.999315 0.000000
vn -0.037012 -0.999315 0.000000
vn -0.037012 -0.999315 0.000000
vn 0.037012 0.999315 0.000000
vn 0.037012 0.999315 0.000000
vn 0.037012 0.999315 0.000000
vn 0.950405 -0.035200 0.309017
vn 0.587383 -0.021755 -0.809017
vn 0.587383 -0.021755 -0.809017
vn 0.950405 -0.035200 0.309017
vn 0.587383 -0.021755 -0.809017
vn 0.950405 -0.035200 0.309017
vn -0.037012 -0.999315 -0.000000
vn -0.037012 -0.999315 -0.000000
vn -0.037012 -0.999315 -0.000000
vn 0.037012 0.999315 0.000000
vn 0.037012 0.999315 0.000000
vn 0.037012 0.999315 0.000000
vn 0.587383 -0.021755 -0.809017
vn -0.587383 0.021755 -0.809017
vn -0.587383 0.021755 -0.809017
vn 0.587383 -0.021755 -0.809017
vn -0.587383 0.021755 -0.809017
vn 0.587383 -0.021755 -0.809017
vn -0.037012 -0.999315 0.000000
vn -0.037012 -0.999315 0.000000
vn -0.037012 -0.999315 0.000000
vn 0.037012 0.999315 0.000000
vn 0.037012 0.999315 0.000000
vn 0.037012 0.999315 0.000000
vn -0.587383 0.021755 -0.809017
vn -0.950405 0.035200 0.309017
vn -0.950405 0.035200 0.309017
vn -0.587383 0.021755 -0.809017
vn -0.950405 0.035200 0.309017
vn -0.587383 0.021755 -0.809017
vn -0.037012 -0.999315 0.000000
vn -0.037012 -0.999315 0.000000
vn -0.037012 -0.999315 0.000000
vn 0.037012 0.999315 -0.000000
vn 0.037012 0.999315 -0.000000
vn 0.037012 0.999315 -0.000000
vn -0.950405 0.035200 0.309017
vn 0.000000 0.000000 1.000000
vn 0.000000 0.000000 1.000000
vn -0.950405 0.035200 0.309017
vn 0.000000 0.000000 1.000000
vn -0.950405 0.035200 0.309017
vn -0.037012 -0.999315 0.000000
vn -0.037012 -0.999315 0.000000
vn -0.037012 -0.999315 0.000000
vn 0.037012 0.999315 0.000000
vn 0.037012 0.999315 0.000000
vn 0.037012 0.999315 0.000000
vn 0.000000 0.000000 1.000000
vn 0.950442 -0.034189 0.309017
vn 0.950442 -0.034189 0.309017
vn 0.000000 0.000000 1.000000
vn 0.950442 -0.034189 0.309017
vn 0.000000 0.000000 1.000000
vn -0.035948 -0.999354 0.000000
vn -0.035948 -0.999354 0.000000
vn -0.035948 -0.999354 0.000000
vn 0.035948 0.999354 0.000000
vn 0.035948 0.999354 0.000000
vn 0.035948 0.999354 0.000000
vn 0.950442 -0.034189 0.309017
vn 0.587405 -0.021130 -0.809017
vn 0.587405 -0.021130 -0.809017
vn 0.950442 -0.034189 0.309017
vn 0.587405 -0.021130 -0.809017
vn 0.950442 -0.034189 0.309017
vn -0.035948 -0.999354 -0.000000
vn -0.035948 -0.999354 -0.000000
vn -0.035948 -0.999354 -0.000000
vn 0.035948 0.999354 0.000000
vn 0.035948 0.999354 0.000000
vn 0.035948 0.999354 0.000000
vn 0.587405 -0.021130 -0.809017
vn -0.587405 0.021130 -0.809017
vn -0.587405 0.021130 -0.809017
vn 0.587405 -0.021130 -0.809017
vn -0.587405 0.021130 -0.809017
vn 0.587405 -0.021130 -0.809017
vn -0.035948 -0.999354 0.000000
vn -0.035948 -0.999354 0.000000
vn -0.035948 -0.999354 0.000000
vn 0.035948 0.999354 0.000000
vn 0.035948 0.999354 0.000000
vn 0.035948 0.999354 0.000000
vn -0.587405 0.021130 -0.809017
vn -0.950442 0.034189 0.309017
vn -0.950442 0.034189 0.309017
vn -0.587405 0.021130 -0.809017
vn -0.950442 0.034189 0.309017
vn -0.587405 0.021130 -0.809017
vn -0.035948 -0.999354 0.000000
vn -0.035948 -0.999354 0.000000
vn -0.035948 -0.999354 0.000000
vn 0.035948 0.999354 -0.000000
vn 0.035948 0.999354 -0.000000
vn 0.035948 0.999354 -0.000000
vn -0.950442 0.034189 0.309017
vn 0.000000 0.000000 1.000000
vn 0.000000 0.000000 1.000000
vn -0.950442 0.034189 0.309017
vn 0.000000 0.000000 1.000000
vn -0.950442 0.034189 0.309017
vn -0.035948 -0.999354 0.000000
vn -0.035948 -0.999354 0.000000
vn -0.035948 -0.999354 0.000000
vn 0.035948 0.999354 0.000000
vn 0.035948 0.999354 0.000000
vn 0.035948 0.999354 0.000000
vn 0.000000 0.000000 1.000000
vn 0.950476 -0.033233 0.309017
vn 0.950476 -0.033233 0.309017
vn 0.000000 0.000000 1.000000
vn 0.950476 -0.033233 0.309017
vn 0.000000 0.000000 1.000000
vn -0.034944 -0.999389 0.000000
vn -0.034944 -0.999389 0.000000
vn -0.034944 -0.999389 0.000000
vn 0.034944 0.999389 0.000000
vn 0.034944 0.999389 0.000000
vn 0.034944 0.999389 0.000000
vn 0.950476 -0.033233 0.309017
vn 0.587426 -0.020539 -0.809017
vn 0.587426 -0.020539 -0.809017
vn 0.950476 -0.033233 0.309017
vn 0.587426 -0.020539 -0.809017
vn 0.950476 -0.033233 0.309017
vn -0.034944 -0.999389 0.000000
vn -0.034944 -0.999389 0.000000
vn -0.034944 -0.999389 0.000000
vn 0.034944 0.999389 -0.000000
vn 0.034944 0.999389 -0.000000
vn 0.034944 0.999389 -0.000000
vn 0.587426 -0.020539 -0.809017
vn -0.587426 0.020539 -0.809017
vn -0.587426 0.020539 -0.809017
vn 0.587426 -0.020539 -0.809017
vn -0.587426 0.020539 -0.809017
vn 0.587426 -0.020539 -0.809017
vn -0.034944 -0.999389 0.000000
vn -0.034944 -0.999389 0.000000
vn -0.034944 -0.999389 0.000000
vn 0.034944 0.999389 0.000000
vn 0.034944 0.999389 0.000000
vn 0.034944 0.999389 0.000000
vn -0.587426 0.020539 -0.809017
vn -0.950476 0.033233 0.309017
vn -0.950476 0.033233 0.309017
vn -0.587426 0.020539 -0.809017
vn -0.950476 0.033233 0.309017
vn -0.587426 0.020539 -0.809017
vn -0.034944 -0.999389 -0.000000
vn -0.034944 -0.999389 -0.000000
vn -0.034944 -0.999389 -0.000000
vn 0.034944 0.999389 0.000000
vn 0.034944 0.999389 0.000000
vn 0.034944 0.999389 0.000000
vn -0.950476 0.033233 0.309017
vn 0.000000 0.000000 1.000000
vn 0.000000 0.000000 1.000000
vn -0.950476 0.033233 0.309017
vn 0.000000 0.000000 1.000000
vn -0.950476 0.033233 0.309017
vn -0.034944 -0.999389 0.000000
vn -0.034944 -0.999389 0.000000
vn -0.034944 -0.999389 0.000000
vn 0.034944 0.999389 0.000000
vn 0.034944 0.999389 0.000000
vn 0.034944 0.999389 0.000000
vn 0.000000 1.000000 0.000000
vn 0.301310 0.953526 0.000000
vn 0.201777 0.920777 0.333849
vn 0.000000 1.000000 0.000000
vn 0.201777 0.920777 0.333849
vn 0.000000 1.000000 0.000000
vn 0.000000 1.000000 0.000000
vn 0.201777 0.920777 0.333849
vn 0.000000 0.872248 0.489063
vn 0.000000 1.000000 0.000000
vn 0.000000 0.872248 0.489063
vn 0.000000 1.000000 0.000000
vn 0.000000 1.000000 0.000000
vn 0.000000 0.872248 0.489063
vn -0.213596 0.910759 0.353404
vn 0.000000 1.000000 0.000000
vn -0.213596 0.910759 0.353404
vn 0.000000 1.000000 0.000000
vn 0.000000 1.000000 0.000000
vn -0.213596 0.910759 0.353404
vn -0.336271 0.941765 0.000000
vn 0.000000 1.000000 0.000000
vn -0.336271 0.941765 0.000000
vn 0.000000 1.000000 0.000000
vn 0.000000 1.000000 0.000000
vn -0.336271 0.941765 0.000000
vn -0.220353 0.904723 -0.364584
vn 0.000000 1.000000 0.000000
vn -0.220353 0.904723 -0.364584
vn 0.000000 1.000000 0.000000
vn 0.000000 1.000000 0.000000
vn -0.220353 0.904723 -0.364584
vn -0.000000 0.882281 -0.470723
vn 0.000000 1.000000 0.000000
vn -0.000000 0.882281 -0.470723
vn 0.000000 1.000000 0.000000
vn 0.000000 1.000000 0.000000
vn -0.000000 0.882281 -0.470723
vn 0.202992 0.919779 -0.335859
vn 0.000000 1.000000 0.000000
vn 0.202992 0.919779 -0.335859
vn 0.000000 1.000000 0.000000
vn 0.000000 1.000000 0.000000
vn 0.202992 0.919779 -0.335859
vn 0.293738 0.955886 -0.000000
vn 0.000000 1.000000 0.000000
vn 0.293738 0.955886 -0.000000
vn 0.000000 1.000000 0.000000
vn 0.301310 0.953526 0.000000
vn 0.829613 0.558340 0.000000
vn 0.461393 0.452042 0.763396
vn 0.301310 0.953526 0.000000
vn 0.461393 0.452042 0.763396
vn 0.201777 0.920777 0.333849
vn 0.201777 0.920777 0.333849
vn 0.461393 0.452042 0.763396
vn 0.000000 0.358596 0.933493
vn 0.201777 0.920777 0.333849
vn 0.000000 0.358596 0.933493
vn 0.000000 0.872248 0.489063
vn 0.000000 0.872248 0.489063
vn 0.000000 0.358596 0.933493
vn -0.450601 0.491049 0.745540
vn 0.000000 0.872248 0.489063
vn -0.450601 0.491049 0.745540
vn -0.213596 0.910759 0.353404
vn -0.213596 0.910759 0.353404
vn -0.450601 0.491049 0.745540
vn -0.808454 0.588560 0.000000
vn -0.213596 0.910759 0.353404
vn -0.808454 0.588560 0.000000
vn -0.336271 0.941765 0.000000
vn -0.336271 0.941765 0.000000
vn -0.808454 0.588560 0.000000
vn -0.455077 0.475372 -0.752945
vn -0.336271 0.941765 0.000000
vn -0.455077 0.475372 -0.752945
vn -0.220353 0.904723 -0.364584
vn -0.220353 0.904723 -0.364584
vn -0.455077 0.475372 -0.752945
vn -0.000000 0.382929 -0.923778
vn -0.220353 0.904723 -0.364584
vn -0.000000 0.382929 -0.923778
vn -0.000000 0.882281 -0.470723
vn -0.000000 0.882281 -0.470723
vn -0.000000 0.382929 -0.923778
vn 0.460851 0.454104 -0.762499
vn -0.000000 0.882281 -0.470723
vn 0.460851 0.454104 -0.762499
vn 0.202992 0.919779 -0.335859
vn 0.202992 0.919779 -0.335859
vn 0.460851 0.454104 -0.762499
vn 0.818174 0.574971 -0.000000
vn 0.202992 0.919779 -0.335859
vn 0.818174 0.574971 -0.000000
vn 0.293738 0.955886 -0.000000
vn 0.829613 0.558340 0.000000
vn 0.779747 -0.626095 0.000000
vn 0.454739 -0.476577 0.752387
vn 0.829613 0.558340 0.000000
vn 0.454739 -0.476577 0.752387
vn 0.461393 0.452042 0.763396
vn 0.461393 0.452042 0.763396
vn 0.454739 -0.476577 0.752387
vn 0.000000 -0.415430 0.909625
vn 0.461393 0.452042 0.763396
vn 0.000000 -0.415430 0.909625
vn 0.000000 0.358596 0.933493
vn 0.000000 0.358596 0.933493
vn 0.000000 -0.415430 0.909625
vn -0.460694 -0.454699 0.762240
vn 0.000000 0.358596 0.933493
vn -0.460694 -0.454699 0.762240
vn -0.450601 0.491049 0.745540
vn -0.450601 0.491049 0.745540
vn -0.460694 -0.454699 0.762240
vn -0.814388 -0.580321 0.000000
vn -0.450601 0.491049 0.745540
vn -0.814388 -0.580321 0.000000
vn -0.808454 0.588560 0.000000
vn -0.808454 0.588560 0.000000
vn -0.814388 -0.580321 0.000000
vn -0.465915 -0.434363 -0.770877
vn -0.808454 0.588560 0.000000
vn -0.465915 -0.434363 -0.770877
vn -0.455077 0.475372 -0.752945
vn -0.455077 0.475372 -0.752945
vn -0.465915 -0.434363 -0.770877
vn -0.000000 -0.431677 -0.902028
vn -0.455077 0.475372 -0.752945
vn -0.000000 -0.431677 -0.902028
vn -0.000000 0.382929 -0.923778
vn -0.000000 0.382929 -0.923778
vn -0.000000 -0.431677 -0.902028
vn 0.453677 -0.480347 -0.750629
vn -0.000000 0.382929 -0.923778
vn 0.453677 -0.480347 -0.750629
vn 0.460851 0.454104 -0.762499
vn 0.460851 0.454104 -0.762499
vn 0.453677 -0.480347 -0.750629
vn 0.819813 -0.572632 -0.000000
vn 0.460851 0.454104 -0.762499
vn 0.819813 -0.572632 -0.000000
vn 0.818174 0.574971 -0.000000
vn 0.779747 -0.626095 0.000000
vn 0.305077 -0.952328 0.000000
vn 0.213207 -0.911099 0.352761
vn 0.779747 -0.626095 0.000000
vn 0.213207 -0.911099 0.352761
vn 0.454739 -0.476577 0.752387
vn 0.454739 -0.476577 0.752387
vn 0.213207 -0.911099 0.352761
vn 0.000000 -0.894416 0.447235
vn 0.454739 -0.476577 0.752387
vn 0.000000 -0.894416 0.447235
vn 0.000000 -0.415430 0.909625
vn 0.000000 -0.415430 0.909625
vn 0.000000 -0.894416 0.447235
vn -0.232296 -0.893487 0.384344
vn 0.000000 -0.415430 0.909625
vn -0.232296 -0.893487 0.384344
vn -0.460694 -0.454699 0.762240
vn -0.460694 -0.454699 0.762240
vn -0.232296 -0.893487 0.384344
vn -0.324938 -0.945735 0.000000
vn -0.460694 -0.454699 0.762240
vn -0.324938 -0.945735 0.000000
vn -0.814388 -0.580321 0.000000
vn -0.814388 -0.580321 0.000000
vn -0.324938 -0.945735 0.000000
vn -0.226014 -0.899488 -0.373950
vn -0.814388 -0.580321 0.000000
vn -0.226014 -0.899488 -0.373950
vn -0.465915 -0.434363 -0.770877
vn -0.465915 -0.434363 -0.770877
vn -0.226014 -0.899488 -0.373950
vn -0.000000 -0.879759 -0.475420
vn -0.465915 -0.434363 -0.770877
vn -0.000000 -0.879759 -0.475420
vn -0.000000 -0.431677 -0.902028
vn -0.000000 -0.431677 -0.902028
vn -0.000000 -0.879759 -0.475420
vn 0.216754 -0.907967 -0.358629
vn -0.000000 -0.431677 -0.902028
vn 0.216754 -0.907967 -0.358629
vn 0.453677 -0.480347 -0.750629
vn 0.453677 -0.480347 -0.750629
vn 0.216754 -0.907967 -0.358629
vn 0.303379 -0.952870 -0.000000
vn 0.453677 -0.480347 -0.750629
vn 0.303379 -0.952870 -0.000000
vn 0.819813 -0.572632 -0.000000
vn 0.305077 -0.952328 0.000000
vn 0.000000 -1.000000 0.000000
vn 0.000000 -1.000000 0.000000
vn 0.305077 -0.952328 0.000000
vn 0.000000 -1.000000 0.000000
vn 0.213207 -0.911099 0.352761
vn 0.213207 -0.911099 0.352761
vn 0.000000 -1.000000 0.000000
vn 0.000000 -1.000000 0.000000
vn 0.213207 -0.911099 0.352761
vn 0.000000 -1.000000 0.000000
vn 0.000000 -0.894416 0.447235
vn 0.000000 -0.894416 0.447235
vn 0.000000 -1.000000 0.000000
vn -0.000000 -1.000000 0.000000
vn 0.000000 -0.894416 0.447235
vn -0.000000 -1.000000 0.000000
vn -0.232296 -0.893487 0.384344
vn -0.232296 -0.893487 0.384344
vn -0.000000 -1.000000 0.000000
vn -0.000000 -1.000000 0.000000
vn -0.232296 -0.893487 0.384344
vn -0.000000 -1.000000 0.000000
vn -0.324938 -0.945735 0.000000
vn -0.324938 -0.945735 0.000000
vn -0.000000 -1.000000 0.000000
vn -0.000000 -1.000000 -0.000000
vn -0.324938 -0.945735 0.000000
vn -0.000000 -1.000000 -0.000000
vn -0.226014 -0.899488 -0.373950
vn -0.226014 -0.899488 -0.373950
vn -0.000000 -1.000000 -0.000000
vn -0.000000 -1.000000 -0.000000
vn -0.226014 -0.899488 -0.373950
vn -0.000000 -1.000000 -0.000000
vn -0.000000 -0.879759 -0.475420
vn -0.000000 -0.879759 -0.475420
vn -0.000000 -1.000000 -0.000000
vn 0.000000 -1.000000 -0.000000
vn -0.000000 -0.879759 -0.475420
vn 0.000000 -1.000000 -0.000000
vn 0.216754 -0.907967 -0.358629
vn 0.216754 -0.907967 -0.358629
vn 0.000000 -1.000000 -0.000000
vn 0.000000 -1.000000 -0.000000
vn 0.216754 -0.907967 -0.358629
vn 0.000000 -1.000000 -0.000000
vn 0.303379 -0.952870 -0.000000
vn 0.000000 1.000000 0.000000
vn 0.244946 0.969537 0.000000
vn 0.193807 0.905691 0.377043
vn 0.000000 1.000000 0.000000
vn 0.193807 0.905691 0.377043
vn 0.000000 1.000000 0.000000
vn 0.000000 1.000000 0.000000
vn 0.193807 0.905691 0.377043
vn 0.000000 0.867968 0.496620
vn 0.000000 1.000000 0.000000
vn 0.000000 0.867968 0.496620
vn 0.000000 1.000000 0.000000
vn 0.000000 1.000000 0.000000
vn 0.000000 0.867968 0.496620
vn -0.186786 0.912723 0.363384
vn 0.000000 1.000000 0.000000
vn -0.186786 0.912723 0.363384
vn 0.000000 1.000000 0.000000
vn 0.000000 1.000000 0.000000
vn -0.186786 0.912723 0.363384
vn -0.282670 0.959217 0.000000
vn 0.000000 1.000000 0.000000
vn -0.282670 0.959217 0.000000
vn 0.000000 1.000000 0.000000
vn 0.000000 1.000000 0.000000
vn -0.282670 0.959217 0.000000
vn -0.192529 0.906995 -0.374557
vn 0.000000 1.000000 0.000000
vn -0.192529 0.906995 -0.374557
vn 0.000000 1.000000 0.000000
vn 0.000000 1.000000 0.000000
vn -0.192529 0.906995 -0.374557
vn -0.000000 0.883851 -0.467769
vn 0.000000 1.000000 0.000000
vn -0.000000 0.883851 -0.467769
vn 0.000000 1.000000 0.000000
vn 0.000000 1.000000 0.000000
vn -0.000000 0.883851 -0.467769
vn 0.185024 0.914438 -0.359956
vn 0.000000 1.000000 0.000000
vn 0.185024 0.914438 -0.359956
vn 0.000000 1.000000 0.000000
vn 0.000000 1.000000 0.000000
vn 0.185024 0.914438 -0.359956
vn 0.283058 0.959103 -0.000000
vn 0.000000 1.000000 0.000000
vn 0.283058 0.959103 -0.000000
vn 0.000000 1.000000 0.000000
vn 0.244946 0.969537 0.000000
vn 0.773990 0.633198 0.000000
vn 0.396194 0.498930 0.770778
vn 0.244946 0.969537 0.000000
vn 0.396194 0.498930 0.770778
vn 0.193807 0.905691 0.377043
vn 0.193807 0.905691 0.377043
vn 0.396194 0.498930 0.770778
vn 0.000000 0.389287 0.921116
vn 0.193807 0.905691 0.377043
vn 0.000000 0.389287 0.921116
vn 0.000000 0.867968 0.496620
vn 0.000000 0.867968 0.496620
vn 0.000000 0.389287 0.921116
vn -0.391150 0.517623 0.760965
vn 0.000000 0.867968 0.496620
vn -0.391150 0.517623 0.760965
vn -0.186786 0.912723 0.363384
vn -0.186786 0.912723 0.363384
vn -0.391150 0.517623 0.760965
vn -0.772114 0.635484 0.000000
vn -0.186786 0.912723 0.363384
vn -0.772114 0.635484 0.000000
vn -0.282670 0.959217 0.000000
vn -0.282670 0.959217 0.000000
vn -0.772114 0.635484 0.000000
vn -0.395539 0.501414 -0.769502
vn -0.282670 0.959217 0.000000
vn -0.395539 0.501414 -0.769502
vn -0.192529 0.906995 -0.374557
vn -0.192529 0.906995 -0.374557
vn -0.395539 0.501414 -0.769502
vn -0.000000 0.364813 -0.931081
vn -0.192529 0.906995 -0.374557
vn -0.000000 0.364813 -0.931081
vn -0.000000 0.883851 -0.467769
vn -0.000000 0.883851 -0.467769
vn -0.000000 0.364813 -0.931081
vn 0.406299 0.458403 -0.790436
vn -0.000000 0.883851 -0.467769
vn 0.406299 0.458403 -0.790436
vn 0.185024 0.914438 -0.359956
vn 0.185024 0.914438 -0.359956
vn 0.406299 0.458403 -0.790436
vn 0.771153 0.636649 -0.000000
vn 0.185024 0.914438 -0.359956
vn 0.771153 0.636649 -0.000000
vn 0.283058 0.959103 -0.000000
vn 0.773990 0.633198 0.000000
vn 0.757402 -0.652949 0.000000
vn 0.407168 -0.454696 0.792127
vn 0.773990 0.633198 0.000000
vn 0.407168 -0.454696 0.792127
vn 0.396194 0.498930 0.770778
vn 0.396194 0.498930 0.770778
vn 0.407168 -0.454696 0.792127
vn 0.000000 -0.355897 0.934525
vn 0.396194 0.498930 0.770778
vn 0.000000 -0.355897 0.934525
vn 0.000000 0.389287 0.921116
vn 0.000000 0.389287 0.921116
vn 0.000000 -0.355897 0.934525
vn -0.402168 -0.475513 0.782399
vn 0.000000 0.389287 0.921116
vn -0.402168 -0.475513 0.782399
vn -0.391150 0.517623 0.760965
vn -0.391150 0.517623 0.760965
vn -0.402168 -0.475513 0.782399
vn -0.787595 -0.616194 0.000000
vn -0.391150 0.517623 0.760965
vn -0.787595 -0.616194 0.000000
vn -0.772114 0.635484 0.000000
vn -0.772114 0.635484 0.000000
vn -0.787595 -0.616194 0.000000
vn -0.401682 -0.477474 -0.781454
vn -0.772114 0.635484 0.000000
vn -0.401682 -0.477474 -0.781454
vn -0.395539 0.501414 -0.769502
vn -0.395539 0.501414 -0.769502
vn -0.401682 -0.477474 -0.781454
vn -0.000000 -0.401772 -0.915740
vn -0.395539 0.501414 -0.769502
vn -0.000000 -0.401772 -0.915740
vn -0.000000 0.364813 -0.931081
vn -0.000000 0.364813 -0.931081
vn -0.000000 -0.401772 -0.915740
vn 0.396506 -0.497745 -0.771384
vn -0.000000 0.364813 -0.931081
vn 0.396506 -0.497745 -0.771384
vn 0.406299 0.458403 -0.790436
vn 0.406299 0.458403 -0.790436
vn 0.396506 -0.497745 -0.771384
vn 0.785764 -0.618526 -0.000000
vn 0.406299 0.458403 -0.790436
vn 0.785764 -0.618526 -0.000000
vn 0.771153 0.636649 -0.000000
vn 0.757402 -0.652949 0.000000
vn 0.286065 -0.958210 0.000000
vn 0.175384 -0.923484 0.341201
vn 0.757402 -0.652949 0.000000
vn 0.175384 -0.923484 0.341201
vn 0.407168 -0.454696 0.792127
vn 0.407168 -0.454696 0.792127
vn 0.175384 -0.923484 0.341201
vn 0.000000 -0.878788 0.477212
vn 0.407168 -0.454696 0.792127
vn 0.000000 -0.878788 0.477212
vn 0.000000 -0.355897 0.934525
vn 0.000000 -0.355897 0.934525
vn 0.000000 -0.878788 0.477212
vn -0.169585 -0.928651 0.329920
vn 0.000000 -0.355897 0.934525
vn -0.169585 -0.928651 0.329920
vn -0.402168 -0.475513 0.782399
vn -0.402168 -0.475513 0.782399
vn -0.169585 -0.928651 0.329920
vn -0.275359 -0.961341 0.000000
vn -0.402168 -0.475513 0.782399
vn -0.275359 -0.961341 0.000000
vn -0.787595 -0.616194 0.000000
vn -0.787595 -0.616194 0.000000
vn -0.275359 -0.961341 0.000000
vn -0.168904 -0.929245 -0.328595
vn -0.787595 -0.616194 0.000000
vn -0.168904 -0.929245 -0.328595
vn -0.401682 -0.477474 -0.781454
vn -0.401682 -0.477474 -0.781454
vn -0.168904 -0.929245 -0.328595
vn -0.000000 -0.856464 -0.516206
vn -0.401682 -0.477474 -0.781454
vn -0.000000 -0.856464 -0.516206
vn -0.000000 -0.401772 -0.915740
vn -0.000000 -0.401772 -0.915740
vn -0.000000 -0.856464 -0.516206
vn 0.187362 -0.912158 -0.364505
vn -0.000000 -0.401772 -0.915740
vn 0.187362 -0.912158 -0.364505
vn 0.396506 -0.497745 -0.771384
vn 0.396506 -0.497745 -0.771384
vn 0.187362 -0.912158 -0.364505
vn 0.280548 -0.959840 -0.000000
vn 0.396506 -0.497745 -0.771384
vn 0.280548 -0.959840 -0.000000
vn 0.785764 -0.618526 -0.000000
vn 0.286065 -0.958210 0.000000
vn 0.000000 -1.000000 0.000000
vn 0.000000 -1.000000 0.000000
vn 0.286065 -0.958210 0.000000
vn 0.000000 -1.000000 0.000000
vn 0.175384 -0.923484 0.341201
vn 0.175384 -0.923484 0.341201
vn 0.000000 -1.000000 0.000000
vn 0.000000 -1.000000 0.000000
vn 0.175384 -0.923484 0.341201
vn 0.000000 -1.000000 0.000000
vn 0.000000 -0.878788 0.477212
vn 0.000000 -0.878788 0.477212
vn 0.000000 -1.000000 0.000000
vn -0.000000 -1.000000 0.000000
vn 0.000000 -0.878788 0.477212
vn -0.000000 -1.000000 0.000000
vn -0.169585 -0.928651 0.329920
vn -0.169585 -0.928651 0.329920
vn -0.000000 -1.000000 0.000000
vn -0.000000 -1.000000 0.000000
vn -0.169585 -0.928651 0.329920
vn -0.000000 -1.000000 0.000000
vn -0.275359 -0.961341 0.000000
vn -0.275359 -0.961341 0.000000
vn -0.000000 -1.000000 0.000000
vn -0.000000 -1.000000 -0.000000
vn -0.275359 -0.961341 0.000000
vn -0.000000 -1.000000 -0.000000
vn -0.168904 -0.929245 -0.328595
vn -0.168904 -0.929245 -0.328595
vn -0.000000 -1.000000 -0.000000
vn -0.000000 -1.000000 -0.000000
vn -0.168904 -0.929245 -0.328595
vn -0.000000 -1.000000 -0.000000
vn -0.000000 -0.856464 -0.516206
vn -0.000000 -0.856464 -0.516206
vn -0.000000 -1.000000 -0.000000
vn 0.000000 -1.000000 -0.000000
vn -0.000000 -0.856464 -0.516206
vn 0.000000 -1.000000 -0.000000
vn 0.187362 -0.912158 -0.364505
vn 0.187362 -0.912158 -0.364505
vn 0.000000 -1.000000 -0.000000
vn 0.000000 -1.000000 -0.000000
vn 0.187362 -0.912158 -0.364505
vn 0.000000 -1.000000 -0.000000
vn 0.280548 -0.959840 -0.000000
vn 0.000000 0.000000 1.000000
vn 0.950320 -0.037414 0.309017
vn 0.950320 -0.037414 0.309017
vn 0.000000 0.000000 1.000000
vn 0.950320 -0.037414 0.309017
vn 0.000000 0.000000 1.000000
vn -0.039340 -0.999226 0.000000
vn -0.039340 -0.999226 0.000000
vn -0.039340 -0.999226 0.000000
vn 0.039340 0.999226 0.000000
vn 0.039340 0.999226 0.000000
vn 0.039340 0.999226 0.000000
vn 0.950320 -0.037414 0.309017
vn 0.587330 -0.023123 -0.809017
vn 0.587330 -0.023123 -0.809017
vn 0.950320 -0.037414 0.309017
vn 0.587330 -0.023123 -0.809017
vn 0.950320 -0.037414 0.309017
vn -0.039340 -0.999226 -0.000000
vn -0.039340 -0.999226 -0.000000
vn -0.039340 -0.999226 -0.000000
vn 0.039340 0.999226 0.000000
vn 0.039340 0.999226 0.000000
vn 0.039340 0.999226 0.000000
vn 0.587330 -0.023123 -0.809017
vn -0.587330 0.023123 -0.809017
vn -0.587330 0.023123 -0.809017
vn 0.587330 -0.023123 -0.809017
vn -0.587330 0.023123 -0.809017
vn 0.587330 -0.023123 -0.809017
vn -0.039340 -0.999226 0.000000
vn -0.039340 -0.999226 0.000000
vn -0.039340 -0.999226 0.000000
vn 0.039340 0.999226 0.000000
vn 0.039340 0.999226 0.000000
vn 0.039340 0.999226 0.000000
vn -0.587330 0.023123 -0.809017
vn -0.950320 0.037414 0.309017
vn -0.950320 0.037414 0.309017
vn -0.587330 0.023123 -0.809017
vn -0.950320 0.037414 0.309017
vn -0.587330 0.023123 -0.809017
vn -0.039340 -0.999226 0.000000
vn -0.039340 -0.999226 0.000000
vn -0.039340 -0.999226 0.000000
vn 0.039340 0.999226 -0.000000
vn 0.039340 0.999226 -0.000000
vn 0.039340 0.999226 -0.000000
vn -0.950320 0.037414 0.309017
vn 0.000000 0.000000 1.000000
vn 0.000000 0.000000 1.000000
vn -0.950320 0.037414 0.309017
vn 0.000000 0.000000 1.000000
vn -0.950320 0.037414 0.309017
vn -0.039340 -0.999226 0.000000
vn -0.039340 -0.999226 0.000000
vn -0.039340 -0.999226 0.000000
vn 0.039340 0.999226 0.000000
vn 0.039340 0.999226 0.000000
vn 0.039340 0.999226 0.000000
vn 0.000000 0.000000 1.000000
vn 0.950365 -0.036273 0.309017
vn 0.950365 -0.036273 0.309017
vn 0.000000 0.000000 1.000000
vn 0.950365 -0.036273 0.309017
vn 0.000000 0.000000 1.000000
vn -0.038140 -0.999272 0.000000
vn -0.038140 -0.999272 0.000000
vn -0.038140 -0.999272 0.000000
vn 0.038140 0.999272 0.000000
vn 0.038140 0.999272 0.000000
vn 0.038140 0.999272 0.000000
vn 0.950365 -0.036273 0.309017
vn 0.587358 -0.022418 -0.809017
vn 0.587358 -0.022418 -0.809017
vn 0.950365 -0.036273 0.309017
vn 0.587358 -0.022418 -0.809017
vn 0.950365 -0.036273 0.309017
vn -0.038140 -0.999272 0.000000
vn -0.038140 -0.999272 0.000000
vn -0.038140 -0.999272 0.000000
vn 0.038140 0.999272 -0.000000
vn 0.038140 0.999272 -0.000000
vn 0.038140 0.999272 -0.000000
vn 0.587358 -0.022418 -0.809017
vn -0.587358 0.022418 -0.809017
vn -0.587358 0.022418 -0.809017
vn 0.587358 -0.022418 -0.809017
vn -0.587358 0.022418 -0.809017
vn 0.587358 -0.022418 -0.809017
vn -0.038140 -0.999272 0.000000
vn -0.038140 -0.999272 0.000000
vn -0.038140 -0.999272 0.000000
vn 0.038140 0.999272 0.000000
vn 0.038140 0.999272 0.000000
vn 0.038140 0.999272 0.000000
vn -0.587358 0.022418 -0.809017
vn -0.950365 0.036273 0.309017
vn -0.950365 0.036273 0.309017
vn -0.587358 0.022418 -0.809017
vn -0.950365 0.036273 0.309017
vn -0.587358 0.022418 -0.809017
vn -0.038140 -0.999272 -0.000000
vn -0.038140 -0.999272 -0.000000
vn -0.038140 -0.999272 -0.000000
vn 0.038140 0.999272 0.000000
vn 0.038140 0.999272 0.000000
vn 0.038140 0.999272 0.000000
vn -0.950365 0.036273 0.309017
vn 0.000000 0.000000 1.000000
vn 0.000000 0.000000 1.000000
vn -0.950365 0.036273 0.309017
vn 0.000000 0.000000 1.000000
vn -0.950365 0.036273 0.309017
vn -0.038140 -0.999272 0.000000
vn -0.038140 -0.999272 0.000000
vn -0.038140 -0.999272 0.000000
vn 0.038140 0.999272 0.000000
vn 0.038140 0.999272 0.000000
vn 0.038140 0.999272 0.000000
vn 0.000000 0.000000 1.000000
vn 0.950405 -0.035200 0.309017
vn 0.950405 -0.035200 0.309017
vn 0.000000 0.000000 1.000000
vn 0.950405 -0.035200 0.309017
vn 0.000000 0.000000 1.000000
vn -0.037012 -0.999315 0.000000
vn -0.037012 -0.999315 0.000000
vn -0.037012 -0.999315 0.000000
vn 0.037012 0.999315 0.000000
vn 0.037012 0.999315 0.000000
vn 0.037012 0.999315 0.000000
vn 0.950405 -0.035200 0.309017
vn 0.587383 -0.021755 -0.809017
vn 0.587383 -0.021755 -0.809017
vn 0.950405 -0.035200 0.309017
vn 0.587383 -0.021755 -0.809017
vn 0.950405 -0.035200 0.309017
vn -0.037012 -0.999315 0.000000
vn -0.037012 -0.999315 0.000000
vn -0.037012 -0.999315 0.000000
vn 0.037012 0.999315 -0.000000
vn 0.037012 0.999315 -0.000000
vn 0.037012 0.999315 -0.000000
vn 0.587383 -0.021755 -0.809017
vn -0.587383 0.021755 -0.809017
vn -0.587383 0.021755 -0.809017
vn 0.587383 -0.021755 -0.809017
vn -0.587383 0.021755 -0.809017
vn 0.587383 -0.021755 -0.809017
vn -0.037012 -0.999315 0.000000
vn -0.037012 -0.999315 0.000000
vn -0.037012 -0.999315 0.000000
vn 0.037012 0.999315 0.000000
vn 0.037012 0.999315 0.000000
vn 0.037012 0.999315 0.000000
vn -0.587383 0.021755 -0.809017
vn -0.950405 0.035200 0.309017
vn -0.950405 0.035200 0.309017
vn -0.587383 0.021755 -0.809017
vn -0.950405 0.035200 0.309017
vn -0.587383 0.021755 -0.809017
vn -0.037012 -0.999315 -0.000000
vn -0.037012 -0.999315 -0.000000
vn -0.037012 -0.999315 -0.000000
vn 0.037012 0.999315 0.000000
vn 0.037012 0.999315 0.000000
vn 0.037012 0.999315 0.000000
vn -0.950405 0.035200 0.309017
vn 0.000000 0.000000 1.000000
vn 0.000000 0.000000 1.000000
vn -0.950405 0.035200 0.309017
vn 0.000000 0.000000 1.000000
vn -0.950405 0.035200 0.309017
vn -0.037012 -0.999315 0.000000
vn -0.037012 -0.999315 0.000000
vn -0.037012 -0.999315 0.000000
vn 0.037012 0.999315 0.000000
vn 0.037012 0.999315 0.000000
vn 0.037012 0.999315 0.000000
vn 0.000000 0.000000 1.000000
vn 0.950442 -0.034189 0.309017
vn 0.950442 -0.034189 0.309017
vn 0.000000 0.000000 1.000000
vn 0.950442 -0.034189 0.309017
vn 0.000000 0.000000 1.000000
vn -0.035948 -0.999354 0.000000
vn -0.035948 -0.999354 0.000000
vn -0.035948 -0.999354 0.000000
vn 0.035948 0.999354 0.000000
vn 0.035948 0.999354 0.000000
vn 0.035948 0.999354 0.000000
vn 0.950442 -0.034189 0.309017
vn 0.587405 -0.021130 -0.809017
vn 0.587405 -0.021130 -0.809017
vn 0.950442 -0.034189 0.309017
vn 0.587405 -0.021130 -0.809017
vn 0.950442 -0.034189 0.309017
vn -0.035948 -0.999354 -0.000000
vn -0.035948 -0.999354 -0.000000
vn -0.035948 -0.999354 -0.000000
vn 0.035948 0.999354 0.000000
vn 0.035948 0.999354 0.000000
vn 0.035948 0.999354 0.000000
vn 0.587405 -0.021130 -0.809017
vn -0.587405 0.021130 -0.809017
vn -0.587405 0.021130 -0.809017
vn 0.587405 -0.021130 -0.809017
vn -0.587405 0.021130 -0.809017
vn 0.587405 -0.021130 -0.809017
vn -0.035948 -0.999354 0.000000
vn -0.035948 -0.999354 0.000000
vn -0.035948 -0.999354 0.000000
vn 0.035948 0.999354 0.000000
vn 0.035948 0.999354 0.000000
vn 0.035948 0.999354 0.000000
vn -0.587405 0.021130 -0.809017
vn -0.950442 0.034189 0.309017
vn -0.950442 0.034189 0.309017
vn -0.587405 0.021130 -0.809017
vn -0.950442 0.034189 0.309017
vn -0.587405 0.021130 -0.809017
vn -0.035948 -0.999354 0.000000
vn -0.035948 -0.999354 0.000000
vn -0.035948 -0.999354 0.000000
vn 0.035948 0.999354 -0.000000
vn 0.035948 0.999354 -0.000000
vn 0.035948 0.999354 -0.000000
vn -0.950442 0.034189 0.309017
vn 0.000000 0.000000 1.000000
vn 0.000000 0.000000 1.000000
vn -0.950442 0.034189 0.309017
vn 0.000000 0.000000 1.000000
vn -0.950442 0.034189 0.309017
vn -0.035948 -0.999354 0.000000
vn -0.035948 -0.999354 0.000000
vn -0.035948 -0.999354 0.000000
vn 0.035948 0.999354 0.000000
vn 0.035948 0.999354 0.000000
vn 0.035948 0.999354 0.000000
vn 0.000000 0.000000 1.000000
vn 0.950476 -0.033233 0.309017
vn 0.950476 -0.033233 0.309017
vn 0.000000 0.000000 1.000000
vn 0.950476 -0.033233 0.309017
vn 0.000000 0.000000 1.000000
vn -0.034944 -0.999389 0.000000
vn -0.034944 -0.999389 0.000000
vn -0.034944 -0.999389 0.000000
vn 0.034944 0.999389 0.000000
vn 0.034944 0.999389 0.000000
vn 0.034944 0.999389 0.000000
vn 0.950476 -0.033233 0.309017
vn 0.587426 -0.020539 -0.809017
vn 0.587426 -0.020539 -0.809017
vn 0.950476 -0.033233 0.309017
vn 0.587426 -0.020539 -0.809017
vn 0.950476 -0.033233 0.309017
vn -0.034944 -0.999389 0.000000
vn -0.034944 -0.999389 0.000000
vn -0.034944 -0.999389 0.000000
vn 0.034944 0.999389 -0.000000
vn 0.034944 0.999389 -0.000000
vn 0.034944 0.999389 -0.000000
vn 0.587426 -0.020539 -0.809017
vn -0.587426 0.020539 -0.809017
vn -0.587426 0.020539 -0.809017
vn 0.587426 -0.020539 -0.809017
vn -0.587426 0.020539 -0.809017
vn 0.587426 -0.020539 -0.809017
vn -0.034944 -0.999389 0.000000
vn -0.034944 -0.999389 0.000000
vn -0.034944 -0.999389 0.000000
vn 0.034944 0.999389 0.000000
vn 0.034944 0.999389 0.000000
vn 0.034944 0.999389 0.000000
vn -0.587426 0.020539 -0.809017
vn -0.950476 0.033233 0.309017
vn -0.950476 0.033233 0.309017
vn -0.587426 0.020539 -0.809017
vn -0.950476 0.033233 0.309017
vn -0.587426 0.020539 -0.809017
vn -0.034944 -0.999389 -0.000000
vn -0.034944 -0.999389 -0.000000
vn -0.034944 -0.999389 -0.000000
vn 0.034944 0.999389 0.000000
vn 0.034944 0.999389 0.000000
vn 0.034944 0.999389 0.000000
vn -0.950476 0.033233 0.309017
vn 0.000000 0.000000 1.000000
vn 0.000000 0.000000 1.000000
vn -0.950476 0.033233 0.309017
vn 0.000000 0.000000 1.000000
vn -0.950476 0.033233 0.309017
vn -0.034944 -0.999389 0.000000
vn -0.034944 -0.999389 0.000000
vn -0.034944 -0.999389 0.000000
vn 0.034944 0.999389 0.000000
vn 0.034944 0.999389 0.000000
vn 0.034944 0.999389 0.000000
vn 0.000000 1.000000 0.000000
vn 0.372207 0.928150 0.000000
vn 0.243117 0.911585 0.331523
vn 0.000000 1.000000 0.000000
vn 0.243117 0.911585 0.331523
vn 0.000000 1.000000 0.000000
vn 0.000000 1.000000 0.000000
vn 0.243117 0.911585 0.331523
vn 0.000000 0.867639 0.497194
vn 0.000000 1.000000 0.000000
vn 0.000000 0.867639 0.497194
vn 0.000000 1.000000 0.000000
vn 0.000000 1.000000 0.000000
vn 0.000000 0.867639 0.497194
vn -0.251255 0.905253 0.342620
vn 0.000000 1.000000 0.000000
vn -0.251255 0.905253 0.342620
vn 0.000000 1.000000 0.000000
vn 0.000000 1.000000 0.000000
vn -0.251255 0.905253 0.342620
vn -0.413994 0.910280 0.000000
vn 0.000000 1.000000 0.000000
vn -0.413994 0.910280 0.000000
vn 0.000000 1.000000 0.000000
vn 0.000000 1.000000 0.000000
vn -0.413994 0.910280 0.000000
vn -0.266825 0.892422 -0.363852
vn 0.000000 1.000000 0.000000
vn -0.266825 0.892422 -0.363852
vn 0.000000 1.000000 0.000000
vn 0.000000 1.000000 0.000000
vn -0.266825 0.892422 -0.363852
vn -0.000000 0.878843 -0.477111
vn 0.000000 1.000000 0.000000
vn -0.000000 0.878843 -0.477111
vn 0.000000 1.000000 0.000000
vn 0.000000 1.000000 0.000000
vn -0.000000 0.878843 -0.477111
vn 0.240103 0.913866 -0.327413
vn 0.000000 1.000000 0.000000
vn 0.240103 0.913866 -0.327413
vn 0.000000 1.000000 0.000000
vn 0.000000 1.000000 0.000000
vn 0.240103 0.913866 -0.327413
vn 0.352466 0.935825 -0.000000
vn 0.000000 1.000000 0.000000
vn 0.352466 0.935825 -0.000000
vn 0.000000 1.000000 0.000000
vn 0.372207 0.928150 0.000000
vn 0.871617 0.490187 0.000000
vn 0.537577 0.416697 0.733059
vn 0.372207 0.928150 0.000000
vn 0.537577 0.416697 0.733059
vn 0.243117 0.911585 0.331523
vn 0.243117 0.911585 0.331523
vn 0.537577 0.416697 0.733059
vn 0.000000 0.428626 0.903482
vn 0.243117 0.911585 0.331523
vn 0.000000 0.428626 0.903482
vn 0.000000 0.867639 0.497194
vn 0.000000 0.867639 0.497194
vn 0.000000 0.428626 0.903482
vn -0.539597 0.409162 0.735814
vn 0.000000 0.867639 0.497194
vn -0.539597 0.409162 0.735814
vn -0.251255 0.905253 0.342620
vn -0.251255 0.905253 0.342620
vn -0.539597 0.409162 0.735814
vn -0.859488 0.511155 0.000000
vn -0.251255 0.905253 0.342620
vn -0.859488 0.511155 0.000000
vn -0.413994 0.910280 0.000000
vn -0.413994 0.910280 0.000000
vn -0.859488 0.511155 0.000000
vn -0.533400 0.431773 -0.727363
vn -0.413994 0.910280 0.000000
vn -0.533400 0.431773 -0.727363
vn -0.266825 0.892422 -0.363852
vn -0.266825 0.892422 -0.363852
vn -0.533400 0.431773 -0.727363
vn -0.000000 0.388085 -0.921624
vn -0.266825 0.892422 -0.363852
vn -0.000000 0.388085 -0.921624
vn -0.000000 0.878843 -0.477111
vn -0.000000 0.878843 -0.477111
vn -0.000000 0.388085 -0.921624
vn 0.535578 0.423991 -0.730334
vn -0.000000 0.878843 -0.477111
vn 0.535578 0.423991 -0.730334
vn 0.240103 0.913866 -0.327413
vn 0.240103 0.913866 -0.327413
vn 0.535578 0.423991 -0.730334
vn 0.856325 0.516437 -0.000000
vn 0.240103 0.913866 -0.327413
vn 0.856325 0.516437 -0.000000
vn 0.352466 0.935825 -0.000000
vn 0.871617 0.490187 0.000000
vn 0.850650 -0.525732 0.000000
vn 0.528524 -0.448591 0.720714
vn 0.871617 0.490187 0.000000
vn 0.528524 -0.448591 0.720714
vn 0.537577 0.416697 0.733059
vn 0.537577 0.416697 0.733059
vn 0.528524 -0.448591 0.720714
vn 0.000000 -0.403180 0.915121
vn 0.537577 0.416697 0.733059
vn 0.000000 -0.403180 0.915121
vn 0.000000 0.428626 0.903482
vn 0.000000 0.428626 0.903482
vn 0.000000 -0.403180 0.915121
vn -0.530808 -0.440810 0.723829
vn 0.000000 0.428626 0.903482
vn -0.530808 -0.440810 0.723829
vn -0.539597 0.409162 0.735814
vn -0.539597 0.409162 0.735814
vn -0.530808 -0.440810 0.723829
vn -0.869058 -0.494710 0.000000
vn -0.539597 0.409162 0.735814
vn -0.869058 -0.494710 0.000000
vn -0.859488 0.511155 0.000000
vn -0.859488 0.511155 0.000000
vn -0.869058 -0.494710 0.000000
vn -0.536989 -0.418856 -0.732258
vn -0.859488 0.511155 0.000000
vn -0.536989 -0.418856 -0.732258
vn -0.533400 0.431773 -0.727363
vn -0.533400 0.431773 -0.727363
vn -0.536989 -0.418856 -0.732258
vn -0.000000 -0.430289 -0.902691
vn -0.533400 0.431773 -0.727363
vn -0.000000 -0.430289 -0.902691
vn -0.000000 0.388085 -0.921624
vn -0.000000 0.388085 -0.921624
vn -0.000000 -0.430289 -0.902691
vn 0.522024 -0.469849 -0.711852
vn -0.000000 0.388085 -0.921624
vn 0.522024 -0.469849 -0.711852
vn 0.535578 0.423991 -0.730334
vn 0.535578 0.423991 -0.730334
vn 0.522024 -0.469849 -0.711852
vn 0.844904 -0.534918 -0.000000
vn 0.535578 0.423991 -0.730334
vn 0.844904 -0.534918 -0.000000
vn 0.856325 0.516437 -0.000000
vn 0.850650 -0.525732 0.000000
vn 0.380985 -0.924581 0.000000
vn 0.268839 -0.890691 0.366599
vn 0.850650 -0.525732 0.000000
vn 0.268839 -0.890691 0.366599
vn 0.528524 -0.448591 0.720714
vn 0.528524 -0.448591 0.720714
vn 0.268839 -0.890691 0.366599
vn 0.000000 -0.893657 0.448750
vn 0.528524 -0.448591 0.720714
vn 0.000000 -0.893657 0.448750
vn 0.000000 -0.403180 0.915121
vn 0.000000 -0.403180 0.915121
vn 0.000000 -0.893657 0.448750
vn -0.279348 -0.881396 0.380928
vn 0.000000 -0.403180 0.915121
vn -0.279348 -0.881396 0.380928
vn -0.530808 -0.440810 0.723829
vn -0.530808 -0.440810 0.723829
vn -0.279348 -0.881396 0.380928
vn -0.365249 -0.930910 0.000000
vn -0.530808 -0.440810 0.723829
vn -0.365249 -0.930910 0.000000
vn -0.869058 -0.494710 0.000000
vn -0.869058 -0.494710 0.000000
vn -0.365249 -0.930910 0.000000
vn -0.258335 -0.899536 -0.352276
vn -0.869058 -0.494710 0.000000
vn -0.258335 -0.899536 -0.352276
vn -0.536989 -0.418856 -0.732258
vn -0.536989 -0.418856 -0.732258
vn -0.258335 -0.899536 -0.352276
vn -0.000000 -0.870477 -0.492210
vn -0.536989 -0.418856 -0.732258
vn -0.000000 -0.870477 -0.492210
vn -0.000000 -0.430289 -0.902691
vn -0.000000 -0.430289 -0.902691
vn -0.000000 -0.870477 -0.492210
vn 0.270364 -0.889370 -0.368678
vn -0.000000 -0.430289 -0.902691
vn 0.270364 -0.889370 -0.368678
vn 0.522024 -0.469849 -0.711852
vn 0.522024 -0.469849 -0.711852
vn 0.270364 -0.889370 -0.368678
vn 0.362139 -0.932124 -0.000000
vn 0.522024 -0.469849 -0.711852
vn 0.362139 -0.932124 -0.000000
vn 0.844904 -0.534918 -0.000000
vn 0.380985 -0.924581 0.000000
vn 0.000000 -1.000000 0.000000
vn 0.000000 -1.000000 0.000000
vn 0.380985 -0.924581 0.000000
vn 0.000000 -1.000000 0.000000
vn 0.268839 -0.890691 0.366599
vn 0.268839 -0.890691 0.366599
vn 0.000000 -1.000000 0.000000
vn 0.000000 -1.000000 0.000000
vn 0.268839 -0.890691 0.366599
vn 0.000000 -1.000000 0.000000
vn 0.000000 -0.893657 0.448750
vn 0.000000 -0.893657 0.448750
vn 0.000000 -1.000000 0.000000
vn -0.000000 -1.000000 0.000000
vn 0.000000 -0.893657 0.448750
vn -0.000000 -1.000000 0.000000
vn -0.279348 -0.881396 0.380928
vn -0.279348 -0.881396 0.380928
vn -0.000000 -1.000000 0.000000
vn -0.000000 -1.000000 0.000000
vn -0.279348 -0.881396 0.380928
vn -0.000000 -1.000000 0.000000
vn -0.365249 -0.930910 0.000000
vn -0.365249 -0.930910 0.000000
vn -0.000000 -1.000000 0.000000
vn -0.000000 -1.000000 -0.000000
vn -0.365249 -0.930910 0.000000
vn -0.000000 -1.000000 -0.000000
vn -0.258335 -0.899536 -0.352276
vn -0.258335 -0.899536 -0.352276
vn -0.000000 -1.000000 -0.000000
vn -0.000000 -1.000000 -0.000000
vn -0.258335 -0.899536 -0.352276
vn -0.000000 -1.000000 -0.000000
vn -0.000000 -0.870477 -0.492210
vn -0.000000 -0.870477 -0.492210
vn -0.000000 -1.000000 -0.000000
vn 0.000000 -1.000000 -0.000000
vn -0.000000 -0.870477 -0.492210
vn 0.000000 -1.000000 -0.000000
vn 0.270364 -0.889370 -0.368678
vn 0.270364 -0.889370 -0.368678
vn 0.000000 -1.000000 -0.000000
vn 0.000000 -1.000000 -0.000000
vn 0.270364 -0.889370 -0.368678
vn 0.000000 -1.000000 -0.000000
vn 0.362139 -0.932124 -0.000000
vn 0.000000 1.000000 0.000000
vn 0.312690 0.949855 0.000000
vn 0.207576 0.915947 0.343443
vn 0.000000 1.000000 0.000000
vn 0.207576 0.915947 0.343443
vn 0.000000 1.000000 0.000000
vn 0.000000 1.000000 0.000000
vn 0.207576 0.915947 0.343443
vn 0.000000 0.855172 0.518344
vn 0.000000 1.000000 0.000000
vn 0.000000 0.855172 0.518344
vn 0.000000 1.000000 0.000000
vn 0.000000 1.000000 0.000000
vn 0.000000 0.855172 0.518344
vn -0.197563 0.924186 0.326878
vn 0.000000 1.000000 0.000000
vn -0.197563 0.924186 0.326878
vn 0.000000 1.000000 0.000000
vn 0.000000 1.000000 0.000000
vn -0.197563 0.924186 0.326878
vn -0.311684 0.950186 0.000000
vn 0.000000 1.000000 0.000000
vn -0.311684 0.950186 0.000000
vn 0.000000 1.000000 0.000000
vn 0.000000 1.000000 0.000000
vn -0.311684 0.950186 0.000000
vn -0.217846 0.906989 -0.360436
vn 0.000000 1.000000 0.000000
vn -0.217846 0.906989 -0.360436
vn 0.000000 1.000000 0.000000
vn 0.000000 1.000000 0.000000
vn -0.217846 0.906989 -0.360436
vn -0.000000 0.889757 -0.456435
vn 0.000000 1.000000 0.000000
vn -0.000000 0.889757 -0.456435
vn 0.000000 1.000000 0.000000
vn 0.000000 1.000000 0.000000
vn -0.000000 0.889757 -0.456435
vn 0.217033 0.907717 -0.359092
vn 0.000000 1.000000 0.000000
vn 0.217033 0.907717 -0.359092
vn 0.000000 1.000000 0.000000
vn 0.000000 1.000000 0.000000
vn 0.217033 0.907717 -0.359092
vn 0.327675 0.944791 -0.000000
vn 0.000000 1.000000 0.000000
vn 0.327675 0.944791 -0.000000
vn 0.000000 1.000000 0.000000
vn 0.312690 0.949855 0.000000
vn 0.812192 0.583390 0.000000
vn 0.447927 0.500108 0.741116
vn 0.312690 0.949855 0.000000
vn 0.447927 0.500108 0.741116
vn 0.207576 0.915947 0.343443
vn 0.207576 0.915947 0.343443
vn 0.447927 0.500108 0.741116
vn 0.000000 0.389174 0.921164
vn 0.207576 0.915947 0.343443
vn 0.000000 0.389174 0.921164
vn 0.000000 0.855172 0.518344
vn 0.000000 0.855172 0.518344
vn 0.000000 0.389174 0.921164
vn -0.455357 0.474366 0.753410
vn 0.000000 0.855172 0.518344
vn -0.455357 0.474366 0.753410
vn -0.197563 0.924186 0.326878
vn -0.197563 0.924186 0.326878
vn -0.455357 0.474366 0.753410
vn -0.829843 0.557997 0.000000
vn -0.197563 0.924186 0.326878
vn -0.829843 0.557997 0.000000
vn -0.311684 0.950186 0.000000
vn -0.311684 0.950186 0.000000
vn -0.829843 0.557997 0.000000
vn -0.458062 0.464533 -0.757884
vn -0.311684 0.950186 0.000000
vn -0.458062 0.464533 -0.757884
vn -0.217846 0.906989 -0.360436
vn -0.217846 0.906989 -0.360436
vn -0.458062 0.464533 -0.757884
vn -0.000000 0.422448 -0.906387
vn -0.217846 0.906989 -0.360436
vn -0.000000 0.422448 -0.906387
vn -0.000000 0.889757 -0.456435
vn -0.000000 0.889757 -0.456435
vn -0.000000 0.422448 -0.906387
vn 0.455762 0.472913 -0.754078
vn -0.000000 0.889757 -0.456435
vn 0.455762 0.472913 -0.754078
vn 0.217033 0.907717 -0.359092
vn 0.217033 0.907717 -0.359092
vn 0.455762 0.472913 -0.754078
vn 0.811089 0.584923 -0.000000
vn 0.217033 0.907717 -0.359092
vn 0.811089 0.584923 -0.000000
vn 0.327675 0.944791 -0.000000
vn 0.812192 0.583390 0.000000
vn 0.824647 -0.565647 0.000000
vn 0.463647 -0.443340 0.767125
vn 0.812192 0.583390 0.000000
vn 0.463647 -0.443340 0.767125
vn 0.447927 0.500108 0.741116
vn 0.447927 0.500108 0.741116
vn 0.463647 -0.443340 0.767125
vn 0.000000 -0.418079 0.908411
vn 0.447927 0.500108 0.741116
vn 0.000000 -0.418079 0.908411
vn 0.000000 0.389174 0.921164
vn 0.000000 0.389174 0.921164
vn 0.000000 -0.418079 0.908411
vn -0.468665 -0.423162 0.775427
vn 0.000000 0.389174 0.921164
vn -0.468665 -0.423162 0.775427
vn -0.455357 0.474366 0.753410
vn -0.455357 0.474366 0.753410
vn -0.468665 -0.423162 0.775427
vn -0.811091 -0.584920 0.000000
vn -0.455357 0.474366 0.753410
vn -0.811091 -0.584920 0.000000
vn -0.829843 0.557997 0.000000
vn -0.829843 0.557997 0.000000
vn -0.811091 -0.584920 0.000000
vn -0.458740 -0.462024 -0.759007
vn -0.829843 0.557997 0.000000
vn -0.458740 -0.462024 -0.759007
vn -0.458062 0.464533 -0.757884
vn -0.458062 0.464533 -0.757884
vn -0.458740 -0.462024 -0.759007
vn -0.000000 -0.380361 -0.924838
vn -0.458062 0.464533 -0.757884
vn -0.000000 -0.380361 -0.924838
vn -0.000000 0.422448 -0.906387
vn -0.000000 0.422448 -0.906387
vn -0.000000 -0.380361 -0.924838
vn 0.454587 -0.477122 -0.752134
vn -0.000000 0.422448 -0.906387
vn 0.454587 -0.477122 -0.752134
vn 0.455762 0.472913 -0.754078
vn 0.455762 0.472913 -0.754078
vn 0.454587 -0.477122 -0.752134
vn 0.795780 -0.605586 -0.000000
vn 0.455762 0.472913 -0.754078
vn 0.795780 -0.605586 -0.000000
vn 0.811089 0.584923 -0.000000
vn 0.824647 -0.565647 0.000000
vn 0.302925 -0.953014 0.000000
vn 0.205121 -0.918012 0.339382
vn 0.824647 -0.565647 0.000000
vn 0.205121 -0.918012 0.339382
vn 0.463647 -0.443340 0.767125
vn 0.463647 -0.443340 0.767125
vn 0.205121 -0.918012 0.339382
vn 0.000000 -0.878268 0.478168
vn 0.463647 -0.443340 0.767125
vn 0.000000 -0.878268 0.478168
vn 0.000000 -0.418079 0.908411
vn 0.000000 -0.418079 0.908411
vn 0.000000 -0.878268 0.478168
vn -0.219180 -0.905787 0.362644
vn 0.000000 -0.418079 0.908411
vn -0.219180 -0.905787 0.362644
vn -0.468665 -0.423162 0.775427
vn -0.468665 -0.423162 0.775427
vn -0.219180 -0.905787 0.362644
vn -0.343265 -0.939238 0.000000
vn -0.468665 -0.423162 0.775427
vn -0.343265 -0.939238 0.000000
vn -0.811091 -0.584920 0.000000
vn -0.811091 -0.584920 0.000000
vn -0.343265 -0.939238 0.000000
vn -0.224160 -0.901220 -0.370883
vn -0.811091 -0.584920 0.000000
vn -0.224160 -0.901220 -0.370883
vn -0.458740 -0.462024 -0.759007
vn -0.458740 -0.462024 -0.759007
vn -0.224160 -0.901220 -0.370883
vn -0.000000 -0.882438 -0.470428
vn -0.458740 -0.462024 -0.759007
vn -0.000000 -0.882438 -0.470428
vn -0.000000 -0.380361 -0.924838
vn -0.000000 -0.380361 -0.924838
vn -0.000000 -0.882438 -0.470428
vn 0.195398 -0.925905 -0.323295
vn -0.000000 -0.380361 -0.924838
vn 0.195398 -0.925905 -0.323295
vn 0.454587 -0.477122 -0.752134
vn 0.454587 -0.477122 -0.752134
vn 0.195398 -0.925905 -0.323295
vn 0.326666 -0.945140 -0.000000
vn 0.454587 -0.477122 -0.752134
vn 0.326666 -0.945140 -0.000000
vn 0.795780 -0.605586 -0.000000
vn 0.302925 -0.953014 0.000000
vn 0.000000 -1.000000 0.000000
vn 0.000000 -1.000000 0.000000
vn 0.302925 -0.953014 0.000000
vn 0.000000 -1.000000 0.000000
vn 0.205121 -0.918012 0.339382
vn 0.205121 -0.918012 0.339382
vn 0.000000 -1.000000 0.000000
vn 0.000000 -1.000000 0.000000
vn 0.205121 -0.918012 0.339382
vn 0.000000 -1.000000 0.000000
vn 0.000000 -0.878268 0.478168
vn 0.000000 -0.878268 0.478168
vn 0.000000 -1.000000 0.000000
vn -0.000000 -1.000000 0.000000
vn 0.000000 -0.878268 0.478168
vn -0.000000 -1.000000 0.000000
vn -0.219180 -0.905787 0.362644
vn -0.219180 -0.905787 0.362644
vn -0.000000 -1.000000 0.000000
vn -0.000000 -1.000000 0.000000
vn -0.219180 -0.905787 0.362644
vn -0.000000 -1.000000 0.000000
vn -0.343265 -0.939238 0.000000
vn -0.343265 -0.939238 0.000000
vn -0.000000 -1.000000 0.000000
vn -0.000000 -1.000000 -0.000000
vn -0.343265 -0.939238 0.000000
vn -0.000000 -1.000000 -0.000000
vn -0.224160 -0.901220 -0.370883
vn -0.224160 -0.901220 -0.370883
vn -0.000000 -1.000000 -0.000000
vn -0.000000 -1.000000 -0.000000
vn -0.224160 -0.901220 -0.370883
vn -0.000000 -1.000000 -0.000000
vn -0.000000 -0.882438 -0.470428
vn -0.000000 -0.882438 -0.470428
vn -0.000000 -1.000000 -0.000000
vn 0.000000 -1.000000 -0.000000
vn -0.000000 -0.882438 -0.470428
vn 0.000000 -1.000000 -0.000000
vn 0.195398 -0.925905 -0.323295
vn 0.195398 -0.925905 -0.323295
vn 0.000000 -1.000000 -0.000000
vn 0.000000 -1.000000 -0.000000
vn 0.195398 -0.925905 -0.323295
vn 0.000000 -1.000000 -0.000000
vn 0.326666 -0.945140 -0.000000
vn 0.000000 0.000000 1.000000
vn 0.950320 -0.037414 0.309017
vn 0.950320 -0.037414 0.309017
vn 0.000000 0.000000 1.000000
vn 0.950320 -0.037414 0.309017
vn 0.000000 0.000000 1.000000
vn -0.039340 -0.999226 0.000000
vn -0.039340 -0.999226 0.000000
vn -0.039340 -0.999226 0.000000
vn 0.039340 0.999226 0.000000
vn 0.039340 0.999226 0.000000
vn 0.039340 0.999226 0.000000
vn 0.950320 -0.037414 0.309017
vn 0.587330 -0.023123 -0.809017
vn 0.587330 -0.023123 -0.809017
vn 0.950320 -0.037414 0.309017
vn 0.587330 -0.023123 -0.809017
vn 0.950320 -0.037414 0.309017
vn -0.039340 -0.999226 -0.000000
vn -0.039340 -0.999226 -0.000000
vn -0.039340 -0.999226 -0.000000
vn 0.039340 0.999226 0.000000
vn 0.039340 0.999226 0.000000
vn 0.039340 0.999226 0.000000
vn 0.587330 -0.023123 -0.809017
vn -0.587330 0.023123 -0.809017
vn -0.587330 0.023123 -0.809017
vn 0.587330 -0.023123 -0.809017
vn -0.587330 0.023123 -0.809017
vn 0.587330 -0.023123 -0.809017
vn -0.039340 -0.999226 0.000000
vn -0.039340 -0.999226 0.000000
vn -0.039340 -0.999226 0.000000
vn 0.039340 0.999226 0.000000
vn 0.039340 0.999226 0.000000
vn 0.039340 0.999226 0.000000
vn -0.587330 0.023123 -0.809017
vn -0.950320 0.037414 0.309017
vn -0.950320 0.037414 0.309017
vn -0.587330 0.023123 -0.809017
vn -0.950320 0.037414 0.309017
vn -0.587330 0.023123 -0.809017
vn -0.039340 -0.999226 0.000000
vn -0.039340 -0.999226 0.000000
vn -0.039340 -0.999226 0.000000
vn 0.039340 0.999226 -0.000000
vn 0.039340 0.999226 -0.000000
vn 0.039340 0.999226 -0.000000
vn -0.950320 0.037414 0.309017
vn 0.000000 0.000000 1.000000
vn 0.000000 0.000000 1.000000
vn -0.950320 0.037414 0.309017
vn 0.000000 0.000000 1.000000
vn -0.950320 0.037414 0.309017
vn -0.039340 -0.999226 0.000000
vn -0.039340 -0.999226 0.000000
vn -0.039340 -0.999226 0.000000
vn 0.039340 0.999226 0.000000
vn 0.039340 0.999226 0.000000
vn 0.039340 0.999226 0.000000
vn 0.000000 0.000000 1.000000
vn 0.950365 -0.036273 0.309017
vn 0.950365 -0.036273 0.309017
vn 0.000000 0.000000 1.000000
vn 0.950365 -0.036273 0.309017
vn 0.000000 0.000000 1.000000
vn -0.038140 -0.999272 0.000000
vn -0.038140 -0.999272 0.000000
vn -0.038140 -0.999272 0.000000
vn 0.038140 0.999272 0.000000
vn 0.038140 0.999272 0.000000
vn 0.038140 0.999272 0.000000
vn 0.950365 -0.036273 0.309017
vn 0.587358 -0.022418 -0.809017
vn 0.587358 -0.022418 -0.809017
vn 0.950365 -0.036273 0.309017
vn 0.587358 -0.022418 -0.809017
vn 0.950365 -0.036273 0.309017
vn -0.038140 -0.999272 0.000000
vn -0.038140 -0.999272 0.000000
vn -0.038140 -0.999272 0.000000
vn 0.038140 0.999272 -0.000000
vn 0.038140 0.999272 -0.000000
vn 0.038140 0.999272 -0.000000
vn 0.587358 -0.022418 -0.809017
vn -0.587358 0.022418 -0.809017
vn -0.587358 0.022418 -0.809017
vn 0.587358 -0.022418 -0.809017
vn -0.587358 0.022418 -0.809017
vn 0.587358 -0.022418 -0.809017
vn -0.038140 -0.999272 0.000000
vn -0.038140 -0.999272 0.000000
vn -0.038140 -0.999272 0.000000
vn 0.038140 0.999272 0.000000
vn 0.038140 0.999272 0.000000
vn 0.038140 0.999272 0.000000
vn -0.587358 0.022418 -0.809017
vn -0.950365 0.036273 0.309017
vn -0.950365 0.036273 0.309017
vn -0.587358 0.022418 -0.809017
vn -0.950365 0.036273 0.309017
vn -0.587358 0.022418 -0.809017
vn -0.038140 -0.999272 -0.000000
vn -0.038140 -0.999272 -0.000000
vn -0.038140 -0.999272 -0.000000
vn 0.038140 0.999272 0.000000
vn 0.038140 0.999272 0.000000
vn 0.038140 0.999272 0.000000
vn -0.950365 0.036273 0.309017
vn 0.000000 0.000000 1.000000
vn 0.000000 0.000000 1.000000
vn -0.950365 0.036273 0.309017
vn 0.000000 0.000000 1.000000
vn -0.950365 0.036273 0.309017
vn -0.038140 -0.999272 0.000000
vn -0.038140 -0.999272 0.000000
vn -0.038140 -0.999272 0.000000
vn 0.038140 0.999272 0.000000
vn 0.038140 0.999272 0.000000
vn 0.038140 0.999272 0.000000
vn 0.000000 0.000000 1.000000
vn 0.950405 -0.035200 0.309017
vn 0.950405 -0.035200 0.309017
vn 0.000000 0.000000 1.000000
vn 0.950405 -0.035200 0.309017
vn 0.000000 0.000000 1.000000
vn -0.037012 -0.999315 0.000000
vn -0.037012 -0.999315 0.000000
vn -0.037012 -0.999315 0.000000
vn 0.037012 0.999315 0.000000
vn 0.037012 0.999315 0.000000
vn 0.037012 0.999315 0.000000
vn 0.950405 -0.035200 0.309017
vn 0.587383 -0.021755 -0.809017
vn 0.587383 -0.021755 -0.809017
vn 0.950405 -0.035200 0.309017
vn 0.587383 -0.021755 -0.809017
vn 0.950405 -0.035200 0.309017
vn -0.037012 -0.999315 0.000000
vn -0.037012 -0.999315 0.000000
vn -0.037012 -0.999315 0.000000
vn 0.037012 0.999315 -0.000000
vn 0.037012 0.999315 -0.000000
vn 0.037012 0.999315 -0.000000
vn 0.587383 -0.021755 -0.809017
vn -0.587383 0.021755 -0.809017
vn -0.587383 0.021755 -0.809017
vn 0.587383 -0.021755 -0.809017
vn -0.587383 0.021755 -0.809017
vn 0.587383 -0.021755 -0.809017
vn -0.037012 -0.999315 0.000000
vn -0.037012 -0.999315 0.000000
vn -0.037012 -0.999315 0.000000
vn 0.037012 0.999315 0.000000
vn 0.037012 0.999315 0.000000
vn 0.037012 0.999315 0.000000
vn -0.587383 0.021755 -0.809017
vn -0.950405 0.035200 0.309017
vn -0.950405 0.035200 0.309017
vn -0.587383 0.021755 -0.809017
vn -0.950405 0.035200 0.309017
vn -0.587383 0.021755 -0.809017
vn -0.037012 -0.999315 -0.000000
vn -0.037012 -0.999315 -0.000000
vn -0.037012 -0.999315 -0.000000
vn 0.037012 0.999315 0.000000
vn 0.037012 0.999315 0.000000
vn 0.037012 0.999315 0.000000
vn -0.950405 0.035200 0.309017
vn 0.000000 0.000000 1.000000
vn 0.000000 0.000000 1.000000
vn -0.950405 0.035200 0.309017
vn 0.000000 0.000000 1.000000
vn -0.950405 0.035200 0.309017
vn -0.037012 -0.999315 0.000000
vn -0.037012 -0.999315 0.000000
vn -0.037012 -0.999315 0.000000
vn 0.037012 0.999315 0.000000
vn 0.037012 0.999315 0.000000
vn 0.037012 0.999315 0.000000
vn 0.000000 0.000000 1.000000
vn 0.950442 -0.034189 0.309017
vn 0.950442 -0.034189 0.309017
vn 0.000000 0.000000 1.000000
vn 0.950442 -0.034189 0.309017
vn 0.000000 0.000000 1.000000
vn -0.035948 -0.999354 0.000000
vn -0.035948 -0.999354 0.000000
vn -0.035948 -0.999354 0.000000
vn 0.035948 0.999354 0.000000
vn 0.035948 0.999354 0.000000
vn 0.035948 0.999354 0.000000
vn 0.950442 -0.034189 0.309017
vn 0.587405 -0.021130 -0.809017
vn 0.587405 -0.021130 -0.809017
vn 0.950442 -0.034189 0.309017
vn 0.587405 -0.021130 -0.809017
vn 0.950442 -0.034189 0.309017
vn -0.035948 -0.999354 -0.000000
vn -0.035948 -0.999354 -0.000000
vn -0.035948 -0.999354 -0.000000
vn 0.035948 0.999354 0.000000
vn 0.035948 0.999354 0.000000
vn 0.035948 0.999354 0.000000
vn 0.587405 -0.021130 -0.809017
vn -0.587405 0.021130 -0.809017
vn -0.587405 0.021130 -0.809017
vn 0.587405 -0.021130 -0.809017
vn -0.587405 0.021130 -0.809017
vn 0.587405 -0.021130 -0.809017
vn -0.035948 -0.999354 0.000000
vn -0.035948 -0.999354 0.000000
vn -0.035948 -0.999354 0.000000
vn 0.035948 0.999354 0.000000
vn 0.035948 0.999354 0.000000
vn 0.035948 0.999354 0.000000
vn -0.587405 0.021130 -0.809017
vn -0.950442 0.034189 0.309017
vn -0.950442 0.034189 0.309017
vn -0.587405 0.021130 -0.809017
vn -0.950442 0.034189 0.309017
vn -0.587405 0.021130 -0.809017
vn -0.035948 -0.999354 0.000000
vn -0.035948 -0.999354 0.000000
vn -0.035948 -0.999354 0.000000
vn 0.035948 0.999354 -0.000000
vn 0.035948 0.999354 -0.000000
vn 0.035948 0.999354 -0.000000
vn -0.950442 0.034189 0.309017
vn 0.000000 0.000000 1.000000
vn 0.000000 0.000000 1.000000
vn -0.950442 0.034189 0.309017
vn 0.000000 0.000000 1.000000
vn -0.950442 0.034189 0.309017
vn -0.035948 -0.999354 0.000000
vn -0.035948 -0.999354 0.000000
vn -0.035948 -0.999354 0.000000
vn 0.035948 0.999354 0.000000
vn 0.035948 0.999354 0.000000
vn 0.035948 0.999354 0.000000
vn 0.000000 0.000000 1.000000
vn 0.950476 -0.033233 0.309017
vn 0.950476 -0.033233 0.309017
vn 0.000000 0.000000 1.000000
vn 0.950476 -0.033233 0.309017
vn 0.000000 0.000000 1.000000
vn -0.034944 -0.999389 0.000000
vn -0.034944 -0.999389 0.000000
vn -0.034944 -0.999389 0.000000
vn 0.034944 0.999389 0.000000
vn 0.034944 0.999389 0.000000
vn 0.034944 0.999389 0.000000
vn 0.950476 -0.033233 0.309017
vn 0.587426 -0.020539 -0.809017
vn 0.587426 -0.020539 -0.809017
vn 0.950476 -0.033233 0.309017
vn 0.587426 -0.020539 -0.809017
vn 0.950476 -0.033233 0.309017
vn -0.034944 -0.999389 0.000000
vn -0.034944 -0.999389 0.000000
vn -0.034944 -0.999389 0.000000
vn 0.034944 0.999389 -0.000000
vn 0.034944 0.999389 -0.000000
vn 0.034944 0.999389 -0.000000
vn 0.587426 -0.020539 -0.809017
vn -0.587426 0.020539 -0.809017
vn -0.587426 0.020539 -0.809017
vn 0.587426 -0.020539 -0.809017
vn -0.587426 0.020539 -0.809017
vn 0.587426 -0.020539 -0.809017
vn -0.034944 -0.999389 0.000000
vn -0.034944 -0.999389 0.000000
vn -0.034944 -0.999389 0.000000
vn 0.034944 0.999389 0.000000
vn 0.034944 0.999389 0.000000
vn 0.034944 0.999389 0.000000
vn -0.587426 0.020539 -0.809017
vn -0.950476 0.033233 0.309017
vn -0.950476 0.033233 0.309017
vn -0.587426 0.020539 -0.809017
vn -0.950476 0.033233 0.309017
vn -0.587426 0.020539 -0.809017
vn -0.034944 -0.999389 -0.000000
vn -0.034944 -0.999389 -0.000000
vn -0.034944 -0.999389 -0.000000
vn 0.034944 0.999389 0.000000
vn 0.034944 0.999389 0.000000
vn 0.034944 0.999389 0.000000
vn -0.950476 0.033233 0.309017
vn 0.000000 0.000000 1.000000
vn 0.000000 0.000000 1.000000
vn -0.950476 0.033233 0.309017
vn 0.000000 0.000000 1.000000
vn -0.950476 0.033233 0.309017
vn -0.034944 -0.999389 0.000000
vn -0.034944 -0.999389 0.000000
vn -0.034944 -0.999389 0.000000
vn 0.034944 0.999389 0.000000
vn 0.034944 0.999389 0.000000
vn 0.034944 0.999389 0.000000
vn 0.000000 1.000000 0.000000
vn 0.279223 0.960226 0.000000
vn 0.193990 0.905504 0.377399
vn 0.000000 1.000000 0.000000
vn 0.193990 0.905504 0.377399
vn 0.000000 1.000000 0.000000
vn 0.000000 1.000000 0.000000
vn 0.193990 0.905504 0.377399
vn 0.000000 0.896957 0.442117
vn 0.000000 1.000000 0.000000
vn 0.000000 0.896957 0.442117
vn 0.000000 1.000000 0.000000
vn 0.000000 1.000000 0.000000
vn 0.000000 0.896957 0.442117
vn -0.184442 0.915001 0.358824
vn 0.000000 1.000000 0.000000
vn -0.184442 0.915001 0.358824
vn 0.000000 1.000000 0.000000
vn 0.000000 1.000000 0.000000
vn -0.184442 0.915001 0.358824
vn -0.243285 0.969955 0.000000
vn 0.000000 1.000000 0.000000
vn -0.243285 0.969955 0.000000
vn 0.000000 1.000000 0.000000
vn 0.000000 1.000000 0.000000
vn -0.243285 0.969955 0.000000
vn -0.182048 0.917292 -0.354167
vn 0.000000 1.000000 0.000000
vn -0.182048 0.917292 -0.354167
vn 0.000000 1.000000 0.000000
vn 0.000000 1.000000 0.000000
vn -0.182048 0.917292 -0.354167
vn -0.000000 0.878095 -0.478486
vn 0.000000 1.000000 0.000000
vn -0.000000 0.878095 -0.478486
vn 0.000000 1.000000 0.000000
vn 0.000000 1.000000 0.000000
vn -0.000000 0.878095 -0.478486
vn 0.187041 0.912473 -0.363880
vn 0.000000 1.000000 0.000000
vn 0.187041 0.912473 -0.363880
vn 0.000000 1.000000 0.000000
vn 0.000000 1.000000 0.000000
vn 0.187041 0.912473 -0.363880
vn 0.265648 0.964070 -0.000000
vn 0.000000 1.000000 0.000000
vn 0.265648 0.964070 -0.000000
vn 0.000000 1.000000 0.000000
vn 0.279223 0.960226 0.000000
vn 0.749825 0.661636 0.000000
vn 0.400192 0.483421 0.778556
vn 0.279223 0.960226 0.000000
vn 0.400192 0.483421 0.778556
vn 0.193990 0.905504 0.377399
vn 0.193990 0.905504 0.377399
vn 0.400192 0.483421 0.778556
vn 0.000000 0.407037 0.913412
vn 0.193990 0.905504 0.377399
vn 0.000000 0.407037 0.913412
vn 0.000000 0.896957 0.442117
vn 0.000000 0.896957 0.442117
vn 0.000000 0.407037 0.913412
vn -0.408819 0.447553 0.795339
vn 0.000000 0.896957 0.442117
vn -0.408819 0.447553 0.795339
vn -0.184442 0.915001 0.358824
vn -0.184442 0.915001 0.358824
vn -0.408819 0.447553 0.795339
vn -0.757213 0.653169 0.000000
vn -0.184442 0.915001 0.358824
vn -0.757213 0.653169 0.000000
vn -0.243285 0.969955 0.000000
vn -0.243285 0.969955 0.000000
vn -0.757213 0.653169 0.000000
vn -0.410190 0.441508 -0.798006
vn -0.243285 0.969955 0.000000
vn -0.410190 0.441508 -0.798006
vn -0.182048 0.917292 -0.354167
vn -0.182048 0.917292 -0.354167
vn -0.410190 0.441508 -0.798006
vn -0.000000 0.427929 -0.903813
vn -0.182048 0.917292 -0.354167
vn -0.000000 0.427929 -0.903813
vn -0.000000 0.878095 -0.478486
vn -0.000000 0.878095 -0.478486
vn -0.000000 0.427929 -0.903813
vn 0.396097 0.499298 -0.770589
vn -0.000000 0.878095 -0.478486
vn 0.396097 0.499298 -0.770589
vn 0.187041 0.912473 -0.363880
vn 0.187041 0.912473 -0.363880
vn 0.396097 0.499298 -0.770589
vn 0.742262 0.670110 -0.000000
vn 0.187041 0.912473 -0.363880
vn 0.742262 0.670110 -0.000000
vn 0.265648 0.964070 -0.000000
vn 0.749825 0.661636 0.000000
vn 0.785711 -0.618593 0.000000
vn 0.410831 -0.438649 0.799253
vn 0.749825 0.661636 0.000000
vn 0.410831 -0.438649 0.799253
vn 0.400192 0.483421 0.778556
vn 0.400192 0.483421 0.778556
vn 0.410831 -0.438649 0.799253
vn 0.000000 -0.424079 0.905625
vn 0.400192 0.483421 0.778556
vn 0.000000 -0.424079 0.905625
vn 0.000000 0.407037 0.913412
vn 0.000000 0.407037 0.913412
vn 0.000000 -0.424079 0.905625
vn -0.405222 -0.462939 0.788342
vn 0.000000 0.407037 0.913412
vn -0.405222 -0.462939 0.788342
vn -0.408819 0.447553 0.795339
vn -0.408819 0.447553 0.795339
vn -0.405222 -0.462939 0.788342
vn -0.743168 -0.669105 0.000000
vn -0.408819 0.447553 0.795339
vn -0.743168 -0.669105 0.000000
vn -0.757213 0.653169 0.000000
vn -0.757213 0.653169 0.000000
vn -0.743168 -0.669105 0.000000
vn -0.404490 -0.465991 -0.786918
vn -0.757213 0.653169 0.000000
vn -0.404490 -0.465991 -0.786918
vn -0.410190 0.441508 -0.798006
vn -0.410190 0.441508 -0.798006
vn -0.404490 -0.465991 -0.786918
vn -0.000000 -0.393978 -0.919120
vn -0.410190 0.441508 -0.798006
vn -0.000000 -0.393978 -0.919120
vn -0.000000 0.427929 -0.903813
vn -0.000000 0.427929 -0.903813
vn -0.000000 -0.393978 -0.919120
vn 0.405561 -0.461518 -0.789000
vn -0.000000 0.427929 -0.903813
vn 0.405561 -0.461518 -0.789000
vn 0.396097 0.499298 -0.770589
vn 0.396097 0.499298 -0.770589
vn 0.405561 -0.461518 -0.789000
vn 0.771506 -0.636222 -0.000000
vn 0.396097 0.499298 -0.770589
vn 0.771506 -0.636222 -0.000000
vn 0.742262 0.670110 -0.000000
vn 0.785711 -0.618593 0.000000
vn 0.254658 -0.967031 0.000000
vn 0.183566 -0.915843 0.357119
vn 0.785711 -0.618593 0.000000
vn 0.183566 -0.915843 0.357119
vn 0.410831 -0.438649 0.799253
vn 0.410831 -0.438649 0.799253
vn 0.183566 -0.915843 0.357119
vn 0.000000 -0.864773 0.502163
vn 0.410831 -0.438649 0.799253
vn 0.000000 -0.864773 0.502163
vn 0.000000 -0.424079 0.905625
vn 0.000000 -0.424079 0.905625
vn 0.000000 -0.864773 0.502163
vn -0.191321 -0.908217 0.372207
vn 0.000000 -0.424079 0.905625
vn -0.191321 -0.908217 0.372207
vn -0.405222 -0.462939 0.788342
vn -0.405222 -0.462939 0.788342
vn -0.191321 -0.908217 0.372207
vn -0.287977 -0.957637 0.000000
vn -0.405222 -0.462939 0.788342
vn -0.287977 -0.957637 0.000000
vn -0.743168 -0.669105 0.000000
vn -0.743168 -0.669105 0.000000
vn -0.287977 -0.957637 0.000000
vn -0.191523 -0.908014 -0.372599
vn -0.743168 -0.669105 0.000000
vn -0.191523 -0.908014 -0.372599
vn -0.404490 -0.465991 -0.786918
vn -0.404490 -0.465991 -0.786918
vn -0.191523 -0.908014 -0.372599
vn -0.000000 -0.887217 -0.461353
vn -0.404490 -0.465991 -0.786918
vn -0.000000 -0.887217 -0.461353
vn -0.000000 -0.393978 -0.919120
vn -0.000000 -0.393978 -0.919120
vn -0.000000 -0.887217 -0.461353
vn 0.186605 -0.912901 -0.363031
vn -0.000000 -0.393978 -0.919120
vn 0.186605 -0.912901 -0.363031
vn 0.405561 -0.461518 -0.789000
vn 0.405561 -0.461518 -0.789000
vn 0.186605 -0.912901 -0.363031
vn 0.259525 -0.965736 -0.000000
vn 0.405561 -0.461518 -0.789000
vn 0.259525 -0.965736 -0.000000
vn 0.771506 -0.636222 -0.000000
vn 0.254658 -0.967031 0.000000
vn 0.000000 -1.000000 0.000000
vn 0.000000 -1.000000 0.000000
vn 0.254658 -0.967031 0.000000
vn 0.000000 -1.000000 0.000000
vn 0.183566 -0.915843 0.357119
vn 0.183566 -0.915843 0.357119
vn 0.000000 -1.000000 0.000000
vn 0.000000 -1.000000 0.000000
vn 0.183566 -0.915843 0.357119
vn 0.000000 -1.000000 0.000000
vn 0.000000 -0.864773 0.502163
vn 0.000000 -0.864773 0.502163
vn 0.000000 -1.000000 0.000000
vn -0.000000 -1.000000 0.000000
vn 0.000000 -0.864773 0.502163
vn -0.000000 -1.000000 0.000000
vn -0.191321 -0.908217 0.372207
vn -0.191321 -0.908217 0.372207
vn -0.000000 -1.000000 0.000000
vn -0.000000 -1.000000 0.000000
vn -0.191321 -0.908217 0.372207
vn -0.000000 -1.000000 0.000000
vn -0.287977 -0.957637 0.000000
vn -0.287977 -0.957637 0.000000
vn -0.000000 -1.000000 0.000000
vn -0.000000 -1.000000 -0.000000
vn -0.287977 -0.957637 0.000000
vn -0.000000 -1.000000 -0.000000
vn -0.191523 -0.908014 -0.372599
vn -0.191523 -0.908014 -0.372599
vn -0.000000 -1.000000 -0.000000
vn -0.000000 -1.000000 -0.000000
vn -0.191523 -0.908014 -0.372599
vn -0.000000 -1.000000 -0.000000
vn -0.000000 -0.887217 -0.461353
vn -0.000000 -0.887217 -0.461353
vn -0.000000 -1.000000 -0.000000
vn 0.000000 -1.000000 -0.000000
vn -0.000000 -0.887217 -0.461353
vn 0.000000 -1.000000 -0.000000
vn 0.186605 -0.912901 -0.363031
vn 0.186605 -0.912901 -0.363031
vn 0.000000 -1.000000 -0.000000
vn 0.000000 -1.000000 -0.000000
vn 0.186605 -0.912901 -0.363031
vn 0.000000 -1.000000 -0.000000
vn 0.259525 -0.965736 -0.000000
vn 0.000000 1.000000 0.000000
vn 0.394428 0.918927 0.000000
vn 0.265618 0.893450 0.362207
vn 0.000000 1.000000 0.000000
vn 0.265618 0.893450 0.362207
vn 0.000000 1.000000 0.000000
vn 0.000000 1.000000 0.000000
vn 0.265618 0.893450 0.362207
vn 0.000000 0.861919 0.507045
vn 0.000000 1.000000 0.000000
vn 0.000000 0.861919 0.507045
vn 0.000000 1.000000 0.000000
vn 0.000000 1.000000 0.000000
vn 0.000000 0.861919 0.507045
vn -0.244240 0.910726 0.333054
vn 0.000000 1.000000 0.000000
vn -0.244240 0.910726 0.333054
vn 0.000000 1.000000 0.000000
vn 0.000000 1.000000 0.000000
vn -0.244240 0.910726 0.333054
vn -0.361837 0.932241 0.000000
vn 0.000000 1.000000 0.000000
vn -0.361837 0.932241 0.000000
vn 0.000000 1.000000 0.000000
vn 0.000000 1.000000 0.000000
vn -0.361837 0.932241 0.000000
vn -0.253146 0.903745 -0.345199
vn 0.000000 1.000000 0.000000
vn -0.253146 0.903745 -0.345199
vn 0.000000 1.000000 0.000000
vn 0.000000 1.000000 0.000000
vn -0.253146 0.903745 -0.345199
vn -0.000000 0.878705 -0.477366
vn 0.000000 1.000000 0.000000
vn -0.000000 0.878705 -0.477366
vn 0.000000 1.000000 0.000000
vn 0.000000 1.000000 0.000000
vn -0.000000 0.878705 -0.477366
vn 0.262906 0.895741 -0.358508
vn 0.000000 1.000000 0.000000
vn 0.262906 0.895741 -0.358508
vn 0.000000 1.000000 0.000000
vn 0.000000 1.000000 0.000000
vn 0.262906 0.895741 -0.358508
vn 0.362353 0.932041 -0.000000
vn 0.000000 1.000000 0.000000
vn 0.362353 0.932041 -0.000000
vn 0.000000 1.000000 0.000000
vn 0.394428 0.918927 0.000000
vn 0.844311 0.535853 0.000000
vn 0.533117 0.432768 0.726978
vn 0.394428 0.918927 0.000000
vn 0.533117 0.432768 0.726978
vn 0.265618 0.893450 0.362207
vn 0.265618 0.893450 0.362207
vn 0.533117 0.432768 0.726978
vn 0.000000 0.410453 0.911882
vn 0.265618 0.893450 0.362207
vn 0.000000 0.410453 0.911882
vn 0.000000 0.861919 0.507045
vn 0.000000 0.861919 0.507045
vn 0.000000 0.410453 0.911882
vn -0.536280 0.421447 0.731291
vn 0.000000 0.861919 0.507045
vn -0.536280 0.421447 0.731291
vn -0.244240 0.910726 0.333054
vn -0.244240 0.910726 0.333054
vn -0.536280 0.421447 0.731291
vn -0.861119 0.508404 0.000000
vn -0.244240 0.910726 0.333054
vn -0.861119 0.508404 0.000000
vn -0.361837 0.932241 0.000000
vn -0.361837 0.932241 0.000000
vn -0.861119 0.508404 0.000000
vn -0.532534 0.434817 -0.726183
vn -0.361837 0.932241 0.000000
vn -0.532534 0.434817 -0.726183
vn -0.253146 0.903745 -0.345199
vn -0.253146 0.903745 -0.345199
vn -0.532534 0.434817 -0.726183
vn -0.000000 0.405719 -0.913998
vn -0.253146 0.903745 -0.345199
vn -0.000000 0.405719 -0.913998
vn -0.000000 0.878705 -0.477366
vn -0.000000 0.878705 -0.477366
vn -0.000000 0.405719 -0.913998
vn 0.517814 0.482989 -0.706109
vn -0.000000 0.878705 -0.477366
vn 0.517814 0.482989 -0.706109
vn 0.262906 0.895741 -0.358508
vn 0.262906 0.895741 -0.358508
vn 0.517814 0.482989 -0.706109
vn 0.881043 0.473036 -0.000000
vn 0.262906 0.895741 -0.358508
vn 0.881043 0.473036 -0.000000
vn 0.362353 0.932041 -0.000000
vn 0.844311 0.535853 0.000000
vn 0.870633 -0.491933 0.000000
vn 0.534637 -0.427375 0.729050
vn 0.844311 0.535853 0.000000
vn 0.534637 -0.427375 0.729050
vn 0.533117 0.432768 0.726978
vn 0.533117 0.432768 0.726978
vn 0.534637 -0.427375 0.729050
vn 0.000000 -0.374809 0.927102
vn 0.533117 0.432768 0.726978
vn 0.000000 -0.374809 0.927102
vn 0.000000 0.410453 0.911882
vn 0.000000 0.410453 0.911882
vn 0.000000 -0.374809 0.927102
vn -0.520093 -0.475935 0.709218
vn 0.000000 0.410453 0.911882
vn -0.520093 -0.475935 0.709218
vn -0.536280 0.421447 0.731291
vn -0.536280 0.421447 0.731291
vn -0.520093 -0.475935 0.709218
vn -0.844773 -0.535125 0.000000
vn -0.536280 0.421447 0.731291
vn -0.844773 -0.535125 0.000000
vn -0.861119 0.508404 0.000000
vn -0.861119 0.508404 0.000000
vn -0.844773 -0.535125 0.000000
vn -0.533947 -0.429833 -0.728110
vn -0.861119 0.508404 0.000000
vn -0.533947 -0.429833 -0.728110
vn -0.532534 0.434817 -0.726183
vn -0.532534 0.434817 -0.726183
vn -0.533947 -0.429833 -0.728110
vn -0.000000 -0.384083 -0.923298
vn -0.532534 0.434817 -0.726183
vn -0.000000 -0.384083 -0.923298
vn -0.000000 0.405719 -0.913998
vn -0.000000 0.405719 -0.913998
vn -0.000000 -0.384083 -0.923298
vn 0.536464 -0.420778 -0.731541
vn -0.000000 0.405719 -0.913998
vn 0.536464 -0.420778 -0.731541
vn 0.517814 0.482989 -0.706109
vn 0.517814 0.482989 -0.706109
vn 0.536464 -0.420778 -0.731541
vn 0.857265 -0.514875 -0.000000
vn 0.517814 0.482989 -0.706109
vn 0.857265 -0.514875 -0.000000
vn 0.881043 0.473036 -0.000000
vn 0.870633 -0.491933 0.000000
vn 0.337259 -0.941412 0.000000
vn 0.253422 -0.903524 0.345575
vn 0.870633 -0.491933 0.000000
vn 0.253422 -0.903524 0.345575
vn 0.534637 -0.427375 0.729050
vn 0.534637 -0.427375 0.729050
vn 0.253422 -0.903524 0.345575
vn 0.000000 -0.884251 0.467011
vn 0.534637 -0.427375 0.729050
vn 0.000000 -0.884251 0.467011
vn 0.000000 -0.374809 0.927102
vn 0.000000 -0.374809 0.927102
vn 0.000000 -0.884251 0.467011
vn -0.258112 -0.899720 0.351970
vn 0.000000 -0.374809 0.927102
vn -0.258112 -0.899720 0.351970
vn -0.520093 -0.475935 0.709218
vn -0.520093 -0.475935 0.709218
vn -0.258112 -0.899720 0.351970
vn -0.368387 -0.929673 0.000000
vn -0.520093 -0.475935 0.709218
vn -0.368387 -0.929673 0.000000
vn -0.844773 -0.535125 0.000000
vn -0.844773 -0.535125 0.000000
vn -0.368387 -0.929673 0.000000
vn -0.270923 -0.888884 -0.369440
vn -0.844773 -0.535125 0.000000
vn -0.270923 -0.888884 -0.369440
vn -0.533947 -0.429833 -0.728110
vn -0.533947 -0.429833 -0.728110
vn -0.270923 -0.888884 -0.369440
vn -0.000000 -0.879829 -0.475291
vn -0.533947 -0.429833 -0.728110
vn -0.000000 -0.879829 -0.475291
vn -0.000000 -0.384083 -0.923298
vn -0.000000 -0.384083 -0.923298
vn -0.000000 -0.879829 -0.475291
vn 0.244507 -0.910521 -0.333418
vn -0.000000 -0.384083 -0.923298
vn 0.244507 -0.910521 -0.333418
vn 0.536464 -0.420778 -0.731541
vn 0.536464 -0.420778 -0.731541
vn 0.244507 -0.910521 -0.333418
vn 0.402316 -0.915501 -0.000000
vn 0.536464 -0.420778 -0.731541
vn 0.402316 -0.915501 -0.000000
vn 0.857265 -0.514875 -0.000000
vn 0.337259 -0.941412 0.000000
vn 0.000000 -1.000000 0.000000
vn 0.000000 -1.000000 0.000000
vn 0.337259 -0.941412 0.000000
vn 0.000000 -1.000000 0.000000
vn 0.253422 -0.903524 0.345575
vn 0.253422 -0.903524 0.345575
vn 0.000000 -1.000000 0.000000
vn 0.000000 -1.000000 0.000000
vn 0.253422 -0.903524 0.345575
vn 0.000000 -1.000000 0.000000
vn 0.000000 -0.884251 0.467011
vn 0.000000 -0.884251 0.467011
vn 0.000000 -1.000000 0.000000
vn -0.000000 -1.000000 0.000000
vn 0.000000 -0.884251 0.467011
vn -0.000000 -1.000000 0.000000
vn -0.258112 -0.899720 0.351970
vn -0.258112 -0.899720 0.351970
vn -0.000000 -1.000000 0.000000
vn -0.000000 -1.000000 0.000000
vn -0.258112 -0.899720 0.351970
vn -0.000000 -1.000000 0.000000
vn -0.368387 -0.929673 0.000000
vn -0.368387 -0.929673 0.000000
vn -0.000000 -1.000000 0.000000
vn -0.000000 -1.000000 -0.000000
vn -0.368387 -0.929673 0.000000
vn -0.000000 -1.000000 -0.000000
vn -0.270923 -0.888884 -0.369440
vn -0.270923 -0.888884 -0.369440
vn -0.000000 -1.000000 -0.000000
vn -0.000000 -1.000000 -0.000000
vn -0.270923 -0.888884 -0.369440
vn -0.000000 -1.000000 -0.000000
vn -0.000000 -0.879829 -0.475291
vn -0.000000 -0.879829 -0.475291
vn -0.000000 -1.000000 -0.000000
vn 0.000000 -1.000000 -0.000000
vn -0.000000 -0.879829 -0.475291
vn 0.000000 -1.000000 -0.000000
vn 0.244507 -0.910521 -0.333418
vn 0.244507 -0.910521 -0.333418
vn 0.000000 -1.000000 -0.000000
vn 0.000000 -1.000000 -0.000000
vn 0.244507 -0.910521 -0.333418
vn 0.000000 -1.000000 -0.000000
vn 0.402316 -0.915501 -0.000000
vn 0.000000 0.000000 1.000000
vn 0.950320 -0.037414 0.309017
vn 0.950320 -0.037414 0.309017
vn 0.000000 0.000000 1.000000
vn 0.950320 -0.037414 0.309017
vn 0.000000 0.000000 1.000000
vn -0.039340 -0.999226 0.000000
vn -0.039340 -0.999226 0.000000
vn -0.039340 -0.999226 0.000000
vn 0.039340 0.999226 0.000000
vn 0.039340 0.999226 0.000000
vn 0.039340 0.999226 0.000000
vn 0.950320 -0.037414 0.309017
vn 0.587330 -0.023123 -0.809017
vn 0.587330 -0.023123 -0.809017
vn 0.950320 -0.037414 0.309017
vn 0.587330 -0.023123 -0.809017
vn 0.950320 -0.037414 0.309017
vn -0.039340 -0.999226 -0.000000
vn -0.039340 -0.999226 -0.000000
vn -0.039340 -0.999226 -0.000000
vn 0.039340 0.999226 0.000000
vn 0.039340 0.999226 0.000000
vn 0.039340 0.999226 0.000000
vn 0.587330 -0.023123 -0.809017
vn -0.587330 0.023123 -0.809017
vn -0.587330 0.023123 -0.809017
vn 0.587330 -0.023123 -0.809017
vn -0.587330 0.023123 -0.809017
vn 0.587330 -0.023123 -0.809017
vn -0.039340 -0.999226 0.000000
vn -0.039340 -0.999226 0.000000
vn -0.039340 -0.999226 0.000000
vn 0.039340 0.999226 0.000000
vn 0.039340 0.999226 0.000000
vn 0.039340 0.999226 0.000000
vn -0.587330 0.023123 -0.809017
vn -0.950320 0.037414 0.309017
vn -0.950320 0.037414 0.309017
vn -0.587330 0.023123 -0.809017
vn -0.950320 0.037414 0.309017
vn -0.587330 0.023123 -0.809017
vn -0.039340 -0.999226 0.000000
vn -0.039340 -0.999226 0.000000
vn -0.039340 -0.999226 0.000000
vn 0.039340 0.999226 -0.000000
vn 0.039340 0.999226 -0.000000
vn 0.039340 0.999226 -0.000000
vn -0.950320 0.037414 0.309017
vn 0.000000 0.000000 1.000000
vn 0.000000 0.000000 1.000000
vn -0.950320 0.037414 0.309017
vn 0.000000 0.000000 1.000000
vn -0.950320 0.037414 0.309017
vn -0.039340 -0.999226 0.000000
vn -0.039340 -0.999226 0.000000
vn -0.039340 -0.999226 0.000000
vn 0.039340 0.999226 0.000000
vn 0.039340 0.999226 0.000000
vn 0.039340 0.999226 0.000000
vn 0.000000 0.000000 1.000000
vn 0.950365 -0.036273 0.309017
vn 0.950365 -0.036273 0.309017
vn 0.000000 0.000000 1.000000
vn 0.950365 -0.036273 0.309017
vn 0.000000 0.000000 1.000000
vn -0.038140 -0.999272 0.000000
vn -0.038140 -0.999272 0.000000
vn -0.038140 -0.999272 0.000000
vn 0.038140 0.999272 0.000000
vn 0.038140 0.999272 0.000000
vn 0.038140 0.999272 0.000000
vn 0.950365 -0.036273 0.309017
vn 0.587358 -0.022418 -0.809017
vn 0.587358 -0.022418 -0.809017
vn 0.950365 -0.036273 0.309017
vn 0.587358 -0.022418 -0.809017
vn 0.950365 -0.036273 0.309017
vn -0.038140 -0.999272 0.000000
vn -0.038140 -0.999272 0.000000
vn -0.038140 -0.999272 0.000000
vn 0.038140 0.999272 -0.000000
vn 0.038140 0.999272 -0.000000
vn 0.038140 0.999272 -0.000000
vn 0.587358 -0.022418 -0.809017
vn -0.587358 0.022418 -0.809017
vn -0.587358 0.022418 -0.809017
vn 0.587358 -0.022418 -0.809017
vn -0.587358 0.022418 -0.809017
vn 0.587358 -0.022418 -0.809017
vn -0.038140 -0.999272 0.000000
vn -0.038140 -0.999272 0.000000
vn -0.038140 -0.999272 0.000000
vn 0.038140 0.999272 0.000000
vn 0.038140 0.999272 0.000000
vn 0.038140 0.999272 0.000000
vn -0.587358 0.022418 -0.809017
vn -0.950365 0.036273 0.309017
vn -0.950365 0.036273 0.309017
vn -0.587358 0.022418 -0.809017
vn -0.950365 0.036273 0.309017
vn -0.587358 0.022418 -0.809017
vn -0.038140 -0.999272 -0.000000
vn -0.038140 -0.999272 -0.000000
vn -0.038140 -0.999272 -0.000000
vn 0.038140 0.999272 0.000000
vn 0.038140 0.999272 0.000000
vn 0.038140 0.999272 0.000000
vn -0.950365 0.036273 0.309017
vn 0.000000 0.000000 1.000000
vn 0.000000 0.000000 1.000000
vn -0.950365 0.036273 0.309017
vn 0.000000 0.000000 1.000000
vn -0.950365 0.036273 0.309017
vn -0.038140 -0.999272 0.000000
vn -0.038140 -0.999272 0.000000
vn -0.038140 -0.999272 0.000000
vn 0.038140 0.999272 0.000000
vn 0.038140 0.999272 0.000000
vn 0.038140 0.999272 0.000000
vn 0.000000 0.000000 1.000000
vn 0.950405 -0.035200 0.309017
vn 0.950405 -0.035200 0.309017
vn 0.000000 0.000000 1.000000
vn 0.950405 -0.035200 0.309017
vn 0.000000 0.000000 1.000000
vn -0.037012 -0.999315 0.000000
vn -0.037012 -0.999315 0.000000
vn -0.037012 -0.999315 0.000000
vn 0.037012 0.999315 0.000000
vn 0.037012 0.999315 0.000000
vn 0.037012 0.999315 0.000000
vn 0.950405 -0.035200 0.309017
vn 0.587383 -0.021755 -0.809017
vn 0.587383 -0.021755 -0.809017
vn 0.950405 -0.035200 0.309017
vn 0.587383 -0.021755 -0.809017
vn 0.950405 -0.035200 0.309017
vn -0.037012 -0.999315 -0.000000
vn -0.037012 -0.999315 -0.000000
vn -0.037012 -0.999315 -0.000000
vn 0.037012 0.999315 0.000000
vn 0.037012 0.999315 0.000000
vn 0.037012 0.999315 0.000000
vn 0.587383 -0.021755 -0.809017
vn -0.587383 0.021755 -0.809017
vn -0.587383 0.021755 -0.809017
vn 0.587383 -0.021755 -0.809017
vn -0.587383 0.021755 -0.809017
vn 0.587383 -0.021755 -0.809017
vn -0.037012 -0.999315 0.000000
vn -0.037012 -0.999315 0.000000
vn -0.037012 -0.999315 0.000000
vn 0.037012 0.999315 0.000000
vn 0.037012 0.999315 0.000000
vn 0.037012 0.999315 0.000000
vn -0.587383 0.021755 -0.809017
vn -0.950405 0.035200 0.309017
vn -0.950405 0.035200 0.309017
vn -0.587383 0.021755 -0.809017
vn -0.950405 0.035200 0.309017
vn -0.587383 0.021755 -0.809017
vn -0.037012 -0.999315 0.000000
vn -0.037012 -0.999315 0.000000
vn -0.037012 -0.999315 0.000000
vn 0.037012 0.999315 -0.000000
vn 0.037012 0.999315 -0.000000
vn 0.037012 0.999315 -0.000000
vn -0.950405 0.035200 0.309017
vn 0.000000 0.000000 1.000000
vn 0.000000 0.000000 1.000000
vn -0.950405 0.035200 0.309017
vn 0.000000 0.000000 1.000000
vn -0.950405 0.035200 0.309017
vn -0.037012 -0.999315 0.000000
vn -0.037012 -0.999315 0.000000
vn -0.037012 -0.999315 0.000000
vn 0.037012 0.999315 0.000000
vn 0.037012 0.999315 0.000000
vn 0.037012 0.999315 0.000000
vn 0.000000 0.000000 1.000000
vn 0.950442 -0.034189 0.309017
vn 0.950442 -0.034189 0.309017
vn 0.000000 0.000000 1.000000
vn 0.950442 -0.034189 0.309017
vn 0.000000 0.000000 1.000000
vn -0.035948 -0.999354 0.000000
vn -0.035948 -0.999354 0.000000
vn -0.035948 -0.999354 0.000000
vn 0.035948 0.999354 0.000000
vn 0.035948 0.999354 0.000000
vn 0.035948 0.999354 0.000000
vn 0.950442 -0.034189 0.309017
vn 0.587405 -0.021130 -0.809017
vn 0.587405 -0.021130 -0.809017
vn 0.950442 -0.034189 0.309017
vn 0.587405 -0.021130 -0.809017
vn 0.950442 -0.034189 0.309017
vn -0.035948 -0.999354 -0.000000
vn -0.035948 -0.999354 -0.000000
vn -0.035948 -0.999354 -0.000000
vn 0.035948 0.999354 0.000000
vn 0.035948 0.999354 0.000000
vn 0.035948 0.999354 0.000000
vn 0.587405 -0.021130 -0.809017
vn -0.587405 0.021130 -0.809017
vn -0.587405 0.021130 -0.809017
vn 0.587405 -0.021130 -0.809017
vn -0.587405 0.021130 -0.809017
vn 0.587405 -0.021130 -0.809017
vn -0.035948 -0.999354 0.000000
vn -0.035948 -0.999354 0.000000
vn -0.035948 -0.999354 0.000000
vn 0.035948 0.999354 0.000000
vn 0.035948 0.999354 0.000000
vn 0.035948 0.999354 0.000000
vn -0.587405 0.021130 -0.809017
vn -0.950442 0.034189 0.309017
vn -0.950442 0.034189 0.309017
vn -0.587405 0.021130 -0.809017
vn -0.950442 0.034189 0.309017
vn -0.587405 0.021130 -0.809017
vn -0.035948 -0.999354 0.000000
vn -0.035948 -0.999354 0.000000
vn -0.035948 -0.999354 0.000000
vn 0.035948 0.999354 -0.000000
vn 0.035948 0.999354 -0.000000
vn 0.035948 0.999354 -0.000000
vn -0.950442 0.034189 0.309017
vn 0.000000 0.000000 1.000000
vn 0.000000 0.000000 1.000000
vn -0.950442 0.034189 0.309017
vn 0.000000 0.000000 1.000000
vn -0.950442 0.034189 0.309017
vn -0.035948 -0.999354 0.000000
vn -0.035948 -0.999354 0.000000
vn -0.035948 -0.999354 0.000000
vn 0.035948 0.999354 0.000000
vn 0.035948 0.999354 0.000000
vn 0.035948 0.999354 0.000000
vn 0.000000 0.000000 1.000000
vn 0.950476 -0.033233 0.309017
vn 0.950476 -0.033233 0.309017
vn 0.000000 0.000000 1.000000
vn 0.950476 -0.033233 0.309017
vn 0.000000 0.000000 1.000000
vn -0.034944 -0.999389 0.000000
vn -0.034944 -0.999389 0.000000
vn -0.034944 -0.999389 0.000000
vn 0.034944 0.999389 0.000000
vn 0.034944 0.999389 0.000000
vn 0.034944 0.999389 0.000000
vn 0.950476 -0.033233 0.309017
vn 0.587426 -0.020539 -0.809017
vn 0.587426 -0.020539 -0.809017
vn 0.950476 -0.033233 0.309017
vn 0.587426 -0.020539 -0.809017
vn 0.950476 -0.033233 0.309017
vn -0.034944 -0.999389 0.000000
vn -0.034944 -0.999389 0.000000
vn -0.034944 -0.999389 0.000000
vn 0.034944 0.999389 -0.000000
vn 0.034944 0.999389 -0.000000
vn 0.034944 0.999389 -0.000000
vn 0.587426 -0.020539 -0.809017
vn -0.587426 0.020539 -0.809017
vn -0.587426 0.020539 -0.809017
vn 0.587426 -0.020539 -0.809017
vn -0.587426 0.020539 -0.809017
vn 0.587426 -0.020539 -0.809017
vn -0.034944 -0.999389 0.000000
vn -0.034944 -0.999389 0.000000
vn -0.034944 -0.999389 0.000000
vn 0.034944 0.999389 0.000000
vn 0.034944 0.999389 0.000000
vn 0.034944 0.999389 0.000000
vn -0.587426 0.020539 -0.809017
vn -0.950476 0.033233 0.309017
vn -0.950476 0.033233 0.309017
vn -0.587426 0.020539 -0.809017
vn -0.950476 0.033233 0.309017
vn -0.587426 0.020539 -0.809017
vn -0.034944 -0.999389 -0.000000
vn -0.034944 -0.999389 -0.000000
vn -0.034944 -0.999389 -0.000000
vn 0.034944 0.999389 0.000000
vn 0.034944 0.999389 0.000000
vn 0.034944 0.999389 0.000000
vn -0.950476 0.033233 0.309017
vn 0.000000 0.000000 1.000000
vn 0.000000 0.000000 1.000000
vn -0.950476 0.033233 0.309017
vn 0.000000 0.000000 1.000000
vn -0.950476 0.033233 0.309017
vn -0.034944 -0.999389 0.000000
vn -0.034944 -0.999389 0.000000
vn -0.034944 -0.999389 0.000000
vn 0.034944 0.999389 0.000000
vn 0.034944 0.999389 0.000000
vn 0.034944 0.999389 0.000000
vn 0.000000 1.000000 0.000000
vn 0.310443 0.950592 0.000000
vn 0.224762 0.900660 0.371879
vn 0.000000 1.000000 0.000000
vn 0.224762 0.900660 0.371879
vn 0.000000 1.000000 0.000000
vn 0.000000 1.000000 0.000000
vn 0.224762 0.900660 0.371879
vn 0.000000 0.888380 0.459109
vn 0.000000 1.000000 0.000000
vn 0.000000 0.888380 0.459109
vn 0.000000 1.000000 0.000000
vn 0.000000 1.000000 0.000000
vn 0.000000 0.888380 0.459109
vn -0.216938 0.907802 0.358933
vn 0.000000 1.000000 0.000000
vn -0.216938 0.907802 0.358933
vn 0.000000 1.000000 0.000000
vn 0.000000 1.000000 0.000000
vn -0.216938 0.907802 0.358933
vn -0.290487 0.956879 0.000000
vn 0.000000 1.000000 0.000000
vn -0.290487 0.956879 0.000000
vn 0.000000 1.000000 0.000000
vn 0.000000 1.000000 0.000000
vn -0.290487 0.956879 0.000000
vn -0.214057 0.910355 -0.354167
vn 0.000000 1.000000 0.000000
vn -0.214057 0.910355 -0.354167
vn 0.000000 1.000000 0.000000
vn 0.000000 1.000000 0.000000
vn -0.214057 0.910355 -0.354167
vn -0.000000 0.872449 -0.488704
vn 0.000000 1.000000 0.000000
vn -0.000000 0.872449 -0.488704
vn 0.000000 1.000000 0.000000
vn 0.000000 1.000000 0.000000
vn -0.000000 0.872449 -0.488704
vn 0.230990 0.894751 -0.382183
vn 0.000000 1.000000 0.000000
vn 0.230990 0.894751 -0.382183
vn 0.000000 1.000000 0.000000
vn 0.000000 1.000000 0.000000
vn 0.230990 0.894751 -0.382183
vn 0.319875 0.947460 -0.000000
vn 0.000000 1.000000 0.000000
vn 0.319875 0.947460 -0.000000
vn 0.000000 1.000000 0.000000
vn 0.310443 0.950592 0.000000
vn 0.847495 0.530804 0.000000
vn 0.450895 0.490038 0.746027
vn 0.310443 0.950592 0.000000
vn 0.450895 0.490038 0.746027
vn 0.224762 0.900660 0.371879
vn 0.224762 0.900660 0.371879
vn 0.450895 0.490038 0.746027
vn 0.000000 0.373543 0.927613
vn 0.224762 0.900660 0.371879
vn 0.000000 0.373543 0.927613
vn 0.000000 0.888380 0.459109
vn 0.000000 0.888380 0.459109
vn 0.000000 0.373543 0.927613
vn -0.461905 0.450086 0.764243
vn 0.000000 0.888380 0.459109
vn -0.461905 0.450086 0.764243
vn -0.216938 0.907802 0.358933
vn -0.216938 0.907802 0.358933
vn -0.461905 0.450086 0.764243
vn -0.828771 0.559587 0.000000
vn -0.216938 0.907802 0.358933
vn -0.828771 0.559587 0.000000
vn -0.290487 0.956879 0.000000
vn -0.290487 0.956879 0.000000
vn -0.828771 0.559587 0.000000
vn -0.461062 0.453303 -0.762848
vn -0.290487 0.956879 0.000000
vn -0.461062 0.453303 -0.762848
vn -0.214057 0.910355 -0.354167
vn -0.214057 0.910355 -0.354167
vn -0.461062 0.453303 -0.762848
vn -0.000000 0.394256 -0.919001
vn -0.214057 0.910355 -0.354167
vn -0.000000 0.394256 -0.919001
vn -0.000000 0.872449 -0.488704
vn -0.000000 0.872449 -0.488704
vn -0.000000 0.394256 -0.919001
vn 0.455609 0.473463 -0.753826
vn -0.000000 0.872449 -0.488704
vn 0.455609 0.473463 -0.753826
vn 0.230990 0.894751 -0.382183
vn 0.230990 0.894751 -0.382183
vn 0.455609 0.473463 -0.753826
vn 0.811039 0.584993 -0.000000
vn 0.230990 0.894751 -0.382183
vn 0.811039 0.584993 -0.000000
vn 0.319875 0.947460 -0.000000
vn 0.847495 0.530804 0.000000
vn 0.798013 -0.602641 0.000000
vn 0.460423 -0.455725 0.761791
vn 0.847495 0.530804 0.000000
vn 0.460423 -0.455725 0.761791
vn 0.450895 0.490038 0.746027
vn 0.450895 0.490038 0.746027
vn 0.460423 -0.455725 0.761791
vn 0.000000 -0.427732 0.903906
vn 0.450895 0.490038 0.746027
vn 0.000000 -0.427732 0.903906
vn 0.000000 0.373543 0.927613
vn 0.000000 0.373543 0.927613
vn 0.000000 -0.427732 0.903906
vn -0.456934 -0.468667 0.756017
vn 0.000000 0.373543 0.927613
vn -0.456934 -0.468667 0.756017
vn -0.461905 0.450086 0.764243
vn -0.461905 0.450086 0.764243
vn -0.456934 -0.468667 0.756017
vn -0.783249 -0.621708 0.000000
vn -0.461905 0.450086 0.764243
vn -0.783249 -0.621708 0.000000
vn -0.828771 0.559587 0.000000
vn -0.828771 0.559587 0.000000
vn -0.783249 -0.621708 0.000000
vn -0.453094 -0.482400 -0.749664
vn -0.828771 0.559587 0.000000
vn -0.453094 -0.482400 -0.749664
vn -0.461062 0.453303 -0.762848
vn -0.461062 0.453303 -0.762848
vn -0.453094 -0.482400 -0.749664
vn -0.000000 -0.388142 -0.921600
vn -0.461062 0.453303 -0.762848
vn -0.000000 -0.388142 -0.921600
vn -0.000000 0.394256 -0.919001
vn -0.000000 0.394256 -0.919001
vn -0.000000 -0.388142 -0.921600
vn 0.467616 -0.427475 -0.773693
vn -0.000000 0.394256 -0.919001
vn 0.467616 -0.427475 -0.773693
vn 0.455609 0.473463 -0.753826
vn 0.455609 0.473463 -0.753826
vn 0.467616 -0.427475 -0.773693
vn 0.810949 -0.585116 -0.000000
vn 0.455609 0.473463 -0.753826
vn 0.810949 -0.585116 -0.000000
vn 0.811039 0.584993 -0.000000
vn 0.798013 -0.602641 0.000000
vn 0.300948 -0.953640 0.000000
vn 0.221060 -0.904077 0.365755
vn 0.798013 -0.602641 0.000000
vn 0.221060 -0.904077 0.365755
vn 0.460423 -0.455725 0.761791
vn 0.460423 -0.455725 0.761791
vn 0.221060 -0.904077 0.365755
vn 0.000000 -0.880236 0.474537
vn 0.460423 -0.455725 0.761791
vn 0.000000 -0.880236 0.474537
vn 0.000000 -0.427732 0.903906
vn 0.000000 -0.427732 0.903906
vn 0.000000 -0.880236 0.474537
vn -0.199449 -0.922671 0.329997
vn 0.000000 -0.427732 0.903906
vn -0.199449 -0.922671 0.329997
vn -0.456934 -0.468667 0.756017
vn -0.456934 -0.468667 0.756017
vn -0.199449 -0.922671 0.329997
vn -0.314297 -0.949325 0.000000
vn -0.456934 -0.468667 0.756017
vn -0.314297 -0.949325 0.000000
vn -0.783249 -0.621708 0.000000
vn -0.783249 -0.621708 0.000000
vn -0.314297 -0.949325 0.000000
vn -0.205039 -0.918080 -0.339247
vn -0.783249 -0.621708 0.000000
vn -0.205039 -0.918080 -0.339247
vn -0.453094 -0.482400 -0.749664
vn -0.453094 -0.482400 -0.749664
vn -0.205039 -0.918080 -0.339247
vn -0.000000 -0.870439 -0.492277
vn -0.453094 -0.482400 -0.749664
vn -0.000000 -0.870439 -0.492277
vn -0.000000 -0.388142 -0.921600
vn -0.000000 -0.388142 -0.921600
vn -0.000000 -0.870439 -0.492277
vn 0.207722 -0.915823 -0.343686
vn -0.000000 -0.388142 -0.921600
vn 0.207722 -0.915823 -0.343686
vn 0.467616 -0.427475 -0.773693
vn 0.467616 -0.427475 -0.773693
vn 0.207722 -0.915823 -0.343686
vn 0.334232 -0.942491 -0.000000
vn 0.467616 -0.427475 -0.773693
vn 0.334232 -0.942491 -0.000000
vn 0.810949 -0.585116 -0.000000
vn 0.300948 -0.953640 0.000000
vn 0.000000 -1.000000 0.000000
vn 0.000000 -1.000000 0.000000
vn 0.300948 -0.953640 0.000000
vn 0.000000 -1.000000 0.000000
vn 0.221060 -0.904077 0.365755
vn 0.221060 -0.904077 0.365755
vn 0.000000 -1.000000 0.000000
vn 0.000000 -1.000000 0.000000
vn 0.221060 -0.904077 0.365755
vn 0.000000 -1.000000 0.000000
vn 0.000000 -0.880236 0.474537
vn 0.000000 -0.880236 0.474537
vn 0.000000 -1.000000 0.000000
vn -0.000000 -1.000000 0.000000
vn 0.000000 -0.880236 0.474537
vn -0.000000 -1.000000 0.000000
vn -0.199449 -0.922671 0.329997
vn -0.199449 -0.922671 0.329997
vn -0.000000 -1.000000 0.000000
vn -0.000000 -1.000000 0.000000
vn -0.199449 -0.922671 0.329997
vn -0.000000 -1.000000 0.000000
vn -0.314297 -0.949325 0.000000
vn -0.314297 -0.949325 0.000000
vn -0.000000 -1.000000 0.000000
vn -0.000000 -1.000000 -0.000000
vn -0.314297 -0.949325 0.000000
vn -0.000000 -1.000000 -0.000000
vn -0.205039 -0.918080 -0.339247
vn -0.205039 -0.918080 -0.339247
vn -0.000000 -1.000000 -0.000000
vn -0.000000 -1.000000 -0.000000
vn -0.205039 -0.918080 -0.339247
vn -0.000000 -1.000000 -0.000000
vn -0.000000 -0.870439 -0.492277
vn -0.000000 -0.870439 -0.492277
vn -0.000000 -1.000000 -0.000000
vn 0.000000 -1.000000 -0.000000
vn -0.000000 -0.870439 -0.492277
vn 0.000000 -1.000000 -0.000000
vn 0.207722 -0.915823 -0.343686
vn 0.207722 -0.915823 -0.343686
vn 0.000000 -1.000000 -0.000000
vn 0.000000 -1.000000 -0.000000
vn 0.207722 -0.915823 -0.343686
vn 0.000000 -1.000000 -0.000000
vn 0.334232 -0.942491 -0.000000
vn 0.000000 1.000000 0.000000
vn 0.270143 0.962820 0.000000
vn 0.185734 0.913750 0.361336
vn 0.000000 1.000000 0.000000
vn 0.185734 0.913750 0.361336
vn 0.000000 1.000000 0.000000
vn 0.000000 1.000000 0.000000
vn 0.185734 0.913750 0.361336
vn 0.000000 0.869442 0.494035
vn 0.000000 1.000000 0.000000
vn 0.000000 0.869442 0.494035
vn 0.000000 1.000000 0.000000
vn 0.000000 1.000000 0.000000
vn 0.000000 0.869442 0.494035
vn -0.186120 0.913374 0.362088
vn 0.000000 1.000000 0.000000
vn -0.186120 0.913374 0.362088
vn 0.000000 1.000000 0.000000
vn 0.000000 1.000000 0.000000
vn -0.186120 0.913374 0.362088
vn -0.276306 0.961070 0.000000
vn 0.000000 1.000000 0.000000
vn -0.276306 0.961070 0.000000
vn 0.000000 1.000000 0.000000
vn 0.000000 1.000000 0.000000
vn -0.276306 0.961070 0.000000
vn -0.191379 0.908159 -0.372320
vn 0.000000 1.000000 0.000000
vn -0.191379 0.908159 -0.372320
vn 0.000000 1.000000 0.000000
vn 0.000000 1.000000 0.000000
vn -0.191379 0.908159 -0.372320
vn -0.000000 0.894232 -0.447603
vn 0.000000 1.000000 0.000000
vn -0.000000 0.894232 -0.447603
vn 0.000000 1.000000 0.000000
vn 0.000000 1.000000 0.000000
vn -0.000000 0.894232 -0.447603
vn 0.178666 0.920468 -0.347587
vn 0.000000 1.000000 0.000000
vn 0.178666 0.920468 -0.347587
vn 0.000000 1.000000 0.000000
vn 0.000000 1.000000 0.000000
vn 0.178666 0.920468 -0.347587
vn 0.265193 0.964195 -0.000000
vn 0.000000 1.000000 0.000000
vn 0.265193 0.964195 -0.000000
vn 0.000000 1.000000 0.000000
vn 0.270143 0.962820 0.000000
vn 0.761777 0.647839 0.000000
vn 0.406879 0.455933 0.791565
vn 0.270143 0.962820 0.000000
vn 0.406879 0.455933 0.791565
vn 0.185734 0.913750 0.361336
vn 0.185734 0.913750 0.361336
vn 0.406879 0.455933 0.791565
vn 0.000000 0.390923 0.920423
vn 0.185734 0.913750 0.361336
vn 0.000000 0.390923 0.920423
vn 0.000000 0.869442 0.494035
vn 0.000000 0.869442 0.494035
vn 0.000000 0.390923 0.920423
vn -0.393818 0.507851 0.766156
vn 0.000000 0.869442 0.494035
vn -0.393818 0.507851 0.766156
vn -0.186120 0.913374 0.362088
vn -0.186120 0.913374 0.362088
vn -0.393818 0.507851 0.766156
vn -0.763801 0.645452 0.000000
vn -0.186120 0.913374 0.362088
vn -0.763801 0.645452 0.000000
vn -0.276306 0.961070 0.000000
vn -0.276306 0.961070 0.000000
vn -0.763801 0.645452 0.000000
vn -0.391546 0.516190 -0.761735
vn -0.276306 0.961070 0.000000
vn -0.391546 0.516190 -0.761735
vn -0.191379 0.908159 -0.372320
vn -0.191379 0.908159 -0.372320
vn -0.391546 0.516190 -0.761735
vn -0.000000 0.389235 -0.921138
vn -0.191379 0.908159 -0.372320
vn -0.000000 0.389235 -0.921138
vn -0.000000 0.894232 -0.447603
vn -0.000000 0.894232 -0.447603
vn -0.000000 0.389235 -0.921138
vn 0.402161 0.475540 -0.782386
vn -0.000000 0.894232 -0.447603
vn 0.402161 0.475540 -0.782386
vn 0.178666 0.920468 -0.347587
vn 0.178666 0.920468 -0.347587
vn 0.402161 0.475540 -0.782386
vn 0.789104 0.614259 -0.000000
vn 0.178666 0.920468 -0.347587
vn 0.789104 0.614259 -0.000000
vn 0.265193 0.964195 -0.000000
vn 0.761777 0.647839 0.000000
vn 0.777355 -0.629062 0.000000
vn 0.397175 -0.495187 0.772685
vn 0.761777 0.647839 0.000000
vn 0.397175 -0.495187 0.772685
vn 0.406879 0.455933 0.791565
vn 0.406879 0.455933 0.791565
vn 0.397175 -0.495187 0.772685
vn 0.000000 -0.367255 0.930120
vn 0.406879 0.455933 0.791565
vn 0.000000 -0.367255 0.930120
vn 0.000000 0.390923 0.920423
vn 0.000000 0.390923 0.920423
vn 0.000000 -0.367255 0.930120
vn -0.398582 -0.489745 0.775424
vn 0.000000 0.390923 0.920423
vn -0.398582 -0.489745 0.775424
vn -0.393818 0.507851 0.766156
vn -0.393818 0.507851 0.766156
vn -0.398582 -0.489745 0.775424
vn -0.796236 -0.604986 0.000000
vn -0.393818 0.507851 0.766156
vn -0.796236 -0.604986 0.000000
vn -0.763801 0.645452 0.000000
vn -0.763801 0.645452 0.000000
vn -0.796236 -0.604986 0.000000
vn -0.402742 -0.473181 -0.783517
vn -0.763801 0.645452 0.000000
vn -0.402742 -0.473181 -0.783517
vn -0.391546 0.516190 -0.761735
vn -0.391546 0.516190 -0.761735
vn -0.402742 -0.473181 -0.783517
vn -0.000000 -0.399639 -0.916673
vn -0.391546 0.516190 -0.761735
vn -0.000000 -0.399639 -0.916673
vn -0.000000 0.389235 -0.921138
vn -0.000000 0.389235 -0.921138
vn -0.000000 -0.399639 -0.916673
vn 0.396221 -0.498827 -0.770831
vn -0.000000 0.389235 -0.921138
vn 0.396221 -0.498827 -0.770831
vn 0.402161 0.475540 -0.782386
vn 0.402161 0.475540 -0.782386
vn 0.396221 -0.498827 -0.770831
vn 0.775422 -0.631443 -0.000000
vn 0.402161 0.475540 -0.782386
vn 0.775422 -0.631443 -0.000000
vn 0.789104 0.614259 -0.000000
vn 0.777355 -0.629062 0.000000
vn 0.262705 -0.964876 0.000000
vn 0.190223 -0.909320 0.370070
vn 0.777355 -0.629062 0.000000
vn 0.190223 -0.909320 0.370070
vn 0.397175 -0.495187 0.772685
vn 0.397175 -0.495187 0.772685
vn 0.190223 -0.909320 0.370070
vn 0.000000 -0.870365 0.492408
vn 0.397175 -0.495187 0.772685
vn 0.000000 -0.870365 0.492408
vn 0.000000 -0.367255 0.930120
vn 0.000000 -0.367255 0.930120
vn 0.000000 -0.870365 0.492408
vn -0.173703 -0.925003 0.337931
vn 0.000000 -0.367255 0.930120
vn -0.173703 -0.925003 0.337931
vn -0.398582 -0.489745 0.775424
vn -0.398582 -0.489745 0.775424
vn -0.173703 -0.925003 0.337931
vn -0.272026 -0.962290 0.000000
vn -0.398582 -0.489745 0.775424
vn -0.272026 -0.962290 0.000000
vn -0.796236 -0.604986 0.000000
vn -0.796236 -0.604986 0.000000
vn -0.272026 -0.962290 0.000000
vn -0.168535 -0.929566 -0.327876
vn -0.796236 -0.604986 0.000000
vn -0.168535 -0.929566 -0.327876
vn -0.402742 -0.473181 -0.783517
vn -0.402742 -0.473181 -0.783517
vn -0.168535 -0.929566 -0.327876
vn -0.000000 -0.866567 -0.499061
vn -0.402742 -0.473181 -0.783517
vn -0.000000 -0.866567 -0.499061
vn -0.000000 -0.399639 -0.916673
vn -0.000000 -0.399639 -0.916673
vn -0.000000 -0.866567 -0.499061
vn 0.177101 -0.921914 -0.344542
vn -0.000000 -0.399639 -0.916673
vn 0.177101 -0.921914 -0.344542
vn 0.396221 -0.498827 -0.770831
vn 0.396221 -0.498827 -0.770831
vn 0.177101 -0.921914 -0.344542
vn 0.289905 -0.957055 -0.000000
vn 0.396221 -0.498827 -0.770831
vn 0.289905 -0.957055 -0.000000
vn 0.775422 -0.631443 -0.000000
vn 0.262705 -0.964876 0.000000
vn 0.000000 -1.000000 0.000000
vn 0.000000 -1.000000 0.000000
vn 0.262705 -0.964876 0.000000
vn 0.000000 -1.000000 0.000000
vn 0.190223 -0.909320 0.370070
vn 0.190223 -0.909320 0.370070
vn 0.000000 -1.000000 0.000000
vn 0.000000 -1.000000 0.000000
vn 0.190223 -0.909320 0.370070
vn 0.000000 -1.000000 0.000000
vn 0.000000 -0.870365 0.492408
vn 0.000000 -0.870365 0.492408
vn 0.000000 -1.000000 0.000000
vn -0.000000 -1.000000 0.000000
vn 0.000000 -0.870365 0.492408
vn -0.000000 -1.000000 0.000000
vn -0.173703 -0.925003 0.337931
vn -0.173703 -0.925003 0.337931
vn -0.000000 -1.000000 0.000000
vn -0.000000 -1.000000 0.000000
vn -0.173703 -0.925003 0.337931
vn -0.000000 -1.000000 0.000000
vn -0.272026 -0.962290 0.000000
vn -0.272026 -0.962290 0.000000
vn -0.000000 -1.000000 0.000000
vn -0.000000 -1.000000 -0.000000
vn -0.272026 -0.962290 0.000000
vn -0.000000 -1.000000 -0.000000
vn -0.168535 -0.929566 -0.327876
vn -0.168535 -0.929566 -0.327876
vn -0.000000 -1.000000 -0.000000
vn -0.000000 -1.000000 -0.000000
vn -0.168535 -0.929566 -0.327876
vn -0.000000 -1.000000 -0.000000
vn -0.000000 -0.866567 -0.499061
vn -0.000000 -0.866567 -0.499061
vn -0.000000 -1.000000 -0.000000
vn 0.000000 -1.000000 -0.000000
vn -0.000000 -0.866567 -0.499061
vn 0.000000 -1.000000 -0.000000
vn 0.177101 -0.921914 -0.344542
vn 0.177101 -0.921914 -0.344542
vn 0.000000 -1.000000 -0.000000
vn 0.000000 -1.000000 -0.000000
vn 0.177101 -0.921914 -0.344542
vn 0.000000 -1.000000 -0.000000
vn 0.289905 -0.957055 -0.000000
vn 0.000000 0.000000 1.000000
vn 0.950320 -0.037414 0.309017
vn 0.950320 -0.037414 0.309017
vn 0.000000 0.000000 1.000000
vn 0.950320 -0.037414 0.309017
vn 0.000000 0.000000 1.000000
vn -0.039340 -0.999226 0.000000
vn -0.039340 -0.999226 0.000000
vn -0.039340 -0.999226 0.000000
vn 0.039340 0.999226 0.000000
vn 0.039340 0.999226 0.000000
vn 0.039340 0.999226 0.000000
vn 0.950320 -0.037414 0.309017
vn 0.587330 -0.023123 -0.809017
vn 0.587330 -0.023123 -0.809017
vn 0.950320 -0.037414 0.309017
vn 0.587330 -0.023123 -0.809017
vn 0.950320 -0.037414 0.309017
vn -0.039340 -0.999226 -0.000000
vn -0.039340 -0.999226 -0.000000
vn -0.039340 -0.999226 -0.000000
vn 0.039340 0.999226 0.000000
vn 0.039340 0.999226 0.000000
vn 0.039340 0.999226 0.000000
vn 0.587330 -0.023123 -0.809017
vn -0.587330 0.023123 -0.809017
vn -0.587330 0.023123 -0.809017
vn 0.587330 -0.023123 -0.809017
vn -0.587330 0.023123 -0.809017
vn 0.587330 -0.023123 -0.809017
vn -0.039340 -0.999226 0.000000
vn -0.039340 -0.999226 0.000000
vn -0.039340 -0.999226 0.000000
vn 0.039340 0.999226 0.000000
vn 0.039340 0.999226 0.000000
vn 0.039340 0.999226 0.000000
vn -0.587330 0.023123 -0.809017
vn -0.950320 0.037414 0.309017
vn -0.950320 0.037414 0.309017
vn -0.587330 0.023123 -0.809017
vn -0.950320 0.037414 0.309017
vn -0.587330 0.023123 -0.809017
vn -0.039340 -0.999226 0.000000
vn -0.039340 -0.999226 0.000000
vn -0.039340 -0.999226 0.000000
vn 0.039340 0.999226 -0.000000
vn 0.039340 0.999226 -0.000000
vn 0.039340 0.999226 -0.000000
vn -0.950320 0.037414 0.309017
vn 0.000000 0.000000 1.000000
vn 0.000000 0.000000 1.000000
vn -0.950320 0.037414 0.309017
vn 0.000000 0.000000 1.000000
vn -0.950320 0.037414 0.309017
vn -0.039340 -0.999226 0.000000
vn -0.039340 -0.999226 0.000000
vn -0.039340 -0.999226 0.000000
vn 0.039340 0.999226 0.000000
vn 0.039340 0.999226 0.000000
vn 0.039340 0.999226 0.000000
vn 0.000000 0.000000 1.000000
vn 0.950365 -0.036273 0.309017
vn 0.950365 -0.036273 0.309017
vn 0.000000 0.000000 1.000000
vn 0.950365 -0.036273 0.309017
vn 0.000000 0.000000 1.000000
vn -0.038140 -0.999272 0.000000
vn -0.038140 -0.999272 0.000000
vn -0.038140 -0.999272 0.000000
vn 0.038140 0.999272 0.000000
vn 0.038140 0.999272 0.000000
vn 0.038140 0.999272 0.000000
vn 0.950365 -0.036273 0.309017
vn 0.587358 -0.022418 -0.809017
vn 0.587358 -0.022418 -0.809017
vn 0.950365 -0.036273 0.309017
vn 0.587358 -0.022418 -0.809017
vn 0.950365 -0.036273 0.309017
vn -0.038140 -0.999272 0.000000
vn -0.038140 -0.999272 0.000000
vn -0.038140 -0.999272 0.000000
vn 0.038140 0.999272 -0.000000
vn 0.038140 0.999272 -0.000000
vn 0.038140 0.999272 -0.000000
vn 0.587358 -0.022418 -0.809017
vn -0.587358 0.022418 -0.809017
vn -0.587358 0.022418 -0.809017
vn 0.587358 -0.022418 -0.809017
vn -0.587358 0.022418 -0.809017
vn 0.587358 -0.022418 -0.809017
vn -0.038140 -0.999272 0.000000
vn -0.038140 -0.999272 0.000000
vn -0.038140 -0.999272 0.000000
vn 0.038140 0.999272 0.000000
vn 0.038140 0.999272 0.000000
vn 0.038140 0.999272 0.000000
vn -0.587358 0.022418 -0.809017
vn -0.950365 0.036273 0.309017
vn -0.950365 0.036273 0.309017
vn -0.587358 0.022418 -0.809017
vn -0.950365 0.036273 0.309017
vn -0.587358 0.022418 -0.809017
vn -0.038140 -0.999272 -0.000000
vn -0.038140 -0.999272 -0.000000
vn -0.038140 -0.999272 -0.000000
vn 0.038140 0.999272 0.000000
vn 0.038140 0.999272 0.000000
vn 0.038140 0.999272 0.000000
vn -0.950365 0.036273 0.309017
vn 0.000000 0.000000 1.000000
vn 0.000000 0.000000 1.000000
vn -0.950365 0.036273 0.309017
vn 0.000000 0.000000 1.000000
vn -0.950365 0.036273 0.309017
vn -0.038140 -0.999272 0.000000
vn -0.038140 -0.999272 0.000000
vn -0.038140 -0.999272 0.000000
vn 0.038140 0.999272 0.000000
vn 0.038140 0.999272 0.000000
vn 0.038140 0.999272 0.000000
vn 0.000000 0.000000 1.000000
vn 0.950405 -0.035200 0.309017
vn 0.950405 -0.035200 0.309017
vn 0.000000 0.000000 1.000000
vn 0.950405 -0.035200 0.309017
vn 0.000000 0.000000 1.000000
vn -0.037012 -0.999315 0.000000
vn -0.037012 -0.999315 0.000000
vn -0.037012 -0.999315 0.000000
vn 0.037012 0.999315 0.000000
vn 0.037012 0.999315 0.000000
vn 0.037012 0.999315 0.000000
vn 0.950405 -0.035200 0.309017
vn 0.587383 -0.021755 -0.809017
vn 0.587383 -0.021755 -0.809017
vn 0.950405 -0.035200 0.309017
vn 0.587383 -0.021755 -0.809017
vn 0.950405 -0.035200 0.309017
vn -0.037012 -0.999315 0.000000
vn -0.037012 -0.999315 0.000000
vn -0.037012 -0.999315 0.000000
vn 0.037012 0.999315 -0.000000
vn 0.037012 0.999315 -0.000000
vn 0.037012 0.999315 -0.000000
vn 0.587383 -0.021755 -0.809017
vn -0.587383 0.021755 -0.809017
vn -0.587383 0.021755 -0.809017
vn 0.587383 -0.021755 -0.809017
vn -0.587383 0.021755 -0.809017
vn 0.587383 -0.021755 -0.809017
vn -0.037012 -0.999315 0.000000
vn -0.037012 -0.999315 0.000000
vn -0.037012 -0.999315 0.000000
vn 0.037012 0.999315 0.000000
vn 0.037012 0.999315 0.000000
vn 0.037012 0.999315 0.000000
vn -0.587383 0.021755 -0.809017
vn -0.950405 0.035200 0.309017
vn -0.950405 0.035200 0.309017
vn -0.587383 0.021755 -0.809017
vn -0.950405 0.035200 0.309017
vn -0.587383 0.021755 -0.809017
vn -0.037012 -0.999315 -0.000000
vn -0.037012 -0.999315 -0.000000
vn -0.037012 -0.999315 -0.000000
vn 0.037012 0.999315 0.000000
vn 0.037012 0.999315 0.000000
vn 0.037012 0.999315 0.000000
vn -0.950405 0.035200 0.309017
vn 0.000000 0.000000 1.000000
vn 0.000000 0.000000 1.000000
vn -0.950405 0.035200 0.309017
vn 0.000000 0.000000 1.000000
vn -0.950405 0.035200 0.309017
vn -0.037012 -0.999315 0.000000
vn -0.037012 -0.999315 0.000000
vn -0.037012 -0.999315 0.000000
vn 0.037012 0.999315 0.000000
vn 0.037012 0.999315 0.000000
vn 0.037012 0.999315 0.000000
vn 0.000000 0.000000 1.000000
vn 0.950442 -0.034189 0.309017
vn 0.950442 -0.034189 0.309017
vn 0.000000 0.000000 1.000000
vn 0.950442 -0.034189 0.309017
vn 0.000000 0.000000 1.000000
vn -0.035948 -0.999354 0.000000
vn -0.035948 -0.999354 0.000000
vn -0.035948 -0.999354 0.000000
vn 0.035948 0.999354 0.000000
vn 0.035948 0.999354 0.000000
vn 0.035948 0.999354 0.000000
vn 0.950442 -0.034189 0.309017
vn 0.587405 -0.021130 -0.809017
vn 0.587405 -0.021130 -0.809017
vn 0.950442 -0.034189 0.309017
vn 0.587405 -0.021130 -0.809017
vn 0.950442 -0.034189 0.309017
vn -0.035948 -0.999354 -0.000000
vn -0.035948 -0.999354 -0.000000
vn -0.035948 -0.999354 -0.000000
vn 0.035948 0.999354 0.000000
vn 0.035948 0.999354 0.000000
vn 0.035948 0.999354 0.000000
vn 0.587405 -0.021130 -0.809017
vn -0.587405 0.021130 -0.809017
vn -0.587405 0.021130 -0.809017
vn 0.587405 -0.021130 -0.809017
vn -0.587405 0.021130 -0.809017
vn 0.587405 -0.021130 -0.809017
vn -0.035948 -0.999354 0.000000
vn -0.035948 -0.999354 0.000000
vn -0.035948 -0.999354 0.000000
vn 0.035948 0.999354 0.000000
vn 0.035948 0.999354 0.000000
vn 0.035948 0.999354 0.000000
vn -0.587405 0.021130 -0.809017
vn -0.950442 0.034189 0.309017
vn -0.950442 0.034189 0.309017
vn -0.587405 0.021130 -0.809017
vn -0.950442 0.034189 0.309017
vn -0.587405 0.021130 -0.809017
vn -0.035948 -0.999354 0.000000
vn -0.035948 -0.999354 0.000000
vn -0.035948 -0.999354 0.000000
vn 0.035948 0.999354 -0.000000
vn 0.035948 0.999354 -0.000000
vn 0.035948 0.999354 -0.000000
vn -0.950442 0.034189 0.309017
vn 0.000000 0.000000 1.000000
vn 0.000000 0.000000 1.000000
vn -0.950442 0.034189 0.309017
vn 0.000000 0.000000 1.000000
vn -0.950442 0.034189 0.309017
vn -0.035948 -0.999354 0.000000
vn -0.035948 -0.999354 0.000000
vn -0.035948 -0.999354 0.000000
vn 0.035948 0.999354 0.000000
vn 0.035948 0.999354 0.000000
vn 0.035948 0.999354 0.000000
vn 0.000000 0.000000 1.000000
vn 0.950476 -0.033233 0.309017
vn 0.950476 -0.033233 0.309017
vn 0.000000 0.000000 1.000000
vn 0.950476 -0.033233 0.309017
vn 0.000000 0.000000 1.000000
vn -0.034944 -0.999389 0.000000
vn -0.034944 -0.999389 0.000000
vn -0.034944 -0.999389 0.000000
vn 0.034944 0.999389 0.000000
vn 0.034944 0.999389 0.000000
vn 0.034944 0.999389 0.000000
vn 0.950476 -0.033233 0.309017
vn 0.587426 -0.020539 -0.809017
vn 0.587426 -0.020539 -0.809017
vn 0.950476 -0.033233 0.309017
vn 0.587426 -0.020539 -0.809017
vn 0.950476 -0.033233 0.309017
vn -0.034944 -0.999389 0.000000
vn -0.034944 -0.999389 0.000000
vn -0.034944 -0.999389 0.000000
vn 0.034944 0.999389 -0.000000
vn 0.034944 0.999389 -0.000000
vn 0.034944 0.999389 -0.000000
vn 0.587426 -0.020539 -0.809017
vn -0.587426 0.020539 -0.809017
vn -0.587426 0.020539 -0.809017
vn 0.587426 -0.020539 -0.809017
vn -0.587426 0.020539 -0.809017
vn 0.587426 -0.020539 -0.809017
vn -0.034944 -0.999389 0.000000
vn -0.034944 -0.999389 0.000000
vn -0.034944 -0.999389 0.000000
vn 0.034944 0.999389 0.000000
vn 0.034944 0.999389 0.000000
vn 0.034944 0.999389 0.000000
vn -0.587426 0.020539 -0.809017
vn -0.950476 0.033233 0.309017
vn -0.950476 0.033233 0.309017
vn -0.587426 0.020539 -0.809017
vn -0.950476 0.033233 0.309017
vn -0.587426 0.020539 -0.809017
vn -0.034944 -0.999389 -0.000000
vn -0.034944 -0.999389 -0.000000
vn -0.034944 -0.999389 -0.000000
vn 0.034944 0.999389 0.000000
vn 0.034944 0.999389 0.000000
vn 0.034944 0.999389 0.000000
vn -0.950476 0.033233 0.309017
vn 0.000000 0.000000 1.000000
vn 0.000000 0.000000 1.000000
vn -0.950476 0.033233 0.309017
vn 0.000000 0.000000 1.000000
vn -0.950476 0.033233 0.309017
vn -0.034944 -0.999389 0.000000
vn -0.034944 -0.999389 0.000000
vn -0.034944 -0.999389 0.000000
vn 0.034944 0.999389 0.000000
vn 0.034944 0.999389 0.000000
vn 0.034944 0.999389 0.000000
vn 0.000000 1.000000 0.000000
vn 0.373877 0.927478 0.000000
vn 0.273211 0.886879 0.372560
vn 0.000000 1.000000 0.000000
vn 0.273211 0.886879 0.372560
vn 0.000000 1.000000 0.000000
vn 0.000000 1.000000 0.000000
vn 0.273211 0.886879 0.372560
vn 0.000000 0.877503 0.479572
vn 0.000000 1.000000 0.000000
vn 0.000000 0.877503 0.479572
vn 0.000000 1.000000 0.000000
vn 0.000000 1.000000 0.000000
vn 0.000000 0.877503 0.479572
vn -0.252500 0.904261 0.344319
vn 0.000000 1.000000 0.000000
vn -0.252500 0.904261 0.344319
vn 0.000000 1.000000 0.000000
vn 0.000000 1.000000 0.000000
vn -0.252500 0.904261 0.344319
vn -0.359430 0.933172 0.000000
vn 0.000000 1.000000 0.000000
vn -0.359430 0.933172 0.000000
vn 0.000000 1.000000 0.000000
vn 0.000000 1.000000 0.000000
vn -0.359430 0.933172 0.000000
vn -0.242421 0.912114 -0.330574
vn 0.000000 1.000000 0.000000
vn -0.242421 0.912114 -0.330574
vn 0.000000 1.000000 0.000000
vn 0.000000 1.000000 0.000000
vn -0.242421 0.912114 -0.330574
vn -0.000000 0.893917 -0.448232
vn 0.000000 1.000000 0.000000
vn -0.000000 0.893917 -0.448232
vn 0.000000 1.000000 0.000000
vn 0.000000 1.000000 0.000000
vn -0.000000 0.893917 -0.448232
vn 0.275562 0.884797 -0.375766
vn 0.000000 1.000000 0.000000
vn 0.275562 0.884797 -0.375766
vn 0.000000 1.000000 0.000000
vn 0.000000 1.000000 0.000000
vn 0.275562 0.884797 -0.375766
vn 0.357110 0.934062 -0.000000
vn 0.000000 1.000000 0.000000
vn 0.357110 0.934062 -0.000000
vn 0.000000 1.000000 0.000000
vn 0.373877 0.927478 0.000000
vn 0.848418 0.529327 0.000000
vn 0.532159 0.436127 0.725672
vn 0.373877 0.927478 0.000000
vn 0.532159 0.436127 0.725672
vn 0.273211 0.886879 0.372560
vn 0.273211 0.886879 0.372560
vn 0.532159 0.436127 0.725672
vn 0.000000 0.427769 0.903888
vn 0.273211 0.886879 0.372560
vn 0.000000 0.427769 0.903888
vn 0.000000 0.877503 0.479572
vn 0.000000 0.877503 0.479572
vn 0.000000 0.427769 0.903888
vn -0.538054 0.414930 0.733710
vn 0.000000 0.877503 0.479572
vn -0.538054 0.414930 0.733710
vn -0.252500 0.904261 0.344319
vn -0.252500 0.904261 0.344319
vn -0.538054 0.414930 0.733710
vn -0.867611 0.497244 0.000000
vn -0.252500 0.904261 0.344319
vn -0.867611 0.497244 0.000000
vn -0.359430 0.933172 0.000000
vn -0.359430 0.933172 0.000000
vn -0.867611 0.497244 0.000000
vn -0.533437 0.431639 -0.727415
vn -0.359430 0.933172 0.000000
vn -0.533437 0.431639 -0.727415
vn -0.242421 0.912114 -0.330574
vn -0.242421 0.912114 -0.330574
vn -0.533437 0.431639 -0.727415
vn -0.000000 0.394862 -0.918740
vn -0.242421 0.912114 -0.330574
vn -0.000000 0.394862 -0.918740
vn -0.000000 0.893917 -0.448232
vn -0.000000 0.893917 -0.448232
vn -0.000000 0.394862 -0.918740
vn 0.530145 0.443086 -0.722925
vn -0.000000 0.893917 -0.448232
vn 0.530145 0.443086 -0.722925
vn 0.275562 0.884797 -0.375766
vn 0.275562 0.884797 -0.375766
vn 0.530145 0.443086 -0.722925
vn 0.875935 0.482428 -0.000000
vn 0.275562 0.884797 -0.375766
vn 0.875935 0.482428 -0.000000
vn 0.357110 0.934062 -0.000000
vn 0.848418 0.529327 0.000000
vn 0.879891 -0.475175 0.000000
vn 0.535928 -0.422725 0.730811
vn 0.848418 0.529327 0.000000
vn 0.535928 -0.422725 0.730811
vn 0.532159 0.436127 0.725672
vn 0.532159 0.436127 0.725672
vn 0.535928 -0.422725 0.730811
vn 0.000000 -0.376160 0.926555
vn 0.532159 0.436127 0.725672
vn 0.000000 -0.376160 0.926555
vn 0.000000 0.427769 0.903888
vn 0.000000 0.427769 0.903888
vn 0.000000 -0.376160 0.926555
vn -0.524949 -0.460438 0.715839
vn 0.000000 0.427769 0.903888
vn -0.524949 -0.460438 0.715839
vn -0.538054 0.414930 0.733710
vn -0.538054 0.414930 0.733710
vn -0.524949 -0.460438 0.715839
vn -0.870937 -0.491395 0.000000
vn -0.538054 0.414930 0.733710
vn -0.870937 -0.491395 0.000000
vn -0.867611 0.497244 0.000000
vn -0.867611 0.497244 0.000000
vn -0.870937 -0.491395 0.000000
vn -0.523532 -0.465028 -0.713907
vn -0.867611 0.497244 0.000000
vn -0.523532 -0.465028 -0.713907
vn -0.533437 0.431639 -0.727415
vn -0.533437 0.431639 -0.727415
vn -0.523532 -0.465028 -0.713907
vn -0.000000 -0.395047 -0.918661
vn -0.533437 0.431639 -0.727415
vn -0.000000 -0.395047 -0.918661
vn -0.000000 0.394862 -0.918740
vn -0.000000 0.394862 -0.918740
vn -0.000000 -0.395047 -0.918661
vn 0.537685 -0.416295 -0.733207
vn -0.000000 0.394862 -0.918740
vn 0.537685 -0.416295 -0.733207
vn 0.530145 0.443086 -0.722925
vn 0.530145 0.443086 -0.722925
vn 0.537685 -0.416295 -0.733207
vn 0.837513 -0.546418 -0.000000
vn 0.530145 0.443086 -0.722925
vn 0.837513 -0.546418 -0.000000
vn 0.875935 0.482428 -0.000000
vn 0.879891 -0.475175 0.000000
vn 0.358388 -0.933573 0.000000
vn 0.232979 -0.919124 0.317698
vn 0.879891 -0.475175 0.000000
vn 0.232979 -0.919124 0.317698
vn 0.535928 -0.422725 0.730811
vn 0.535928 -0.422725 0.730811
vn 0.232979 -0.919124 0.317698
vn 0.000000 -0.879999 0.474976
vn 0.535928 -0.422725 0.730811
vn 0.000000 -0.879999 0.474976
vn 0.000000 -0.376160 0.926555
vn 0.000000 -0.376160 0.926555
vn 0.000000 -0.879999 0.474976
vn -0.255845 -0.901569 0.348879
vn 0.000000 -0.376160 0.926555
vn -0.255845 -0.901569 0.348879
vn -0.524949 -0.460438 0.715839
vn -0.524949 -0.460438 0.715839
vn -0.255845 -0.901569 0.348879
vn -0.381482 -0.924376 0.000000
vn -0.524949 -0.460438 0.715839
vn -0.381482 -0.924376 0.000000
vn -0.870937 -0.491395 0.000000
vn -0.870937 -0.491395 0.000000
vn -0.381482 -0.924376 0.000000
vn -0.262185 -0.896345 -0.357525
vn -0.870937 -0.491395 0.000000
vn -0.262185 -0.896345 -0.357525
vn -0.523532 -0.465028 -0.713907
vn -0.523532 -0.465028 -0.713907
vn -0.262185 -0.896345 -0.357525
vn -0.000000 -0.863179 -0.504899
vn -0.523532 -0.465028 -0.713907
vn -0.000000 -0.863179 -0.504899
vn -0.000000 -0.395047 -0.918661
vn -0.000000 -0.395047 -0.918661
vn -0.000000 -0.863179 -0.504899
vn 0.234604 -0.917941 -0.319915
vn -0.000000 -0.395047 -0.918661
vn 0.234604 -0.917941 -0.319915
vn 0.537685 -0.416295 -0.733207
vn 0.537685 -0.416295 -0.733207
vn 0.234604 -0.917941 -0.319915
vn 0.387756 -0.921762 -0.000000
vn 0.537685 -0.416295 -0.733207
vn 0.387756 -0.921762 -0.000000
vn 0.837513 -0.546418 -0.000000
vn 0.358388 -0.933573 0.000000
vn 0.000000 -1.000000 0.000000
vn 0.000000 -1.000000 0.000000
vn 0.358388 -0.933573 0.000000
vn 0.000000 -1.000000 0.000000
vn 0.232979 -0.919124 0.317698
vn 0.232979 -0.919124 0.317698
vn 0.000000 -1.000000 0.000000
vn 0.000000 -1.000000 0.000000
vn 0.232979 -0.919124 0.317698
vn 0.000000 -1.000000 0.000000
vn 0.000000 -0.879999 0.474976
vn 0.000000 -0.879999 0.474976
vn 0.000000 -1.000000 0.000000
vn -0.000000 -1.000000 0.000000
vn 0.000000 -0.879999 0.474976
vn -0.000000 -1.000000 0.000000
vn -0.255845 -0.901569 0.348879
vn -0.255845 -0.901569 0.348879
vn -0.000000 -1.000000 0.000000
vn -0.000000 -1.000000 0.000000
vn -0.255845 -0.901569 0.348879
vn -0.000000 -1.000000 0.000000
vn -0.381482 -0.924376 0.000000
vn -0.381482 -0.924376 0.000000
vn -0.000000 -1.000000 0.000000
vn -0.000000 -1.000000 -0.000000
vn -0.381482 -0.924376 0.000000
vn -0.000000 -1.000000 -0.000000
vn -0.262185 -0.896345 -0.357525
vn -0.262185 -0.896345 -0.357525
vn -0.000000 -1.000000 -0.000000
vn -0.000000 -1.000000 -0.000000
vn -0.262185 -0.896345 -0.357525
vn -0.000000 -1.000000 -0.000000
vn -0.000000 -0.863179 -0.504899
vn -0.000000 -0.863179 -0.504899
vn -0.000000 -1.000000 -0.000000
vn 0.000000 -1.000000 -0.000000
vn -0.000000 -0.863179 -0.504899
vn 0.000000 -1.000000 -0.000000
vn 0.234604 -0.917941 -0.319915
vn 0.234604 -0.917941 -0.319915
vn 0.000000 -1.000000 -0.000000
vn 0.000000 -1.000000 -0.000000
vn 0.234604 -0.917941 -0.319915
vn 0.000000 -1.000000 -0.000000
vn 0.387756 -0.921762 -0.000000
vn 0.000000 1.000000 0.000000
vn 0.327334 0.944909 0.000000
vn 0.207079 0.916367 0.342622
vn 0.000000 1.000000 0.000000
vn 0.207079 0.916367 0.342622
vn 0.000000 1.000000 0.000000
vn 0.000000 1.000000 0.000000
vn 0.207079 0.916367 0.342622
vn 0.000000 0.888799 0.458298
vn 0.000000 1.000000 0.000000
vn 0.000000 0.888799 0.458298
vn 0.000000 1.000000 0.000000
vn 0.000000 1.000000 0.000000
vn 0.000000 0.888799 0.458298
vn -0.217932 0.906912 0.360578
vn 0.000000 1.000000 0.000000
vn -0.217932 0.906912 0.360578
vn 0.000000 1.000000 0.000000
vn 0.000000 1.000000 0.000000
vn -0.217932 0.906912 0.360578
vn -0.306413 0.951899 0.000000
vn 0.000000 1.000000 0.000000
vn -0.306413 0.951899 0.000000
vn 0.000000 1.000000 0.000000
vn 0.000000 1.000000 0.000000
vn -0.306413 0.951899 0.000000
vn -0.204178 0.918797 -0.337822
vn 0.000000 1.000000 0.000000
vn -0.204178 0.918797 -0.337822
vn 0.000000 1.000000 0.000000
vn 0.000000 1.000000 0.000000
vn -0.204178 0.918797 -0.337822
vn -0.000000 0.870607 -0.491979
vn 0.000000 1.000000 0.000000
vn -0.000000 0.870607 -0.491979
vn 0.000000 1.000000 0.000000
vn 0.000000 1.000000 0.000000
vn -0.000000 0.870607 -0.491979
vn 0.212596 0.911633 -0.351750
vn 0.000000 1.000000 0.000000
vn 0.212596 0.911633 -0.351750
vn 0.000000 1.000000 0.000000
vn 0.000000 1.000000 0.000000
vn 0.212596 0.911633 -0.351750
vn 0.319365 0.947632 -0.000000
vn 0.000000 1.000000 0.000000
vn 0.319365 0.947632 -0.000000
vn 0.000000 1.000000 0.000000
vn 0.327334 0.944909 0.000000
vn 0.816602 0.577201 0.000000
vn 0.459360 0.459717 0.760032
vn 0.327334 0.944909 0.000000
vn 0.459360 0.459717 0.760032
vn 0.207079 0.916367 0.342622
vn 0.207079 0.916367 0.342622
vn 0.459360 0.459717 0.760032
vn 0.000000 0.367142 0.930165
vn 0.207079 0.916367 0.342622
vn 0.000000 0.367142 0.930165
vn 0.000000 0.888799 0.458298
vn 0.000000 0.888799 0.458298
vn 0.000000 0.367142 0.930165
vn -0.462323 0.448477 0.764935
vn 0.000000 0.888799 0.458298
vn -0.462323 0.448477 0.764935
vn -0.217932 0.906912 0.360578
vn -0.217932 0.906912 0.360578
vn -0.462323 0.448477 0.764935
vn -0.816944 0.576717 0.000000
vn -0.217932 0.906912 0.360578
vn -0.816944 0.576717 0.000000
vn -0.306413 0.951899 0.000000
vn -0.306413 0.951899 0.000000
vn -0.816944 0.576717 0.000000
vn -0.466699 0.431204 -0.772175
vn -0.306413 0.951899 0.000000
vn -0.466699 0.431204 -0.772175
vn -0.204178 0.918797 -0.337822
vn -0.204178 0.918797 -0.337822
vn -0.466699 0.431204 -0.772175
vn -0.000000 0.436033 -0.899931
vn -0.204178 0.918797 -0.337822
vn -0.000000 0.436033 -0.899931
vn -0.000000 0.870607 -0.491979
vn -0.000000 0.870607 -0.491979
vn -0.000000 0.436033 -0.899931
vn 0.453755 0.480070 -0.750759
vn -0.000000 0.870607 -0.491979
vn 0.453755 0.480070 -0.750759
vn 0.212596 0.911633 -0.351750
vn 0.212596 0.911633 -0.351750
vn 0.453755 0.480070 -0.750759
vn 0.810568 0.585645 -0.000000
vn 0.212596 0.911633 -0.351750
vn 0.810568 0.585645 -0.000000
vn 0.319365 0.947632 -0.000000
vn 0.816602 0.577201 0.000000
vn 0.832721 -0.553692 0.000000
vn 0.449077 -0.496240 0.743018
vn 0.816602 0.577201 0.000000
vn 0.449077 -0.496240 0.743018
vn 0.459360 0.459717 0.760032
vn 0.459360 0.459717 0.760032
vn 0.449077 -0.496240 0.743018
vn 0.000000 -0.405021 0.914308
vn 0.459360 0.459717 0.760032
vn 0.000000 -0.405021 0.914308
vn 0.000000 0.367142 0.930165
vn 0.000000 0.367142 0.930165
vn 0.000000 -0.405021 0.914308
vn -0.452052 -0.486039 0.747941
vn 0.000000 0.367142 0.930165
vn -0.452052 -0.486039 0.747941
vn -0.462323 0.448477 0.764935
vn -0.462323 0.448477 0.764935
vn -0.452052 -0.486039 0.747941
vn -0.803249 -0.595643 0.000000
vn -0.462323 0.448477 0.764935
vn -0.803249 -0.595643 0.000000
vn -0.816944 0.576717 0.000000
vn -0.816944 0.576717 0.000000
vn -0.803249 -0.595643 0.000000
vn -0.461007 -0.453512 -0.762758
vn -0.816944 0.576717 0.000000
vn -0.461007 -0.453512 -0.762758
vn -0.466699 0.431204 -0.772175
vn -0.466699 0.431204 -0.772175
vn -0.461007 -0.453512 -0.762758
vn -0.000000 -0.400148 -0.916451
vn -0.466699 0.431204 -0.772175
vn -0.000000 -0.400148 -0.916451
vn -0.000000 0.436033 -0.899931
vn -0.000000 0.436033 -0.899931
vn -0.000000 -0.400148 -0.916451
vn 0.464054 -0.441746 -0.767798
vn -0.000000 0.436033 -0.899931
vn 0.464054 -0.441746 -0.767798
vn 0.453755 0.480070 -0.750759
vn 0.453755 0.480070 -0.750759
vn 0.464054 -0.441746 -0.767798
vn 0.825914 -0.563796 -0.000000
vn 0.453755 0.480070 -0.750759
vn 0.825914 -0.563796 -0.000000
vn 0.810568 0.585645 -0.000000
vn 0.832721 -0.553692 0.000000
vn 0.328290 -0.944577 0.000000
vn 0.218031 -0.906823 0.360743
vn 0.832721 -0.553692 0.000000
vn 0.218031 -0.906823 0.360743
vn 0.449077 -0.496240 0.743018
vn 0.449077 -0.496240 0.743018
vn 0.218031 -0.906823 0.360743
vn 0.000000 -0.865679 0.500600
vn 0.449077 -0.496240 0.743018
vn 0.000000 -0.865679 0.500600
vn 0.000000 -0.405021 0.914308
vn 0.000000 -0.405021 0.914308
vn 0.000000 -0.865679 0.500600
vn -0.224806 -0.900619 0.371951
vn 0.000000 -0.405021 0.914308
vn -0.224806 -0.900619 0.371951
vn -0.452052 -0.486039 0.747941
vn -0.452052 -0.486039 0.747941
vn -0.224806 -0.900619 0.371951
vn -0.320864 -0.947125 0.000000
vn -0.452052 -0.486039 0.747941
vn -0.320864 -0.947125 0.000000
vn -0.803249 -0.595643 0.000000
vn -0.803249 -0.595643 0.000000
vn -0.320864 -0.947125 0.000000
vn -0.222131 -0.903096 -0.367526
vn -0.803249 -0.595643 0.000000
vn -0.222131 -0.903096 -0.367526
vn -0.461007 -0.453512 -0.762758
vn -0.461007 -0.453512 -0.762758
vn -0.222131 -0.903096 -0.367526
vn -0.000000 -0.894860 -0.446347
vn -0.461007 -0.453512 -0.762758
vn -0.000000 -0.894860 -0.446347
vn -0.000000 -0.400148 -0.916451
vn -0.000000 -0.400148 -0.916451
vn -0.000000 -0.894860 -0.446347
vn 0.202332 -0.920322 -0.334767
vn -0.000000 -0.400148 -0.916451
vn 0.202332 -0.920322 -0.334767
vn 0.464054 -0.441746 -0.767798
vn 0.464054 -0.441746 -0.767798
vn 0.202332 -0.920322 -0.334767
vn 0.299049 -0.954238 -0.000000
vn 0.464054 -0.441746 -0.767798
vn 0.299049 -0.954238 -0.000000
vn 0.825914 -0.563796 -0.000000
vn 0.328290 -0.944577 0.000000
vn 0.000000 -1.000000 0.000000
vn 0.000000 -1.000000 0.000000
vn 0.328290 -0.944577 0.000000
vn 0.000000 -1.000000 0.000000
vn 0.218031 -0.906823 0.360743
vn 0.218031 -0.906823 0.360743
vn 0.000000 -1.000000 0.000000
vn 0.000000 -1.000000 0.000000
vn 0.218031 -0.906823 0.360743
vn 0.000000 -1.000000 0.000000
vn 0.000000 -0.865679 0.500600
vn 0.000000 -0.865679 0.500600
vn 0.000000 -1.000000 0.000000
vn -0.000000 -1.000000 0.000000
vn 0.000000 -0.865679 0.500600
vn -0.000000 -1.000000 0.000000
vn -0.224806 -0.900619 0.371951
vn -0.224806 -0.900619 0.371951
vn -0.000000 -1.000000 0.000000
vn -0.000000 -1.000000 0.000000
vn -0.224806 -0.900619 0.371951
vn -0.000000 -1.000000 0.000000
vn -0.320864 -0.947125 0.000000
vn -0.320864 -0.947125 0.000000
vn -0.000000 -1.000000 0.000000
vn -0.000000 -1.000000 -0.000000
vn -0.320864 -0.947125 0.000000
vn -0.000000 -1.000000 -0.000000
vn -0.222131 -0.903096 -0.367526
vn -0.222131 -0.903096 -0.367526
vn -0.000000 -1.000000 -0.000000
vn -0.000000 -1.000000 -0.000000
vn -0.222131 -0.903096 -0.367526
vn -0.000000 -1.000000 -0.000000
vn -0.000000 -0.894860 -0.446347
vn -0.000000 -0.894860 -0.446347
vn -0.000000 -1.000000 -0.000000
vn 0.000000 -1.000000 -0.000000
vn -0.000000 -0.894860 -0.446347
vn 0.000000 -1.000000 -0.000000
vn 0.202332 -0.920322 -0.334767
vn 0.202332 -0.920322 -0.334767
vn 0.000000 -1.000000 -0.000000
vn 0.000000 -1.000000 -0.000000
vn 0.202332 -0.920322 -0.334767
vn 0.000000 -1.000000 -0.000000
vn 0.299049 -0.954238 -0.000000
vn 0.000000 0.000000 1.000000
vn 0.950320 -0.037414 0.309017
vn 0.950320 -0.037414 0.309017
vn 0.000000 0.000000 1.000000
vn 0.950320 -0.037414 0.309017
vn 0.000000 0.000000 1.000000
vn -0.039340 -0.999226 0.000000
vn -0.039340 -0.999226 0.000000
vn -0.039340 -0.999226 0.000000
vn 0.039340 0.999226 0.000000
vn 0.039340 0.999226 0.000000
vn 0.039340 0.999226 0.000000
vn 0.950320 -0.037414 0.309017
vn 0.587330 -0.023123 -0.809017
vn 0.587330 -0.023123 -0.809017
vn 0.950320 -0.037414 0.309017
vn 0.587330 -0.023123 -0.809017
vn 0.950320 -0.037414 0.309017
vn -0.039340 -0.999226 -0.000000
vn -0.039340 -0.999226 -0.000000
vn -0.039340 -0.999226 -0.000000
vn 0.039340 0.999226 0.000000
vn 0.039340 0.999226 0.000000
vn 0.039340 0.999226 0.000000
vn 0.587330 -0.023123 -0.809017
vn -0.587330 0.023123 -0.809017
vn -0.587330 0.023123 -0.809017
vn 0.587330 -0.023123 -0.809017
vn -0.587330 0.023123 -0.809017
vn 0.587330 -0.023123 -0.809017
vn -0.039340 -0.999226 0.000000
vn -0.039340 -0.999226 0.000000
vn -0.039340 -0.999226 0.000000
vn 0.039340 0.999226 0.000000
vn 0.039340 0.999226 0.000000
vn 0.039340 0.999226 0.000000
vn -0.587330 0.023123 -0.809017
vn -0.950320 0.037414 0.309017
vn -0.950320 0.037414 0.309017
vn -0.587330 0.023123 -0.809017
vn -0.950320 0.037414 0.309017
vn -0.587330 0.023123 -0.809017
vn -0.039340 -0.999226 0.000000
vn -0.039340 -0.999226 0.000000
vn -0.039340 -0.999226 0.000000
vn 0.039340 0.999226 -0.000000
vn 0.039340 0.999226 -0.000000
vn 0.039340 0.999226 -0.000000
vn -0.950320 0.037414 0.309017
vn 0.000000 0.000000 1.000000
vn 0.000000 0.000000 1.000000
vn -0.950320 0.037414 0.309017
vn 0.000000 0.000000 1.000000
vn -0.950320 0.037414 0.309017
vn -0.039340 -0.999226 0.000000
vn -0.039340 -0.999226 0.000000
vn -0.039340 -0.999226 0.000000
vn 0.039340 0.999226 0.000000
vn 0.039340 0.999226 0.000000
vn 0.039340 0.999226 0.000000
vn 0.000000 0.000000 1.000000
vn 0.950365 -0.036273 0.309017
vn 0.950365 -0.036273 0.309017
vn 0.000000 0.000000 1.000000
vn 0.950365 -0.036273 0.309017
vn 0.000000 0.000000 1.000000
vn -0.038140 -0.999272 0.000000
vn -0.038140 -0.999272 0.000000
vn -0.038140 -0.999272 0.000000
vn 0.038140 0.999272 0.000000
vn 0.038140 0.999272 0.000000
vn 0.038140 0.999272 0.000000
vn 0.950365 -0.036273 0.309017
vn 0.587358 -0.022418 -0.809017
vn 0.587358 -0.022418 -0.809017
vn 0.950365 -0.036273 0.309017
vn 0.587358 -0.022418 -0.809017
vn 0.950365 -0.036273 0.309017
vn -0.038140 -0.999272 0.000000
vn -0.038140 -0.999272 0.000000
vn -0.038140 -0.999272 0.000000
vn 0.038140 0.999272 -0.000000
vn 0.038140 0.999272 -0.000000
vn 0.038140 0.999272 -0.000000
vn 0.587358 -0.022418 -0.809017
vn -0.587358 0.022418 -0.809017
vn -0.587358 0.022418 -0.809017
vn 0.587358 -0.022418 -0.809017
vn -0.587358 0.022418 -0.809017
vn 0.587358 -0.022418 -0.809017
vn -0.038140 -0.999272 0.000000
vn -0.038140 -0.999272 0.000000
vn -0.038140 -0.999272 0.000000
vn 0.038140 0.999272 0.000000
vn 0.038140 0.999272 0.000000
vn 0.038140 0.999272 0.000000
vn -0.587358 0.022418 -0.809017
vn -0.950365 0.036273 0.309017
vn -0.950365 0.036273 0.309017
vn -0.587358 0.022418 -0.809017
vn -0.950365 0.036273 0.309017
vn -0.587358 0.022418 -0.809017
vn -0.038140 -0.999272 -0.000000
vn -0.038140 -0.999272 -0.000000
vn -0.038140 -0.999272 -0.000000
vn 0.038140 0.999272 0.000000
vn 0.038140 0.999272 0.000000
vn 0.038140 0.999272 0.000000
vn -0.950365 0.036273 0.309017
vn 0.000000 0.000000 1.000000
vn 0.000000 0.000000 1.000000
vn -0.950365 0.036273 0.309017
vn 0.000000 0.000000 1.000000
vn -0.950365 0.036273 0.309017
vn -0.038140 -0.999272 0.000000
vn -0.038140 -0.999272 0.000000
vn -0.038140 -0.999272 0.000000
vn 0.038140 0.999272 0.000000
vn 0.038140 0.999272 0.000000
vn 0.038140 0.999272 0.000000
vn 0.000000 0.000000 1.000000
vn 0.950405 -0.035200 0.309017
vn 0.950405 -0.035200 0.309017
vn 0.000000 0.000000 1.000000
vn 0.950405 -0.035200 0.309017
vn 0.000000 0.000000 1.000000
vn -0.037012 -0.999315 0.000000
vn -0.037012 -0.999315 0.000000
vn -0.037012 -0.999315 0.000000
vn 0.037012 0.999315 0.000000
vn 0.037012 0.999315 0.000000
vn 0.037012 0.999315 0.000000
vn 0.950405 -0.035200 0.309017
vn 0.587383 -0.021755 -0.809017
vn 0.587383 -0.021755 -0.809017
vn 0.950405 -0.035200 0.309017
vn 0.587383 -0.021755 -0.809017
vn 0.950405 -0.035200 0.309017
vn -0.037012 -0.999315 0.000000
vn -0.037012 -0.999315 0.000000
vn -0.037012 -0.999315 0.000000
vn 0.037012 0.999315 -0.000000
vn 0.037012 0.999315 -0.000000
vn 0.037012 0.999315 -0.000000
vn 0.587383 -0.021755 -0.809017
vn -0.587383 0.021755 -0.809017
vn -0.587383 0.021755 -0.809017
vn 0.587383 -0.021755 -0.809017
vn -0.587383 0.021755 -0.809017
vn 0.587383 -0.021755 -0.809017
vn -0.037012 -0.999315 0.000000
vn -0.037012 -0.999315 0.000000
vn -0.037012 -0.999315 0.000000
vn 0.037012 0.999315 0.000000
vn 0.037012 0.999315 0.000000
vn 0.037012 0.999315 0.000000
vn -0.587383 0.021755 -0.809017
vn -0.950405 0.035200 0.309017
vn -0.950405 0.035200 0.309017
vn -0.587383 0.021755 -0.809017
vn -0.950405 0.035200 0.309017
vn -0.587383 0.021755 -0.809017
vn -0.037012 -0.999315 -0.000000
vn -0.037012 -0.999315 -0.000000
vn -0.037012 -0.999315 -0.000000
vn 0.037012 0.999315 0.000000
vn 0.037012 0.999315 0.000000
vn 0.037012 0.999315 0.000000
vn -0.950405 0.035200 0.309017
vn 0.000000 0.000000 1.000000
vn 0.000000 0.000000 1.000000
vn -0.950405 0.035200 0.309017
vn 0.000000 0.000000 1.000000
vn -0.950405 0.035200 0.309017
vn -0.037012 -0.999315 0.000000
vn -0.037012 -0.999315 0.000000
vn -0.037012 -0.999315 0.000000
vn 0.037012 0.999315 0.000000
vn 0.037012 0.999315 0.000000
vn 0.037012 0.999315 0.000000
vn 0.000000 0.000000 1.000000
vn 0.950442 -0.034189 0.309017
vn 0.950442 -0.034189 0.309017
vn 0.000000 0.000000 1.000000
vn 0.950442 -0.034189 0.309017
vn 0.000000 0.000000 1.000000
vn -0.035948 -0.999354 0.000000
vn -0.035948 -0.999354 0.000000
vn -0.035948 -0.999354 0.000000
vn 0.035948 0.999354 0.000000
vn 0.035948 0.999354 0.000000
vn 0.035948 0.999354 0.000000
vn 0.950442 -0.034189 0.309017
vn 0.587405 -0.021130 -0.809017
vn 0.587405 -0.021130 -0.809017
vn 0.950442 -0.034189 0.309017
vn 0.587405 -0.021130 -0.809017
vn 0.950442 -0.034189 0.309017
vn -0.035948 -0.999354 -0.000000
vn -0.035948 -0.999354 -0.000000
vn -0.035948 -0.999354 -0.000000
vn 0.035948 0.999354 0.000000
vn 0.035948 0.999354 0.000000
vn 0.035948 0.999354 0.000000
vn 0.587405 -0.021130 -0.809017
vn -0.587405 0.021130 -0.809017
vn -0.587405 0.021130 -0.809017
vn 0.587405 -0.021130 -0.809017
vn -0.587405 0.021130 -0.809017
vn 0.587405 -0.021130 -0.809017
vn -0.035948 -0.999354 0.000000
vn -0.035948 -0.999354 0.000000
vn -0.035948 -0.999354 0.000000
vn 0.035948 0.999354 0.000000
vn 0.035948 0.999354 0.000000
vn 0.035948 0.999354 0.000000
vn -0.587405 0.021130 -0.809017
vn -0.950442 0.034189 0.309017
vn -0.950442 0.034189 0.309017
vn -0.587405 0.021130 -0.809017
vn -0.950442 0.034189 0.309017
vn -0.587405 0.021130 -0.809017
vn -0.035948 -0.999354 0.000000
vn -0.035948 -0.999354 0.000000
vn -0.035948 -0.999354 0.000000
vn 0.035948 0.999354 -0.000000
vn 0.035948 0.999354 -0.000000
vn 0.035948 0.999354 -0.000000
vn -0.950442 0.034189 0.309017
vn 0.000000 0.000000 1.000000
vn 0.000000 0.000000 1.000000
vn -0.950442 0.034189 0.309017
vn 0.000000 0.000000 1.000000
vn -0.950442 0.034189 0.309017
vn -0.035948 -0.999354 0.000000
vn -0.035948 -0.999354 0.000000
vn -0.035948 -0.999354 0.000000
vn 0.035948 0.999354 0.000000
vn 0.035948 0.999354 0.000000
vn 0.035948 0.999354 0.000000
vn 0.000000 0.000000 1.000000
vn 0.950476 -0.033233 0.309017
vn 0.950476 -0.033233 0.309017
vn 0.000000 0.000000 1.000000
vn 0.950476 -0.033233 0.309017
vn 0.000000 0.000000 1.000000
vn -0.034944 -0.999389 0.000000
vn -0.034944 -0.999389 0.000000
vn -0.034944 -0.999389 0.000000
vn 0.034944 0.999389 0.000000
vn 0.034944 0.999389 0.000000
vn 0.034944 0.999389 0.000000
vn 0.950476 -0.033233 0.309017
vn 0.587426 -0.020539 -0.809017
vn 0.587426 -0.020539 -0.809017
vn 0.950476 -0.033233 0.309017
vn 0.587426 -0.020539 -0.809017
vn 0.950476 -0.033233 0.309017
vn -0.034944 -0.999389 0.000000
vn -0.034944 -0.999389 0.000000
vn -0.034944 -0.999389 0.000000
vn 0.034944 0.999389 -0.000000
vn 0.034944 0.999389 -0.000000
vn 0.034944 0.999389 -0.000000
vn 0.587426 -0.020539 -0.809017
vn -0.587426 0.020539 -0.809017
vn -0.587426 0.020539 -0.809017
vn 0.587426 -0.020539 -0.809017
vn -0.587426 0.020539 -0.809017
vn 0.587426 -0.020539 -0.809017
vn -0.034944 -0.999389 0.000000
vn -0.034944 -0.999389 0.000000
vn -0.034944 -0.999389 0.000000
vn 0.034944 0.999389 0.000000
vn 0.034944 0.999389 0.000000
vn 0.034944 0.999389 0.000000
vn -0.587426 0.020539 -0.809017
vn -0.950476 0.033233 0.309017
vn -0.950476 0.033233 0.309017
vn -0.587426 0.020539 -0.809017
vn -0.950476 0.033233 0.309017
vn -0.587426 0.020539 -0.809017
vn -0.034944 -0.999389 -0.000000
vn -0.034944 -0.999389 -0.000000
vn -0.034944 -0.999389 -0.000000
vn 0.034944 0.999389 0.000000
vn 0.034944 0.999389 0.000000
vn 0.034944 0.999389 0.000000
vn -0.950476 0.033233 0.309017
vn 0.000000 0.000000 1.000000
vn 0.000000 0.000000 1.000000
vn -0.950476 0.033233 0.309017
vn 0.000000 0.000000 1.000000
vn -0.950476 0.033233 0.309017
vn -0.034944 -0.999389 0.000000
vn -0.034944 -0.999389 0.000000
vn -0.034944 -0.999389 0.000000
vn 0.034944 0.999389 0.000000
vn 0.034944 0.999389 0.000000
vn 0.034944 0.999389 0.000000
vn 0.000000 1.000000 0.000000
vn 0.252986 0.967470 0.000000
vn 0.174693 0.924110 0.339856
vn 0.000000 1.000000 0.000000
vn 0.174693 0.924110 0.339856
vn 0.000000 1.000000 0.000000
vn 0.000000 1.000000 0.000000
vn 0.174693 0.924110 0.339856
vn 0.000000 0.865375 0.501126
vn 0.000000 1.000000 0.000000
vn 0.000000 0.865375 0.501126
vn 0.000000 1.000000 0.000000
vn 0.000000 1.000000 0.000000
vn 0.000000 0.865375 0.501126
vn -0.168010 0.930021 0.326855
vn 0.000000 1.000000 0.000000
vn -0.168010 0.930021 0.326855
vn 0.000000 1.000000 0.000000
vn 0.000000 1.000000 0.000000
vn -0.168010 0.930021 0.326855
vn -0.286397 0.958111 0.000000
vn 0.000000 1.000000 0.000000
vn -0.286397 0.958111 0.000000
vn 0.000000 1.000000 0.000000
vn 0.000000 1.000000 0.000000
vn -0.286397 0.958111 0.000000
vn -0.180194 0.919042 -0.350559
vn 0.000000 1.000000 0.000000
vn -0.180194 0.919042 -0.350559
vn 0.000000 1.000000 0.000000
vn 0.000000 1.000000 0.000000
vn -0.180194 0.919042 -0.350559
vn -0.000000 0.878750 -0.477282
vn 0.000000 1.000000 0.000000
vn -0.000000 0.878750 -0.477282
vn 0.000000 1.000000 0.000000
vn 0.000000 1.000000 0.000000
vn -0.000000 0.878750 -0.477282
vn 0.173599 0.925096 -0.337729
vn 0.000000 1.000000 0.000000
vn 0.173599 0.925096 -0.337729
vn 0.000000 1.000000 0.000000
vn 0.000000 1.000000 0.000000
vn 0.173599 0.925096 -0.337729
vn 0.297515 0.954717 -0.000000
vn 0.000000 1.000000 0.000000
vn 0.297515 0.954717 -0.000000
vn 0.000000 1.000000 0.000000
vn 0.252986 0.967470 0.000000
vn 0.755413 0.655249 0.000000
vn 0.409292 0.445479 0.796259
vn 0.252986 0.967470 0.000000
vn 0.409292 0.445479 0.796259
vn 0.174693 0.924110 0.339856
vn 0.174693 0.924110 0.339856
vn 0.409292 0.445479 0.796259
vn 0.000000 0.421346 0.906900
vn 0.174693 0.924110 0.339856
vn 0.000000 0.421346 0.906900
vn 0.000000 0.865375 0.501126
vn 0.000000 0.865375 0.501126
vn 0.000000 0.421346 0.906900
vn -0.404766 0.464847 0.787453
vn 0.000000 0.865375 0.501126
vn -0.404766 0.464847 0.787453
vn -0.168010 0.930021 0.326855
vn -0.168010 0.930021 0.326855
vn -0.404766 0.464847 0.787453
vn -0.740848 0.671673 0.000000
vn -0.168010 0.930021 0.326855
vn -0.740848 0.671673 0.000000
vn -0.286397 0.958111 0.000000
vn -0.286397 0.958111 0.000000
vn -0.740848 0.671673 0.000000
vn -0.397558 0.493712 -0.773431
vn -0.286397 0.958111 0.000000
vn -0.397558 0.493712 -0.773431
vn -0.180194 0.919042 -0.350559
vn -0.180194 0.919042 -0.350559
vn -0.397558 0.493712 -0.773431
vn -0.000000 0.386441 -0.922314
vn -0.180194 0.919042 -0.350559
vn -0.000000 0.386441 -0.922314
vn -0.000000 0.878750 -0.477282
vn -0.000000 0.878750 -0.477282
vn -0.000000 0.386441 -0.922314
vn 0.407395 0.453725 -0.792568
vn -0.000000 0.878750 -0.477282
vn 0.407395 0.453725 -0.792568
vn 0.173599 0.925096 -0.337729
vn 0.173599 0.925096 -0.337729
vn 0.407395 0.453725 -0.792568
vn 0.756939 0.653486 -0.000000
vn 0.173599 0.925096 -0.337729
vn 0.756939 0.653486 -0.000000
vn 0.297515 0.954717 -0.000000
vn 0.755413 0.655249 0.000000
vn 0.744584 -0.667529 0.000000
vn 0.405025 -0.463766 0.787957
vn 0.755413 0.655249 0.000000
vn 0.405025 -0.463766 0.787957
vn 0.409292 0.445479 0.796259
vn 0.409292 0.445479 0.796259
vn 0.405025 -0.463766 0.787957
vn 0.000000 -0.381431 0.924397
vn 0.409292 0.445479 0.796259
vn 0.000000 -0.381431 0.924397
vn 0.000000 0.421346 0.906900
vn 0.000000 0.421346 0.906900
vn 0.000000 -0.381431 0.924397
vn -0.401745 -0.477220 0.781577
vn 0.000000 0.421346 0.906900
vn -0.401745 -0.477220 0.781577
vn -0.404766 0.464847 0.787453
vn -0.404766 0.464847 0.787453
vn -0.401745 -0.477220 0.781577
vn -0.767297 -0.641292 0.000000
vn -0.404766 0.464847 0.787453
vn -0.767297 -0.641292 0.000000
vn -0.740848 0.671673 0.000000
vn -0.740848 0.671673 0.000000
vn -0.767297 -0.641292 0.000000
vn -0.405588 -0.461404 -0.789053
vn -0.740848 0.671673 0.000000
vn -0.405588 -0.461404 -0.789053
vn -0.397558 0.493712 -0.773431
vn -0.397558 0.493712 -0.773431
vn -0.405588 -0.461404 -0.789053
vn -0.000000 -0.398182 -0.917307
vn -0.397558 0.493712 -0.773431
vn -0.000000 -0.398182 -0.917307
vn -0.000000 0.386441 -0.922314
vn -0.000000 0.386441 -0.922314
vn -0.000000 -0.398182 -0.917307
vn 0.402370 -0.474695 -0.782792
vn -0.000000 0.386441 -0.922314
vn 0.402370 -0.474695 -0.782792
vn 0.407395 0.453725 -0.792568
vn 0.407395 0.453725 -0.792568
vn 0.402370 -0.474695 -0.782792
vn 0.764818 -0.644246 -0.000000
vn 0.407395 0.453725 -0.792568
vn 0.764818 -0.644246 -0.000000
vn 0.756939 0.653486 -0.000000
vn 0.744584 -0.667529 0.000000
vn 0.264335 -0.964431 0.000000
vn 0.192348 -0.907179 0.374204
vn 0.744584 -0.667529 0.000000
vn 0.192348 -0.907179 0.374204
vn 0.405025 -0.463766 0.787957
vn 0.405025 -0.463766 0.787957
vn 0.192348 -0.907179 0.374204
vn 0.000000 -0.888881 0.458138
vn 0.405025 -0.463766 0.787957
vn 0.000000 -0.888881 0.458138
vn 0.000000 -0.381431 0.924397
vn 0.000000 -0.381431 0.924397
vn 0.000000 -0.888881 0.458138
vn -0.188927 -0.910612 0.367549
vn 0.000000 -0.381431 0.924397
vn -0.188927 -0.910612 0.367549
vn -0.401745 -0.477220 0.781577
vn -0.401745 -0.477220 0.781577
vn -0.188927 -0.910612 0.367549
vn -0.250362 -0.968152 0.000000
vn -0.401745 -0.477220 0.781577
vn -0.250362 -0.968152 0.000000
vn -0.767297 -0.641292 0.000000
vn -0.767297 -0.641292 0.000000
vn -0.250362 -0.968152 0.000000
vn -0.174229 -0.924529 -0.338954
vn -0.767297 -0.641292 0.000000
vn -0.174229 -0.924529 -0.338954
vn -0.405588 -0.461404 -0.789053
vn -0.405588 -0.461404 -0.789053
vn -0.174229 -0.924529 -0.338954
vn -0.000000 -0.870903 -0.491455
vn -0.405588 -0.461404 -0.789053
vn -0.000000 -0.870903 -0.491455
vn -0.000000 -0.398182 -0.917307
vn -0.000000 -0.398182 -0.917307
vn -0.000000 -0.870903 -0.491455
vn 0.196076 -0.903352 -0.381457
vn -0.000000 -0.398182 -0.917307
vn 0.196076 -0.903352 -0.381457
vn 0.402370 -0.474695 -0.782792
vn 0.402370 -0.474695 -0.782792
vn 0.196076 -0.903352 -0.381457
vn 0.261954 -0.965080 -0.000000
vn 0.402370 -0.474695 -0.782792
vn 0.261954 -0.965080 -0.000000
vn 0.764818 -0.644246 -0.000000
vn 0.264335 -0.964431 0.000000
vn 0.000000 -1.000000 0.000000
vn 0.000000 -1.000000 0.000000
vn 0.264335 -0.964431 0.000000
vn 0.000000 -1.000000 0.000000
vn 0.192348 -0.907179 0.374204
vn 0.192348 -0.907179 0.374204
vn 0.000000 -1.000000 0.000000
vn 0.000000 -1.000000 0.000000
vn 0.192348 -0.907179 0.374204
vn 0.000000 -1.000000 0.000000
vn 0.000000 -0.888881 0.458138
vn 0.000000 -0.888881 0.458138
vn 0.000000 -1.000000 0.000000
vn -0.000000 -1.000000 0.000000
vn 0.000000 -0.888881 0.458138
vn -0.000000 -1.000000 0.000000
vn -0.188927 -0.910612 0.367549
vn -0.188927 -0.910612 0.367549
vn -0.000000 -1.000000 0.000000
vn -0.000000 -1.000000 0.000000
vn -0.188927 -0.910612 0.367549
vn -0.000000 -1.000000 0.000000
vn -0.250362 -0.968152 0.000000
vn -0.250362 -0.968152 0.000000
vn -0.000000 -1.000000 0.000000
vn -0.000000 -1.000000 -0.000000
vn -0.250362 -0.968152 0.000000
vn -0.000000 -1.000000 -0.000000
vn -0.174229 -0.924529 -0.338954
vn -0.174229 -0.924529 -0.338954
vn -0.000000 -1.000000 -0.000000
vn -0.000000 -1.000000 -0.000000
vn -0.174229 -0.924529 -0.338954
vn -0.000000 -1.000000 -0.000000
vn -0.000000 -0.870903 -0.491455
vn -0.000000 -0.870903 -0.491455
vn -0.000000 -1.000000 -0.000000
vn 0.000000 -1.000000 -0.000000
vn -0.000000 -0.870903 -0.491455
vn 0.000000 -1.000000 -0.000000
vn 0.196076 -0.903352 -0.381457
vn 0.196076 -0.903352 -0.381457
vn 0.000000 -1.000000 -0.000000
vn 0.000000 -1.000000 -0.000000
vn 0.196076 -0.903352 -0.381457
vn 0.000000 -1.000000 -0.000000
vn 0.261954 -0.965080 -0.000000
usemtl water
f 1/1/1 2/2/2 3/3/3
usemtl shallows
f 4/4/4 5/5/5 6/6/6
f 7/7/7 8/8/8 9/9/9
usemtl water
f 10/10/10 11/11/11 12/12/12
usemtl shallows
f 13/13/13 14/14/14 15/15/15
f 16/16/16 17/17/17 18/18/18
usemtl water
f 19/19/19 20/20/20 21/21/21
usemtl shallows
f 22/22/22 23/23/23 24/24/24
f 25/25/25 26/26/26 27/27/27
usemtl water
f 28/28/28 29/29/29 30/30/30
usemtl shallows
f 31/31/31 32/32/32 33/33/33
f 34/34/34 35/35/35 36/36/36
usemtl water
f 37/37/37 38/38/38 39/39/39
usemtl shallows
f 40/40/40 41/41/41 42/42/42
f 43/43/43 44/44/44 45/45/45
usemtl water
f 46/46/46 47/47/47 48/48/48
usemtl shallows
f 49/49/49 50/50/50 51/51/51
f 52/52/52 53/53/53 54/54/54
usemtl water
f 55/55/55 56/56/56 57/57/57
usemtl shallows
f 58/58/58 59/59/59 60/60/60
f 61/61/61 62/62/62 63/63/63
usemtl water
f 64/64/64 65/65/65 66/66/66
usemtl shallows
f 67/67/67 68/68/68 69/69/69
f 70/70/70 71/71/71 72/72/72
usemtl water
f 73/73/73 74/74/74 75/75/75
usemtl shallows
f 76/76/76 77/77/77 78/78/78
f 79/79/79 80/80/80 81/81/81
usemtl water
f 82/82/82 83/83/83 84/84/84
usemtl shallows
f 85/85/85 86/86/86 87/87/87
f 88/88/88 89/89/89 90/90/90
usemtl water
f 91/91/91 92/92/92 93/93/93
usemtl shallows
f 94/94/94 95/95/95 96/96/96
f 97/97/97 98/98/98 99/99/99
usemtl water
f 100/100/100 101/101/101 102/102/102
usemtl shallows
f 103/103/103 104/104/104 105/105/105
f 106/106/106 107/107/107 108/108/108
usemtl water
f 109/109/109 110/110/110 111/111/111
usemtl shallows
f 112/112/112 113/113/113 114/114/114
f 115/115/115 116/116/116 117/117/117
usemtl water
f 118/118/118 119/119/119 120/120/120
usemtl shallows
f 121/121/121 122/122/122 123/123/123
f 124/124/124 125/125/125 126/126/126
usemtl water
f 127/127/127 128/128/128 129/129/129
usemtl shallows
f 130/130/130 131/131/131 132/132/132
f 133/133/133 134/134/134 135/135/135
usemtl water
f 136/136/136 137/137/137 138/138/138
usemtl shallows
f 139/139/139 140/140/140 141/141/141
f 142/142/142 143/143/143 144/144/144
usemtl water
f 145/145/145 146/146/146 147/147/147
usemtl shallows
f 148/148/148 149/149/149 150/150/150
f 151/151/151 152/152/152 153/153/153
usemtl water
f 154/154/154 155/155/155 156/156/156
usemtl shallows
f 157/157/157 158/158/158 159/159/159
f 160/160/160 161/161/161 162/162/162
usemtl water
f 163/163/163 164/164/164 165/165/165
usemtl shallows
f 166/166/166 167/167/167 168/168/168
f 169/169/169 170/170/170 171/171/171
usemtl water
f 172/172/172 173/173/173 174/174/174
usemtl shallows
f 175/175/175 176/176/176 177/177/177
f 178/178/178 179/179/179 180/180/180
usemtl water
f 181/181/181 182/182/182 183/183/183
usemtl shallows
f 184/184/184 185/185/185 186/186/186
f 187/187/187 188/188/188 189/189/189
usemtl water
f 190/190/190 191/191/191 192/192/192
usemtl shallows
f 193/193/193 194/194/194 195/195/195
f 196/196/196 197/197/197 198/198/198
usemtl water
f 199/199/199 200/200/200 201/201/201
usemtl shallows
f 202/202/202 203/203/203 204/204/204
f 205/205/205 206/206/206 207/207/207
usemtl water
f 208/208/208 209/209/209 210/210/210
usemtl shallows
f 211/211/211 212/212/212 213/213/213
f 214/214/214 215/215/215 216/216/216
usemtl water
f 217/217/217 218/218/218 219/219/219
usemtl shallows
f 220/220/220 221/221/221 222/222/222
f 223/223/223 224/224/224 225/225/225
usemtl water
f 226/226/226 227/227/227 228/228/228
usemtl shallows
f 229/229/229 230/230/230 231/231/231
f 232/232/232 233/233/233 234/234/234
usemtl water
f 235/235/235 236/236/236 237/237/237
usemtl shallows
f 238/238/238 239/239/239 240/240/240
f 241/241/241 242/242/242 243/243/243
usemtl water
f 244/244/244 245/245/245 246/246/246
usemtl shallows
f 247/247/247 248/248/248 249/249/249
f 250/250/250 251/251/251 252/252/252
usemtl water
f 253/253/253 254/254/254 255/255/255
usemtl shallows
f 256/256/256 257/257/257 258/258/258
f 259/259/259 260/260/260 261/261/261
usemtl water
f 262/262/262 263/263/263 264/264/264
usemtl shallows
f 265/265/265 266/266/266 267/267/267
f 268/268/268 269/269/269 270/270/270
usemtl water
f 271/271/271 272/272/272 273/273/273
usemtl shallows
f 274/274/274 275/275/275 276/276/276
f 277/277/277 278/278/278 279/279/279
usemtl water
f 280/280/280 281/281/281 282/282/282
usemtl shallows
f 283/283/283 284/284/284 285/285/285
f 286/286/286 287/287/287 288/288/288
usemtl water
f 289/289/289 290/290/290 291/291/291
usemtl shallows
f 292/292/292 293/293/293 294/294/294
f 295/295/295 296/296/296 297/297/297
usemtl water
f 298/298/298 299/299/299 300/300/300
usemtl shallows
f 301/301/301 302/302/302 303/303/303
f 304/304/304 305/305/305 306/306/306
usemtl water
f 307/307/307 308/308/308 309/309/309
usemtl shallows
f 310/310/310 311/311/311 312/312/312
f 313/313/313 314/314/314 315/315/315
usemtl water
f 316/316/316 317/317/317 318/318/318
usemtl shallows
f 319/319/319 320/320/320 321/321/321
f 322/322/322 323/323/323 324/324/324
usemtl water
f 325/325/325 326/326/326 327/327/327
usemtl shallows
f 328/328/328 329/329/329 330/330/330
f 331/331/331 332/332/332 333/333/333
usemtl water
f 334/334/334 335/335/335 336/336/336
usemtl shallows
f 337/337/337 338/338/338 339/339/339
f 340/340/340 341/341/341 342/342/342
usemtl water
f 343/343/343 344/344/344 345/345/345
usemtl shallows
f 346/346/346 347/347/347 348/348/348
f 349/349/349 350/350/350 351/351/351
usemtl water
f 352/352/352 353/353/353 354/354/354
usemtl shallows
f 355/355/355 356/356/356 357/357/357
f 358/358/358 359/359/359 360/360/360
usemtl water
f 361/361/361 362/362/362 363/363/363
usemtl shallows
f 364/364/364 365/365/365 366/366/366
f 367/367/367 368/368/368 369/369/369
usemtl water
f 370/370/370 371/371/371 372/372/372
usemtl shallows
f 373/373/373 374/374/374 375/375/375
f 376/376/376 377/377/377 378/378/378
usemtl water
f 379/379/379 380/380/380 381/381/381
usemtl shallows
f 382/382/382 383/383/383 384/384/384
f 385/385/385 386/386/386 387/387/387
usemtl water
f 388/388/388 389/389/389 390/390/390
usemtl shallows
f 391/391/391 392/392/392 393/393/393
f 394/394/394 395/395/395 396/396/396
usemtl water
f 397/397/397 398/398/398 399/399/399
usemtl shallows
f 400/400/400 401/401/401 402/402/402
f 403/403/403 404/404/404 405/405/405
usemtl water
f 406/406/406 407/407/407 408/408/408
usemtl shallows
f 409/409/409 410/410/410 411/411/411
f 412/412/412 413/413/413 414/414/414
usemtl water
f 415/415/415 416/416/416 417/417/417
usemtl shallows
f 418/418/418 419/419/419 420/420/420
f 421/421/421 422/422/422 423/423/423
usemtl water
f 424/424/424 425/425/425 426/426/426
usemtl shallows
f 427/427/427 428/428/428 429/429/429
f 430/430/430 431/431/431 432/432/432
usemtl water
f 433/433/433 434/434/434 435/435/435
usemtl shallows
f 436/436/436 437/437/437 438/438/438
f 439/439/439 440/440/440 441/441/441
usemtl water
f 442/442/442 443/443/443 444/444/444
usemtl shallows
f 445/445/445 446/446/446 447/447/447
f 448/448/448 449/449/449 450/450/450
usemtl water
f 451/451/451 452/452/452 453/453/453
usemtl shallows
f 454/454/454 455/455/455 456/456/456
f 457/457/457 458/458/458 459/459/459
usemtl water
f 460/460/460 461/461/461 462/462/462
usemtl shallows
f 463/463/463 464/464/464 465/465/465
f 466/466/466 467/467/467 468/468/468
usemtl water
f 469/469/469 470/470/470 471/471/471
usemtl shallows
f 472/472/472 473/473/473 474/474/474
f 475/475/475 476/476/476 477/477/477
usemtl water
f 478/478/478 479/479/479 480/480/480
usemtl shallows
f 481/481/481 482/482/482 483/483/483
f 484/484/484 485/485/485 486/486/486
usemtl water
f 487/487/487 488/488/488 489/489/489
usemtl shallows
f 490/490/490 491/491/491 492/492/492
f 493/493/493 494/494/494 495/495/495
usemtl water
f 496/496/496 497/497/497 498/498/498
usemtl shallows
f 499/499/499 500/500/500 501/501/501
f 502/502/502 503/503/503 504/504/504
usemtl water
f 505/505/505 506/506/506 507/507/507
usemtl shallows
f 508/508/508 509/509/509 510/510/510
f 511/511/511 512/512/512 513/513/513
usemtl water
f 514/514/514 515/515/515 516/516/516
usemtl shallows
f 517/517/517 518/518/518 519/519/519
f 520/520/520 521/521/521 522/522/522
usemtl water
f 523/523/523 524/524/524 525/525/525
usemtl shallows
f 526/526/526 527/527/527 528/528/528
f 529/529/529 530/530/530 531/531/531
usemtl water
f 532/532/532 533/533/533 534/534/534
usemtl shallows
f 535/535/535 536/536/536 537/537/537
f 538/538/538 539/539/539 540/540/540
usemtl water
f 541/541/541 542/542/542 543/543/543
usemtl shallows
f 544/544/544 545/545/545 546/546/546
f 547/547/547 548/548/548 549/549/549
usemtl water
f 550/550/550 551/551/551 552/552/552
usemtl shallows
f 553/553/553 554/554/554 555/555/555
f 556/556/556 557/557/557 558/558/558
usemtl water
f 559/559/559 560/560/560 561/561/561
usemtl shallows
f 562/562/562 563/563/563 564/564/564
f 565/565/565 566/566/566 567/567/567
usemtl water
f 568/568/568 569/569/569 570/570/570
usemtl shallows
f 571/571/571 572/572/572 573/573/573
f 574/574/574 575/575/575 576/576/576
usemtl rock
f 577/577/577 578/578/578 579/579/579
f 580/580/580 581/581/581 582/582/582
f 583/583/583 584/584/584 585/585/585
f 586/586/586 587/587/587 588/588/588
f 589/589/589 590/590/590 591/591/591
f 592/592/592 593/593/593 594/594/594
f 595/595/595 596/596/596 597/597/597
f 598/598/598 599/599/599 600/600/600
f 601/601/601 602/602/602 603/603/603
f 604/604/604 605/605/605 606/606/606
f 607/607/607 608/608/608 609/609/609
f 610/610/610 611/611/611 612/612/612
f 613/613/613 614/614/614 615/615/615
f 616/616/616 617/617/617 618/618/618
f 619/619/619 620/620/620 621/621/621
f 622/622/622 623/623/623 624/624/624
f 625/625/625 626/626/626 627/627/627
f 628/628/628 629/629/629 630/630/630
f 631/631/631 632/632/632 633/633/633
f 634/634/634 635/635/635 636/636/636
f 637/637/637 638/638/638 639/639/639
f 640/640/640 641/641/641 642/642/642
f 643/643/643 644/644/644 645/645/645
f 646/646/646 647/647/647 648/648/648
f 649/649/649 650/650/650 651/651/651
f 652/652/652 653/653/653 654/654/654
f 655/655/655 656/656/656 657/657/657
f 658/658/658 659/659/659 660/660/660
f 661/661/661 662/662/662 663/663/663
f 664/664/664 665/665/665 666/666/666
f 667/667/667 668/668/668 669/669/669
f 670/670/670 671/671/671 672/672/672
f 673/673/673 674/674/674 675/675/675
f 676/676/676 677/677/677 678/678/678
f 679/679/679 680/680/680 681/681/681
f 682/682/682 683/683/683 684/684/684
f 685/685/685 686/686/686 687/687/687
f 688/688/688 689/689/689 690/690/690
f 691/691/691 692/692/692 693/693/693
f 694/694/694 695/695/695 696/696/696
f 697/697/697 698/698/698 699/699/699
f 700/700/700 701/701/701 702/702/702
f 703/703/703 704/704/704 705/705/705
f 706/706/706 707/707/707 708/708/708
f 709/709/709 710/710/710 711/711/711
f 712/712/712 713/713/713 714/714/714
f 715/715/715 716/716/716 717/717/717
f 718/718/718 719/719/719 720/720/720
f 721/721/721 722/722/722 723/723/723
f 724/724/724 725/725/725 726/726/726
f 727/727/727 728/728/728 729/729/729
f 730/730/730 731/731/731 732/732/732
f 733/733/733 734/734/734 735/735/735
f 736/736/736 737/737/737 738/738/738
f 739/739/739 740/740/740 741/741/741
f 742/742/742 743/743/743 744/744/744
f 745/745/745 746/746/746 747/747/747
f 748/748/748 749/749/749 750/750/750
f 751/751/751 752/752/752 753/753/753
f 754/754/754 755/755/755 756/756/756
f 757/757/757 758/758/758 759/759/759
f 760/760/760 761/761/761 762/762/762
f 763/763/763 764/764/764 765/765/765
f 766/766/766 767/767/767 768/768/768
f 769/769/769 770/770/770 771/771/771
f 772/772/772 773/773/773 774/774/774
f 775/775/775 776/776/776 777/777/777
f 778/778/778 779/779/779 780/780/780
f 781/781/781 782/782/782 783/783/783
f 784/784/784 785/785/785 786/786/786
f 787/787/787 788/788/788 789/789/789
f 790/790/790 791/791/791 792/792/792
f 793/793/793 794/794/794 795/795/795
f 796/796/796 797/797/797 798/798/798
f 799/799/799 800/800/800 801/801/801
f 802/802/802 803/803/803 804/804/804
f 805/805/805 806/806/806 807/807/807
f 808/808/808 809/809/809 810/810/810
f 811/811/811 812/812/812 813/813/813
f 814/814/814 815/815/815 816/816/816
usemtl reed
f 817/817/817 818/818/818 819/819/819
f 820/820/820 821/821/821 822/822/822
f 823/823/823 824/824/824 825/825/825
f 826/826/826 827/827/827 828/828/828
f 829/829/829 830/830/830 831/831/831
f 832/832/832 833/833/833 834/834/834
f 835/835/835 836/836/836 837/837/837
f 838/838/838 839/839/839 840/840/840
f 841/841/841 842/842/842 843/843/843
f 844/844/844 845/845/845 846/846/846
f 847/847/847 848/848/848 849/849/849
f 850/850/850 851/851/851 852/852/852
f 853/853/853 854/854/854 855/855/855
f 856/856/856 857/857/857 858/858/858
f 859/859/859 860/860/860 861/861/861
f 862/862/862 863/863/863 864/864/864
f 865/865/865 866/866/866 867/867/867
f 868/868/868 869/869/869 870/870/870
f 871/871/871 872/872/872 873/873/873
f 874/874/874 875/875/875 876/876/876
f 877/877/877 878/878/878 879/879/879
f 880/880/880 881/881/881 882/882/882
f 883/883/883 884/884/884 885/885/885
f 886/886/886 887/887/887 888/888/888
f 889/889/889 890/890/890 891/891/891
f 892/892/892 893/893/893 894/894/894
f 895/895/895 896/896/896 897/897/897
f 898/898/898 899/899/899 900/900/900
f 901/901/901 902/902/902 903/903/903
f 904/904/904 905/905/905 906/906/906
f 907/907/907 908/908/908 909/909/909
f 910/910/910 911/911/911 912/912/912
f 913/913/913 914/914/914 915/915/915
f 916/916/916 917/917/917 918/918/918
f 919/919/919 920/920/920 921/921/921
f 922/922/922 923/923/923 924/924/924
f 925/925/925 926/926/926 927/927/927
f 928/928/928 929/929/929 930/930/930
f 931/931/931 932/932/932 933/933/933
f 934/934/934 935/935/935 936/936/936
f 937/937/937 938/938/938 939/939/939
f 940/940/940 941/941/941 942/942/942
f 943/943/943 944/944/944 945/945/945
f 946/946/946 947/947/947 948/948/948
f 949/949/949 950/950/950 951/951/951
f 952/952/952 953/953/953 954/954/954
f 955/955/955 956/956/956 957/957/957
f 958/958/958 959/959/959 960/960/960
f 961/961/961 962/962/962 963/963/963
f 964/964/964 965/965/965 966/966/966
f 967/967/967 968/968/968 969/969/969
f 970/970/970 971/971/971 972/972/972
f 973/973/973 974/974/974 975/975/975
f 976/976/976 977/977/977 978/978/978
f 979/979/979 980/980/980 981/981/981
f 982/982/982 983/983/983 984/984/984
f 985/985/985 986/986/986 987/987/987
f 988/988/988 989/989/989 990/990/990
f 991/991/991 992/992/992 993/993/993
f 994/994/994 995/995/995 996/996/996
f 997/997/997 998/998/998 999/999/999
f 1000/1000/1000 1001/1001/1001 1002/1002/1002
f 1003/1003/1003 1004/1004/1004 1005/1005/1005
f 1006/1006/1006 1007/1007/1007 1008/1008/1008
f 1009/1009/1009 1010/1010/1010 1011/1011/1011
f 1012/1012/1012 1013/1013/1013 1014/1014/1014
f 1015/1015/1015 1016/1016/1016 1017/1017/1017
f 1018/1018/1018 1019/1019/1019 1020/1020/1020
f 1021/1021/1021 1022/1022/1022 1023/1023/1023
f 1024/1024/1024 1025/1025/1025 1026/1026/1026
f 1027/1027/1027 1028/1028/1028 1029/1029/1029
f 1030/1030/1030 1031/1031/1031 1032/1032/1032
f 1033/1033/1033 1034/1034/1034 1035/1035/1035
f 1036/1036/1036 1037/1037/1037 1038/1038/1038
f 1039/1039/1039 1040/1040/1040 1041/1041/1041
f 1042/1042/1042 1043/1043/1043 1044/1044/1044
f 1045/1045/1045 1046/1046/1046 1047/1047/1047
f 1048/1048/1048 1049/1049/1049 1050/1050/1050
f 1051/1051/1051 1052/1052/1052 1053/1053/1053
f 1054/1054/1054 1055/1055/1055 1056/1056/1056
f 1057/1057/1057 1058/1058/1058 1059/1059/1059
f 1060/1060/1060 1061/1061/1061 1062/1062/1062
f 1063/1063/1063 1064/1064/1064 1065/1065/1065
f 1066/1066/1066 1067/1067/1067 1068/1068/1068
f 1069/1069/1069 1070/1070/1070 1071/1071/1071
f 1072/1072/1072 1073/1073/1073 1074/1074/1074
f 1075/1075/1075 1076/1076/1076 1077/1077/1077
f 1078/1078/1078 1079/1079/1079 1080/1080/1080
f 1081/1081/1081 1082/1082/1082 1083/1083/1083
f 1084/1084/1084 1085/1085/1085 1086/1086/1086
f 1087/1087/1087 1088/1088/1088 1089/1089/1089
f 1090/1090/1090 1091/1091/1091 1092/1092/1092
f 1093/1093/1093 1094/1094/1094 1095/1095/1095
f 1096/1096/1096 1097/1097/1097 1098/1098/1098
f 1099/1099/1099 1100/1100/1100 1101/1101/1101
f 1102/1102/1102 1103/1103/1103 1104/1104/1104
f 1105/1105/1105 1106/1106/1106 1107/1107/1107
f 1108/1108/1108 1109/1109/1109 1110/1110/1110
f 1111/1111/1111 1112/1112/1112 1113/1113/1113
f 1114/1114/1114 1115/1115/1115 1116/1116/1116
usemtl rock
f 1117/1117/1117 1118/1118/1118 1119/1119/1119
f 1120/1120/1120 1121/1121/1121 1122/1122/1122
f 1123/1123/1123 1124/1124/1124 1125/1125/1125
f 1126/1126/1126 1127/1127/1127 1128/1128/1128
f 1129/1129/1129 1130/1130/1130 1131/1131/1131
f 1132/1132/1132 1133/1133/1133 1134/1134/1134
f 1135/1135/1135 1136/1136/1136 1137/1137/1137
f 1138/1138/1138 1139/1139/1139 1140/1140/1140
f 1141/1141/1141 1142/1142/1142 1143/1143/1143
f 1144/1144/1144 1145/1145/1145 1146/1146/1146
f 1147/1147/1147 1148/1148/1148 1149/1149/1149
f 1150/1150/1150 1151/1151/1151 1152/1152/1152
f 1153/1153/1153 1154/1154/1154 1155/1155/1155
f 1156/1156/1156 1157/1157/1157 1158/1158/1158
f 1159/1159/1159 1160/1160/1160 1161/1161/1161
f 1162/1162/1162 1163/1163/1163 1164/1164/1164
f 1165/1165/1165 1166/1166/1166 1167/1167/1167
f 1168/1168/1168 1169/1169/1169 1170/1170/1170
f 1171/1171/1171 1172/1172/1172 1173/1173/1173
f 1174/1174/1174 1175/1175/1175 1176/1176/1176
f 1177/1177/1177 1178/1178/1178 1179/1179/1179
f 1180/1180/1180 1181/1181/1181 1182/1182/1182
f 1183/1183/1183 1184/1184/1184 1185/1185/1185
f 1186/1186/1186 1187/1187/1187 1188/1188/1188
f 1189/1189/1189 1190/1190/1190 1191/1191/1191
f 1192/1192/1192 1193/1193/1193 1194/1194/1194
f 1195/1195/1195 1196/1196/1196 1197/1197/1197
f 1198/1198/1198 1199/1199/1199 1200/1200/1200
f 1201/1201/1201 1202/1202/1202 1203/1203/1203
f 1204/1204/1204 1205/1205/1205 1206/1206/1206
f 1207/1207/1207 1208/1208/1208 1209/1209/1209
f 1210/1210/1210 1211/1211/1211 1212/1212/1212
f 1213/1213/1213 1214/1214/1214 1215/1215/1215
f 1216/1216/1216 1217/1217/1217 1218/1218/1218
f 1219/1219/1219 1220/1220/1220 1221/1221/1221
f 1222/1222/1222 1223/1223/1223 1224/1224/1224
f 1225/1225/1225 1226/1226/1226 1227/1227/1227
f 1228/1228/1228 1229/1229/1229 1230/1230/1230
f 1231/1231/1231 1232/1232/1232 1233/1233/1233
f 1234/1234/1234 1235/1235/1235 1236/1236/1236
f 1237/1237/1237 1238/1238/1238 1239/1239/1239
f 1240/1240/1240 1241/1241/1241 1242/1242/1242
f 1243/1243/1243 1244/1244/1244 1245/1245/1245
f 1246/1246/1246 1247/1247/1247 1248/1248/1248
f 1249/1249/1249 1250/1250/1250 1251/1251/1251
f 1252/1252/1252 1253/1253/1253 1254/1254/1254
f 1255/1255/1255 1256/1256/1256 1257/1257/1257
f 1258/1258/1258 1259/1259/1259 1260/1260/1260
f 1261/1261/1261 1262/1262/1262 1263/1263/1263
f 1264/1264/1264 1265/1265/1265 1266/1266/1266
f 1267/1267/1267 1268/1268/1268 1269/1269/1269
f 1270/1270/1270 1271/1271/1271 1272/1272/1272
f 1273/1273/1273 1274/1274/1274 1275/1275/1275
f 1276/1276/1276 1277/1277/1277 1278/1278/1278
f 1279/1279/1279 1280/1280/1280 1281/1281/1281
f 1282/1282/1282 1283/1283/1283 1284/1284/1284
f 1285/1285/1285 1286/1286/1286 1287/1287/1287
f 1288/1288/1288 1289/1289/1289 1290/1290/1290
f 1291/1291/1291 1292/1292/1292 1293/1293/1293
f 1294/1294/1294 1295/1295/1295 1296/1296/1296
f 1297/1297/1297 1298/1298/1298 1299/1299/1299
f 1300/1300/1300 1301/1301/1301 1302/1302/1302
f 1303/1303/1303 1304/1304/1304 1305/1305/1305
f 1306/1306/1306 1307/1307/1307 1308/1308/1308
f 1309/1309/1309 1310/1310/1310 1311/1311/1311
f 1312/1312/1312 1313/1313/1313 1314/1314/1314
f 1315/1315/1315 1316/1316/1316 1317/1317/1317
f 1318/1318/1318 1319/1319/1319 1320/1320/1320
f 1321/1321/1321 1322/1322/1322 1323/1323/1323
f 1324/1324/1324 1325/1325/1325 1326/1326/1326
f 1327/1327/1327 1328/1328/1328 1329/1329/1329
f 1330/1330/1330 1331/1331/1331 1332/1332/1332
f 1333/1333/1333 1334/1334/1334 1335/1335/1335
f 1336/1336/1336 1337/1337/1337 1338/1338/1338
f 1339/1339/1339 1340/1340/1340 1341/1341/1341
f 1342/1342/1342 1343/1343/1343 1344/1344/1344
f 1345/1345/1345 1346/1346/1346 1347/1347/1347
f 1348/1348/1348 1349/1349/1349 1350/1350/1350
f 1351/1351/1351 1352/1352/1352 1353/1353/1353
f 1354/1354/1354 1355/1355/1355 1356/1356/1356
f 1357/1357/1357 1358/1358/1358 1359/1359/1359
f 1360/1360/1360 1361/1361/1361 1362/1362/1362
f 1363/1363/1363 1364/1364/1364 1365/1365/1365
f 1366/1366/1366 1367/1367/1367 1368/1368/1368
f 1369/1369/1369 1370/1370/1370 1371/1371/1371
f 1372/1372/1372 1373/1373/1373 1374/1374/1374
f 1375/1375/1375 1376/1376/1376 1377/1377/1377
f 1378/1378/1378 1379/1379/1379 1380/1380/1380
f 1381/1381/1381 1382/1382/1382 1383/1383/1383
f 1384/1384/1384 1385/1385/1385 1386/1386/1386
f 1387/1387/1387 1388/1388/1388 1389/1389/1389
f 1390/1390/1390 1391/1391/1391 1392/1392/1392
f 1393/1393/1393 1394/1394/1394 1395/1395/1395
f 1396/1396/1396 1397/1397/1397 1398/1398/1398
f 1399/1399/1399 1400/1400/1400 1401/1401/1401
f 1402/1402/1402 1403/1403/1403 1404/1404/1404
f 1405/1405/1405 1406/1406/1406 1407/1407/1407
f 1408/1408/1408 1409/1409/1409 1410/1410/1410
f 1411/1411/1411 1412/1412/1412 1413/1413/1413
f 1414/1414/1414 1415/1415/1415 1416/1416/1416
f 1417/1417/1417 1418/1418/1418 1419/1419/1419
f 1420/1420/1420 1421/1421/1421 1422/1422/1422
f 1423/1423/1423 1424/1424/1424 1425/1425/1425
f 1426/1426/1426 1427/1427/1427 1428/1428/1428
f 1429/1429/1429 1430/1430/1430 1431/1431/1431
f 1432/1432/1432 1433/1433/1433 1434/1434/1434
f 1435/1435/1435 1436/1436/1436 1437/1437/1437
f 1438/1438/1438 1439/1439/1439 1440/1440/1440
f 1441/1441/1441 1442/1442/1442 1443/1443/1443
f 1444/1444/1444 1445/1445/1445 1446/1446/1446
f 1447/1447/1447 1448/1448/1448 1449/1449/1449
f 1450/1450/1450 1451/1451/1451 1452/1452/1452
f 1453/1453/1453 1454/1454/1454 1455/1455/1455
f 1456/1456/1456 1457/1457/1457 1458/1458/1458
f 1459/1459/1459 1460/1460/1460 1461/1461/1461
f 1462/1462/1462 1463/1463/1463 1464/1464/1464
f 1465/1465/1465 1466/1466/1466 1467/1467/1467
f 1468/1468/1468 1469/1469/1469 1470/1470/1470
f 1471/1471/1471 1472/1472/1472 1473/1473/1473
f 1474/1474/1474 1475/1475/1475 1476/1476/1476
f 1477/1477/1477 1478/1478/1478 1479/1479/1479
f 1480/1480/1480 1481/1481/1481 1482/1482/1482
f 1483/1483/1483 1484/1484/1484 1485/1485/1485
f 1486/1486/1486 1487/1487/1487 1488/1488/1488
f 1489/1489/1489 1490/1490/1490 1491/1491/1491
f 1492/1492/1492 1493/1493/1493 1494/1494/1494
f 1495/1495/1495 1496/1496/1496 1497/1497/1497
f 1498/1498/1498 1499/1499/1499 1500/1500/1500
f 1501/1501/1501 1502/1502/1502 1503/1503/1503
f 1504/1504/1504 1505/1505/1505 1506/1506/1506
f 1507/1507/1507 1508/1508/1508 1509/1509/1509
f 1510/1510/1510 1511/1511/1511 1512/1512/1512
f 1513/1513/1513 1514/1514/1514 1515/1515/1515
f 1516/1516/1516 1517/1517/1517 1518/1518/1518
f 1519/1519/1519 1520/1520/1520 1521/1521/1521
f 1522/1522/1522 1523/1523/1523 1524/1524/1524
f 1525/1525/1525 1526/1526/1526 1527/1527/1527
f 1528/1528/1528 1529/1529/1529 1530/1530/1530
f 1531/1531/1531 1532/1532/1532 1533/1533/1533
f 1534/1534/1534 1535/1535/1535 1536/1536/1536
f 1537/1537/1537 1538/1538/1538 1539/1539/1539
f 1540/1540/1540 1541/1541/1541 1542/1542/1542
f 1543/1543/1543 1544/1544/1544 1545/1545/1545
f 1546/1546/1546 1547/1547/1547 1548/1548/1548
f 1549/1549/1549 1550/1550/1550 1551/1551/1551
f 1552/1552/1552 1553/1553/1553 1554/1554/1554
f 1555/1555/1555 1556/1556/1556 1557/1557/1557
f 1558/1558/1558 1559/1559/1559 1560/1560/1560
f 1561/1561/1561 1562/1562/1562 1563/1563/1563
f 1564/1564/1564 1565/1565/1565 1566/1566/1566
f 1567/1567/1567 1568/1568/1568 1569/1569/1569
f 1570/1570/1570 1571/1571/1571 1572/1572/1572
f 1573/1573/1573 1574/1574/1574 1575/1575/1575
f 1576/1576/1576 1577/1577/1577 1578/1578/1578
f 1579/1579/1579 1580/1580/1580 1581/1581/1581
f 1582/1582/1582 1583/1583/1583 1584/1584/1584
f 1585/1585/1585 1586/1586/1586 1587/1587/1587
f 1588/1588/1588 1589/1589/1589 1590/1590/1590
f 1591/1591/1591 1592/1592/1592 1593/1593/1593
f 1594/1594/1594 1595/1595/1595 1596/1596/1596
usemtl reed
f 1597/1597/1597 1598/1598/1598 1599/1599/1599
f 1600/1600/1600 1601/1601/1601 1602/1602/1602
f 1603/1603/1603 1604/1604/1604 1605/1605/1605
f 1606/1606/1606 1607/1607/1607 1608/1608/1608
f 1609/1609/1609 1610/1610/1610 1611/1611/1611
f 1612/1612/1612 1613/1613/1613 1614/1614/1614
f 1615/1615/1615 1616/1616/1616 1617/1617/1617
f 1618/1618/1618 1619/1619/1619 1620/1620/1620
f 1621/1621/1621 1622/1622/1622 1623/1623/1623
f 1624/1624/1624 1625/1625/1625 1626/1626/1626
f 1627/1627/1627 1628/1628/1628 1629/1629/1629
f 1630/1630/1630 1631/1631/1631 1632/1632/1632
f 1633/1633/1633 1634/1634/1634 1635/1635/1635
f 1636/1636/1636 1637/1637/1637 1638/1638/1638
f 1639/1639/1639 1640/1640/1640 1641/1641/1641
f 1642/1642/1642 1643/1643/1643 1644/1644/1644
f 1645/1645/1645 1646/1646/1646 1647/1647/1647
f 1648/1648/1648 1649/1649/1649 1650/1650/1650
f 1651/1651/1651 1652/1652/1652 1653/1653/1653
f 1654/1654/1654 1655/1655/1655 1656/1656/1656
f 1657/1657/1657 1658/1658/1658 1659/1659/1659
f 1660/1660/1660 1661/1661/1661 1662/1662/1662
f 1663/1663/1663 1664/1664/1664 1665/1665/1665
f 1666/1666/1666 1667/1667/1667 1668/1668/1668
f 1669/1669/1669 1670/1670/1670 1671/1671/1671
f 1672/1672/1672 1673/1673/1673 1674/1674/1674
f 1675/1675/1675 1676/1676/1676 1677/1677/1677
f 1678/1678/1678 1679/1679/1679 1680/1680/1680
f 1681/1681/1681 1682/1682/1682 1683/1683/1683
f 1684/1684/1684 1685/1685/1685 1686/1686/1686
f 1687/1687/1687 1688/1688/1688 1689/1689/1689
f 1690/1690/1690 1691/1691/1691 1692/1692/1692
f 1693/1693/1693 1694/1694/1694 1695/1695/1695
f 1696/1696/1696 1697/1697/1697 1698/1698/1698
f 1699/1699/1699 1700/1700/1700 1701/1701/1701
f 1702/1702/1702 1703/1703/1703 1704/1704/1704
f 1705/1705/1705 1706/1706/1706 1707/1707/1707
f 1708/1708/1708 1709/1709/1709 1710/1710/1710
f 1711/1711/1711 1712/1712/1712 1713/1713/1713
f 1714/1714/1714 1715/1715/1715 1716/1716/1716
f 1717/1717/1717 1718/1718/1718 1719/1719/1719
f 1720/1720/1720 1721/1721/1721 1722/1722/1722
f 1723/1723/1723 1724/1724/1724 1725/1725/1725
f 1726/1726/1726 1727/1727/1727 1728/1728/1728
f 1729/1729/1729 1730/1730/1730 1731/1731/1731
f 1732/1732/1732 1733/1733/1733 1734/1734/1734
f 1735/1735/1735 1736/1736/1736 1737/1737/1737
f 1738/1738/1738 1739/1739/1739 1740/1740/1740
f 1741/1741/1741 1742/1742/1742 1743/1743/1743
f 1744/1744/1744 1745/1745/1745 1746/1746/1746
f 1747/1747/1747 1748/1748/1748 1749/1749/1749
f 1750/1750/1750 1751/1751/1751 1752/1752/1752
f 1753/1753/1753 1754/1754/1754 1755/1755/1755
f 1756/1756/1756 1757/1757/1757 1758/1758/1758
f 1759/1759/1759 1760/1760/1760 1761/1761/1761
f 1762/1762/1762 1763/1763/1763 1764/1764/1764
f 1765/1765/1765 1766/1766/1766 1767/1767/1767
f 1768/1768/1768 1769/1769/1769 1770/1770/1770
f 1771/1771/1771 1772/1772/1772 1773/1773/1773
f 1774/1774/1774 1775/1775/1775 1776/1776/1776
f 1777/1777/1777 1778/1778/1778 1779/1779/1779
f 1780/1780/1780 1781/1781/1781 1782/1782/1782
f 1783/1783/1783 1784/1784/1784 1785/1785/1785
f 1786/1786/1786 1787/1787/1787 1788/1788/1788
f 1789/1789/1789 1790/1790/1790 1791/1791/1791
f 1792/1792/1792 1793/1793/1793 1794/1794/1794
f 1795/1795/1795 1796/1796/1796 1797/1797/1797
f 1798/1798/1798 1799/1799/1799 1800/1800/1800
f 1801/1801/1801 1802/1802/1802 1803/1803/1803
f 1804/1804/1804 1805/1805/1805 1806/1806/1806
f 1807/1807/1807 1808/1808/1808 1809/1809/1809
f 1810/1810/1810 1811/1811/1811 1812/1812/1812
f 1813/1813/1813 1814/1814/1814 1815/1815/1815
f 1816/1816/1816 1817/1817/1817 1818/1818/1818
f 1819/1819/1819 1820/1820/1820 1821/1821/1821
f 1822/1822/1822 1823/1823/1823 1824/1824/1824
f 1825/1825/1825 1826/1826/1826 1827/1827/1827
f 1828/1828/1828 1829/1829/1829 1830/1830/1830
f 1831/1831/1831 1832/1832/1832 1833/1833/1833
f 1834/1834/1834 1835/1835/1835 1836/1836/1836
f 1837/1837/1837 1838/1838/1838 1839/1839/1839
f 1840/1840/1840 1841/1841/1841 1842/1842/1842
f 1843/1843/1843 1844/1844/1844 1845/1845/1845
f 1846/1846/1846 1847/1847/1847 1848/1848/1848
f 1849/1849/1849 1850/1850/1850 1851/1851/1851
f 1852/1852/1852 1853/1853/1853 1854/1854/1854
f 1855/1855/1855 1856/1856/1856 1857/1857/1857
f 1858/1858/1858 1859/1859/1859 1860/1860/1860
f 1861/1861/1861 1862/1862/1862 1863/1863/1863
f 1864/1864/1864 1865/1865/1865 1866/1866/1866
f 1867/1867/1867 1868/1868/1868 1869/1869/1869
f 1870/1870/1870 1871/1871/1871 1872/1872/1872
f 1873/1873/1873 1874/1874/1874 1875/1875/1875
f 1876/1876/1876 1877/1877/1877 1878/1878/1878
f 1879/1879/1879 1880/1880/1880 1881/1881/1881
f 1882/1882/1882 1883/1883/1883 1884/1884/1884
f 1885/1885/1885 1886/1886/1886 1887/1887/1887
f 1888/1888/1888 1889/1889/1889 1890/1890/1890
f 1891/1891/1891 1892/1892/1892 1893/1893/1893
f 1894/1894/1894 1895/1895/1895 1896/1896/1896
usemtl rock
f 1897/1897/1897 1898/1898/1898 1899/1899/1899
f 1900/1900/1900 1901/1901/1901 1902/1902/1902
f 1903/1903/1903 1904/1904/1904 1905/1905/1905
f 1906/1906/1906 1907/1907/1907 1908/1908/1908
f 1909/1909/1909 1910/1910/1910 1911/1911/1911
f 1912/1912/1912 1913/1913/1913 1914/1914/1914
f 1915/1915/1915 1916/1916/1916 1917/1917/1917
f 1918/1918/1918 1919/1919/1919 1920/1920/1920
f 1921/1921/1921 1922/1922/1922 1923/1923/1923
f 1924/1924/1924 1925/1925/1925 1926/1926/1926
f 1927/1927/1927 1928/1928/1928 1929/1929/1929
f 1930/1930/1930 1931/1931/1931 1932/1932/1932
f 1933/1933/1933 1934/1934/1934 1935/1935/1935
f 1936/1936/1936 1937/1937/1937 1938/1938/1938
f 1939/1939/1939 1940/1940/1940 1941/1941/1941
f 1942/1942/1942 1943/1943/1943 1944/1944/1944
f 1945/1945/1945 1946/1946/1946 1947/1947/1947
f 1948/1948/1948 1949/1949/1949 1950/1950/1950
f 1951/1951/1951 1952/1952/1952 1953/1953/1953
f 1954/1954/1954 1955/1955/1955 1956/1956/1956
f 1957/1957/1957 1958/1958/1958 1959/1959/1959
f 1960/1960/1960 1961/1961/1961 1962/1962/1962
f 1963/1963/1963 1964/1964/1964 1965/1965/1965
f 1966/1966/1966 1967/1967/1967 1968/1968/1968
f 1969/1969/1969 1970/1970/1970 1971/1971/1971
f 1972/1972/1972 1973/1973/1973 1974/1974/1974
f 1975/1975/1975 1976/1976/1976 1977/1977/1977
f 1978/1978/1978 1979/1979/1979 1980/1980/1980
f 1981/1981/1981 1982/1982/1982 1983/1983/1983
f 1984/1984/1984 1985/1985/1985 1986/1986/1986
f 1987/1987/1987 1988/1988/1988 1989/1989/1989
f 1990/1990/1990 1991/1991/1991 1992/1992/1992
f 1993/1993/1993 1994/1994/1994 1995/1995/1995
f 1996/1996/1996 1997/1997/1997 1998/1998/1998
f 1999/1999/1999 2000/2000/2000 2001/2001/2001
f 2002/2002/2002 2003/2003/2003 2004/2004/2004
f 2005/2005/2005 2006/2006/2006 2007/2007/2007
f 2008/2008/2008 2009/2009/2009 2010/2010/2010
f 2011/2011/2011 2012/2012/2012 2013/2013/2013
f 2014/2014/2014 2015/2015/2015 2016/2016/2016
f 2017/2017/2017 2018/2018/2018 2019/2019/2019
f 2020/2020/2020 2021/2021/2021 2022/2022/2022
f 2023/2023/2023 2024/2024/2024 2025/2025/2025
f 2026/2026/2026 2027/2027/2027 2028/2028/2028
f 2029/2029/2029 2030/2030/2030 2031/2031/2031
f 2032/2032/2032 2033/2033/2033 2034/2034/2034
f 2035/2035/2035 2036/2036/2036 2037/2037/2037
f 2038/2038/2038 2039/2039/2039 2040/2040/2040
f 2041/2041/2041 2042/2042/2042 2043/2043/2043
f 2044/2044/2044 2045/2045/2045 2046/2046/2046
f 2047/2047/2047 2048/2048/2048 2049/2049/2049
f 2050/2050/2050 2051/2051/2051 2052/2052/2052
f 2053/2053/2053 2054/2054/2054 2055/2055/2055
f 2056/2056/2056 2057/2057/2057 2058/2058/2058
f 2059/2059/2059 2060/2060/2060 2061/2061/2061
f 2062/2062/2062 2063/2063/2063 2064/2064/2064
f 2065/2065/2065 2066/2066/2066 2067/2067/2067
f 2068/2068/2068 2069/2069/2069 2070/2070/2070
f 2071/2071/2071 2072/2072/2072 2073/2073/2073
f 2074/2074/2074 2075/2075/2075 2076/2076/2076
f 2077/2077/2077 2078/2078/2078 2079/2079/2079
f 2080/2080/2080 2081/2081/2081 2082/2082/2082
f 2083/2083/2083 2084/2084/2084 2085/2085/2085
f 2086/2086/2086 2087/2087/2087 2088/2088/2088
f 2089/2089/2089 2090/2090/2090 2091/2091/2091
f 2092/2092/2092 2093/2093/2093 2094/2094/2094
f 2095/2095/2095 2096/2096/2096 2097/2097/2097
f 2098/2098/2098 2099/2099/2099 2100/2100/2100
f 2101/2101/2101 2102/2102/2102 2103/2103/2103
f 2104/2104/2104 2105/2105/2105 2106/2106/2106
f 2107/2107/2107 2108/2108/2108 2109/2109/2109
f 2110/2110/2110 2111/2111/2111 2112/2112/2112
f 2113/2113/2113 2114/2114/2114 2115/2115/2115
f 2116/2116/2116 2117/2117/2117 2118/2118/2118
f 2119/2119/2119 2120/2120/2120 2121/2121/2121
f 2122/2122/2122 2123/2123/2123 2124/2124/2124
f 2125/2125/2125 2126/2126/2126 2127/2127/2127
f 2128/2128/2128 2129/2129/2129 2130/2130/2130
f 2131/2131/2131 2132/2132/2132 2133/2133/2133
f 2134/2134/2134 2135/2135/2135 2136/2136/2136
f 2137/2137/2137 2138/2138/2138 2139/2139/2139
f 2140/2140/2140 2141/2141/2141 2142/2142/2142
f 2143/2143/2143 2144/2144/2144 2145/2145/2145
f 2146/2146/2146 2147/2147/2147 2148/2148/2148
f 2149/2149/2149 2150/2150/2150 2151/2151/2151
f 2152/2152/2152 2153/2153/2153 2154/2154/2154
f 2155/2155/2155 2156/2156/2156 2157/2157/2157
f 2158/2158/2158 2159/2159/2159 2160/2160/2160
f 2161/2161/2161 2162/2162/2162 2163/2163/2163
f 2164/2164/2164 2165/2165/2165 2166/2166/2166
f 2167/2167/2167 2168/2168/2168 2169/2169/2169
f 2170/2170/2170 2171/2171/2171 2172/2172/2172
f 2173/2173/2173 2174/2174/2174 2175/2175/2175
f 2176/2176/2176 2177/2177/2177 2178/2178/2178
f 2179/2179/2179 2180/2180/2180 2181/2181/2181
f 2182/2182/2182 2183/2183/2183 2184/2184/2184
f 2185/2185/2185 2186/2186/2186 2187/2187/2187
f 2188/2188/2188 2189/2189/2189 2190/2190/2190
f 2191/2191/2191 2192/2192/2192 2193/2193/2193
f 2194/2194/2194 2195/2195/2195 2196/2196/2196
f 2197/2197/2197 2198/2198/2198 2199/2199/2199
f 2200/2200/2200 2201/2201/2201 2202/2202/2202
f 2203/2203/2203 2204/2204/2204 2205/2205/2205
f 2206/2206/2206 2207/2207/2207 2208/2208/2208
f 2209/2209/2209 2210/2210/2210 2211/2211/2211
f 2212/2212/2212 2213/2213/2213 2214/2214/2214
f 2215/2215/2215 2216/2216/2216 2217/2217/2217
f 2218/2218/2218 2219/2219/2219 2220/2220/2220
f 2221/2221/2221 2222/2222/2222 2223/2223/2223
f 2224/2224/2224 2225/2225/2225 2226/2226/2226
f 2227/2227/2227 2228/2228/2228 2229/2229/2229
f 2230/2230/2230 2231/2231/2231 2232/2232/2232
f 2233/2233/2233 2234/2234/2234 2235/2235/2235
f 2236/2236/2236 2237/2237/2237 2238/2238/2238
f 2239/2239/2239 2240/2240/2240 2241/2241/2241
f 2242/2242/2242 2243/2243/2243 2244/2244/2244
f 2245/2245/2245 2246/2246/2246 2247/2247/2247
f 2248/2248/2248 2249/2249/2249 2250/2250/2250
f 2251/2251/2251 2252/2252/2252 2253/2253/2253
f 2254/2254/2254 2255/2255/2255 2256/2256/2256
f 2257/2257/2257 2258/2258/2258 2259/2259/2259
f 2260/2260/2260 2261/2261/2261 2262/2262/2262
f 2263/2263/2263 2264/2264/2264 2265/2265/2265
f 2266/2266/2266 2267/2267/2267 2268/2268/2268
f 2269/2269/2269 2270/2270/2270 2271/2271/2271
f 2272/2272/2272 2273/2273/2273 2274/2274/2274
f 2275/2275/2275 2276/2276/2276 2277/2277/2277
f 2278/2278/2278 2279/2279/2279 2280/2280/2280
f 2281/2281/2281 2282/2282/2282 2283/2283/2283
f 2284/2284/2284 2285/2285/2285 2286/2286/2286
f 2287/2287/2287 2288/2288/2288 2289/2289/2289
f 2290/2290/2290 2291/2291/2291 2292/2292/2292
f 2293/2293/2293 2294/2294/2294 2295/2295/2295
f 2296/2296/2296 2297/2297/2297 2298/2298/2298
f 2299/2299/2299 2300/2300/2300 2301/2301/2301
f 2302/2302/2302 2303/2303/2303 2304/2304/2304
f 2305/2305/2305 2306/2306/2306 2307/2307/2307
f 2308/2308/2308 2309/2309/2309 2310/2310/2310
f 2311/2311/2311 2312/2312/2312 2313/2313/2313
f 2314/2314/2314 2315/2315/2315 2316/2316/2316
f 2317/2317/2317 2318/2318/2318 2319/2319/2319
f 2320/2320/2320 2321/2321/2321 2322/2322/2322
f 2323/2323/2323 2324/2324/2324 2325/2325/2325
f 2326/2326/2326 2327/2327/2327 2328/2328/2328
f 2329/2329/2329 2330/2330/2330 2331/2331/2331
f 2332/2332/2332 2333/2333/2333 2334/2334/2334
f 2335/2335/2335 2336/2336/2336 2337/2337/2337
f 2338/2338/2338 2339/2339/2339 2340/2340/2340
f 2341/2341/2341 2342/2342/2342 2343/2343/2343
f 2344/2344/2344 2345/2345/2345 2346/2346/2346
f 2347/2347/2347 2348/2348/2348 2349/2349/2349
f 2350/2350/2350 2351/2351/2351 2352/2352/2352
f 2353/2353/2353 2354/2354/2354 2355/2355/2355
f 2356/2356/2356 2357/2357/2357 2358/2358/2358
f 2359/2359/2359 2360/2360/2360 2361/2361/2361
f 2362/2362/2362 2363/2363/2363 2364/2364/2364
f 2365/2365/2365 2366/2366/2366 2367/2367/2367
f 2368/2368/2368 2369/2369/2369 2370/2370/2370
f 2371/2371/2371 2372/2372/2372 2373/2373/2373
f 2374/2374/2374 2375/2375/2375 2376/2376/2376
usemtl reed
f 2377/2377/2377 2378/2378/2378 2379/2379/2379
f 2380/2380/2380 2381/2381/2381 2382/2382/2382
f 2383/2383/2383 2384/2384/2384 2385/2385/2385
f 2386/2386/2386 2387/2387/2387 2388/2388/2388
f 2389/2389/2389 2390/2390/2390 2391/2391/2391
f 2392/2392/2392 2393/2393/2393 2394/2394/2394
f 2395/2395/2395 2396/2396/2396 2397/2397/2397
f 2398/2398/2398 2399/2399/2399 2400/2400/2400
f 2401/2401/2401 2402/2402/2402 2403/2403/2403
f 2404/2404/2404 2405/2405/2405 2406/2406/2406
f 2407/2407/2407 2408/2408/2408 2409/2409/2409
f 2410/2410/2410 2411/2411/2411 2412/2412/2412
f 2413/2413/2413 2414/2414/2414 2415/2415/2415
f 2416/2416/2416 2417/2417/2417 2418/2418/2418
f 2419/2419/2419 2420/2420/2420 2421/2421/2421
f 2422/2422/2422 2423/2423/2423 2424/2424/2424
f 2425/2425/2425 2426/2426/2426 2427/2427/2427
f 2428/2428/2428 2429/2429/2429 2430/2430/2430
f 2431/2431/2431 2432/2432/2432 2433/2433/2433
f 2434/2434/2434 2435/2435/2435 2436/2436/2436
f 2437/2437/2437 2438/2438/2438 2439/2439/2439
f 2440/2440/2440 2441/2441/2441 2442/2442/2442
f 2443/2443/2443 2444/2444/2444 2445/2445/2445
f 2446/2446/2446 2447/2447/2447 2448/2448/2448
f 2449/2449/2449 2450/2450/2450 2451/2451/2451
f 2452/2452/2452 2453/2453/2453 2454/2454/2454
f 2455/2455/2455 2456/2456/2456 2457/2457/2457
f 2458/2458/2458 2459/2459/2459 2460/2460/2460
f 2461/2461/2461 2462/2462/2462 2463/2463/2463
f 2464/2464/2464 2465/2465/2465 2466/2466/2466
f 2467/2467/2467 2468/2468/2468 2469/2469/2469
f 2470/2470/2470 2471/2471/2471 2472/2472/2472
f 2473/2473/2473 2474/2474/2474 2475/2475/2475
f 2476/2476/2476 2477/2477/2477 2478/2478/2478
f 2479/2479/2479 2480/2480/2480 2481/2481/2481
f 2482/2482/2482 2483/2483/2483 2484/2484/2484
f 2485/2485/2485 2486/2486/2486 2487/2487/2487
f 2488/2488/2488 2489/2489/2489 2490/2490/2490
f 2491/2491/2491 2492/2492/2492 2493/2493/2493
f 2494/2494/2494 2495/2495/2495 2496/2496/2496
f 2497/2497/2497 2498/2498/2498 2499/2499/2499
f 2500/2500/2500 2501/2501/2501 2502/2502/2502
f 2503/2503/2503 2504/2504/2504 2505/2505/2505
f 2506/2506/2506 2507/2507/2507 2508/2508/2508
f 2509/2509/2509 2510/2510/2510 2511/2511/2511
f 2512/2512/2512 2513/2513/2513 2514/2514/2514
f 2515/2515/2515 2516/2516/2516 2517/2517/2517
f 2518/2518/2518 2519/2519/2519 2520/2520/2520
f 2521/2521/2521 2522/2522/2522 2523/2523/2523
f 2524/2524/2524 2525/2525/2525 2526/2526/2526
f 2527/2527/2527 2528/2528/2528 2529/2529/2529
f 2530/2530/2530 2531/2531/2531 2532/2532/2532
f 2533/2533/2533 2534/2534/2534 2535/2535/2535
f 2536/2536/2536 2537/2537/2537 2538/2538/2538
f 2539/2539/2539 2540/2540/2540 2541/2541/2541
f 2542/2542/2542 2543/2543/2543 2544/2544/2544
f 2545/2545/2545 2546/2546/2546 2547/2547/2547
f 2548/2548/2548 2549/2549/2549 2550/2550/2550
f 2551/2551/2551 2552/2552/2552 2553/2553/2553
f 2554/2554/2554 2555/2555/2555 2556/2556/2556
f 2557/2557/2557 2558/2558/2558 2559/2559/2559
f 2560/2560/2560 2561/2561/2561 2562/2562/2562
f 2563/2563/2563 2564/2564/2564 2565/2565/2565
f 2566/2566/2566 2567/2567/2567 2568/2568/2568
f 2569/2569/2569 2570/2570/2570 2571/2571/2571
f 2572/2572/2572 2573/2573/2573 2574/2574/2574
f 2575/2575/2575 2576/2576/2576 2577/2577/2577
f 2578/2578/2578 2579/2579/2579 2580/2580/2580
f 2581/2581/2581 2582/2582/2582 2583/2583/2583
f 2584/2584/2584 2585/2585/2585 2586/2586/2586
f 2587/2587/2587 2588/2588/2588 2589/2589/2589
f 2590/2590/2590 2591/2591/2591 2592/2592/2592
f 2593/2593/2593 2594/2594/2594 2595/2595/2595
f 2596/2596/2596 2597/2597/2597 2598/2598/2598
f 2599/2599/2599 2600/2600/2600 2601/2601/2601
f 2602/2602/2602 2603/2603/2603 2604/2604/2604
f 2605/2605/2605 2606/2606/2606 2607/2607/2607
f 2608/2608/2608 2609/2609/2609 2610/2610/2610
f 2611/2611/2611 2612/2612/2612 2613/2613/2613
f 2614/2614/2614 2615/2615/2615 2616/2616/2616
f 2617/2617/2617 2618/2618/2618 2619/2619/2619
f 2620/2620/2620 2621/2621/2621 2622/2622/2622
f 2623/2623/2623 2624/2624/2624 2625/2625/2625
f 2626/2626/2626 2627/2627/2627 2628/2628/2628
f 2629/2629/2629 2630/2630/2630 2631/2631/2631
f 2632/2632/2632 2633/2633/2633 2634/2634/2634
f 2635/2635/2635 2636/2636/2636 2637/2637/2637
f 2638/2638/2638 2639/2639/2639 2640/2640/2640
f 2641/2641/2641 2642/2642/2642 2643/2643/2643
f 2644/2644/2644 2645/2645/2645 2646/2646/2646
f 2647/2647/2647 2648/2648/2648 2649/2649/2649
f 2650/2650/2650 2651/2651/2651 2652/2652/2652
f 2653/2653/2653 2654/2654/2654 2655/2655/2655
f 2656/2656/2656 2657/2657/2657 2658/2658/2658
f 2659/2659/2659 2660/2660/2660 2661/2661/2661
f 2662/2662/2662 2663/2663/2663 2664/2664/2664
f 2665/2665/2665 2666/2666/2666 2667/2667/2667
f 2668/2668/2668 2669/2669/2669 2670/2670/2670
f 2671/2671/2671 2672/2672/2672 2673/2673/2673
f 2674/2674/2674 2675/2675/2675 2676/2676/2676
usemtl rock
f 2677/2677/2677 2678/2678/2678 2679/2679/2679
f 2680/2680/2680 2681/2681/2681 2682/2682/2682
f 2683/2683/2683 2684/2684/2684 2685/2685/2685
f 2686/2686/2686 2687/2687/2687 2688/2688/2688
f 2689/2689/2689 2690/2690/2690 2691/2691/2691
f 2692/2692/2692 2693/2693/2693 2694/2694/2694
f 2695/2695/2695 2696/2696/2696 2697/2697/2697
f 2698/2698/2698 2699/2699/2699 2700/2700/2700
f 2701/2701/2701 2702/2702/2702 2703/2703/2703
f 2704/2704/2704 2705/2705/2705 2706/2706/2706
f 2707/2707/2707 2708/2708/2708 2709/2709/2709
f 2710/2710/2710 2711/2711/2711 2712/2712/2712
f 2713/2713/2713 2714/2714/2714 2715/2715/2715
f 2716/2716/2716 2717/2717/2717 2718/2718/2718
f 2719/2719/2719 2720/2720/2720 2721/2721/2721
f 2722/2722/2722 2723/2723/2723 2724/2724/2724
f 2725/2725/2725 2726/2726/2726 2727/2727/2727
f 2728/2728/2728 2729/2729/2729 2730/2730/2730
f 2731/2731/2731 2732/2732/2732 2733/2733/2733
f 2734/2734/2734 2735/2735/2735 2736/2736/2736
f 2737/2737/2737 2738/2738/2738 2739/2739/2739
f 2740/2740/2740 2741/2741/2741 2742/2742/2742
f 2743/2743/2743 2744/2744/2744 2745/2745/2745
f 2746/2746/2746 2747/2747/2747 2748/2748/2748
f 2749/2749/2749 2750/2750/2750 2751/2751/2751
f 2752/2752/2752 2753/2753/2753 2754/2754/2754
f 2755/2755/2755 2756/2756/2756 2757/2757/2757
f 2758/2758/2758 2759/2759/2759 2760/2760/2760
f 2761/2761/2761 2762/2762/2762 2763/2763/2763
f 2764/2764/2764 2765/2765/2765 2766/2766/2766
f 2767/2767/2767 2768/2768/2768 2769/2769/2769
f 2770/2770/2770 2771/2771/2771 2772/2772/2772
f 2773/2773/2773 2774/2774/2774 2775/2775/2775
f 2776/2776/2776 2777/2777/2777 2778/2778/2778
f 2779/2779/2779 2780/2780/2780 2781/2781/2781
f 2782/2782/2782 2783/2783/2783 2784/2784/2784
f 2785/2785/2785 2786/2786/2786 2787/2787/2787
f 2788/2788/2788 2789/2789/2789 2790/2790/2790
f 2791/2791/2791 2792/2792/2792 2793/2793/2793
f 2794/2794/2794 2795/2795/2795 2796/2796/2796
f 2797/2797/2797 2798/2798/2798 2799/2799/2799
f 2800/2800/2800 2801/2801/2801 2802/2802/2802
f 2803/2803/2803 2804/2804/2804 2805/2805/2805
f 2806/2806/2806 2807/2807/2807 2808/2808/2808
f 2809/2809/2809 2810/2810/2810 2811/2811/2811
f 2812/2812/2812 2813/2813/2813 2814/2814/2814
f 2815/2815/2815 2816/2816/2816 2817/2817/2817
f 2818/2818/2818 2819/2819/2819 2820/2820/2820
f 2821/2821/2821 2822/2822/2822 2823/2823/2823
f 2824/2824/2824 2825/2825/2825 2826/2826/2826
f 2827/2827/2827 2828/2828/2828 2829/2829/2829
f 2830/2830/2830 2831/2831/2831 2832/2832/2832
f 2833/2833/2833 2834/2834/2834 2835/2835/2835
f 2836/2836/2836 2837/2837/2837 2838/2838/2838
f 2839/2839/2839 2840/2840/2840 2841/2841/2841
f 2842/2842/2842 2843/2843/2843 2844/2844/2844
f 2845/2845/2845 2846/2846/2846 2847/2847/2847
f 2848/2848/2848 2849/2849/2849 2850/2850/2850
f 2851/2851/2851 2852/2852/2852 2853/2853/2853
f 2854/2854/2854 2855/2855/2855 2856/2856/2856
f 2857/2857/2857 2858/2858/2858 2859/2859/2859
f 2860/2860/2860 2861/2861/2861 2862/2862/2862
f 2863/2863/2863 2864/2864/2864 2865/2865/2865
f 2866/2866/2866 2867/2867/2867 2868/2868/2868
f 2869/2869/2869 2870/2870/2870 2871/2871/2871
f 2872/2872/2872 2873/2873/2873 2874/2874/2874
f 2875/2875/2875 2876/2876/2876 2877/2877/2877
f 2878/2878/2878 2879/2879/2879 2880/2880/2880
f 2881/2881/2881 2882/2882/2882 2883/2883/2883
f 2884/2884/2884 2885/2885/2885 2886/2886/2886
f 2887/2887/2887 2888/2888/2888 2889/2889/2889
f 2890/2890/2890 2891/2891/2891 2892/2892/2892
f 2893/2893/2893 2894/2894/2894 2895/2895/2895
f 2896/2896/2896 2897/2897/2897 2898/2898/2898
f 2899/2899/2899 2900/2900/2900 2901/2901/2901
f 2902/2902/2902 2903/2903/2903 2904/2904/2904
f 2905/2905/2905 2906/2906/2906 2907/2907/2907
f 2908/2908/2908 2909/2909/2909 2910/2910/2910
f 2911/2911/2911 2912/2912/2912 2913/2913/2913
f 2914/2914/2914 2915/2915/2915 2916/2916/2916
f 2917/2917/2917 2918/2918/2918 2919/2919/2919
f 2920/2920/2920 2921/2921/2921 2922/2922/2922
f 2923/2923/2923 2924/2924/2924 2925/2925/2925
f 2926/2926/2926 2927/2927/2927 2928/2928/2928
f 2929/2929/2929 2930/2930/2930 2931/2931/2931
f 2932/2932/2932 2933/2933/2933 2934/2934/2934
f 2935/2935/2935 2936/2936/2936 2937/2937/2937
f 2938/2938/2938 2939/2939/2939 2940/2940/2940
f 2941/2941/2941 2942/2942/2942 2943/2943/2943
f 2944/2944/2944 2945/2945/2945 2946/2946/2946
f 2947/2947/2947 2948/2948/2948 2949/2949/2949
f 2950/2950/2950 2951/2951/2951 2952/2952/2952
f 2953/2953/2953 2954/2954/2954 2955/2955/2955
f 2956/2956/2956 2957/2957/2957 2958/2958/2958
f 2959/2959/2959 2960/2960/2960 2961/2961/2961
f 2962/2962/2962 2963/2963/2963 2964/2964/2964
f 2965/2965/2965 2966/2966/2966 2967/2967/2967
f 2968/2968/2968 2969/2969/2969 2970/2970/2970
f 2971/2971/2971 2972/2972/2972 2973/2973/2973
f 2974/2974/2974 2975/2975/2975 2976/2976/2976
f 2977/2977/2977 2978/2978/2978 2979/2979/2979
f 2980/2980/2980 2981/2981/2981 2982/2982/2982
f 2983/2983/2983 2984/2984/2984 2985/2985/2985
f 2986/2986/2986 2987/2987/2987 2988/2988/2988
f 2989/2989/2989 2990/2990/2990 2991/2991/2991
f 2992/2992/2992 2993/2993/2993 2994/2994/2994
f 2995/2995/2995 2996/2996/2996 2997/2997/2997
f 2998/2998/2998 2999/2999/2999 3000/3000/3000
f 3001/3001/3001 3002/3002/3002 3003/3003/3003
f 3004/3004/3004 3005/3005/3005 3006/3006/3006
f 3007/3007/3007 3008/3008/3008 3009/3009/3009
f 3010/3010/3010 3011/3011/3011 3012/3012/3012
f 3013/3013/3013 3014/3014/3014 3015/3015/3015
f 3016/3016/3016 3017/3017/3017 3018/3018/3018
f 3019/3019/3019 3020/3020/3020 3021/3021/3021
f 3022/3022/3022 3023/3023/3023 3024/3024/3024
f 3025/3025/3025 3026/3026/3026 3027/3027/3027
f 3028/3028/3028 3029/3029/3029 3030/3030/3030
f 3031/3031/3031 3032/3032/3032 3033/3033/3033
f 3034/3034/3034 3035/3035/3035 3036/3036/3036
f 3037/3037/3037 3038/3038/3038 3039/3039/3039
f 3040/3040/3040 3041/3041/3041 3042/3042/3042
f 3043/3043/3043 3044/3044/3044 3045/3045/3045
f 3046/3046/3046 3047/3047/3047 3048/3048/3048
f 3049/3049/3049 3050/3050/3050 3051/3051/3051
f 3052/3052/3052 3053/3053/3053 3054/3054/3054
f 3055/3055/3055 3056/3056/3056 3057/3057/3057
f 3058/3058/3058 3059/3059/3059 3060/3060/3060
f 3061/3061/3061 3062/3062/3062 3063/3063/3063
f 3064/3064/3064 3065/3065/3065 3066/3066/3066
f 3067/3067/3067 3068/3068/3068 3069/3069/3069
f 3070/3070/3070 3071/3071/3071 3072/3072/3072
f 3073/3073/3073 3074/3074/3074 3075/3075/3075
f 3076/3076/3076 3077/3077/3077 3078/3078/3078
f 3079/3079/3079 3080/3080/3080 3081/3081/3081
f 3082/3082/3082 3083/3083/3083 3084/3084/3084
f 3085/3085/3085 3086/3086/3086 3087/3087/3087
f 3088/3088/3088 3089/3089/3089 3090/3090/3090
f 3091/3091/3091 3092/3092/3092 3093/3093/3093
f 3094/3094/3094 3095/3095/3095 3096/3096/3096
f 3097/3097/3097 3098/3098/3098 3099/3099/3099
f 3100/3100/3100 3101/3101/3101 3102/3102/3102
f 3103/3103/3103 3104/3104/3104 3105/3105/3105
f 3106/3106/3106 3107/3107/3107 3108/3108/3108
f 3109/3109/3109 3110/3110/3110 3111/3111/3111
f 3112/3112/3112 3113/3113/3113 3114/3114/3114
f 3115/3115/3115 3116/3116/3116 3117/3117/3117
f 3118/3118/3118 3119/3119/3119 3120/3120/3120
f 3121/3121/3121 3122/3122/3122 3123/3123/3123
f 3124/3124/3124 3125/3125/3125 3126/3126/3126
f 3127/3127/3127 3128/3128/3128 3129/3129/3129
f 3130/3130/3130 3131/3131/3131 3132/3132/3132
f 3133/3133/3133 3134/3134/3134 3135/3135/3135
f 3136/3136/3136 3137/3137/3137 3138/3138/3138
f 3139/3139/3139 3140/3140/3140 3141/3141/3141
f 3142/3142/3142 3143/3143/3143 3144/3144/3144
f 3145/3145/3145 3146/3146/3146 3147/3147/3147
f 3148/3148/3148 3149/3149/3149 3150/3150/3150
f 3151/3151/3151 3152/3152/3152 3153/3153/3153
f 3154/3154/3154 3155/3155/3155 3156/3156/3156
usemtl reed
f 3157/3157/3157 3158/3158/3158 3159/3159/3159
f 3160/3160/3160 3161/3161/3161 3162/3162/3162
f 3163/3163/3163 3164/3164/3164 3165/3165/3165
f 3166/3166/3166 3167/3167/3167 3168/3168/3168
f 3169/3169/3169 3170/3170/3170 3171/3171/3171
f 3172/3172/3172 3173/3173/3173 3174/3174/3174
f 3175/3175/3175 3176/3176/3176 3177/3177/3177
f 3178/3178/3178 3179/3179/3179 3180/3180/3180
f 3181/3181/3181 3182/3182/3182 3183/3183/3183
f 3184/3184/3184 3185/3185/3185 3186/3186/3186
f 3187/3187/3187 3188/3188/3188 3189/3189/3189
f 3190/3190/3190 3191/3191/3191 3192/3192/3192
f 3193/3193/3193 3194/3194/3194 3195/3195/3195
f 3196/3196/3196 3197/3197/3197 3198/3198/3198
f 3199/3199/3199 3200/3200/3200 3201/3201/3201
f 3202/3202/3202 3203/3203/3203 3204/3204/3204
f 3205/3205/3205 3206/3206/3206 3207/3207/3207
f 3208/3208/3208 3209/3209/3209 3210/3210/3210
f 3211/3211/3211 3212/3212/3212 3213/3213/3213
f 3214/3214/3214 3215/3215/3215 3216/3216/3216
f 3217/3217/3217 3218/3218/3218 3219/3219/3219
f 3220/3220/3220 3221/3221/3221 3222/3222/3222
f 3223/3223/3223 3224/3224/3224 3225/3225/3225
f 3226/3226/3226 3227/3227/3227 3228/3228/3228
f 3229/3229/3229 3230/3230/3230 3231/3231/3231
f 3232/3232/3232 3233/3233/3233 3234/3234/3234
f 3235/3235/3235 3236/3236/3236 3237/3237/3237
f 3238/3238/3238 3239/3239/3239 3240/3240/3240
f 3241/3241/3241 3242/3242/3242 3243/3243/3243
f 3244/3244/3244 3245/3245/3245 3246/3246/3246
f 3247/3247/3247 3248/3248/3248 3249/3249/3249
f 3250/3250/3250 3251/3251/3251 3252/3252/3252
f 3253/3253/3253 3254/3254/3254 3255/3255/3255
f 3256/3256/3256 3257/3257/3257 3258/3258/3258
f 3259/3259/3259 3260/3260/3260 3261/3261/3261
f 3262/3262/3262 3263/3263/3263 3264/3264/3264
f 3265/3265/3265 3266/3266/3266 3267/3267/3267
f 3268/3268/3268 3269/3269/3269 3270/3270/3270
f 3271/3271/3271 3272/3272/3272 3273/3273/3273
f 3274/3274/3274 3275/3275/3275 3276/3276/3276
f 3277/3277/3277 3278/3278/3278 3279/3279/3279
f 3280/3280/3280 3281/3281/3281 3282/3282/3282
f 3283/3283/3283 3284/3284/3284 3285/3285/3285
f 3286/3286/3286 3287/3287/3287 3288/3288/3288
f 3289/3289/3289 3290/3290/3290 3291/3291/3291
f 3292/3292/3292 3293/3293/3293 3294/3294/3294
f 3295/3295/3295 3296/3296/3296 3297/3297/3297
f 3298/3298/3298 3299/3299/3299 3300/3300/3300
f 3301/3301/3301 3302/3302/3302 3303/3303/3303
f 3304/3304/3304 3305/3305/3305 3306/3306/3306
f 3307/3307/3307 3308/3308/3308 3309/3309/3309
f 3310/3310/3310 3311/3311/3311 3312/3312/3312
f 3313/3313/3313 3314/3314/3314 3315/3315/3315
f 3316/3316/3316 3317/3317/3317 3318/3318/3318
f 3319/3319/3319 3320/3320/3320 3321/3321/3321
f 3322/3322/3322 3323/3323/3323 3324/3324/3324
f 3325/3325/3325 3326/3326/3326 3327/3327/3327
f 3328/3328/3328 3329/3329/3329 3330/3330/3330
f 3331/3331/3331 3332/3332/3332 3333/3333/3333
f 3334/3334/3334 3335/3335/3335 3336/3336/3336
f 3337/3337/3337 3338/3338/3338 3339/3339/3339
f 3340/3340/3340 3341/3341/3341 3342/3342/3342
f 3343/3343/3343 3344/3344/3344 3345/3345/3345
f 3346/3346/3346 3347/3347/3347 3348/3348/3348
f 3349/3349/3349 3350/3350/3350 3351/3351/3351
f 3352/3352/3352 3353/3353/3353 3354/3354/3354
f 3355/3355/3355 3356/3356/3356 3357/3357/3357
f 3358/3358/3358 3359/3359/3359 3360/3360/3360
f 3361/3361/3361 3362/3362/3362 3363/3363/3363
f 3364/3364/3364 3365/3365/3365 3366/3366/3366
f 3367/3367/3367 3368/3368/3368 3369/3369/3369
f 3370/3370/3370 3371/3371/3371 3372/3372/3372
f 3373/3373/3373 3374/3374/3374 3375/3375/3375
f 3376/3376/3376 3377/3377/3377 3378/3378/3378
f 3379/3379/3379 3380/3380/3380 3381/3381/3381
f 3382/3382/3382 3383/3383/3383 3384/3384/3384
f 3385/3385/3385 3386/3386/3386 3387/3387/3387
f 3388/3388/3388 3389/3389/3389 3390/3390/3390
f 3391/3391/3391 3392/3392/3392 3393/3393/3393
f 3394/3394/3394 3395/3395/3395 3396/3396/3396
f 3397/3397/3397 3398/3398/3398 3399/3399/3399
f 3400/3400/3400 3401/3401/3401 3402/3402/3402
f 3403/3403/3403 3404/3404/3404 3405/3405/3405
f 3406/3406/3406 3407/3407/3407 3408/3408/3408
f 3409/3409/3409 3410/3410/3410 3411/3411/3411
f 3412/3412/3412 3413/3413/3413 3414/3414/3414
f 3415/3415/3415 3416/3416/3416 3417/3417/3417
f 3418/3418/3418 3419/3419/3419 3420/3420/3420
f 3421/3421/3421 3422/3422/3422 3423/3423/3423
f 3424/3424/3424 3425/3425/3425 3426/3426/3426
f 3427/3427/3427 3428/3428/3428 3429/3429/3429
f 3430/3430/3430 3431/3431/3431 3432/3432/3432
f 3433/3433/3433 3434/3434/3434 3435/3435/3435
f 3436/3436/3436 3437/3437/3437 3438/3438/3438
f 3439/3439/3439 3440/3440/3440 3441/3441/3441
f 3442/3442/3442 3443/3443/3443 3444/3444/3444
f 3445/3445/3445 3446/3446/3446 3447/3447/3447
f 3448/3448/3448 3449/3449/3449 3450/3450/3450
f 3451/3451/3451 3452/3452/3452 3453/3453/3453
f 3454/3454/3454 3455/3455/3455 3456/3456/3456
usemtl rock
f 3457/3457/3457 3458/3458/3458 3459/3459/3459
f 3460/3460/3460 3461/3461/3461 3462/3462/3462
f 3463/3463/3463 3464/3464/3464 3465/3465/3465
f 3466/3466/3466 3467/3467/3467 3468/3468/3468
f 3469/3469/3469 3470/3470/3470 3471/3471/3471
f 3472/3472/3472 3473/3473/3473 3474/3474/3474
f 3475/3475/3475 3476/3476/3476 3477/3477/3477
f 3478/3478/3478 3479/3479/3479 3480/3480/3480
f 3481/3481/3481 3482/3482/3482 3483/3483/3483
f 3484/3484/3484 3485/3485/3485 3486/3486/3486
f 3487/3487/3487 3488/3488/3488 3489/3489/3489
f 3490/3490/3490 3491/3491/3491 3492/3492/3492
f 3493/3493/3493 3494/3494/3494 3495/3495/3495
f 3496/3496/3496 3497/3497/3497 3498/3498/3498
f 3499/3499/3499 3500/3500/3500 3501/3501/3501
f 3502/3502/3502 3503/3503/3503 3504/3504/3504
f 3505/3505/3505 3506/3506/3506 3507/3507/3507
f 3508/3508/3508 3509/3509/3509 3510/3510/3510
f 3511/3511/3511 3512/3512/3512 3513/3513/3513
f 3514/3514/3514 3515/3515/3515 3516/3516/3516
f 3517/3517/3517 3518/3518/3518 3519/3519/3519
f 3520/3520/3520 3521/3521/3521 3522/3522/3522
f 3523/3523/3523 3524/3524/3524 3525/3525/3525
f 3526/3526/3526 3527/3527/3527 3528/3528/3528
f 3529/3529/3529 3530/3530/3530 3531/3531/3531
f 3532/3532/3532 3533/3533/3533 3534/3534/3534
f 3535/3535/3535 3536/3536/3536 3537/3537/3537
f 3538/3538/3538 3539/3539/3539 3540/3540/3540
f 3541/3541/3541 3542/3542/3542 3543/3543/3543
f 3544/3544/3544 3545/3545/3545 3546/3546/3546
f 3547/3547/3547 3548/3548/3548 3549/3549/3549
f 3550/3550/3550 3551/3551/3551 3552/3552/3552
f 3553/3553/3553 3554/3554/3554 3555/3555/3555
f 3556/3556/3556 3557/3557/3557 3558/3558/3558
f 3559/3559/3559 3560/3560/3560 3561/3561/3561
f 3562/3562/3562 3563/3563/3563 3564/3564/3564
f 3565/3565/3565 3566/3566/3566 3567/3567/3567
f 3568/3568/3568 3569/3569/3569 3570/3570/3570
f 3571/3571/3571 3572/3572/3572 3573/3573/3573
f 3574/3574/3574 3575/3575/3575 3576/3576/3576
f 3577/3577/3577 3578/3578/3578 3579/3579/3579
f 3580/3580/3580 3581/3581/3581 3582/3582/3582
f 3583/3583/3583 3584/3584/3584 3585/3585/3585
f 3586/3586/3586 3587/3587/3587 3588/3588/3588
f 3589/3589/3589 3590/3590/3590 3591/3591/3591
f 3592/3592/3592 3593/3593/3593 3594/3594/3594
f 3595/3595/3595 3596/3596/3596 3597/3597/3597
f 3598/3598/3598 3599/3599/3599 3600/3600/3600
f 3601/3601/3601 3602/3602/3602 3603/3603/3603
f 3604/3604/3604 3605/3605/3605 3606/3606/3606
f 3607/3607/3607 3608/3608/3608 3609/3609/3609
f 3610/3610/3610 3611/3611/3611 3612/3612/3612
f 3613/3613/3613 3614/3614/3614 3615/3615/3615
f 3616/3616/3616 3617/3617/3617 3618/3618/3618
f 3619/3619/3619 3620/3620/3620 3621/3621/3621
f 3622/3622/3622 3623/3623/3623 3624/3624/3624
f 3625/3625/3625 3626/3626/3626 3627/3627/3627
f 3628/3628/3628 3629/3629/3629 3630/3630/3630
f 3631/3631/3631 3632/3632/3632 3633/3633/3633
f 3634/3634/3634 3635/3635/3635 3636/3636/3636
f 3637/3637/3637 3638/3638/3638 3639/3639/3639
f 3640/3640/3640 3641/3641/3641 3642/3642/3642
f 3643/3643/3643 3644/3644/3644 3645/3645/3645
f 3646/3646/3646 3647/3647/3647 3648/3648/3648
f 3649/3649/3649 3650/3650/3650 3651/3651/3651
f 3652/3652/3652 3653/3653/3653 3654/3654/3654
f 3655/3655/3655 3656/3656/3656 3657/3657/3657
f 3658/3658/3658 3659/3659/3659 3660/3660/3660
f 3661/3661/3661 3662/3662/3662 3663/3663/3663
f 3664/3664/3664 3665/3665/3665 3666/3666/3666
f 3667/3667/3667 3668/3668/3668 3669/3669/3669
f 3670/3670/3670 3671/3671/3671 3672/3672/3672
f 3673/3673/3673 3674/3674/3674 3675/3675/3675
f 3676/3676/3676 3677/3677/3677 3678/3678/3678
f 3679/3679/3679 3680/3680/3680 3681/3681/3681
f 3682/3682/3682 3683/3683/3683 3684/3684/3684
f 3685/3685/3685 3686/3686/3686 3687/3687/3687
f 3688/3688/3688 3689/3689/3689 3690/3690/3690
f 3691/3691/3691 3692/3692/3692 3693/3693/3693
f 3694/3694/3694 3695/3695/3695 3696/3696/3696
f 3697/3697/3697 3698/3698/3698 3699/3699/3699
f 3700/3700/3700 3701/3701/3701 3702/3702/3702
f 3703/3703/3703 3704/3704/3704 3705/3705/3705
f 3706/3706/3706 3707/3707/3707 3708/3708/3708
f 3709/3709/3709 3710/3710/3710 3711/3711/3711
f 3712/3712/3712 3713/3713/3713 3714/3714/3714
f 3715/3715/3715 3716/3716/3716 3717/3717/3717
f 3718/3718/3718 3719/3719/3719 3720/3720/3720
f 3721/3721/3721 3722/3722/3722 3723/3723/3723
f 3724/3724/3724 3725/3725/3725 3726/3726/3726
f 3727/3727/3727 3728/3728/3728 3729/3729/3729
f 3730/3730/3730 3731/3731/3731 3732/3732/3732
f 3733/3733/3733 3734/3734/3734 3735/3735/3735
f 3736/3736/3736 3737/3737/3737 3738/3738/3738
f 3739/3739/3739 3740/3740/3740 3741/3741/3741
f 3742/3742/3742 3743/3743/3743 3744/3744/3744
f 3745/3745/3745 3746/3746/3746 3747/3747/3747
f 3748/3748/3748 3749/3749/3749 3750/3750/3750
f 3751/3751/3751 3752/3752/3752 3753/3753/3753
f 3754/3754/3754 3755/3755/3755 3756/3756/3756
f 3757/3757/3757 3758/3758/3758 3759/3759/3759
f 3760/3760/3760 3761/3761/3761 3762/3762/3762
f 3763/3763/3763 3764/3764/3764 3765/3765/3765
f 3766/3766/3766 3767/3767/3767 3768/3768/3768
f 3769/3769/3769 3770/3770/3770 3771/3771/3771
f 3772/3772/3772 3773/3773/3773 3774/3774/3774
f 3775/3775/3775 3776/3776/3776 3777/3777/3777
f 3778/3778/3778 3779/3779/3779 3780/3780/3780
f 3781/3781/3781 3782/3782/3782 3783/3783/3783
f 3784/3784/3784 3785/3785/3785 3786/3786/3786
f 3787/3787/3787 3788/3788/3788 3789/3789/3789
f 3790/3790/3790 3791/3791/3791 3792/3792/3792
f 3793/3793/3793 3794/3794/3794 3795/3795/3795
f 3796/3796/3796 3797/3797/3797 3798/3798/3798
f 3799/3799/3799 3800/3800/3800 3801/3801/3801
f 3802/3802/3802 3803/3803/3803 3804/3804/3804
f 3805/3805/3805 3806/3806/3806 3807/3807/3807
f 3808/3808/3808 3809/3809/3809 3810/3810/3810
f 3811/3811/3811 3812/3812/3812 3813/3813/3813
f 3814/3814/3814 3815/3815/3815 3816/3816/3816
f 3817/3817/3817 3818/3818/3818 3819/3819/3819
f 3820/3820/3820 3821/3821/3821 3822/3822/3822
f 3823/3823/3823 3824/3824/3824 3825/3825/3825
f 3826/3826/3826 3827/3827/3827 3828/3828/3828
f 3829/3829/3829 3830/3830/3830 3831/3831/3831
f 3832/3832/3832 3833/3833/3833 3834/3834/3834
f 3835/3835/3835 3836/3836/3836 3837/3837/3837
f 3838/3838/3838 3839/3839/3839 3840/3840/3840
f 3841/3841/3841 3842/3842/3842 3843/3843/3843
f 3844/3844/3844 3845/3845/3845 3846/3846/3846
f 3847/3847/3847 3848/3848/3848 3849/3849/3849
f 3850/3850/3850 3851/3851/3851 3852/3852/3852
f 3853/3853/3853 3854/3854/3854 3855/3855/3855
f 3856/3856/3856 3857/3857/3857 3858/3858/3858
f 3859/3859/3859 3860/3860/3860 3861/3861/3861
f 3862/3862/3862 3863/3863/3863 3864/3864/3864
f 3865/3865/3865 3866/3866/3866 3867/3867/3867
f 3868/3868/3868 3869/3869/3869 3870/3870/3870
f 3871/3871/3871 3872/3872/3872 3873/3873/3873
f 3874/3874/3874 3875/3875/3875 3876/3876/3876
f 3877/3877/3877 3878/3878/3878 3879/3879/3879
f 3880/3880/3880 3881/3881/3881 3882/3882/3882
f 3883/3883/3883 3884/3884/3884 3885/3885/3885
f 3886/3886/3886 3887/3887/3887 3888/3888/3888
f 3889/3889/3889 3890/3890/3890 3891/3891/3891
f 3892/3892/3892 3893/3893/3893 3894/3894/3894
f 3895/3895/3895 3896/3896/3896 3897/3897/3897
f 3898/3898/3898 3899/3899/3899 3900/3900/3900
f 3901/3901/3901 3902/3902/3902 3903/3903/3903
f 3904/3904/3904 3905/3905/3905 3906/3906/3906
f 3907/3907/3907 3908/3908/3908 3909/3909/3909
f 3910/3910/3910 3911/3911/3911 3912/3912/3912
f 3913/3913/3913 3914/3914/3914 3915/3915/3915
f 3916/3916/3916 3917/3917/3917 3918/3918/3918
f 3919/3919/3919 3920/3920/3920 3921/3921/3921
f 3922/3922/3922 3923/3923/3923 3924/3924/3924
f 3925/3925/3925 3926/3926/3926 3927/3927/3927
f 3928/3928/3928 3929/3929/3929 3930/3930/3930
f 3931/3931/3931 3932/3932/3932 3933/3933/3933
f 3934/3934/3934 3935/3935/3935 3936/3936/3936
usemtl reed
f 3937/3937/3937 3938/3938/3938 3939/3939/3939
f 3940/3940/3940 3941/3941/3941 3942/3942/3942
f 3943/3943/3943 3944/3944/3944 3945/3945/3945
f 3946/3946/3946 3947/3947/3947 3948/3948/3948
f 3949/3949/3949 3950/3950/3950 3951/3951/3951
f 3952/3952/3952 3953/3953/3953 3954/3954/3954
f 3955/3955/3955 3956/3956/3956 3957/3957/3957
f 3958/3958/3958 3959/3959/3959 3960/3960/3960
f 3961/3961/3961 3962/3962/3962 3963/3963/3963
f 3964/3964/3964 3965/3965/3965 3966/3966/3966
f 3967/3967/3967 3968/3968/3968 3969/3969/3969
f 3970/3970/3970 3971/3971/3971 3972/3972/3972
f 3973/3973/3973 3974/3974/3974 3975/3975/3975
f 3976/3976/3976 3977/3977/3977 3978/3978/3978
f 3979/3979/3979 3980/3980/3980 3981/3981/3981
f 3982/3982/3982 3983/3983/3983 3984/3984/3984
f 3985/3985/3985 3986/3986/3986 3987/3987/3987
f 3988/3988/3988 3989/3989/3989 3990/3990/3990
f 3991/3991/3991 3992/3992/3992 3993/3993/3993
f 3994/3994/3994 3995/3995/3995 3996/3996/3996
f 3997/3997/3997 3998/3998/3998 3999/3999/3999
f 4000/4000/4000 4001/4001/4001 4002/4002/4002
f 4003/4003/4003 4004/4004/4004 4005/4005/4005
f 4006/4006/4006 4007/4007/4007 4008/4008/4008
f 4009/4009/4009 4010/4010/4010 4011/4011/4011
f 4012/4012/4012 4013/4013/4013 4014/4014/4014
f 4015/4015/4015 4016/4016/4016 4017/4017/4017
f 4018/4018/4018 4019/4019/4019 4020/4020/4020
f 4021/4021/4021 4022/4022/4022 4023/4023/4023
f 4024/4024/4024 4025/4025/4025 4026/4026/4026
f 4027/4027/4027 4028/4028/4028 4029/4029/4029
f 4030/4030/4030 4031/4031/4031 4032/4032/4032
f 4033/4033/4033 4034/4034/4034 4035/4035/4035
f 4036/4036/4036 4037/4037/4037 4038/4038/4038
f 4039/4039/4039 4040/4040/4040 4041/4041/4041
f 4042/4042/4042 4043/4043/4043 4044/4044/4044
f 4045/4045/4045 4046/4046/4046 4047/4047/4047
f 4048/4048/4048 4049/4049/4049 4050/4050/4050
f 4051/4051/4051 4052/4052/4052 4053/4053/4053
f 4054/4054/4054 4055/4055/4055 4056/4056/4056
f 4057/4057/4057 4058/4058/4058 4059/4059/4059
f 4060/4060/4060 4061/4061/4061 4062/4062/4062
f 4063/4063/4063 4064/4064/4064 4065/4065/4065
f 4066/4066/4066 4067/4067/4067 4068/4068/4068
f 4069/4069/4069 4070/4070/4070 4071/4071/4071
f 4072/4072/4072 4073/4073/4073 4074/4074/4074
f 4075/4075/4075 4076/4076/4076 4077/4077/4077
f 4078/4078/4078 4079/4079/4079 4080/4080/4080
f 4081/4081/4081 4082/4082/4082 4083/4083/4083
f 4084/4084/4084 4085/4085/4085 4086/4086/4086
f 4087/4087/4087 4088/4088/4088 4089/4089/4089
f 4090/4090/4090 4091/4091/4091 4092/4092/4092
f 4093/4093/4093 4094/4094/4094 4095/4095/4095
f 4096/4096/4096 4097/4097/4097 4098/4098/4098
f 4099/4099/4099 4100/4100/4100 4101/4101/4101
f 4102/4102/4102 4103/4103/4103 4104/4104/4104
f 4105/4105/4105 4106/4106/4106 4107/4107/4107
f 4108/4108/4108 4109/4109/4109 4110/4110/4110
f 4111/4111/4111 4112/4112/4112 4113/4113/4113
f 4114/4114/4114 4115/4115/4115 4116/4116/4116
f 4117/4117/4117 4118/4118/4118 4119/4119/4119
f 4120/4120/4120 4121/4121/4121 4122/4122/4122
f 4123/4123/4123 4124/4124/4124 4125/4125/4125
f 4126/4126/4126 4127/4127/4127 4128/4128/4128
f 4129/4129/4129 4130/4130/4130 4131/4131/4131
f 4132/4132/4132 4133/4133/4133 4134/4134/4134
f 4135/4135/4135 4136/4136/4136 4137/4137/4137
f 4138/4138/4138 4139/4139/4139 4140/4140/4140
f 4141/4141/4141 4142/4142/4142 4143/4143/4143
f 4144/4144/4144 4145/4145/4145 4146/4146/4146
f 4147/4147/4147 4148/4148/4148 4149/4149/4149
f 4150/4150/4150 4151/4151/4151 4152/4152/4152
f 4153/4153/4153 4154/4154/4154 4155/4155/4155
f 4156/4156/4156 4157/4157/4157 4158/4158/4158
f 4159/4159/4159 4160/4160/4160 4161/4161/4161
f 4162/4162/4162 4163/4163/4163 4164/4164/4164
f 4165/4165/4165 4166/4166/4166 4167/4167/4167
f 4168/4168/4168 4169/4169/4169 4170/4170/4170
f 4171/4171/4171 4172/4172/4172 4173/4173/4173
f 4174/4174/4174 4175/4175/4175 4176/4176/4176
f 4177/4177/4177 4178/4178/4178 4179/4179/4179
f 4180/4180/4180 4181/4181/4181 4182/4182/4182
f 4183/4183/4183 4184/4184/4184 4185/4185/4185
f 4186/4186/4186 4187/4187/4187 4188/4188/4188
f 4189/4189/4189 4190/4190/4190 4191/4191/4191
f 4192/4192/4192 4193/4193/4193 4194/4194/4194
f 4195/4195/4195 4196/4196/4196 4197/4197/4197
f 4198/4198/4198 4199/4199/4199 4200/4200/4200
f 4201/4201/4201 4202/4202/4202 4203/4203/4203
f 4204/4204/4204 4205/4205/4205 4206/4206/4206
f 4207/4207/4207 4208/4208/4208 4209/4209/4209
f 4210/4210/4210 4211/4211/4211 4212/4212/4212
f 4213/4213/4213 4214/4214/4214 4215/4215/4215
f 4216/4216/4216 4217/4217/4217 4218/4218/4218
f 4219/4219/4219 4220/4220/4220 4221/4221/4221
f 4222/4222/4222 4223/4223/4223 4224/4224/4224
f 4225/4225/4225 4226/4226/4226 4227/4227/4227
f 4228/4228/4228 4229/4229/4229 4230/4230/4230
f 4231/4231/4231 4232/4232/4232 4233/4233/4233
f 4234/4234/4234 4235/4235/4235 4236/4236/4236
usemtl rock
f 4237/4237/4237 4238/4238/4238 4239/4239/4239
f 4240/4240/4240 4241/4241/4241 4242/4242/4242
f 4243/4243/4243 4244/4244/4244 4245/4245/4245
f 4246/4246/4246 4247/4247/4247 4248/4248/4248
f 4249/4249/4249 4250/4250/4250 4251/4251/4251
f 4252/4252/4252 4253/4253/4253 4254/4254/4254
f 4255/4255/4255 4256/4256/4256 4257/4257/4257
f 4258/4258/4258 4259/4259/4259 4260/4260/4260
f 4261/4261/4261 4262/4262/4262 4263/4263/4263
f 4264/4264/4264 4265/4265/4265 4266/4266/4266
f 4267/4267/4267 4268/4268/4268 4269/4269/4269
f 4270/4270/4270 4271/4271/4271 4272/4272/4272
f 4273/4273/4273 4274/4274/4274 4275/4275/4275
f 4276/4276/4276 4277/4277/4277 4278/4278/4278
f 4279/4279/4279 4280/4280/4280 4281/4281/4281
f 4282/4282/4282 4283/4283/4283 4284/4284/4284
f 4285/4285/4285 4286/4286/4286 4287/4287/4287
f 4288/4288/4288 4289/4289/4289 4290/4290/4290
f 4291/4291/4291 4292/4292/4292 4293/4293/4293
f 4294/4294/4294 4295/4295/4295 4296/4296/4296
f 4297/4297/4297 4298/4298/4298 4299/4299/4299
f 4300/4300/4300 4301/4301/4301 4302/4302/4302
f 4303/4303/4303 4304/4304/4304 4305/4305/4305
f 4306/4306/4306 4307/4307/4307 4308/4308/4308
f 4309/4309/4309 4310/4310/4310 4311/4311/4311
f 4312/4312/4312 4313/4313/4313 4314/4314/4314
f 4315/4315/4315 4316/4316/4316 4317/4317/4317
f 4318/4318/4318 4319/4319/4319 4320/4320/4320
f 4321/4321/4321 4322/4322/4322 4323/4323/4323
f 4324/4324/4324 4325/4325/4325 4326/4326/4326
f 4327/4327/4327 4328/4328/4328 4329/4329/4329
f 4330/4330/4330 4331/4331/4331 4332/4332/4332
f 4333/4333/4333 4334/4334/4334 4335/4335/4335
f 4336/4336/4336 4337/4337/4337 4338/4338/4338
f 4339/4339/4339 4340/4340/4340 4341/4341/4341
f 4342/4342/4342 4343/4343/4343 4344/4344/4344
f 4345/4345/4345 4346/4346/4346 4347/4347/4347
f 4348/4348/4348 4349/4349/4349 4350/4350/4350
f 4351/4351/4351 4352/4352/4352 4353/4353/4353
f 4354/4354/4354 4355/4355/4355 4356/4356/4356
f 4357/4357/4357 4358/4358/4358 4359/4359/4359
f 4360/4360/4360 4361/4361/4361 4362/4362/4362
f 4363/4363/4363 4364/4364/4364 4365/4365/4365
f 4366/4366/4366 4367/4367/4367 4368/4368/4368
f 4369/4369/4369 4370/4370/4370 4371/4371/4371
f 4372/4372/4372 4373/4373/4373 4374/4374/4374
f 4375/4375/4375 4376/4376/4376 4377/4377/4377
f 4378/4378/4378 4379/4379/4379 4380/4380/4380
f 4381/4381/4381 4382/4382/4382 4383/4383/4383
f 4384/4384/4384 4385/4385/4385 4386/4386/4386
f 4387/4387/4387 4388/4388/4388 4389/4389/4389
f 4390/4390/4390 4391/4391/4391 4392/4392/4392
f 4393/4393/4393 4394/4394/4394 4395/4395/4395
f 4396/4396/4396 4397/4397/4397 4398/4398/4398
f 4399/4399/4399 4400/4400/4400 4401/4401/4401
f 4402/4402/4402 4403/4403/4403 4404/4404/4404
f 4405/4405/4405 4406/4406/4406 4407/4407/4407
f 4408/4408/4408 4409/4409/4409 4410/4410/4410
f 4411/4411/4411 4412/4412/4412 4413/4413/4413
f 4414/4414/4414 4415/4415/4415 4416/4416/4416
f 4417/4417/4417 4418/4418/4418 4419/4419/4419
f 4420/4420/4420 4421/4421/4421 4422/4422/4422
f 4423/4423/4423 4424/4424/4424 4425/4425/4425
f 4426/4426/4426 4427/4427/4427 4428/4428/4428
f 4429/4429/4429 4430/4430/4430 4431/4431/4431
f 4432/4432/4432 4433/4433/4433 4434/4434/4434
f 4435/4435/4435 4436/4436/4436 4437/4437/4437
f 4438/4438/4438 4439/4439/4439 4440/4440/4440
f 4441/4441/4441 4442/4442/4442 4443/4443/4443
f 4444/4444/4444 4445/4445/4445 4446/4446/4446
f 4447/4447/4447 4448/4448/4448 4449/4449/4449
f 4450/4450/4450 4451/4451/4451 4452/4452/4452
f 4453/4453/4453 4454/4454/4454 4455/4455/4455
f 4456/4456/4456 4457/4457/4457 4458/4458/4458
f 4459/4459/4459 4460/4460/4460 4461/4461/4461
f 4462/4462/4462 4463/4463/4463 4464/4464/4464
f 4465/4465/4465 4466/4466/4466 4467/4467/4467
f 4468/4468/4468 4469/4469/4469 4470/4470/4470
f 4471/4471/4471 4472/4472/4472 4473/4473/4473
f 4474/4474/4474 4475/4475/4475 4476/4476/4476
f 4477/4477/4477 4478/4478/4478 4479/4479/4479
f 4480/4480/4480 4481/4481/4481 4482/4482/4482
f 4483/4483/4483 4484/4484/4484 4485/4485/4485
f 4486/4486/4486 4487/4487/4487 4488/4488/4488
f 4489/4489/4489 4490/4490/4490 4491/4491/4491
f 4492/4492/4492 4493/4493/4493 4494/4494/4494
f 4495/4495/4495 4496/4496/4496 4497/4497/4497
f 4498/4498/4498 4499/4499/4499 4500/4500/4500
f 4501/4501/4501 4502/4502/4502 4503/4503/4503
f 4504/4504/4504 4505/4505/4505 4506/4506/4506
f 4507/4507/4507 4508/4508/4508 4509/4509/4509
f 4510/4510/4510 4511/4511/4511 4512/4512/4512
f 4513/4513/4513 4514/4514/4514 4515/4515/4515
f 4516/4516/4516 4517/4517/4517 4518/4518/4518
f 4519/4519/4519 4520/4520/4520 4521/4521/4521
f 4522/4522/4522 4523/4523/4523 4524/4524/4524
f 4525/4525/4525 4526/4526/4526 4527/4527/4527
f 4528/4528/4528 4529/4529/4529 4530/4530/4530
f 4531/4531/4531 4532/4532/4532 4533/4533/4533
f 4534/4534/4534 4535/4535/4535 4536/4536/4536
f 4537/4537/4537 4538/4538/4538 4539/4539/4539
f 4540/4540/4540 4541/4541/4541 4542/4542/4542
f 4543/4543/4543 4544/4544/4544 4545/4545/4545
f 4546/4546/4546 4547/4547/4547 4548/4548/4548
f 4549/4549/4549 4550/4550/4550 4551/4551/4551
f 4552/4552/4552 4553/4553/4553 4554/4554/4554
f 4555/4555/4555 4556/4556/4556 4557/4557/4557
f 4558/4558/4558 4559/4559/4559 4560/4560/4560
f 4561/4561/4561 4562/4562/4562 4563/4563/4563
f 4564/4564/4564 4565/4565/4565 4566/4566/4566
f 4567/4567/4567 4568/4568/4568 4569/4569/4569
f 4570/4570/4570 4571/4571/4571 4572/4572/4572
f 4573/4573/4573 4574/4574/4574 4575/4575/4575
f 4576/4576/4576 4577/4577/4577 4578/4578/4578
f 4579/4579/4579 4580/4580/4580 4581/4581/4581
f 4582/4582/4582 4583/4583/4583 4584/4584/4584
f 4585/4585/4585 4586/4586/4586 4587/4587/4587
f 4588/4588/4588 4589/4589/4589 4590/4590/4590
f 4591/4591/4591 4592/4592/4592 4593/4593/4593
f 4594/4594/4594 4595/4595/4595 4596/4596/4596
f 4597/4597/4597 4598/4598/4598 4599/4599/4599
f 4600/4600/4600 4601/4601/4601 4602/4602/4602
f 4603/4603/4603 4604/4604/4604 4605/4605/4605
f 4606/4606/4606 4607/4607/4607 4608/4608/4608
f 4609/4609/4609 4610/4610/4610 4611/4611/4611
f 4612/4612/4612 4613/4613/4613 4614/4614/4614
f 4615/4615/4615 4616/4616/4616 4617/4617/4617
f 4618/4618/4618 4619/4619/4619 4620/4620/4620
f 4621/4621/4621 4622/4622/4622 4623/4623/4623
f 4624/4624/4624 4625/4625/4625 4626/4626/4626
f 4627/4627/4627 4628/4628/4628 4629/4629/4629
f 4630/4630/4630 4631/4631/4631 4632/4632/4632
f 4633/4633/4633 4634/4634/4634 4635/4635/4635
f 4636/4636/4636 4637/4637/4637 4638/4638/4638
f 4639/4639/4639 4640/4640/4640 4641/4641/4641
f 4642/4642/4642 4643/4643/4643 4644/4644/4644
f 4645/4645/4645 4646/4646/4646 4647/4647/4647
f 4648/4648/4648 4649/4649/4649 4650/4650/4650
f 4651/4651/4651 4652/4652/4652 4653/4653/4653
f 4654/4654/4654 4655/4655/4655 4656/4656/4656
f 4657/4657/4657 4658/4658/4658 4659/4659/4659
f 4660/4660/4660 4661/4661/4661 4662/4662/4662
f 4663/4663/4663 4664/4664/4664 4665/4665/4665
f 4666/4666/4666 4667/4667/4667 4668/4668/4668
f 4669/4669/4669 4670/4670/4670 4671/4671/4671
f 4672/4672/4672 4673/4673/4673 4674/4674/4674
f 4675/4675/4675 4676/4676/4676 4677/4677/4677
f 4678/4678/4678 4679/4679/4679 4680/4680/4680
f 4681/4681/4681 4682/4682/4682 4683/4683/4683
f 4684/4684/4684 4685/4685/4685 4686/4686/4686
f 4687/4687/4687 4688/4688/4688 4689/4689/4689
f 4690/4690/4690 4691/4691/4691 4692/4692/4692
f 4693/4693/4693 4694/4694/4694 4695/4695/4695
f 4696/4696/4696 4697/4697/4697 4698/4698/4698
f 4699/4699/4699 4700/4700/4700 4701/4701/4701
f 4702/4702/4702 4703/4703/4703 4704/4704/4704
f 4705/4705/4705 4706/4706/4706 4707/4707/4707
f 4708/4708/4708 4709/4709/4709 4710/4710/4710
f 4711/4711/4711 4712/4712/4712 4713/4713/4713
f 4714/4714/4714 4715/4715/4715 4716/4716/4716
usemtl reed
f 4717/4717/4717 4718/4718/4718 4719/4719/4719
f 4720/4720/4720 4721/4721/4721 4722/4722/4722
f 4723/4723/4723 4724/4724/4724 4725/4725/4725
f 4726/4726/4726 4727/4727/4727 4728/4728/4728
f 4729/4729/4729 4730/4730/4730 4731/4731/4731
f 4732/4732/4732 4733/4733/4733 4734/4734/4734
f 4735/4735/4735 4736/4736/4736 4737/4737/4737
f 4738/4738/4738 4739/4739/4739 4740/4740/4740
f 4741/4741/4741 4742/4742/4742 4743/4743/4743
f 4744/4744/4744 4745/4745/4745 4746/4746/4746
f 4747/4747/4747 4748/4748/4748 4749/4749/4749
f 4750/4750/4750 4751/4751/4751 4752/4752/4752
f 4753/4753/4753 4754/4754/4754 4755/4755/4755
f 4756/4756/4756 4757/4757/4757 4758/4758/4758
f 4759/4759/4759 4760/4760/4760 4761/4761/4761
f 4762/4762/4762 4763/4763/4763 4764/4764/4764
f 4765/4765/4765 4766/4766/4766 4767/4767/4767
f 4768/4768/4768 4769/4769/4769 4770/4770/4770
f 4771/4771/4771 4772/4772/4772 4773/4773/4773
f 4774/4774/4774 4775/4775/4775 4776/4776/4776
f 4777/4777/4777 4778/4778/4778 4779/4779/4779
f 4780/4780/4780 4781/4781/4781 4782/4782/4782
f 4783/4783/4783 4784/4784/4784 4785/4785/4785
f 4786/4786/4786 4787/4787/4787 4788/4788/4788
f 4789/4789/4789 4790/4790/4790 4791/4791/4791
f 4792/4792/4792 4793/4793/4793 4794/4794/4794
f 4795/4795/4795 4796/4796/4796 4797/4797/4797
f 4798/4798/4798 4799/4799/4799 4800/4800/4800
f 4801/4801/4801 4802/4802/4802 4803/4803/4803
f 4804/4804/4804 4805/4805/4805 4806/4806/4806
f 4807/4807/4807 4808/4808/4808 4809/4809/4809
f 4810/4810/4810 4811/4811/4811 4812/4812/4812
f 4813/4813/4813 4814/4814/4814 4815/4815/4815
f 4816/4816/4816 4817/4817/4817 4818/4818/4818
f 4819/4819/4819 4820/4820/4820 4821/4821/4821
f 4822/4822/4822 4823/4823/4823 4824/4824/4824
f 4825/4825/4825 4826/4826/4826 4827/4827/4827
f 4828/4828/4828 4829/4829/4829 4830/4830/4830
f 4831/4831/4831 4832/4832/4832 4833/4833/4833
f 4834/4834/4834 4835/4835/4835 4836/4836/4836
f 4837/4837/4837 4838/4838/4838 4839/4839/4839
f 4840/4840/4840 4841/4841/4841 4842/4842/4842
f 4843/4843/4843 4844/4844/4844 4845/4845/4845
f 4846/4846/4846 4847/4847/4847 4848/4848/4848
f 4849/4849/4849 4850/4850/4850 4851/4851/4851
f 4852/4852/4852 4853/4853/4853 4854/4854/4854
f 4855/4855/4855 4856/4856/4856 4857/4857/4857
f 4858/4858/4858 4859/4859/4859 4860/4860/4860
f 4861/4861/4861 4862/4862/4862 4863/4863/4863
f 4864/4864/4864 4865/4865/4865 4866/4866/4866
f 4867/4867/4867 4868/4868/4868 4869/4869/4869
f 4870/4870/4870 4871/4871/4871 4872/4872/4872
f 4873/4873/4873 4874/4874/4874 4875/4875/4875
f 4876/4876/4876 4877/4877/4877 4878/4878/4878
f 4879/4879/4879 4880/4880/4880 4881/4881/4881
f 4882/4882/4882 4883/4883/4883 4884/4884/4884
f 4885/4885/4885 4886/4886/4886 4887/4887/4887
f 4888/4888/4888 4889/4889/4889 4890/4890/4890
f 4891/4891/4891 4892/4892/4892 4893/4893/4893
f 4894/4894/4894 4895/4895/4895 4896/4896/4896
f 4897/4897/4897 4898/4898/4898 4899/4899/4899
f 4900/4900/4900 4901/4901/4901 4902/4902/4902
f 4903/4903/4903 4904/4904/4904 4905/4905/4905
f 4906/4906/4906 4907/4907/4907 4908/4908/4908
f 4909/4909/4909 4910/4910/4910 4911/4911/4911
f 4912/4912/4912 4913/4913/4913 4914/4914/4914
f 4915/4915/4915 4916/4916/4916 4917/4917/4917
f 4918/4918/4918 4919/4919/4919 4920/4920/4920
f 4921/4921/4921 4922/4922/4922 4923/4923/4923
f 4924/4924/4924 4925/4925/4925 4926/4926/4926
f 4927/4927/4927 4928/4928/4928 4929/4929/4929
f 4930/4930/4930 4931/4931/4931 4932/4932/4932
f 4933/4933/4933 4934/4934/4934 4935/4935/4935
f 4936/4936/4936 4937/4937/4937 4938/4938/4938
f 4939/4939/4939 4940/4940/4940 4941/4941/4941
f 4942/4942/4942 4943/4943/4943 4944/4944/4944
f 4945/4945/4945 4946/4946/4946 4947/4947/4947
f 4948/4948/4948 4949/4949/4949 4950/4950/4950
f 4951/4951/4951 4952/4952/4952 4953/4953/4953
f 4954/4954/4954 4955/4955/4955 4956/4956/4956
f 4957/4957/4957 4958/4958/4958 4959/4959/4959
f 4960/4960/4960 4961/4961/4961 4962/4962/4962
f 4963/4963/4963 4964/4964/4964 4965/4965/4965
f 4966/4966/4966 4967/4967/4967 4968/4968/4968
f 4969/4969/4969 4970/4970/4970 4971/4971/4971
f 4972/4972/4972 4973/4973/4973 4974/4974/4974
f 4975/4975/4975 4976/4976/4976 4977/4977/4977
f 4978/4978/4978 4979/4979/4979 4980/4980/4980
f 4981/4981/4981 4982/4982/4982 4983/4983/4983
f 4984/4984/4984 4985/4985/4985 4986/4986/4986
f 4987/4987/4987 4988/4988/4988 4989/4989/4989
f 4990/4990/4990 4991/4991/4991 4992/4992/4992
f 4993/4993/4993 4994/4994/4994 4995/4995/4995
f 4996/4996/4996 4997/4997/4997 4998/4998/4998
f 4999/4999/4999 5000/5000/5000 5001/5001/5001
f 5002/5002/5002 5003/5003/5003 5004/5004/5004
f 5005/5005/5005 5006/5006/5006 5007/5007/5007
f 5008/5008/5008 5009/5009/5009 5010/5010/5010
f 5011/5011/5011 5012/5012/5012 5013/5013/5013
f 5014/5014/5014 5015/5015/5015 5016/5016/5016
usemtl rock
f 5017/5017/5017 5018/5018/5018 5019/5019/5019
f 5020/5020/5020 5021/5021/5021 5022/5022/5022
f 5023/5023/5023 5024/5024/5024 5025/5025/5025
f 5026/5026/5026 5027/5027/5027 5028/5028/5028
f 5029/5029/5029 5030/5030/5030 5031/5031/5031
f 5032/5032/5032 5033/5033/5033 5034/5034/5034
f 5035/5035/5035 5036/5036/5036 5037/5037/5037
f 5038/5038/5038 5039/5039/5039 5040/5040/5040
f 5041/5041/5041 5042/5042/5042 5043/5043/5043
f 5044/5044/5044 5045/5045/5045 5046/5046/5046
f 5047/5047/5047 5048/5048/5048 5049/5049/5049
f 5050/5050/5050 5051/5051/5051 5052/5052/5052
f 5053/5053/5053 5054/5054/5054 5055/5055/5055
f 5056/5056/5056 5057/5057/5057 5058/5058/5058
f 5059/5059/5059 5060/5060/5060 5061/5061/5061
f 5062/5062/5062 5063/5063/5063 5064/5064/5064
f 5065/5065/5065 5066/5066/5066 5067/5067/5067
f 5068/5068/5068 5069/5069/5069 5070/5070/5070
f 5071/5071/5071 5072/5072/5072 5073/5073/5073
f 5074/5074/5074 5075/5075/5075 5076/5076/5076
f 5077/5077/5077 5078/5078/5078 5079/5079/5079
f 5080/5080/5080 5081/5081/5081 5082/5082/5082
f 5083/5083/5083 5084/5084/5084 5085/5085/5085
f 5086/5086/5086 5087/5087/5087 5088/5088/5088
f 5089/5089/5089 5090/5090/5090 5091/5091/5091
f 5092/5092/5092 5093/5093/5093 5094/5094/5094
f 5095/5095/5095 5096/5096/5096 5097/5097/5097
f 5098/5098/5098 5099/5099/5099 5100/5100/5100
f 5101/5101/5101 5102/5102/5102 5103/5103/5103
f 5104/5104/5104 5105/5105/5105 5106/5106/5106
f 5107/5107/5107 5108/5108/5108 5109/5109/5109
f 5110/5110/5110 5111/5111/5111 5112/5112/5112
f 5113/5113/5113 5114/5114/5114 5115/5115/5115
f 5116/5116/5116 5117/5117/5117 5118/5118/5118
f 5119/5119/5119 5120/5120/5120 5121/5121/5121
f 5122/5122/5122 5123/5123/5123 5124/5124/5124
f 5125/5125/5125 5126/5126/5126 5127/5127/5127
f 5128/5128/5128 5129/5129/5129 5130/5130/5130
f 5131/5131/5131 5132/5132/5132 5133/5133/5133
f 5134/5134/5134 5135/5135/5135 5136/5136/5136
f 5137/5137/5137 5138/5138/5138 5139/5139/5139
f 5140/5140/5140 5141/5141/5141 5142/5142/5142
f 5143/5143/5143 5144/5144/5144 5145/5145/5145
f 5146/5146/5146 5147/5147/5147 5148/5148/5148
f 5149/5149/5149 5150/5150/5150 5151/5151/5151
f 5152/5152/5152 5153/5153/5153 5154/5154/5154
f 5155/5155/5155 5156/5156/5156 5157/5157/5157
f 5158/5158/5158 5159/5159/5159 5160/5160/5160
f 5161/5161/5161 5162/5162/5162 5163/5163/5163
f 5164/5164/5164 5165/5165/5165 5166/5166/5166
f 5167/5167/5167 5168/5168/5168 5169/5169/5169
f 5170/5170/5170 5171/5171/5171 5172/5172/5172
f 5173/5173/5173 5174/5174/5174 5175/5175/5175
f 5176/5176/5176 5177/5177/5177 5178/5178/5178
f 5179/5179/5179 5180/5180/5180 5181/5181/5181
f 5182/5182/5182 5183/5183/5183 5184/5184/5184
f 5185/5185/5185 5186/5186/5186 5187/5187/5187
f 5188/5188/5188 5189/5189/5189 5190/5190/5190
f 5191/5191/5191 5192/5192/5192 5193/5193/5193
f 5194/5194/5194 5195/5195/5195 5196/5196/5196
f 5197/5197/5197 5198/5198/5198 5199/5199/5199
f 5200/5200/5200 5201/5201/5201 5202/5202/5202
f 5203/5203/5203 5204/5204/5204 5205/5205/5205
f 5206/5206/5206 5207/5207/5207 5208/5208/5208
f 5209/5209/5209 5210/5210/5210 5211/5211/5211
f 5212/5212/5212 5213/5213/5213 5214/5214/5214
f 5215/5215/5215 5216/5216/5216 5217/5217/5217
f 5218/5218/5218 5219/5219/5219 5220/5220/5220
f 5221/5221/5221 5222/5222/5222 5223/5223/5223
f 5224/5224/5224 5225/5225/5225 5226/5226/5226
f 5227/5227/5227 5228/5228/5228 5229/5229/5229
f 5230/5230/5230 5231/5231/5231 5232/5232/5232
f 5233/5233/5233 5234/5234/5234 5235/5235/5235
f 5236/5236/5236 5237/5237/5237 5238/5238/5238
f 5239/5239/5239 5240/5240/5240 5241/5241/5241
f 5242/5242/5242 5243/5243/5243 5244/5244/5244
f 5245/5245/5245 5246/5246/5246 5247/5247/5247
f 5248/5248/5248 5249/5249/5249 5250/5250/5250
f 5251/5251/5251 5252/5252/5252 5253/5253/5253
f 5254/5254/5254 5255/5255/5255 5256/5256/5256
