# Deterministic Story World v3 asset: StoryWorld_Woodpile_v3
# Triangles: 384
mtllib story_world_v3.mtl
o StoryWorld_Woodpile_v3
s 1
v -0.910000 0.230000 -0.649572
v -0.971503 0.378475 -0.651981
v -0.974155 0.398475 0.648019
v -0.910000 0.230000 -0.649572
v -0.974155 0.398475 0.648019
v -0.912652 0.250000 0.650428
v -1.120000 0.230000 -0.650000
v -0.971503 0.378475 -0.651981
v -0.910000 0.230000 -0.649572
v -1.122651 0.250000 0.650000
v -0.912652 0.250000 0.650428
v -0.974155 0.398475 0.648019
v -0.971503 0.378475 -0.651981
v -1.119993 0.439975 -0.653230
v -1.122645 0.459975 0.646770
v -0.971503 0.378475 -0.651981
v -1.122645 0.459975 0.646770
v -0.974155 0.398475 0.648019
v -1.120000 0.230000 -0.650000
v -1.119993 0.439975 -0.653230
v -0.971503 0.378475 -0.651981
v -1.122651 0.250000 0.650000
v -0.974155 0.398475 0.648019
v -1.122645 0.459975 0.646770
v -1.119993 0.439975 -0.653230
v -1.268487 0.378475 -0.652587
v -1.271139 0.398475 0.647413
v -1.119993 0.439975 -0.653230
v -1.271139 0.398475 0.647413
v -1.122645 0.459975 0.646770
v -1.120000 0.230000 -0.650000
v -1.268487 0.378475 -0.652587
v -1.119993 0.439975 -0.653230
v -1.122651 0.250000 0.650000
v -1.122645 0.459975 0.646770
v -1.271139 0.398475 0.647413
v -1.268487 0.378475 -0.652587
v -1.330000 0.230000 -0.650428
v -1.332651 0.250000 0.649572
v -1.268487 0.378475 -0.652587
v -1.332651 0.250000 0.649572
v -1.271139 0.398475 0.647413
v -1.120000 0.230000 -0.650000
v -1.330000 0.230000 -0.650428
v -1.268487 0.378475 -0.652587
v -1.122651 0.250000 0.650000
v -1.271139 0.398475 0.647413
v -1.332651 0.250000 0.649572
v -1.330000 0.230000 -0.650428
v -1.268497 0.081525 -0.648019
v -1.271148 0.101525 0.651981
v -1.330000 0.230000 -0.650428
v -1.271148 0.101525 0.651981
v -1.332651 0.250000 0.649572
v -1.120000 0.230000 -0.650000
v -1.268497 0.081525 -0.648019
v -1.330000 0.230000 -0.650428
v -1.122651 0.250000 0.650000
v -1.332651 0.250000 0.649572
v -1.271148 0.101525 0.651981
v -1.268497 0.081525 -0.648019
v -1.120007 0.020025 -0.646770
v -1.122658 0.040025 0.653230
v -1.268497 0.081525 -0.648019
v -1.122658 0.040025 0.653230
v -1.271148 0.101525 0.651981
v -1.120000 0.230000 -0.650000
v -1.120007 0.020025 -0.646770
v -1.268497 0.081525 -0.648019
v -1.122651 0.250000 0.650000
v -1.271148 0.101525 0.651981
v -1.122658 0.040025 0.653230
v -1.120007 0.020025 -0.646770
v -0.971513 0.081525 -0.647413
v -0.974164 0.101525 0.652587
v -1.120007 0.020025 -0.646770
v -0.974164 0.101525 0.652587
v -1.122658 0.040025 0.653230
v -1.120000 0.230000 -0.650000
v -0.971513 0.081525 -0.647413
v -1.120007 0.020025 -0.646770
v -1.122651 0.250000 0.650000
v -1.122658 0.040025 0.653230
v -0.974164 0.101525 0.652587
v -0.971513 0.081525 -0.647413
v -0.910000 0.230000 -0.649572
v -0.912652 0.250000 0.650428
v -0.971513 0.081525 -0.647413
v -0.912652 0.250000 0.650428
v -0.974164 0.101525 0.652587
v -1.120000 0.230000 -0.650000
v -0.910000 0.230000 -0.649572
v -0.971513 0.081525 -0.647413
v -1.122651 0.250000 0.650000
v -0.974164 0.101525 0.652587
v -0.912652 0.250000 0.650428
v -0.350172 0.230000 -0.658510
v -0.411722 0.378475 -0.658298
v -0.358998 0.398475 0.641702
v -0.350172 0.230000 -0.658510
v -0.358998 0.398475 0.641702
v -0.297449 0.250000 0.641490
v -0.560000 0.230000 -0.650000
v -0.411722 0.378475 -0.658298
v -0.350172 0.230000 -0.658510
v -0.507276 0.250000 0.650000
v -0.297449 0.250000 0.641490
v -0.358998 0.398475 0.641702
v -0.411722 0.378475 -0.658298
v -0.560131 0.439975 -0.653225
v -0.507407 0.459975 0.646775
v -0.411722 0.378475 -0.658298
v -0.507407 0.459975 0.646775
v -0.358998 0.398475 0.641702
v -0.560000 0.230000 -0.650000
v -0.560131 0.439975 -0.653225
v -0.411722 0.378475 -0.658298
v -0.507276 0.250000 0.650000
v -0.358998 0.398475 0.641702
v -0.507407 0.459975 0.646775
v -0.560131 0.439975 -0.653225
v -0.708463 0.378475 -0.646263
v -0.655739 0.398475 0.653737
v -0.560131 0.439975 -0.653225
v -0.655739 0.398475 0.653737
v -0.507407 0.459975 0.646775
v -0.560000 0.230000 -0.650000
v -0.708463 0.378475 -0.646263
v -0.560131 0.439975 -0.653225
v -0.507276 0.250000 0.650000
v -0.507407 0.459975 0.646775
v -0.655739 0.398475 0.653737
v -0.708463 0.378475 -0.646263
v -0.769828 0.230000 -0.641490
v -0.717104 0.250000 0.658510
v -0.708463 0.378475 -0.646263
v -0.717104 0.250000 0.658510
v -0.655739 0.398475 0.653737
v -0.560000 0.230000 -0.650000
v -0.769828 0.230000 -0.641490
v -0.708463 0.378475 -0.646263
v -0.507276 0.250000 0.650000
v -0.655739 0.398475 0.653737
v -0.717104 0.250000 0.658510
v -0.769828 0.230000 -0.641490
v -0.708278 0.081525 -0.641702
v -0.655554 0.101525 0.658298
v -0.769828 0.230000 -0.641490
v -0.655554 0.101525 0.658298
v -0.717104 0.250000 0.658510
v -0.560000 0.230000 -0.650000
v -0.708278 0.081525 -0.641702
v -0.769828 0.230000 -0.641490
v -0.507276 0.250000 0.650000
v -0.717104 0.250000 0.658510
v -0.655554 0.101525 0.658298
v -0.708278 0.081525 -0.641702
v -0.559869 0.020025 -0.646775
v -0.507145 0.040025 0.653225
v -0.708278 0.081525 -0.641702
v -0.507145 0.040025 0.653225
v -0.655554 0.101525 0.658298
v -0.560000 0.230000 -0.650000
v -0.559869 0.020025 -0.646775
v -0.708278 0.081525 -0.641702
v -0.507276 0.250000 0.650000
v -0.655554 0.101525 0.658298
v -0.507145 0.040025 0.653225
v -0.559869 0.020025 -0.646775
v -0.411537 0.081525 -0.653737
v -0.358813 0.101525 0.646263
v -0.559869 0.020025 -0.646775
v -0.358813 0.101525 0.646263
v -0.507145 0.040025 0.653225
v -0.560000 0.230000 -0.650000
v -0.411537 0.081525 -0.653737
v -0.559869 0.020025 -0.646775
v -0.507276 0.250000 0.650000
v -0.507145 0.040025 0.653225
v -0.358813 0.101525 0.646263
v -0.411537 0.081525 -0.653737
v -0.350172 0.230000 -0.658510
v -0.297449 0.250000 0.641490
v -0.411537 0.081525 -0.653737
v -0.297449 0.250000 0.641490
v -0.358813 0.101525 0.646263
v -0.560000 0.230000 -0.650000
v -0.350172 0.230000 -0.658510
v -0.411537 0.081525 -0.653737
v -0.507276 0.250000 0.650000
v -0.358813 0.101525 0.646263
v -0.297449 0.250000 0.641490
v 0.209999 0.230000 -0.649247
v 0.148500 0.378475 -0.651752
v 0.143840 0.398475 0.648248
v 0.209999 0.230000 -0.649247
v 0.143840 0.398475 0.648248
v 0.205339 0.250000 0.650753
v 0.000000 0.230000 -0.650000
v 0.148500 0.378475 -0.651752
v 0.209999 0.230000 -0.649247
v -0.004659 0.250000 0.650000
v 0.205339 0.250000 0.650753
v 0.143840 0.398475 0.648248
v 0.148500 0.378475 -0.651752
v 0.000012 0.439975 -0.653230
v -0.004648 0.459975 0.646770
v 0.148500 0.378475 -0.651752
v -0.004648 0.459975 0.646770
v 0.143840 0.398475 0.648248
v 0.000000 0.230000 -0.650000
v 0.000012 0.439975 -0.653230
v 0.148500 0.378475 -0.651752
v -0.004659 0.250000 0.650000
v 0.143840 0.398475 0.648248
v -0.004648 0.459975 0.646770
v 0.000012 0.439975 -0.653230
v -0.148483 0.378475 -0.652816
v -0.153142 0.398475 0.647184
v 0.000012 0.439975 -0.653230
v -0.153142 0.398475 0.647184
v -0.004648 0.459975 0.646770
v 0.000000 0.230000 -0.650000
v -0.148483 0.378475 -0.652816
v 0.000012 0.439975 -0.653230
v -0.004659 0.250000 0.650000
v -0.004648 0.459975 0.646770
v -0.153142 0.398475 0.647184
v -0.148483 0.378475 -0.652816
v -0.209999 0.230000 -0.650753
v -0.214658 0.250000 0.649247
v -0.148483 0.378475 -0.652816
v -0.214658 0.250000 0.649247
v -0.153142 0.398475 0.647184
v 0.000000 0.230000 -0.650000
v -0.209999 0.230000 -0.650753
v -0.148483 0.378475 -0.652816
v -0.004659 0.250000 0.650000
v -0.153142 0.398475 0.647184
v -0.214658 0.250000 0.649247
v -0.209999 0.230000 -0.650753
v -0.148500 0.081525 -0.648248
v -0.153159 0.101525 0.651752
v -0.209999 0.230000 -0.650753
v -0.153159 0.101525 0.651752
v -0.214658 0.250000 0.649247
v 0.000000 0.230000 -0.650000
v -0.148500 0.081525 -0.648248
v -0.209999 0.230000 -0.650753
v -0.004659 0.250000 0.650000
v -0.214658 0.250000 0.649247
v -0.153159 0.101525 0.651752
v -0.148500 0.081525 -0.648248
v -0.000012 0.020025 -0.646770
v -0.004671 0.040025 0.653230
v -0.148500 0.081525 -0.648248
v -0.004671 0.040025 0.653230
v -0.153159 0.101525 0.651752
v 0.000000 0.230000 -0.650000
v -0.000012 0.020025 -0.646770
v -0.148500 0.081525 -0.648248
v -0.004659 0.250000 0.650000
v -0.153159 0.101525 0.651752
v -0.004671 0.040025 0.653230
v -0.000012 0.020025 -0.646770
v 0.148483 0.081525 -0.647184
v 0.143824 0.101525 0.652816
v -0.000012 0.020025 -0.646770
v 0.143824 0.101525 0.652816
v -0.004671 0.040025 0.653230
v 0.000000 0.230000 -0.650000
v 0.148483 0.081525 -0.647184
v -0.000012 0.020025 -0.646770
v -0.004659 0.250000 0.650000
v -0.004671 0.040025 0.653230
v 0.143824 0.101525 0.652816
v 0.148483 0.081525 -0.647184
v 0.209999 0.230000 -0.649247
v 0.205339 0.250000 0.650753
v 0.148483 0.081525 -0.647184
v 0.205339 0.250000 0.650753
v 0.143824 0.101525 0.652816
v 0.000000 0.230000 -0.650000
v 0.209999 0.230000 -0.649247
v 0.148483 0.081525 -0.647184
v -0.004659 0.250000 0.650000
v 0.143824 0.101525 0.652816
v 0.205339 0.250000 0.650753
v 0.769998 0.230000 -0.650914
v 0.708481 0.378475 -0.652931
v 0.714140 0.398475 0.647069
v 0.769998 0.230000 -0.650914
v 0.714140 0.398475 0.647069
v 0.775657 0.250000 0.649086
v 0.560000 0.230000 -0.650000
v 0.708481 0.378475 -0.652931
v 0.769998 0.230000 -0.650914
v 0.565659 0.250000 0.650000
v 0.775657 0.250000 0.649086
v 0.714140 0.398475 0.647069
v 0.708481 0.378475 -0.652931
v 0.559986 0.439975 -0.653230
v 0.565645 0.459975 0.646770
v 0.708481 0.378475 -0.652931
v 0.565645 0.459975 0.646770
v 0.714140 0.398475 0.647069
v 0.560000 0.230000 -0.650000
v 0.559986 0.439975 -0.653230
v 0.708481 0.378475 -0.652931
v 0.565659 0.250000 0.650000
v 0.714140 0.398475 0.647069
v 0.565645 0.459975 0.646770
v 0.559986 0.439975 -0.653230
v 0.411499 0.378475 -0.651638
v 0.417158 0.398475 0.648362
v 0.559986 0.439975 -0.653230
v 0.417158 0.398475 0.648362
v 0.565645 0.459975 0.646770
v 0.560000 0.230000 -0.650000
v 0.411499 0.378475 -0.651638
v 0.559986 0.439975 -0.653230
v 0.565659 0.250000 0.650000
v 0.565645 0.459975 0.646770
v 0.417158 0.398475 0.648362
v 0.411499 0.378475 -0.651638
v 0.350002 0.230000 -0.649086
v 0.355661 0.250000 0.650914
v 0.411499 0.378475 -0.651638
v 0.355661 0.250000 0.650914
v 0.417158 0.398475 0.648362
v 0.560000 0.230000 -0.650000
v 0.350002 0.230000 -0.649086
v 0.411499 0.378475 -0.651638
v 0.565659 0.250000 0.650000
v 0.417158 0.398475 0.648362
v 0.355661 0.250000 0.650914
v 0.350002 0.230000 -0.649086
v 0.411519 0.081525 -0.647069
v 0.417178 0.101525 0.652931
v 0.350002 0.230000 -0.649086
v 0.417178 0.101525 0.652931
v 0.355661 0.250000 0.650914
v 0.560000 0.230000 -0.650000
v 0.411519 0.081525 -0.647069
v 0.350002 0.230000 -0.649086
v 0.565659 0.250000 0.650000
v 0.355661 0.250000 0.650914
v 0.417178 0.101525 0.652931
v 0.411519 0.081525 -0.647069
v 0.560014 0.020025 -0.646770
v 0.565673 0.040025 0.653230
v 0.411519 0.081525 -0.647069
v 0.565673 0.040025 0.653230
v 0.417178 0.101525 0.652931
v 0.560000 0.230000 -0.650000
v 0.560014 0.020025 -0.646770
v 0.411519 0.081525 -0.647069
v 0.565659 0.250000 0.650000
v 0.417178 0.101525 0.652931
v 0.565673 0.040025 0.653230
v 0.560014 0.020025 -0.646770
v 0.708501 0.081525 -0.648362
v 0.714160 0.101525 0.651638
v 0.560014 0.020025 -0.646770
v 0.714160 0.101525 0.651638
v 0.565673 0.040025 0.653230
v 0.560000 0.230000 -0.650000
v 0.708501 0.081525 -0.648362
v 0.560014 0.020025 -0.646770
v 0.565659 0.250000 0.650000
v 0.565673 0.040025 0.653230
v 0.714160 0.101525 0.651638
v 0.708501 0.081525 -0.648362
v 0.769998 0.230000 -0.650914
v 0.775657 0.250000 0.649086
v 0.708501 0.081525 -0.648362
v 0.775657 0.250000 0.649086
v 0.714160 0.101525 0.651638
v 0.560000 0.230000 -0.650000
v 0.769998 0.230000 -0.650914
v 0.708501 0.081525 -0.648362
v 0.565659 0.250000 0.650000
v 0.714160 0.101525 0.651638
v 0.775657 0.250000 0.649086
v 1.329784 0.230000 -0.640480
v 1.268443 0.378475 -0.645548
v 1.209451 0.398475 0.654452
v 1.329784 0.230000 -0.640480
v 1.209451 0.398475 0.654452
v 1.270792 0.250000 0.659520
v 1.120000 0.230000 -0.650000
v 1.268443 0.378475 -0.645548
v 1.329784 0.230000 -0.640480
v 1.061008 0.250000 0.650000
v 1.270792 0.250000 0.659520
v 1.209451 0.398475 0.654452
v 1.268443 0.378475 -0.645548
v 1.120146 0.439975 -0.653224
v 1.061154 0.459975 0.646776
v 1.268443 0.378475 -0.645548
v 1.061154 0.459975 0.646776
v 1.209451 0.398475 0.654452
v 1.120000 0.230000 -0.650000
v 1.120146 0.439975 -0.653224
v 1.268443 0.378475 -0.645548
v 1.061008 0.250000 0.650000
v 1.209451 0.398475 0.654452
v 1.061154 0.459975 0.646776
v 1.120146 0.439975 -0.653224
v 0.971764 0.378475 -0.659011
v 0.912772 0.398475 0.640989
v 1.120146 0.439975 -0.653224
v 0.912772 0.398475 0.640989
v 1.061154 0.459975 0.646776
v 1.120000 0.230000 -0.650000
v 0.971764 0.378475 -0.659011
v 1.120146 0.439975 -0.653224
v 1.061008 0.250000 0.650000
v 1.061154 0.459975 0.646776
v 0.912772 0.398475 0.640989
v 0.971764 0.378475 -0.659011
v 0.910216 0.230000 -0.659520
v 0.851224 0.250000 0.640480
v 0.971764 0.378475 -0.659011
v 0.851224 0.250000 0.640480
v 0.912772 0.398475 0.640989
v 1.120000 0.230000 -0.650000
v 0.910216 0.230000 -0.659520
v 0.971764 0.378475 -0.659011
v 1.061008 0.250000 0.650000
v 0.912772 0.398475 0.640989
v 0.851224 0.250000 0.640480
v 0.910216 0.230000 -0.659520
v 0.971557 0.081525 -0.654452
v 0.912565 0.101525 0.645548
v 0.910216 0.230000 -0.659520
v 0.912565 0.101525 0.645548
v 0.851224 0.250000 0.640480
v 1.120000 0.230000 -0.650000
v 0.971557 0.081525 -0.654452
v 0.910216 0.230000 -0.659520
v 1.061008 0.250000 0.650000
v 0.851224 0.250000 0.640480
v 0.912565 0.101525 0.645548
v 0.971557 0.081525 -0.654452
v 1.119854 0.020025 -0.646776
v 1.060862 0.040025 0.653224
v 0.971557 0.081525 -0.654452
v 1.060862 0.040025 0.653224
v 0.912565 0.101525 0.645548
v 1.120000 0.230000 -0.650000
v 1.119854 0.020025 -0.646776
v 0.971557 0.081525 -0.654452
v 1.061008 0.250000 0.650000
v 0.912565 0.101525 0.645548
v 1.060862 0.040025 0.653224
v 1.119854 0.020025 -0.646776
v 1.268236 0.081525 -0.640989
v 1.209244 0.101525 0.659011
v 1.119854 0.020025 -0.646776
v 1.209244 0.101525 0.659011
v 1.060862 0.040025 0.653224
v 1.120000 0.230000 -0.650000
v 1.268236 0.081525 -0.640989
v 1.119854 0.020025 -0.646776
v 1.061008 0.250000 0.650000
v 1.060862 0.040025 0.653224
v 1.209244 0.101525 0.659011
v 1.268236 0.081525 -0.640989
v 1.329784 0.230000 -0.640480
v 1.270792 0.250000 0.659520
v 1.268236 0.081525 -0.640989
v 1.270792 0.250000 0.659520
v 1.209244 0.101525 0.659011
v 1.120000 0.230000 -0.650000
v 1.329784 0.230000 -0.640480
v 1.268236 0.081525 -0.640989
v 1.061008 0.250000 0.650000
v 1.209244 0.101525 0.659011
v 1.270792 0.250000 0.659520
v -0.630052 0.680000 -0.645338
v -0.691493 0.828475 -0.648987
v -0.720361 0.848475 0.651013
v -0.630052 0.680000 -0.645338
v -0.720361 0.848475 0.651013
v -0.658919 0.700000 0.654662
v -0.840000 0.680000 -0.650000
v -0.691493 0.828475 -0.648987
v -0.630052 0.680000 -0.645338
v -0.868867 0.700000 0.650000
v -0.658919 0.700000 0.654662
v -0.720361 0.848475 0.651013
v -0.691493 0.828475 -0.648987
v -0.839928 0.889975 -0.653229
v -0.868795 0.909975 0.646771
v -0.691493 0.828475 -0.648987
v -0.868795 0.909975 0.646771
v -0.720361 0.848475 0.651013
v -0.840000 0.680000 -0.650000
v -0.839928 0.889975 -0.653229
v -0.691493 0.828475 -0.648987
v -0.868867 0.700000 0.650000
v -0.720361 0.848475 0.651013
v -0.868795 0.909975 0.646771
v -0.839928 0.889975 -0.653229
v -0.988405 0.828475 -0.655580
v -1.017272 0.848475 0.644420
v -0.839928 0.889975 -0.653229
v -1.017272 0.848475 0.644420
v -0.868795 0.909975 0.646771
v -0.840000 0.680000 -0.650000
v -0.988405 0.828475 -0.655580
v -0.839928 0.889975 -0.653229
v -0.868867 0.700000 0.650000
v -0.868795 0.909975 0.646771
v -1.017272 0.848475 0.644420
v -0.988405 0.828475 -0.655580
v -1.049948 0.680000 -0.654662
v -1.078815 0.700000 0.645338
v -0.988405 0.828475 -0.655580
v -1.078815 0.700000 0.645338
v -1.017272 0.848475 0.644420
v -0.840000 0.680000 -0.650000
v -1.049948 0.680000 -0.654662
v -0.988405 0.828475 -0.655580
v -0.868867 0.700000 0.650000
v -1.017272 0.848475 0.644420
v -1.078815 0.700000 0.645338
v -1.049948 0.680000 -0.654662
v -0.988507 0.531525 -0.651013
v -1.017374 0.551525 0.648987
v -1.049948 0.680000 -0.654662
v -1.017374 0.551525 0.648987
v -1.078815 0.700000 0.645338
v -0.840000 0.680000 -0.650000
v -0.988507 0.531525 -0.651013
v -1.049948 0.680000 -0.654662
v -0.868867 0.700000 0.650000
v -1.078815 0.700000 0.645338
v -1.017374 0.551525 0.648987
v -0.988507 0.531525 -0.651013
v -0.840072 0.470025 -0.646771
v -0.868939 0.490025 0.653229
v -0.988507 0.531525 -0.651013
v -0.868939 0.490025 0.653229
v -1.017374 0.551525 0.648987
v -0.840000 0.680000 -0.650000
v -0.840072 0.470025 -0.646771
v -0.988507 0.531525 -0.651013
v -0.868867 0.700000 0.650000
v -1.017374 0.551525 0.648987
v -0.868939 0.490025 0.653229
v -0.840072 0.470025 -0.646771
v -0.691595 0.531525 -0.644420
v -0.720462 0.551525 0.655580
v -0.840072 0.470025 -0.646771
v -0.720462 0.551525 0.655580
v -0.868939 0.490025 0.653229
v -0.840000 0.680000 -0.650000
v -0.691595 0.531525 -0.644420
v -0.840072 0.470025 -0.646771
v -0.868867 0.700000 0.650000
v -0.868939 0.490025 0.653229
v -0.720462 0.551525 0.655580
v -0.691595 0.531525 -0.644420
v -0.630052 0.680000 -0.645338
v -0.658919 0.700000 0.654662
v -0.691595 0.531525 -0.644420
v -0.658919 0.700000 0.654662
v -0.720462 0.551525 0.655580
v -0.840000 0.680000 -0.650000
v -0.630052 0.680000 -0.645338
v -0.691595 0.531525 -0.644420
v -0.868867 0.700000 0.650000
v -0.720462 0.551525 0.655580
v -0.658919 0.700000 0.654662
v -0.070071 0.680000 -0.655471
v -0.131617 0.828475 -0.656151
v -0.097737 0.848475 0.643849
v -0.070071 0.680000 -0.655471
v -0.097737 0.848475 0.643849
v -0.036190 0.700000 0.644529
v -0.280000 0.680000 -0.650000
v -0.131617 0.828475 -0.656151
v -0.070071 0.680000 -0.655471
v -0.246119 0.700000 0.650000
v -0.036190 0.700000 0.644529
v -0.097737 0.848475 0.643849
v -0.131617 0.828475 -0.656151
v -0.280084 0.889975 -0.653228
v -0.246203 0.909975 0.646772
v -0.131617 0.828475 -0.656151
v -0.246203 0.909975 0.646772
v -0.097737 0.848475 0.643849
v -0.280000 0.680000 -0.650000
v -0.280084 0.889975 -0.653228
v -0.131617 0.828475 -0.656151
v -0.246119 0.700000 0.650000
v -0.097737 0.848475 0.643849
v -0.246203 0.909975 0.646772
v -0.280084 0.889975 -0.653228
v -0.428502 0.828475 -0.648414
v -0.394621 0.848475 0.651586
v -0.280084 0.889975 -0.653228
v -0.394621 0.848475 0.651586
v -0.246203 0.909975 0.646772
v -0.280000 0.680000 -0.650000
v -0.428502 0.828475 -0.648414
v -0.280084 0.889975 -0.653228
v -0.246119 0.700000 0.650000
v -0.246203 0.909975 0.646772
v -0.394621 0.848475 0.651586
v -0.428502 0.828475 -0.648414
v -0.489929 0.680000 -0.644529
v -0.456048 0.700000 0.655471
v -0.428502 0.828475 -0.648414
v -0.456048 0.700000 0.655471
v -0.394621 0.848475 0.651586
v -0.280000 0.680000 -0.650000
v -0.489929 0.680000 -0.644529
v -0.428502 0.828475 -0.648414
v -0.246119 0.700000 0.650000
v -0.394621 0.848475 0.651586
v -0.456048 0.700000 0.655471
v -0.489929 0.680000 -0.644529
v -0.428383 0.531525 -0.643849
v -0.394502 0.551525 0.656151
v -0.489929 0.680000 -0.644529
v -0.394502 0.551525 0.656151
v -0.456048 0.700000 0.655471
v -0.280000 0.680000 -0.650000
v -0.428383 0.531525 -0.643849
v -0.489929 0.680000 -0.644529
v -0.246119 0.700000 0.650000
v -0.456048 0.700000 0.655471
v -0.394502 0.551525 0.656151
v -0.428383 0.531525 -0.643849
v -0.279916 0.470025 -0.646772
v -0.246035 0.490025 0.653228
v -0.428383 0.531525 -0.643849
v -0.246035 0.490025 0.653228
v -0.394502 0.551525 0.656151
v -0.280000 0.680000 -0.650000
v -0.279916 0.470025 -0.646772
v -0.428383 0.531525 -0.643849
v -0.246119 0.700000 0.650000
v -0.394502 0.551525 0.656151
v -0.246035 0.490025 0.653228
v -0.279916 0.470025 -0.646772
v -0.131498 0.531525 -0.651586
v -0.097618 0.551525 0.648414
v -0.279916 0.470025 -0.646772
v -0.097618 0.551525 0.648414
v -0.246035 0.490025 0.653228
v -0.280000 0.680000 -0.650000
v -0.131498 0.531525 -0.651586
v -0.279916 0.470025 -0.646772
v -0.246119 0.700000 0.650000
v -0.246035 0.490025 0.653228
v -0.097618 0.551525 0.648414
v -0.131498 0.531525 -0.651586
v -0.070071 0.680000 -0.655471
v -0.036190 0.700000 0.644529
v -0.131498 0.531525 -0.651586
v -0.036190 0.700000 0.644529
v -0.097618 0.551525 0.648414
v -0.280000 0.680000 -0.650000
v -0.070071 0.680000 -0.655471
v -0.131498 0.531525 -0.651586
v -0.246119 0.700000 0.650000
v -0.097618 0.551525 0.648414
v -0.036190 0.700000 0.644529
v 0.489966 0.680000 -0.646229
v 0.428509 0.828475 -0.649617
v 0.405164 0.848475 0.650383
v 0.489966 0.680000 -0.646229
v 0.405164 0.848475 0.650383
v 0.466621 0.700000 0.653771
v 0.280000 0.680000 -0.650000
v 0.428509 0.828475 -0.649617
v 0.489966 0.680000 -0.646229
v 0.256654 0.700000 0.650000
v 0.466621 0.700000 0.653771
v 0.405164 0.848475 0.650383
v 0.428509 0.828475 -0.649617
v 0.280058 0.889975 -0.653229
v 0.256712 0.909975 0.646771
v 0.428509 0.828475 -0.649617
v 0.256712 0.909975 0.646771
v 0.405164 0.848475 0.650383
v 0.280000 0.680000 -0.650000
v 0.280058 0.889975 -0.653229
v 0.428509 0.828475 -0.649617
v 0.256654 0.700000 0.650000
v 0.405164 0.848475 0.650383
v 0.256712 0.909975 0.646771
v 0.280058 0.889975 -0.653229
v 0.131573 0.828475 -0.654950
v 0.108227 0.848475 0.645050
v 0.280058 0.889975 -0.653229
v 0.108227 0.848475 0.645050
v 0.256712 0.909975 0.646771
v 0.280000 0.680000 -0.650000
v 0.131573 0.828475 -0.654950
v 0.280058 0.889975 -0.653229
v 0.256654 0.700000 0.650000
v 0.256712 0.909975 0.646771
v 0.108227 0.848475 0.645050
v 0.131573 0.828475 -0.654950
v 0.070034 0.680000 -0.653771
v 0.046688 0.700000 0.646229
v 0.131573 0.828475 -0.654950
v 0.046688 0.700000 0.646229
v 0.108227 0.848475 0.645050
v 0.280000 0.680000 -0.650000
v 0.070034 0.680000 -0.653771
v 0.131573 0.828475 -0.654950
v 0.256654 0.700000 0.650000
v 0.108227 0.848475 0.645050
v 0.046688 0.700000 0.646229
v 0.070034 0.680000 -0.653771
v 0.131491 0.531525 -0.650383
v 0.108145 0.551525 0.649617
v 0.070034 0.680000 -0.653771
v 0.108145 0.551525 0.649617
v 0.046688 0.700000 0.646229
v 0.280000 0.680000 -0.650000
v 0.131491 0.531525 -0.650383
v 0.070034 0.680000 -0.653771
v 0.256654 0.700000 0.650000
v 0.046688 0.700000 0.646229
v 0.108145 0.551525 0.649617
v 0.131491 0.531525 -0.650383
v 0.279942 0.470025 -0.646771
v 0.256596 0.490025 0.653229
v 0.131491 0.531525 -0.650383
v 0.256596 0.490025 0.653229
v 0.108145 0.551525 0.649617
v 0.280000 0.680000 -0.650000
v 0.279942 0.470025 -0.646771
v 0.131491 0.531525 -0.650383
v 0.256654 0.700000 0.650000
v 0.108145 0.551525 0.649617
v 0.256596 0.490025 0.653229
v 0.279942 0.470025 -0.646771
v 0.428427 0.531525 -0.645050
v 0.405082 0.551525 0.654950
v 0.279942 0.470025 -0.646771
v 0.405082 0.551525 0.654950
v 0.256596 0.490025 0.653229
v 0.280000 0.680000 -0.650000
v 0.428427 0.531525 -0.645050
v 0.279942 0.470025 -0.646771
v 0.256654 0.700000 0.650000
v 0.256596 0.490025 0.653229
v 0.405082 0.551525 0.654950
v 0.428427 0.531525 -0.645050
v 0.489966 0.680000 -0.646229
v 0.466621 0.700000 0.653771
v 0.428427 0.531525 -0.645050
v 0.466621 0.700000 0.653771
v 0.405082 0.551525 0.654950
v 0.280000 0.680000 -0.650000
v 0.489966 0.680000 -0.646229
v 0.428427 0.531525 -0.645050
v 0.256654 0.700000 0.650000
v 0.405082 0.551525 0.654950
v 0.466621 0.700000 0.653771
v 1.049963 0.680000 -0.653951
v 0.988423 0.828475 -0.655077
v 1.012886 0.848475 0.644923
v 1.049963 0.680000 -0.653951
v 1.012886 0.848475 0.644923
v 1.074426 0.700000 0.646049
v 0.840000 0.680000 -0.650000
v 0.988423 0.828475 -0.655077
v 1.049963 0.680000 -0.653951
v 0.864463 0.700000 0.650000
v 1.074426 0.700000 0.646049
v 1.012886 0.848475 0.644923
v 0.988423 0.828475 -0.655077
v 0.839939 0.889975 -0.653229
v 0.864402 0.909975 0.646771
v 0.988423 0.828475 -0.655077
v 0.864402 0.909975 0.646771
v 1.012886 0.848475 0.644923
v 0.840000 0.680000 -0.650000
v 0.839939 0.889975 -0.653229
v 0.988423 0.828475 -0.655077
v 0.864463 0.700000 0.650000
v 1.012886 0.848475 0.644923
v 0.864402 0.909975 0.646771
v 0.839939 0.889975 -0.653229
v 0.691491 0.828475 -0.649490
v 0.715954 0.848475 0.650510
v 0.839939 0.889975 -0.653229
v 0.715954 0.848475 0.650510
v 0.864402 0.909975 0.646771
v 0.840000 0.680000 -0.650000
v 0.691491 0.828475 -0.649490
v 0.839939 0.889975 -0.653229
v 0.864463 0.700000 0.650000
v 0.864402 0.909975 0.646771
v 0.715954 0.848475 0.650510
v 0.691491 0.828475 -0.649490
v 0.630037 0.680000 -0.646049
v 0.654500 0.700000 0.653951
v 0.691491 0.828475 -0.649490
v 0.654500 0.700000 0.653951
v 0.715954 0.848475 0.650510
v 0.840000 0.680000 -0.650000
v 0.630037 0.680000 -0.646049
v 0.691491 0.828475 -0.649490
v 0.864463 0.700000 0.650000
v 0.715954 0.848475 0.650510
v 0.654500 0.700000 0.653951
v 0.630037 0.680000 -0.646049
v 0.691577 0.531525 -0.644923
v 0.716040 0.551525 0.655077
v 0.630037 0.680000 -0.646049
v 0.716040 0.551525 0.655077
v 0.654500 0.700000 0.653951
v 0.840000 0.680000 -0.650000
v 0.691577 0.531525 -0.644923
v 0.630037 0.680000 -0.646049
v 0.864463 0.700000 0.650000
v 0.654500 0.700000 0.653951
v 0.716040 0.551525 0.655077
v 0.691577 0.531525 -0.644923
v 0.840061 0.470025 -0.646771
v 0.864524 0.490025 0.653229
v 0.691577 0.531525 -0.644923
v 0.864524 0.490025 0.653229
v 0.716040 0.551525 0.655077
v 0.840000 0.680000 -0.650000
v 0.840061 0.470025 -0.646771
v 0.691577 0.531525 -0.644923
v 0.864463 0.700000 0.650000
v 0.716040 0.551525 0.655077
v 0.864524 0.490025 0.653229
v 0.840061 0.470025 -0.646771
v 0.988509 0.531525 -0.650510
v 1.012972 0.551525 0.649490
v 0.840061 0.470025 -0.646771
v 1.012972 0.551525 0.649490
v 0.864524 0.490025 0.653229
v 0.840000 0.680000 -0.650000
v 0.988509 0.531525 -0.650510
v 0.840061 0.470025 -0.646771
v 0.864463 0.700000 0.650000
v 0.864524 0.490025 0.653229
v 1.012972 0.551525 0.649490
v 0.988509 0.531525 -0.650510
v 1.049963 0.680000 -0.653951
v 1.074426 0.700000 0.646049
v 0.988509 0.531525 -0.650510
v 1.074426 0.700000 0.646049
v 1.012972 0.551525 0.649490
v 0.840000 0.680000 -0.650000
v 1.049963 0.680000 -0.653951
v 0.988509 0.531525 -0.650510
v 0.864463 0.700000 0.650000
v 1.012972 0.551525 0.649490
v 1.074426 0.700000 0.646049
v -0.350079 1.130000 -0.655747
v -0.411626 1.278475 -0.656346
v -0.376036 1.298475 0.643654
v -0.350079 1.130000 -0.655747
v -0.376036 1.298475 0.643654
v -0.314489 1.150000 0.644253
v -0.560000 1.130000 -0.650000
v -0.411626 1.278475 -0.656346
v -0.350079 1.130000 -0.655747
v -0.524410 1.150000 0.650000
v -0.314489 1.150000 0.644253
v -0.376036 1.298475 0.643654
v -0.411626 1.278475 -0.656346
v -0.560088 1.339975 -0.653228
v -0.524498 1.359975 0.646772
v -0.411626 1.278475 -0.656346
v -0.524498 1.359975 0.646772
v -0.376036 1.298475 0.643654
v -0.560000 1.130000 -0.650000
v -0.560088 1.339975 -0.653228
v -0.411626 1.278475 -0.656346
v -0.524410 1.150000 0.650000
v -0.376036 1.298475 0.643654
v -0.524498 1.359975 0.646772
v -0.560088 1.339975 -0.653228
v -0.708499 1.278475 -0.648219
v -0.672909 1.298475 0.651781
v -0.560088 1.339975 -0.653228
v -0.672909 1.298475 0.651781
v -0.524498 1.359975 0.646772
v -0.560000 1.130000 -0.650000
v -0.708499 1.278475 -0.648219
v -0.560088 1.339975 -0.653228
v -0.524410 1.150000 0.650000
v -0.524498 1.359975 0.646772
v -0.672909 1.298475 0.651781
v -0.708499 1.278475 -0.648219
v -0.769921 1.130000 -0.644253
v -0.734331 1.150000 0.655747
v -0.708499 1.278475 -0.648219
v -0.734331 1.150000 0.655747
v -0.672909 1.298475 0.651781
v -0.560000 1.130000 -0.650000
v -0.769921 1.130000 -0.644253
v -0.708499 1.278475 -0.648219
v -0.524410 1.150000 0.650000
v -0.672909 1.298475 0.651781
v -0.734331 1.150000 0.655747
v -0.769921 1.130000 -0.644253
v -0.708374 0.981525 -0.643654
v -0.672784 1.001525 0.656346
v -0.769921 1.130000 -0.644253
v -0.672784 1.001525 0.656346
v -0.734331 1.150000 0.655747
v -0.560000 1.130000 -0.650000
v -0.708374 0.981525 -0.643654
v -0.769921 1.130000 -0.644253
v -0.524410 1.150000 0.650000
v -0.734331 1.150000 0.655747
v -0.672784 1.001525 0.656346
v -0.708374 0.981525 -0.643654
v -0.559912 0.920025 -0.646772
v -0.524322 0.940025 0.653228
v -0.708374 0.981525 -0.643654
v -0.524322 0.940025 0.653228
v -0.672784 1.001525 0.656346
v -0.560000 1.130000 -0.650000
v -0.559912 0.920025 -0.646772
v -0.708374 0.981525 -0.643654
v -0.524410 1.150000 0.650000
v -0.672784 1.001525 0.656346
v -0.524322 0.940025 0.653228
v -0.559912 0.920025 -0.646772
v -0.411501 0.981525 -0.651781
v -0.375911 1.001525 0.648219
v -0.559912 0.920025 -0.646772
v -0.375911 1.001525 0.648219
v -0.524322 0.940025 0.653228
v -0.560000 1.130000 -0.650000
v -0.411501 0.981525 -0.651781
v -0.559912 0.920025 -0.646772
v -0.524410 1.150000 0.650000
v -0.524322 0.940025 0.653228
v -0.375911 1.001525 0.648219
v -0.411501 0.981525 -0.651781
v -0.350079 1.130000 -0.655747
v -0.314489 1.150000 0.644253
v -0.411501 0.981525 -0.651781
v -0.314489 1.150000 0.644253
v -0.375911 1.001525 0.648219
v -0.560000 1.130000 -0.650000
v -0.350079 1.130000 -0.655747
v -0.411501 0.981525 -0.651781
v -0.524410 1.150000 0.650000
v -0.375911 1.001525 0.648219
v -0.314489 1.150000 0.644253
v 0.209947 1.130000 -0.645288
v 0.148506 1.278475 -0.648951
v 0.119329 1.298475 0.651049
v 0.209947 1.130000 -0.645288
v 0.119329 1.298475 0.651049
v 0.180770 1.150000 0.654712
v 0.000000 1.130000 -0.650000
v 0.148506 1.278475 -0.648951
v 0.209947 1.130000 -0.645288
v -0.029178 1.150000 0.650000
v 0.180770 1.150000 0.654712
v 0.119329 1.298475 0.651049
v 0.148506 1.278475 -0.648951
v 0.000072 1.339975 -0.653229
v -0.029105 1.359975 0.646771
v 0.148506 1.278475 -0.648951
v -0.029105 1.359975 0.646771
v 0.119329 1.298475 0.651049
v 0.000000 1.130000 -0.650000
v 0.000072 1.339975 -0.653229
v 0.148506 1.278475 -0.648951
v -0.029178 1.150000 0.650000
v 0.119329 1.298475 0.651049
v -0.029105 1.359975 0.646771
v 0.000072 1.339975 -0.653229
v -0.148404 1.278475 -0.655615
v -0.177581 1.298475 0.644385
v 0.000072 1.339975 -0.653229
v -0.177581 1.298475 0.644385
v -0.029105 1.359975 0.646771
v 0.000000 1.130000 -0.650000
v -0.148404 1.278475 -0.655615
v 0.000072 1.339975 -0.653229
v -0.029178 1.150000 0.650000
v -0.029105 1.359975 0.646771
v -0.177581 1.298475 0.644385
v -0.148404 1.278475 -0.655615
v -0.209947 1.130000 -0.654712
v -0.239125 1.150000 0.645288
v -0.148404 1.278475 -0.655615
v -0.239125 1.150000 0.645288
v -0.177581 1.298475 0.644385
v 0.000000 1.130000 -0.650000
v -0.209947 1.130000 -0.654712
v -0.148404 1.278475 -0.655615
v -0.029178 1.150000 0.650000
v -0.177581 1.298475 0.644385
v -0.239125 1.150000 0.645288
v -0.209947 1.130000 -0.654712
v -0.148506 0.981525 -0.651049
v -0.177684 1.001525 0.648951
v -0.209947 1.130000 -0.654712
v -0.177684 1.001525 0.648951
v -0.239125 1.150000 0.645288
v 0.000000 1.130000 -0.650000
v -0.148506 0.981525 -0.651049
v -0.209947 1.130000 -0.654712
v -0.029178 1.150000 0.650000
v -0.239125 1.150000 0.645288
v -0.177684 1.001525 0.648951
v -0.148506 0.981525 -0.651049
v -0.000072 0.920025 -0.646771
v -0.029250 0.940025 0.653229
v -0.148506 0.981525 -0.651049
v -0.029250 0.940025 0.653229
v -0.177684 1.001525 0.648951
v 0.000000 1.130000 -0.650000
v -0.000072 0.920025 -0.646771
v -0.148506 0.981525 -0.651049
v -0.029178 1.150000 0.650000
v -0.177684 1.001525 0.648951
v -0.029250 0.940025 0.653229
v -0.000072 0.920025 -0.646771
v 0.148404 0.981525 -0.644385
v 0.119226 1.001525 0.655615
v -0.000072 0.920025 -0.646771
v 0.119226 1.001525 0.655615
v -0.029250 0.940025 0.653229
v 0.000000 1.130000 -0.650000
v 0.148404 0.981525 -0.644385
v -0.000072 0.920025 -0.646771
v -0.029178 1.150000 0.650000
v -0.029250 0.940025 0.653229
v 0.119226 1.001525 0.655615
v 0.148404 0.981525 -0.644385
v 0.209947 1.130000 -0.645288
v 0.180770 1.150000 0.654712
v 0.148404 0.981525 -0.644385
v 0.180770 1.150000 0.654712
v 0.119226 1.001525 0.655615
v 0.000000 1.130000 -0.650000
v 0.209947 1.130000 -0.645288
v 0.148404 0.981525 -0.644385
v -0.029178 1.150000 0.650000
v 0.119226 1.001525 0.655615
v 0.180770 1.150000 0.654712
v 0.769930 1.130000 -0.655428
v 0.708384 1.278475 -0.656121
v 0.741995 1.298475 0.643879
v 0.769930 1.130000 -0.655428
v 0.741995 1.298475 0.643879
v 0.803541 1.150000 0.644572
v 0.560000 1.130000 -0.650000
v 0.708384 1.278475 -0.656121
v 0.769930 1.130000 -0.655428
v 0.593612 1.150000 0.650000
v 0.803541 1.150000 0.644572
v 0.741995 1.298475 0.643879
v 0.708384 1.278475 -0.656121
v 0.559917 1.339975 -0.653228
v 0.593528 1.359975 0.646772
v 0.708384 1.278475 -0.656121
v 0.593528 1.359975 0.646772
v 0.741995 1.298475 0.643879
v 0.560000 1.130000 -0.650000
v 0.559917 1.339975 -0.653228
v 0.708384 1.278475 -0.656121
v 0.593612 1.150000 0.650000
v 0.741995 1.298475 0.643879
v 0.593528 1.359975 0.646772
v 0.559917 1.339975 -0.653228
v 0.411498 1.278475 -0.648445
v 0.445110 1.298475 0.651555
v 0.559917 1.339975 -0.653228
v 0.445110 1.298475 0.651555
v 0.593528 1.359975 0.646772
v 0.560000 1.130000 -0.650000
v 0.411498 1.278475 -0.648445
v 0.559917 1.339975 -0.653228
v 0.593612 1.150000 0.650000
v 0.593528 1.359975 0.646772
v 0.445110 1.298475 0.651555
v 0.411498 1.278475 -0.648445
v 0.350070 1.130000 -0.644572
v 0.383682 1.150000 0.655428
v 0.411498 1.278475 -0.648445
v 0.383682 1.150000 0.655428
v 0.445110 1.298475 0.651555
v 0.560000 1.130000 -0.650000
v 0.350070 1.130000 -0.644572
v 0.411498 1.278475 -0.648445
v 0.593612 1.150000 0.650000
v 0.445110 1.298475 0.651555
v 0.383682 1.150000 0.655428
v 0.350070 1.130000 -0.644572
v 0.411616 0.981525 -0.643879
v 0.445228 1.001525 0.656121
v 0.350070 1.130000 -0.644572
v 0.445228 1.001525 0.656121
v 0.383682 1.150000 0.655428
v 0.560000 1.130000 -0.650000
v 0.411616 0.981525 -0.643879
v 0.350070 1.130000 -0.644572
v 0.593612 1.150000 0.650000
v 0.383682 1.150000 0.655428
v 0.445228 1.001525 0.656121
v 0.411616 0.981525 -0.643879
v 0.560083 0.920025 -0.646772
v 0.593695 0.940025 0.653228
v 0.411616 0.981525 -0.643879
v 0.593695 0.940025 0.653228
v 0.445228 1.001525 0.656121
v 0.560000 1.130000 -0.650000
v 0.560083 0.920025 -0.646772
v 0.411616 0.981525 -0.643879
v 0.593612 1.150000 0.650000
v 0.445228 1.001525 0.656121
v 0.593695 0.940025 0.653228
v 0.560083 0.920025 -0.646772
v 0.708502 0.981525 -0.651555
v 0.742113 1.001525 0.648445
v 0.560083 0.920025 -0.646772
v 0.742113 1.001525 0.648445
v 0.593695 0.940025 0.653228
v 0.560000 1.130000 -0.650000
v 0.708502 0.981525 -0.651555
v 0.560083 0.920025 -0.646772
v 0.593612 1.150000 0.650000
v 0.593695 0.940025 0.653228
v 0.742113 1.001525 0.648445
v 0.708502 0.981525 -0.651555
v 0.769930 1.130000 -0.655428
v 0.803541 1.150000 0.644572
v 0.708502 0.981525 -0.651555
v 0.803541 1.150000 0.644572
v 0.742113 1.001525 0.648445
v 0.560000 1.130000 -0.650000
v 0.769930 1.130000 -0.655428
v 0.708502 0.981525 -0.651555
v 0.593612 1.150000 0.650000
v 0.742113 1.001525 0.648445
v 0.803541 1.150000 0.644572
vt 0.000000 0.000000
vt 0.125000 0.000000
vt 0.125000 1.000000
vt 0.000000 0.000000
vt 0.125000 1.000000
vt 0.000000 1.000000
vt 0.000000 0.000000
vt 1.000000 0.000000
vt 1.000000 1.000000
vt 0.000000 0.000000
vt 1.000000 0.000000
vt 1.000000 1.000000
vt 0.125000 0.000000
vt 0.250000 0.000000
vt 0.250000 1.000000
vt 0.125000 0.000000
vt 0.250000 1.000000
vt 0.125000 1.000000
vt 0.000000 0.000000
vt 1.000000 0.000000
vt 1.000000 1.000000
vt 0.000000 0.000000
vt 1.000000 0.000000
vt 1.000000 1.000000
vt 0.250000 0.000000
vt 0.375000 0.000000
vt 0.375000 1.000000
vt 0.250000 0.000000
vt 0.375000 1.000000
vt 0.250000 1.000000
vt 0.000000 0.000000
vt 1.000000 0.000000
vt 1.000000 1.000000
vt 0.000000 0.000000
vt 1.000000 0.000000
vt 1.000000 1.000000
vt 0.375000 0.000000
vt 0.500000 0.000000
vt 0.500000 1.000000
vt 0.375000 0.000000
vt 0.500000 1.000000
vt 0.375000 1.000000
vt 0.000000 0.000000
vt 1.000000 0.000000
vt 1.000000 1.000000
vt 0.000000 0.000000
vt 1.000000 0.000000
vt 1.000000 1.000000
vt 0.500000 0.000000
vt 0.625000 0.000000
vt 0.625000 1.000000
vt 0.500000 0.000000
vt 0.625000 1.000000
vt 0.500000 1.000000
vt 0.000000 0.000000
vt 1.000000 0.000000
vt 1.000000 1.000000
vt 0.000000 0.000000
vt 1.000000 0.000000
vt 1.000000 1.000000
vt 0.625000 0.000000
vt 0.750000 0.000000
vt 0.750000 1.000000
vt 0.625000 0.000000
vt 0.750000 1.000000
vt 0.625000 1.000000
vt 0.000000 0.000000
vt 1.000000 0.000000
vt 1.000000 1.000000
vt 0.000000 0.000000
vt 1.000000 0.000000
vt 1.000000 1.000000
vt 0.750000 0.000000
vt 0.875000 0.000000
vt 0.875000 1.000000
vt 0.750000 0.000000
vt 0.875000 1.000000
vt 0.750000 1.000000
vt 0.000000 0.000000
vt 1.000000 0.000000
vt 1.000000 1.000000
vt 0.000000 0.000000
vt 1.000000 0.000000
vt 1.000000 1.000000
vt 0.875000 0.000000
vt 1.000000 0.000000
vt 1.000000 1.000000
vt 0.875000 0.000000
vt 1.000000 1.000000
vt 0.875000 1.000000
vt 0.000000 0.000000
vt 1.000000 0.000000
vt 1.000000 1.000000
vt 0.000000 0.000000
vt 1.000000 0.000000
vt 1.000000 1.000000
vt 0.000000 0.000000
vt 0.125000 0.000000
vt 0.125000 1.000000
vt 0.000000 0.000000
vt 0.125000 1.000000
vt 0.000000 1.000000
vt 0.000000 0.000000
vt 1.000000 0.000000
vt 1.000000 1.000000
vt 0.000000 0.000000
vt 1.000000 0.000000
vt 1.000000 1.000000
vt 0.125000 0.000000
vt 0.250000 0.000000
vt 0.250000 1.000000
vt 0.125000 0.000000
vt 0.250000 1.000000
vt 0.125000 1.000000
vt 0.000000 0.000000
vt 1.000000 0.000000
vt 1.000000 1.000000
vt 0.000000 0.000000
vt 1.000000 0.000000
vt 1.000000 1.000000
vt 0.250000 0.000000
vt 0.375000 0.000000
vt 0.375000 1.000000
vt 0.250000 0.000000
vt 0.375000 1.000000
vt 0.250000 1.000000
vt 0.000000 0.000000
vt 1.000000 0.000000
vt 1.000000 1.000000
vt 0.000000 0.000000
vt 1.000000 0.000000
vt 1.000000 1.000000
vt 0.375000 0.000000
vt 0.500000 0.000000
vt 0.500000 1.000000
vt 0.375000 0.000000
vt 0.500000 1.000000
vt 0.375000 1.000000
vt 0.000000 0.000000
vt 1.000000 0.000000
vt 1.000000 1.000000
vt 0.000000 0.000000
vt 1.000000 0.000000
vt 1.000000 1.000000
vt 0.500000 0.000000
vt 0.625000 0.000000
vt 0.625000 1.000000
vt 0.500000 0.000000
vt 0.625000 1.000000
vt 0.500000 1.000000
vt 0.000000 0.000000
vt 1.000000 0.000000
vt 1.000000 1.000000
vt 0.000000 0.000000
vt 1.000000 0.000000
vt 1.000000 1.000000
vt 0.625000 0.000000
vt 0.750000 0.000000
vt 0.750000 1.000000
vt 0.625000 0.000000
vt 0.750000 1.000000
vt 0.625000 1.000000
vt 0.000000 0.000000
vt 1.000000 0.000000
vt 1.000000 1.000000
vt 0.000000 0.000000
vt 1.000000 0.000000
vt 1.000000 1.000000
vt 0.750000 0.000000
vt 0.875000 0.000000
vt 0.875000 1.000000
vt 0.750000 0.000000
vt 0.875000 1.000000
vt 0.750000 1.000000
vt 0.000000 0.000000
vt 1.000000 0.000000
vt 1.000000 1.000000
vt 0.000000 0.000000
vt 1.000000 0.000000
vt 1.000000 1.000000
vt 0.875000 0.000000
vt 1.000000 0.000000
vt 1.000000 1.000000
vt 0.875000 0.000000
vt 1.000000 1.000000
vt 0.875000 1.000000
vt 0.000000 0.000000
vt 1.000000 0.000000
vt 1.000000 1.000000
vt 0.000000 0.000000
vt 1.000000 0.000000
vt 1.000000 1.000000
vt 0.000000 0.000000
vt 0.125000 0.000000
vt 0.125000 1.000000
vt 0.000000 0.000000
vt 0.125000 1.000000
vt 0.000000 1.000000
vt 0.000000 0.000000
vt 1.000000 0.000000
vt 1.000000 1.000000
vt 0.000000 0.000000
vt 1.000000 0.000000
vt 1.000000 1.000000
vt 0.125000 0.000000
vt 0.250000 0.000000
vt 0.250000 1.000000
vt 0.125000 0.000000
vt 0.250000 1.000000
vt 0.125000 1.000000
vt 0.000000 0.000000
vt 1.000000 0.000000
vt 1.000000 1.000000
vt 0.000000 0.000000
vt 1.000000 0.000000
vt 1.000000 1.000000
vt 0.250000 0.000000
vt 0.375000 0.000000
vt 0.375000 1.000000
vt 0.250000 0.000000
vt 0.375000 1.000000
vt 0.250000 1.000000
vt 0.000000 0.000000
vt 1.000000 0.000000
vt 1.000000 1.000000
vt 0.000000 0.000000
vt 1.000000 0.000000
vt 1.000000 1.000000
vt 0.375000 0.000000
vt 0.500000 0.000000
vt 0.500000 1.000000
vt 0.375000 0.000000
vt 0.500000 1.000000
vt 0.375000 1.000000
vt 0.000000 0.000000
vt 1.000000 0.000000
vt 1.000000 1.000000
vt 0.000000 0.000000
vt 1.000000 0.000000
vt 1.000000 1.000000
vt 0.500000 0.000000
vt 0.625000 0.000000
vt 0.625000 1.000000
vt 0.500000 0.000000
vt 0.625000 1.000000
vt 0.500000 1.000000
vt 0.000000 0.000000
vt 1.000000 0.000000
vt 1.000000 1.000000
vt 0.000000 0.000000
vt 1.000000 0.000000
vt 1.000000 1.000000
vt 0.625000 0.000000
vt 0.750000 0.000000
vt 0.750000 1.000000
vt 0.625000 0.000000
vt 0.750000 1.000000
vt 0.625000 1.000000
vt 0.000000 0.000000
vt 1.000000 0.000000
vt 1.000000 1.000000
vt 0.000000 0.000000
vt 1.000000 0.000000
vt 1.000000 1.000000
vt 0.750000 0.000000
vt 0.875000 0.000000
vt 0.875000 1.000000
vt 0.750000 0.000000
vt 0.875000 1.000000
vt 0.750000 1.000000
vt 0.000000 0.000000
vt 1.000000 0.000000
vt 1.000000 1.000000
vt 0.000000 0.000000
vt 1.000000 0.000000
vt 1.000000 1.000000
vt 0.875000 0.000000
vt 1.000000 0.000000
vt 1.000000 1.000000
vt 0.875000 0.000000
vt 1.000000 1.000000
vt 0.875000 1.000000
vt 0.000000 0.000000
vt 1.000000 0.000000
vt 1.000000 1.000000
vt 0.000000 0.000000
vt 1.000000 0.000000
vt 1.000000 1.000000
vt 0.000000 0.000000
vt 0.125000 0.000000
vt 0.125000 1.000000
vt 0.000000 0.000000
vt 0.125000 1.000000
vt 0.000000 1.000000
vt 0.000000 0.000000
vt 1.000000 0.000000
vt 1.000000 1.000000
vt 0.000000 0.000000
vt 1.000000 0.000000
vt 1.000000 1.000000
vt 0.125000 0.000000
vt 0.250000 0.000000
vt 0.250000 1.000000
vt 0.125000 0.000000
vt 0.250000 1.000000
vt 0.125000 1.000000
vt 0.000000 0.000000
vt 1.000000 0.000000
vt 1.000000 1.000000
vt 0.000000 0.000000
vt 1.000000 0.000000
vt 1.000000 1.000000
vt 0.250000 0.000000
vt 0.375000 0.000000
vt 0.375000 1.000000
vt 0.250000 0.000000
vt 0.375000 1.000000
vt 0.250000 1.000000
vt 0.000000 0.000000
vt 1.000000 0.000000
vt 1.000000 1.000000
vt 0.000000 0.000000
vt 1.000000 0.000000
vt 1.000000 1.000000
vt 0.375000 0.000000
vt 0.500000 0.000000
vt 0.500000 1.000000
vt 0.375000 0.000000
vt 0.500000 1.000000
vt 0.375000 1.000000
vt 0.000000 0.000000
vt 1.000000 0.000000
vt 1.000000 1.000000
vt 0.000000 0.000000
vt 1.000000 0.000000
vt 1.000000 1.000000
vt 0.500000 0.000000
vt 0.625000 0.000000
vt 0.625000 1.000000
vt 0.500000 0.000000
vt 0.625000 1.000000
vt 0.500000 1.000000
vt 0.000000 0.000000
vt 1.000000 0.000000
vt 1.000000 1.000000
vt 0.000000 0.000000
vt 1.000000 0.000000
vt 1.000000 1.000000
vt 0.625000 0.000000
vt 0.750000 0.000000
vt 0.750000 1.000000
vt 0.625000 0.000000
vt 0.750000 1.000000
vt 0.625000 1.000000
vt 0.000000 0.000000
vt 1.000000 0.000000
vt 1.000000 1.000000
vt 0.000000 0.000000
vt 1.000000 0.000000
vt 1.000000 1.000000
vt 0.750000 0.000000
vt 0.875000 0.000000
vt 0.875000 1.000000
vt 0.750000 0.000000
vt 0.875000 1.000000
vt 0.750000 1.000000
vt 0.000000 0.000000
vt 1.000000 0.000000
vt 1.000000 1.000000
vt 0.000000 0.000000
vt 1.000000 0.000000
vt 1.000000 1.000000
vt 0.875000 0.000000
vt 1.000000 0.000000
vt 1.000000 1.000000
vt 0.875000 0.000000
vt 1.000000 1.000000
vt 0.875000 1.000000
vt 0.000000 0.000000
vt 1.000000 0.000000
vt 1.000000 1.000000
vt 0.000000 0.000000
vt 1.000000 0.000000
vt 1.000000 1.000000
vt 0.000000 0.000000
vt 0.125000 0.000000
vt 0.125000 1.000000
vt 0.000000 0.000000
vt 0.125000 1.000000
vt 0.000000 1.000000
vt 0.000000 0.000000
vt 1.000000 0.000000
vt 1.000000 1.000000
vt 0.000000 0.000000
vt 1.000000 0.000000
vt 1.000000 1.000000
vt 0.125000 0.000000
vt 0.250000 0.000000
vt 0.250000 1.000000
vt 0.125000 0.000000
vt 0.250000 1.000000
vt 0.125000 1.000000
vt 0.000000 0.000000
vt 1.000000 0.000000
vt 1.000000 1.000000
vt 0.000000 0.000000
vt 1.000000 0.000000
vt 1.000000 1.000000
vt 0.250000 0.000000
vt 0.375000 0.000000
vt 0.375000 1.000000
vt 0.250000 0.000000
vt 0.375000 1.000000
vt 0.250000 1.000000
vt 0.000000 0.000000
vt 1.000000 0.000000
vt 1.000000 1.000000
vt 0.000000 0.000000
vt 1.000000 0.000000
vt 1.000000 1.000000
vt 0.375000 0.000000
vt 0.500000 0.000000
vt 0.500000 1.000000
vt 0.375000 0.000000
vt 0.500000 1.000000
vt 0.375000 1.000000
vt 0.000000 0.000000
vt 1.000000 0.000000
vt 1.000000 1.000000
vt 0.000000 0.000000
vt 1.000000 0.000000
vt 1.000000 1.000000
vt 0.500000 0.000000
vt 0.625000 0.000000
vt 0.625000 1.000000
vt 0.500000 0.000000
vt 0.625000 1.000000
vt 0.500000 1.000000
vt 0.000000 0.000000
vt 1.000000 0.000000
vt 1.000000 1.000000
vt 0.000000 0.000000
vt 1.000000 0.000000
vt 1.000000 1.000000
vt 0.625000 0.000000
vt 0.750000 0.000000
vt 0.750000 1.000000
vt 0.625000 0.000000
vt 0.750000 1.000000
vt 0.625000 1.000000
vt 0.000000 0.000000
vt 1.000000 0.000000
vt 1.000000 1.000000
vt 0.000000 0.000000
vt 1.000000 0.000000
vt 1.000000 1.000000
vt 0.750000 0.000000
vt 0.875000 0.000000
vt 0.875000 1.000000
vt 0.750000 0.000000
vt 0.875000 1.000000
vt 0.750000 1.000000
vt 0.000000 0.000000
vt 1.000000 0.000000
vt 1.000000 1.000000
vt 0.000000 0.000000
vt 1.000000 0.000000
vt 1.000000 1.000000
vt 0.875000 0.000000
vt 1.000000 0.000000
vt 1.000000 1.000000
vt 0.875000 0.000000
vt 1.000000 1.000000
vt 0.875000 1.000000
vt 0.000000 0.000000
vt 1.000000 0.000000
vt 1.000000 1.000000
vt 0.000000 0.000000
vt 1.000000 0.000000
vt 1.000000 1.000000
vt 0.000000 0.000000
vt 0.125000 0.000000
vt 0.125000 1.000000
vt 0.000000 0.000000
vt 0.125000 1.000000
vt 0.000000 1.000000
vt 0.000000 0.000000
vt 1.000000 0.000000
vt 1.000000 1.000000
vt 0.000000 0.000000
vt 1.000000 0.000000
vt 1.000000 1.000000
vt 0.125000 0.000000
vt 0.250000 0.000000
vt 0.250000 1.000000
vt 0.125000 0.000000
vt 0.250000 1.000000
vt 0.125000 1.000000
vt 0.000000 0.000000
vt 1.000000 0.000000
vt 1.000000 1.000000
vt 0.000000 0.000000
vt 1.000000 0.000000
vt 1.000000 1.000000
vt 0.250000 0.000000
vt 0.375000 0.000000
vt 0.375000 1.000000
vt 0.250000 0.000000
vt 0.375000 1.000000
vt 0.250000 1.000000
vt 0.000000 0.000000
vt 1.000000 0.000000
vt 1.000000 1.000000
vt 0.000000 0.000000
vt 1.000000 0.000000
vt 1.000000 1.000000
vt 0.375000 0.000000
vt 0.500000 0.000000
vt 0.500000 1.000000
vt 0.375000 0.000000
vt 0.500000 1.000000
vt 0.375000 1.000000
vt 0.000000 0.000000
vt 1.000000 0.000000
vt 1.000000 1.000000
vt 0.000000 0.000000
vt 1.000000 0.000000
vt 1.000000 1.000000
vt 0.500000 0.000000
vt 0.625000 0.000000
vt 0.625000 1.000000
vt 0.500000 0.000000
vt 0.625000 1.000000
vt 0.500000 1.000000
vt 0.000000 0.000000
vt 1.000000 0.000000
vt 1.000000 1.000000
vt 0.000000 0.000000
vt 1.000000 0.000000
vt 1.000000 1.000000
vt 0.625000 0.000000
vt 0.750000 0.000000
vt 0.750000 1.000000
vt 0.625000 0.000000
vt 0.750000 1.000000
vt 0.625000 1.000000
vt 0.000000 0.000000
vt 1.000000 0.000000
vt 1.000000 1.000000
vt 0.000000 0.000000
vt 1.000000 0.000000
vt 1.000000 1.000000
vt 0.750000 0.000000
vt 0.875000 0.000000
vt 0.875000 1.000000
vt 0.750000 0.000000
vt 0.875000 1.000000
vt 0.750000 1.000000
vt 0.000000 0.000000
vt 1.000000 0.000000
vt 1.000000 1.000000
vt 0.000000 0.000000
vt 1.000000 0.000000
vt 1.000000 1.000000
vt 0.875000 0.000000
vt 1.000000 0.000000
vt 1.000000 1.000000
vt 0.875000 0.000000
vt 1.000000 1.000000
vt 0.875000 1.000000
vt 0.000000 0.000000
vt 1.000000 0.000000
vt 1.000000 1.000000
vt 0.000000 0.000000
vt 1.000000 0.000000
vt 1.000000 1.000000
vt 0.000000 0.000000
vt 0.125000 0.000000
vt 0.125000 1.000000
vt 0.000000 0.000000
vt 0.125000 1.000000
vt 0.000000 1.000000
vt 0.000000 0.000000
vt 1.000000 0.000000
vt 1.000000 1.000000
vt 0.000000 0.000000
vt 1.000000 0.000000
vt 1.000000 1.000000
vt 0.125000 0.000000
vt 0.250000 0.000000
vt 0.250000 1.000000
vt 0.125000 0.000000
vt 0.250000 1.000000
vt 0.125000 1.000000
vt 0.000000 0.000000
vt 1.000000 0.000000
vt 1.000000 1.000000
vt 0.000000 0.000000
vt 1.000000 0.000000
vt 1.000000 1.000000
vt 0.250000 0.000000
vt 0.375000 0.000000
vt 0.375000 1.000000
vt 0.250000 0.000000
vt 0.375000 1.000000
vt 0.250000 1.000000
vt 0.000000 0.000000
vt 1.000000 0.000000
vt 1.000000 1.000000
vt 0.000000 0.000000
vt 1.000000 0.000000
vt 1.000000 1.000000
vt 0.375000 0.000000
vt 0.500000 0.000000
vt 0.500000 1.000000
vt 0.375000 0.000000
vt 0.500000 1.000000
vt 0.375000 1.000000
vt 0.000000 0.000000
vt 1.000000 0.000000
vt 1.000000 1.000000
vt 0.000000 0.000000
vt 1.000000 0.000000
vt 1.000000 1.000000
vt 0.500000 0.000000
vt 0.625000 0.000000
vt 0.625000 1.000000
vt 0.500000 0.000000
vt 0.625000 1.000000
vt 0.500000 1.000000
vt 0.000000 0.000000
vt 1.000000 0.000000
vt 1.000000 1.000000
vt 0.000000 0.000000
vt 1.000000 0.000000
vt 1.000000 1.000000
vt 0.625000 0.000000
vt 0.750000 0.000000
vt 0.750000 1.000000
vt 0.625000 0.000000
vt 0.750000 1.000000
vt 0.625000 1.000000
vt 0.000000 0.000000
vt 1.000000 0.000000
vt 1.000000 1.000000
vt 0.000000 0.000000
vt 1.000000 0.000000
vt 1.000000 1.000000
vt 0.750000 0.000000
vt 0.875000 0.000000
vt 0.875000 1.000000
vt 0.750000 0.000000
vt 0.875000 1.000000
vt 0.750000 1.000000
vt 0.000000 0.000000
vt 1.000000 0.000000
vt 1.000000 1.000000
vt 0.000000 0.000000
vt 1.000000 0.000000
vt 1.000000 1.000000
vt 0.875000 0.000000
vt 1.000000 0.000000
vt 1.000000 1.000000
vt 0.875000 0.000000
vt 1.000000 1.000000
vt 0.875000 1.000000
vt 0.000000 0.000000
vt 1.000000 0.000000
vt 1.000000 1.000000
vt 0.000000 0.000000
vt 1.000000 0.000000
vt 1.000000 1.000000
vt 0.000000 0.000000
vt 0.125000 0.000000
vt 0.125000 1.000000
vt 0.000000 0.000000
vt 0.125000 1.000000
vt 0.000000 1.000000
vt 0.000000 0.000000
vt 1.000000 0.000000
vt 1.000000 1.000000
vt 0.000000 0.000000
vt 1.000000 0.000000
vt 1.000000 1.000000
vt 0.125000 0.000000
vt 0.250000 0.000000
vt 0.250000 1.000000
vt 0.125000 0.000000
vt 0.250000 1.000000
vt 0.125000 1.000000
vt 0.000000 0.000000
vt 1.000000 0.000000
vt 1.000000 1.000000
vt 0.000000 0.000000
vt 1.000000 0.000000
vt 1.000000 1.000000
vt 0.250000 0.000000
vt 0.375000 0.000000
vt 0.375000 1.000000
vt 0.250000 0.000000
vt 0.375000 1.000000
vt 0.250000 1.000000
vt 0.000000 0.000000
vt 1.000000 0.000000
vt 1.000000 1.000000
vt 0.000000 0.000000
vt 1.000000 0.000000
vt 1.000000 1.000000
vt 0.375000 0.000000
vt 0.500000 0.000000
vt 0.500000 1.000000
vt 0.375000 0.000000
vt 0.500000 1.000000
vt 0.375000 1.000000
vt 0.000000 0.000000
vt 1.000000 0.000000
vt 1.000000 1.000000
vt 0.000000 0.000000
vt 1.000000 0.000000
vt 1.000000 1.000000
vt 0.500000 0.000000
vt 0.625000 0.000000
vt 0.625000 1.000000
vt 0.500000 0.000000
vt 0.625000 1.000000
vt 0.500000 1.000000
vt 0.000000 0.000000
vt 1.000000 0.000000
vt 1.000000 1.000000
vt 0.000000 0.000000
vt 1.000000 0.000000
vt 1.000000 1.000000
vt 0.625000 0.000000
vt 0.750000 0.000000
vt 0.750000 1.000000
vt 0.625000 0.000000
vt 0.750000 1.000000
vt 0.625000 1.000000
vt 0.000000 0.000000
vt 1.000000 0.000000
vt 1.000000 1.000000
vt 0.000000 0.000000
vt 1.000000 0.000000
vt 1.000000 1.000000
vt 0.750000 0.000000
vt 0.875000 0.000000
vt 0.875000 1.000000
vt 0.750000 0.000000
vt 0.875000 1.000000
vt 0.750000 1.000000
vt 0.000000 0.000000
vt 1.000000 0.000000
vt 1.000000 1.000000
vt 0.000000 0.000000
vt 1.000000 0.000000
vt 1.000000 1.000000
vt 0.875000 0.000000
vt 1.000000 0.000000
vt 1.000000 1.000000
vt 0.875000 0.000000
vt 1.000000 1.000000
vt 0.875000 1.000000
vt 0.000000 0.000000
vt 1.000000 0.000000
vt 1.000000 1.000000
vt 0.000000 0.000000
vt 1.000000 0.000000
vt 1.000000 1.000000
vt 0.000000 0.000000
vt 0.125000 0.000000
vt 0.125000 1.000000
vt 0.000000 0.000000
vt 0.125000 1.000000
vt 0.000000 1.000000
vt 0.000000 0.000000
vt 1.000000 0.000000
vt 1.000000 1.000000
vt 0.000000 0.000000
vt 1.000000 0.000000
vt 1.000000 1.000000
vt 0.125000 0.000000
vt 0.250000 0.000000
vt 0.250000 1.000000
vt 0.125000 0.000000
vt 0.250000 1.000000
vt 0.125000 1.000000
vt 0.000000 0.000000
vt 1.000000 0.000000
vt 1.000000 1.000000
vt 0.000000 0.000000
vt 1.000000 0.000000
vt 1.000000 1.000000
vt 0.250000 0.000000
vt 0.375000 0.000000
vt 0.375000 1.000000
vt 0.250000 0.000000
vt 0.375000 1.000000
vt 0.250000 1.000000
vt 0.000000 0.000000
vt 1.000000 0.000000
vt 1.000000 1.000000
vt 0.000000 0.000000
vt 1.000000 0.000000
vt 1.000000 1.000000
vt 0.375000 0.000000
vt 0.500000 0.000000
vt 0.500000 1.000000
vt 0.375000 0.000000
vt 0.500000 1.000000
vt 0.375000 1.000000
vt 0.000000 0.000000
vt 1.000000 0.000000
vt 1.000000 1.000000
vt 0.000000 0.000000
vt 1.000000 0.000000
vt 1.000000 1.000000
vt 0.500000 0.000000
vt 0.625000 0.000000
vt 0.625000 1.000000
vt 0.500000 0.000000
vt 0.625000 1.000000
vt 0.500000 1.000000
vt 0.000000 0.000000
vt 1.000000 0.000000
vt 1.000000 1.000000
vt 0.000000 0.000000
vt 1.000000 0.000000
vt 1.000000 1.000000
vt 0.625000 0.000000
vt 0.750000 0.000000
vt 0.750000 1.000000
vt 0.625000 0.000000
vt 0.750000 1.000000
vt 0.625000 1.000000
vt 0.000000 0.000000
vt 1.000000 0.000000
vt 1.000000 1.000000
vt 0.000000 0.000000
vt 1.000000 0.000000
vt 1.000000 1.000000
vt 0.750000 0.000000
vt 0.875000 0.000000
vt 0.875000 1.000000
vt 0.750000 0.000000
vt 0.875000 1.000000
vt 0.750000 1.000000
vt 0.000000 0.000000
vt 1.000000 0.000000
vt 1.000000 1.000000
vt 0.000000 0.000000
vt 1.000000 0.000000
vt 1.000000 1.000000
vt 0.875000 0.000000
vt 1.000000 0.000000
vt 1.000000 1.000000
vt 0.875000 0.000000
vt 1.000000 1.000000
vt 0.875000 1.000000
vt 0.000000 0.000000
vt 1.000000 0.000000
vt 1.000000 1.000000
vt 0.000000 0.000000
vt 1.000000 0.000000
vt 1.000000 1.000000
vt 0.000000 0.000000
vt 0.125000 0.000000
vt 0.125000 1.000000
vt 0.000000 0.000000
vt 0.125000 1.000000
vt 0.000000 1.000000
vt 0.000000 0.000000
vt 1.000000 0.000000
vt 1.000000 1.000000
vt 0.000000 0.000000
vt 1.000000 0.000000
vt 1.000000 1.000000
vt 0.125000 0.000000
vt 0.250000 0.000000
vt 0.250000 1.000000
vt 0.125000 0.000000
vt 0.250000 1.000000
vt 0.125000 1.000000
vt 0.000000 0.000000
vt 1.000000 0.000000
vt 1.000000 1.000000
vt 0.000000 0.000000
vt 1.000000 0.000000
vt 1.000000 1.000000
vt 0.250000 0.000000
vt 0.375000 0.000000
vt 0.375000 1.000000
vt 0.250000 0.000000
vt 0.375000 1.000000
vt 0.250000 1.000000
vt 0.000000 0.000000
vt 1.000000 0.000000
vt 1.000000 1.000000
vt 0.000000 0.000000
vt 1.000000 0.000000
vt 1.000000 1.000000
vt 0.375000 0.000000
vt 0.500000 0.000000
vt 0.500000 1.000000
vt 0.375000 0.000000
vt 0.500000 1.000000
vt 0.375000 1.000000
vt 0.000000 0.000000
vt 1.000000 0.000000
vt 1.000000 1.000000
vt 0.000000 0.000000
vt 1.000000 0.000000
vt 1.000000 1.000000
vt 0.500000 0.000000
vt 0.625000 0.000000
vt 0.625000 1.000000
vt 0.500000 0.000000
vt 0.625000 1.000000
vt 0.500000 1.000000
vt 0.000000 0.000000
vt 1.000000 0.000000
vt 1.000000 1.000000
vt 0.000000 0.000000
vt 1.000000 0.000000
vt 1.000000 1.000000
vt 0.625000 0.000000
vt 0.750000 0.000000
vt 0.750000 1.000000
vt 0.625000 0.000000
vt 0.750000 1.000000
vt 0.625000 1.000000
vt 0.000000 0.000000
vt 1.000000 0.000000
vt 1.000000 1.000000
vt 0.000000 0.000000
vt 1.000000 0.000000
vt 1.000000 1.000000
vt 0.750000 0.000000
vt 0.875000 0.000000
vt 0.875000 1.000000
vt 0.750000 0.000000
vt 0.875000 1.000000
vt 0.750000 1.000000
vt 0.000000 0.000000
vt 1.000000 0.000000
vt 1.000000 1.000000
vt 0.000000 0.000000
vt 1.000000 0.000000
vt 1.000000 1.000000
vt 0.875000 0.000000
vt 1.000000 0.000000
vt 1.000000 1.000000
vt 0.875000 0.000000
vt 1.000000 1.000000
vt 0.875000 1.000000
vt 0.000000 0.000000
vt 1.000000 0.000000
vt 1.000000 1.000000
vt 0.000000 0.000000
vt 1.000000 0.000000
vt 1.000000 1.000000
vt 0.000000 0.000000
vt 0.125000 0.000000
vt 0.125000 1.000000
vt 0.000000 0.000000
vt 0.125000 1.000000
vt 0.000000 1.000000
vt 0.000000 0.000000
vt 1.000000 0.000000
vt 1.000000 1.000000
vt 0.000000 0.000000
vt 1.000000 0.000000
vt 1.000000 1.000000
vt 0.125000 0.000000
vt 0.250000 0.000000
vt 0.250000 1.000000
vt 0.125000 0.000000
vt 0.250000 1.000000
vt 0.125000 1.000000
vt 0.000000 0.000000
vt 1.000000 0.000000
vt 1.000000 1.000000
vt 0.000000 0.000000
vt 1.000000 0.000000
vt 1.000000 1.000000
vt 0.250000 0.000000
vt 0.375000 0.000000
vt 0.375000 1.000000
vt 0.250000 0.000000
vt 0.375000 1.000000
vt 0.250000 1.000000
vt 0.000000 0.000000
vt 1.000000 0.000000
vt 1.000000 1.000000
vt 0.000000 0.000000
vt 1.000000 0.000000
vt 1.000000 1.000000
vt 0.375000 0.000000
vt 0.500000 0.000000
vt 0.500000 1.000000
vt 0.375000 0.000000
vt 0.500000 1.000000
vt 0.375000 1.000000
vt 0.000000 0.000000
vt 1.000000 0.000000
vt 1.000000 1.000000
vt 0.000000 0.000000
vt 1.000000 0.000000
vt 1.000000 1.000000
vt 0.500000 0.000000
vt 0.625000 0.000000
vt 0.625000 1.000000
vt 0.500000 0.000000
vt 0.625000 1.000000
vt 0.500000 1.000000
vt 0.000000 0.000000
vt 1.000000 0.000000
vt 1.000000 1.000000
vt 0.000000 0.000000
vt 1.000000 0.000000
vt 1.000000 1.000000
vt 0.625000 0.000000
vt 0.750000 0.000000
vt 0.750000 1.000000
vt 0.625000 0.000000
vt 0.750000 1.000000
vt 0.625000 1.000000
vt 0.000000 0.000000
vt 1.000000 0.000000
vt 1.000000 1.000000
vt 0.000000 0.000000
vt 1.000000 0.000000
vt 1.000000 1.000000
vt 0.750000 0.000000
vt 0.875000 0.000000
vt 0.875000 1.000000
vt 0.750000 0.000000
vt 0.875000 1.000000
vt 0.750000 1.000000
vt 0.000000 0.000000
vt 1.000000 0.000000
vt 1.000000 1.000000
vt 0.000000 0.000000
vt 1.000000 0.000000
vt 1.000000 1.000000
vt 0.875000 0.000000
vt 1.000000 0.000000
vt 1.000000 1.000000
vt 0.875000 0.000000
vt 1.000000 1.000000
vt 0.875000 1.000000
vt 0.000000 0.000000
vt 1.000000 0.000000
vt 1.000000 1.000000
vt 0.000000 0.000000
vt 1.000000 0.000000
vt 1.000000 1.000000
vt 0.000000 0.000000
vt 0.125000 0.000000
vt 0.125000 1.000000
vt 0.000000 0.000000
vt 0.125000 1.000000
vt 0.000000 1.000000
vt 0.000000 0.000000
vt 1.000000 0.000000
vt 1.000000 1.000000
vt 0.000000 0.000000
vt 1.000000 0.000000
vt 1.000000 1.000000
vt 0.125000 0.000000
vt 0.250000 0.000000
vt 0.250000 1.000000
vt 0.125000 0.000000
vt 0.250000 1.000000
vt 0.125000 1.000000
vt 0.000000 0.000000
vt 1.000000 0.000000
vt 1.000000 1.000000
vt 0.000000 0.000000
vt 1.000000 0.000000
vt 1.000000 1.000000
vt 0.250000 0.000000
vt 0.375000 0.000000
vt 0.375000 1.000000
vt 0.250000 0.000000
vt 0.375000 1.000000
vt 0.250000 1.000000
vt 0.000000 0.000000
vt 1.000000 0.000000
vt 1.000000 1.000000
vt 0.000000 0.000000
vt 1.000000 0.000000
vt 1.000000 1.000000
vt 0.375000 0.000000
vt 0.500000 0.000000
vt 0.500000 1.000000
vt 0.375000 0.000000
vt 0.500000 1.000000
vt 0.375000 1.000000
vt 0.000000 0.000000
vt 1.000000 0.000000
vt 1.000000 1.000000
vt 0.000000 0.000000
vt 1.000000 0.000000
vt 1.000000 1.000000
vt 0.500000 0.000000
vt 0.625000 0.000000
vt 0.625000 1.000000
vt 0.500000 0.000000
vt 0.625000 1.000000
vt 0.500000 1.000000
vt 0.000000 0.000000
vt 1.000000 0.000000
vt 1.000000 1.000000
vt 0.000000 0.000000
vt 1.000000 0.000000
vt 1.000000 1.000000
vt 0.625000 0.000000
vt 0.750000 0.000000
vt 0.750000 1.000000
vt 0.625000 0.000000
vt 0.750000 1.000000
vt 0.625000 1.000000
vt 0.000000 0.000000
vt 1.000000 0.000000
vt 1.000000 1.000000
vt 0.000000 0.000000
vt 1.000000 0.000000
vt 1.000000 1.000000
vt 0.750000 0.000000
vt 0.875000 0.000000
vt 0.875000 1.000000
vt 0.750000 0.000000
vt 0.875000 1.000000
vt 0.750000 1.000000
vt 0.000000 0.000000
vt 1.000000 0.000000
vt 1.000000 1.000000
vt 0.000000 0.000000
vt 1.000000 0.000000
vt 1.000000 1.000000
vt 0.875000 0.000000
vt 1.000000 0.000000
vt 1.000000 1.000000
vt 0.875000 0.000000
vt 1.000000 1.000000
vt 0.875000 1.000000
vt 0.000000 0.000000
vt 1.000000 0.000000
vt 1.000000 1.000000
vt 0.000000 0.000000
vt 1.000000 0.000000
vt 1.000000 1.000000
vn 0.999998 0.000000 0.002040
vn 0.707127 0.707023 -0.009435
vn 0.707127 0.707023 -0.009435
vn 0.999998 0.000000 0.002040
vn 0.707127 0.707023 -0.009435
vn 0.999998 0.000000 0.002040
vn 0.002039 -0.015383 -0.999880
vn 0.002039 -0.015383 -0.999880
vn 0.002039 -0.015383 -0.999880
vn -0.002039 0.015383 0.999880
vn -0.002039 0.015383 0.999880
vn -0.002039 0.015383 0.999880
vn 0.707127 0.707023 -0.009435
vn 0.000031 0.999882 -0.015383
vn 0.000031 0.999882 -0.015383
vn 0.707127 0.707023 -0.009435
vn 0.000031 0.999882 -0.015383
vn 0.707127 0.707023 -0.009435
vn 0.002039 -0.015383 -0.999880
vn 0.002039 -0.015383 -0.999880
vn 0.002039 -0.015383 -0.999880
vn -0.002039 0.015383 0.999880
vn -0.002039 0.015383 0.999880
vn -0.002039 0.015383 0.999880
vn 0.000031 0.999882 -0.015383
vn -0.707083 0.707023 -0.012319
vn -0.707083 0.707023 -0.012319
vn 0.000031 0.999882 -0.015383
vn -0.707083 0.707023 -0.012319
vn 0.000031 0.999882 -0.015383
vn 0.002039 -0.015383 -0.999880
vn 0.002039 -0.015383 -0.999880
vn 0.002039 -0.015383 -0.999880
vn -0.002039 0.015383 0.999880
vn -0.002039 0.015383 0.999880
vn -0.002039 0.015383 0.999880
vn -0.707083 0.707023 -0.012319
vn -0.999998 0.000000 -0.002040
vn -0.999998 0.000000 -0.002040
vn -0.707083 0.707023 -0.012319
vn -0.999998 0.000000 -0.002040
vn -0.707083 0.707023 -0.012319
vn 0.002039 -0.015383 -0.999880
vn 0.002039 -0.015383 -0.999880
vn 0.002039 -0.015383 -0.999880
vn -0.002039 0.015383 0.999880
vn -0.002039 0.015383 0.999880
vn -0.002039 0.015383 0.999880
vn -0.999998 0.000000 -0.002040
vn -0.707127 -0.707023 0.009435
vn -0.707127 -0.707023 0.009435
vn -0.999998 0.000000 -0.002040
vn -0.707127 -0.707023 0.009435
vn -0.999998 0.000000 -0.002040
vn 0.002039 -0.015383 -0.999880
vn 0.002039 -0.015383 -0.999880
vn 0.002039 -0.015383 -0.999880
vn -0.002039 0.015383 0.999880
vn -0.002039 0.015383 0.999880
vn -0.002039 0.015383 0.999880
vn -0.707127 -0.707023 0.009435
vn -0.000031 -0.999882 0.015383
vn -0.000031 -0.999882 0.015383
vn -0.707127 -0.707023 0.009435
vn -0.000031 -0.999882 0.015383
vn -0.707127 -0.707023 0.009435
vn 0.002039 -0.015383 -0.999880
vn 0.002039 -0.015383 -0.999880
vn 0.002039 -0.015383 -0.999880
vn -0.002039 0.015383 0.999880
vn -0.002039 0.015383 0.999880
vn -0.002039 0.015383 0.999880
vn -0.000031 -0.999882 0.015383
vn 0.707083 -0.707023 0.012319
vn 0.707083 -0.707023 0.012319
vn -0.000031 -0.999882 0.015383
vn 0.707083 -0.707023 0.012319
vn -0.000031 -0.999882 0.015383
vn 0.002039 -0.015383 -0.999880
vn 0.002039 -0.015383 -0.999880
vn 0.002039 -0.015383 -0.999880
vn -0.002039 0.015383 0.999880
vn -0.002039 0.015383 0.999880
vn -0.002039 0.015383 0.999880
vn 0.707083 -0.707023 0.012319
vn 0.999998 0.000000 0.002040
vn 0.999998 0.000000 0.002040
vn 0.707083 -0.707023 0.012319
vn 0.999998 0.000000 0.002040
vn 0.707083 -0.707023 0.012319
vn 0.002039 -0.015383 -0.999880
vn 0.002039 -0.015383 -0.999880
vn 0.002039 -0.015383 -0.999880
vn -0.002039 0.015383 0.999880
vn -0.002039 0.015383 0.999880
vn -0.002039 0.015383 0.999880
vn 0.999179 0.000000 -0.040523
vn 0.706086 0.707023 -0.039514
vn 0.706086 0.707023 -0.039514
vn 0.999179 0.000000 -0.040523
vn 0.706086 0.707023 -0.039514
vn 0.999179 0.000000 -0.040523
vn -0.040519 -0.015370 -0.999061
vn -0.040519 -0.015370 -0.999061
vn -0.040519 -0.015370 -0.999061
vn 0.040519 0.015370 0.999061
vn 0.040519 0.015370 0.999061
vn 0.040519 0.015370 0.999061
vn 0.706086 0.707023 -0.039514
vn -0.000623 0.999882 -0.015358
vn -0.000623 0.999882 -0.015358
vn 0.706086 0.707023 -0.039514
vn -0.000623 0.999882 -0.015358
vn 0.706086 0.707023 -0.039514
vn -0.040519 -0.015370 -0.999061
vn -0.040519 -0.015370 -0.999061
vn -0.040519 -0.015370 -0.999061
vn 0.040519 0.015370 0.999061
vn 0.040519 0.015370 0.999061
vn 0.040519 0.015370 0.999061
vn -0.000623 0.999882 -0.015358
vn -0.706966 0.707023 0.017795
vn -0.706966 0.707023 0.017795
vn -0.000623 0.999882 -0.015358
vn -0.706966 0.707023 0.017795
vn -0.000623 0.999882 -0.015358
vn -0.040519 -0.015370 -0.999061
vn -0.040519 -0.015370 -0.999061
vn -0.040519 -0.015370 -0.999061
vn 0.040519 0.015370 0.999061
vn 0.040519 0.015370 0.999061
vn 0.040519 0.015370 0.999061
vn -0.706966 0.707023 0.017795
vn -0.999179 0.000000 0.040523
vn -0.999179 0.000000 0.040523
vn -0.706966 0.707023 0.017795
vn -0.999179 0.000000 0.040523
vn -0.706966 0.707023 0.017795
vn -0.040519 -0.015370 -0.999061
vn -0.040519 -0.015370 -0.999061
vn -0.040519 -0.015370 -0.999061
vn 0.040519 0.015370 0.999061
vn 0.040519 0.015370 0.999061
vn 0.040519 0.015370 0.999061
vn -0.999179 0.000000 0.040523
vn -0.706086 -0.707023 0.039514
vn -0.706086 -0.707023 0.039514
vn -0.999179 0.000000 0.040523
vn -0.706086 -0.707023 0.039514
vn -0.999179 0.000000 0.040523
vn -0.040519 -0.015370 -0.999061
vn -0.040519 -0.015370 -0.999061
vn -0.040519 -0.015370 -0.999061
vn 0.040519 0.015370 0.999061
vn 0.040519 0.015370 0.999061
vn 0.040519 0.015370 0.999061
vn -0.706086 -0.707023 0.039514
vn 0.000623 -0.999882 0.015358
vn 0.000623 -0.999882 0.015358
vn -0.706086 -0.707023 0.039514
vn 0.000623 -0.999882 0.015358
vn -0.706086 -0.707023 0.039514
vn -0.040519 -0.015370 -0.999061
vn -0.040519 -0.015370 -0.999061
vn -0.040519 -0.015370 -0.999061
vn 0.040519 0.015370 0.999061
vn 0.040519 0.015370 0.999061
vn 0.040519 0.015370 0.999061
vn 0.000623 -0.999882 0.015358
vn 0.706966 -0.707023 -0.017795
vn 0.706966 -0.707023 -0.017795
vn 0.000623 -0.999882 0.015358
vn 0.706966 -0.707023 -0.017795
vn 0.000623 -0.999882 0.015358
vn -0.040519 -0.015370 -0.999061
vn -0.040519 -0.015370 -0.999061
vn -0.040519 -0.015370 -0.999061
vn 0.040519 0.015370 0.999061
vn 0.040519 0.015370 0.999061
vn 0.040519 0.015370 0.999061
vn 0.706966 -0.707023 -0.017795
vn 0.999179 0.000000 -0.040523
vn 0.999179 0.000000 -0.040523
vn 0.706966 -0.707023 -0.017795
vn 0.999179 0.000000 -0.040523
vn 0.706966 -0.707023 -0.017795
vn -0.040519 -0.015370 -0.999061
vn -0.040519 -0.015370 -0.999061
vn -0.040519 -0.015370 -0.999061
vn 0.040519 0.015370 0.999061
vn 0.040519 0.015370 0.999061
vn 0.040519 0.015370 0.999061
vn 0.999994 0.000000 0.003584
vn 0.707141 0.707023 -0.008343
vn 0.707141 0.707023 -0.008343
vn 0.999994 0.000000 0.003584
vn 0.707141 0.707023 -0.008343
vn 0.999994 0.000000 0.003584
vn 0.003584 -0.015383 -0.999875
vn 0.003584 -0.015383 -0.999875
vn 0.003584 -0.015383 -0.999875
vn -0.003584 0.015383 0.999875
vn -0.003584 0.015383 0.999875
vn -0.003584 0.015383 0.999875
vn 0.707141 0.707023 -0.008343
vn 0.000055 0.999882 -0.015383
vn 0.000055 0.999882 -0.015383
vn 0.707141 0.707023 -0.008343
vn 0.000055 0.999882 -0.015383
vn 0.707141 0.707023 -0.008343
vn 0.003584 -0.015383 -0.999875
vn 0.003584 -0.015383 -0.999875
vn 0.003584 -0.015383 -0.999875
vn -0.003584 0.015383 0.999875
vn -0.003584 0.015383 0.999875
vn -0.003584 0.015383 0.999875
vn 0.000055 0.999882 -0.015383
vn -0.707063 0.707023 -0.013411
vn -0.707063 0.707023 -0.013411
vn 0.000055 0.999882 -0.015383
vn -0.707063 0.707023 -0.013411
vn 0.000055 0.999882 -0.015383
vn 0.003584 -0.015383 -0.999875
vn 0.003584 -0.015383 -0.999875
vn 0.003584 -0.015383 -0.999875
vn -0.003584 0.015383 0.999875
vn -0.003584 0.015383 0.999875
vn -0.003584 0.015383 0.999875
vn -0.707063 0.707023 -0.013411
vn -0.999994 0.000000 -0.003584
vn -0.999994 0.000000 -0.003584
vn -0.707063 0.707023 -0.013411
vn -0.999994 0.000000 -0.003584
vn -0.707063 0.707023 -0.013411
vn 0.003584 -0.015383 -0.999875
vn 0.003584 -0.015383 -0.999875
vn 0.003584 -0.015383 -0.999875
vn -0.003584 0.015383 0.999875
vn -0.003584 0.015383 0.999875
vn -0.003584 0.015383 0.999875
vn -0.999994 0.000000 -0.003584
vn -0.707141 -0.707023 0.008343
vn -0.707141 -0.707023 0.008343
vn -0.999994 0.000000 -0.003584
vn -0.707141 -0.707023 0.008343
vn -0.999994 0.000000 -0.003584
vn 0.003584 -0.015383 -0.999875
vn 0.003584 -0.015383 -0.999875
vn 0.003584 -0.015383 -0.999875
vn -0.003584 0.015383 0.999875
vn -0.003584 0.015383 0.999875
vn -0.003584 0.015383 0.999875
vn -0.707141 -0.707023 0.008343
vn -0.000055 -0.999882 0.015383
vn -0.000055 -0.999882 0.015383
vn -0.707141 -0.707023 0.008343
vn -0.000055 -0.999882 0.015383
vn -0.707141 -0.707023 0.008343
vn 0.003584 -0.015383 -0.999875
vn 0.003584 -0.015383 -0.999875
vn 0.003584 -0.015383 -0.999875
vn -0.003584 0.015383 0.999875
vn -0.003584 0.015383 0.999875
vn -0.003584 0.015383 0.999875
vn -0.000055 -0.999882 0.015383
vn 0.707063 -0.707023 0.013411
vn 0.707063 -0.707023 0.013411
vn -0.000055 -0.999882 0.015383
vn 0.707063 -0.707023 0.013411
vn -0.000055 -0.999882 0.015383
vn 0.003584 -0.015383 -0.999875
vn 0.003584 -0.015383 -0.999875
vn 0.003584 -0.015383 -0.999875
vn -0.003584 0.015383 0.999875
vn -0.003584 0.015383 0.999875
vn -0.003584 0.015383 0.999875
vn 0.707063 -0.707023 0.013411
vn 0.999994 0.000000 0.003584
vn 0.999994 0.000000 0.003584
vn 0.707063 -0.707023 0.013411
vn 0.999994 0.000000 0.003584
vn 0.707063 -0.707023 0.013411
vn 0.003584 -0.015383 -0.999875
vn 0.003584 -0.015383 -0.999875
vn 0.003584 -0.015383 -0.999875
vn -0.003584 0.015383 0.999875
vn -0.003584 0.015383 0.999875
vn -0.003584 0.015383 0.999875
vn 0.999991 0.000000 -0.004353
vn 0.707053 0.707023 -0.013955
vn 0.707053 0.707023 -0.013955
vn 0.999991 0.000000 -0.004353
vn 0.707053 0.707023 -0.013955
vn 0.999991 0.000000 -0.004353
vn -0.004353 -0.015383 -0.999872
vn -0.004353 -0.015383 -0.999872
vn -0.004353 -0.015383 -0.999872
vn 0.004353 0.015383 0.999872
vn 0.004353 0.015383 0.999872
vn 0.004353 0.015383 0.999872
vn 0.707053 0.707023 -0.013955
vn -0.000067 0.999882 -0.015383
vn -0.000067 0.999882 -0.015383
vn 0.707053 0.707023 -0.013955
vn -0.000067 0.999882 -0.015383
vn 0.707053 0.707023 -0.013955
vn -0.004353 -0.015383 -0.999872
vn -0.004353 -0.015383 -0.999872
vn -0.004353 -0.015383 -0.999872
vn 0.004353 0.015383 0.999872
vn 0.004353 0.015383 0.999872
vn 0.004353 0.015383 0.999872
vn -0.000067 0.999882 -0.015383
vn -0.707147 0.707023 -0.007799
vn -0.707147 0.707023 -0.007799
vn -0.000067 0.999882 -0.015383
vn -0.707147 0.707023 -0.007799
vn -0.000067 0.999882 -0.015383
vn -0.004353 -0.015383 -0.999872
vn -0.004353 -0.015383 -0.999872
vn -0.004353 -0.015383 -0.999872
vn 0.004353 0.015383 0.999872
vn 0.004353 0.015383 0.999872
vn 0.004353 0.015383 0.999872
vn -0.707147 0.707023 -0.007799
vn -0.999991 0.000000 0.004353
vn -0.999991 0.000000 0.004353
vn -0.707147 0.707023 -0.007799
vn -0.999991 0.000000 0.004353
vn -0.707147 0.707023 -0.007799
vn -0.004353 -0.015383 -0.999872
vn -0.004353 -0.015383 -0.999872
vn -0.004353 -0.015383 -0.999872
vn 0.004353 0.015383 0.999872
vn 0.004353 0.015383 0.999872
vn 0.004353 0.015383 0.999872
vn -0.999991 0.000000 0.004353
vn -0.707053 -0.707023 0.013955
vn -0.707053 -0.707023 0.013955
vn -0.999991 0.000000 0.004353
vn -0.707053 -0.707023 0.013955
vn -0.999991 0.000000 0.004353
vn -0.004353 -0.015383 -0.999872
vn -0.004353 -0.015383 -0.999872
vn -0.004353 -0.015383 -0.999872
vn 0.004353 0.015383 0.999872
vn 0.004353 0.015383 0.999872
vn 0.004353 0.015383 0.999872
vn -0.707053 -0.707023 0.013955
vn 0.000067 -0.999882 0.015383
vn 0.000067 -0.999882 0.015383
vn -0.707053 -0.707023 0.013955
vn 0.000067 -0.999882 0.015383
vn -0.707053 -0.707023 0.013955
vn -0.004353 -0.015383 -0.999872
vn -0.004353 -0.015383 -0.999872
vn -0.004353 -0.015383 -0.999872
vn 0.004353 0.015383 0.999872
vn 0.004353 0.015383 0.999872
vn 0.004353 0.015383 0.999872
vn 0.000067 -0.999882 0.015383
vn 0.707147 -0.707023 0.007799
vn 0.707147 -0.707023 0.007799
vn 0.000067 -0.999882 0.015383
vn 0.707147 -0.707023 0.007799
vn 0.000067 -0.999882 0.015383
vn -0.004353 -0.015383 -0.999872
vn -0.004353 -0.015383 -0.999872
vn -0.004353 -0.015383 -0.999872
vn 0.004353 0.015383 0.999872
vn 0.004353 0.015383 0.999872
vn 0.004353 0.015383 0.999872
vn 0.707147 -0.707023 0.007799
vn 0.999991 0.000000 -0.004353
vn 0.999991 0.000000 -0.004353
vn 0.707147 -0.707023 0.007799
vn 0.999991 0.000000 -0.004353
vn 0.707147 -0.707023 0.007799
vn -0.004353 -0.015383 -0.999872
vn -0.004353 -0.015383 -0.999872
vn -0.004353 -0.015383 -0.999872
vn 0.004353 0.015383 0.999872
vn 0.004353 0.015383 0.999872
vn 0.004353 0.015383 0.999872
vn 0.998972 0.000000 0.045332
vn 0.706872 0.707023 0.021200
vn 0.706872 0.707023 0.021200
vn 0.998972 0.000000 0.045332
vn 0.706872 0.707023 0.021200
vn 0.998972 0.000000 0.045332
vn 0.045327 -0.015367 -0.998854
vn 0.045327 -0.015367 -0.998854
vn 0.045327 -0.015367 -0.998854
vn -0.045327 0.015367 0.998854
vn -0.045327 0.015367 0.998854
vn -0.045327 0.015367 0.998854
vn 0.706872 0.707023 0.021200
vn 0.000697 0.999882 -0.015351
vn 0.000697 0.999882 -0.015351
vn 0.706872 0.707023 0.021200
vn 0.000697 0.999882 -0.015351
vn 0.706872 0.707023 0.021200
vn 0.045327 -0.015367 -0.998854
vn 0.045327 -0.015367 -0.998854
vn 0.045327 -0.015367 -0.998854
vn -0.045327 0.015367 0.998854
vn -0.045327 0.015367 0.998854
vn -0.045327 0.015367 0.998854
vn 0.000697 0.999882 -0.015351
vn -0.705887 0.707023 -0.042909
vn -0.705887 0.707023 -0.042909
vn 0.000697 0.999882 -0.015351
vn -0.705887 0.707023 -0.042909
vn 0.000697 0.999882 -0.015351
vn 0.045327 -0.015367 -0.998854
vn 0.045327 -0.015367 -0.998854
vn 0.045327 -0.015367 -0.998854
vn -0.045327 0.015367 0.998854
vn -0.045327 0.015367 0.998854
vn -0.045327 0.015367 0.998854
vn -0.705887 0.707023 -0.042909
vn -0.998972 0.000000 -0.045332
vn -0.998972 0.000000 -0.045332
vn -0.705887 0.707023 -0.042909
vn -0.998972 0.000000 -0.045332
vn -0.705887 0.707023 -0.042909
vn 0.045327 -0.015367 -0.998854
vn 0.045327 -0.015367 -0.998854
vn 0.045327 -0.015367 -0.998854
vn -0.045327 0.015367 0.998854
vn -0.045327 0.015367 0.998854
vn -0.045327 0.015367 0.998854
vn -0.998972 0.000000 -0.045332
vn -0.706872 -0.707023 -0.021200
vn -0.706872 -0.707023 -0.021200
vn -0.998972 0.000000 -0.045332
vn -0.706872 -0.707023 -0.021200
vn -0.998972 0.000000 -0.045332
vn 0.045327 -0.015367 -0.998854
vn 0.045327 -0.015367 -0.998854
vn 0.045327 -0.015367 -0.998854
vn -0.045327 0.015367 0.998854
vn -0.045327 0.015367 0.998854
vn -0.045327 0.015367 0.998854
vn -0.706872 -0.707023 -0.021200
vn -0.000697 -0.999882 0.015351
vn -0.000697 -0.999882 0.015351
vn -0.706872 -0.707023 -0.021200
vn -0.000697 -0.999882 0.015351
vn -0.706872 -0.707023 -0.021200
vn 0.045327 -0.015367 -0.998854
vn 0.045327 -0.015367 -0.998854
vn 0.045327 -0.015367 -0.998854
vn -0.045327 0.015367 0.998854
vn -0.045327 0.015367 0.998854
vn -0.045327 0.015367 0.998854
vn -0.000697 -0.999882 0.015351
vn 0.705887 -0.707023 0.042909
vn 0.705887 -0.707023 0.042909
vn -0.000697 -0.999882 0.015351
vn 0.705887 -0.707023 0.042909
vn -0.000697 -0.999882 0.015351
vn 0.045327 -0.015367 -0.998854
vn 0.045327 -0.015367 -0.998854
vn 0.045327 -0.015367 -0.998854
vn -0.045327 0.015367 0.998854
vn -0.045327 0.015367 0.998854
vn -0.045327 0.015367 0.998854
vn 0.705887 -0.707023 0.042909
vn 0.998972 0.000000 0.045332
vn 0.998972 0.000000 0.045332
vn 0.705887 -0.707023 0.042909
vn 0.998972 0.000000 0.045332
vn 0.705887 -0.707023 0.042909
vn 0.045327 -0.015367 -0.998854
vn 0.045327 -0.015367 -0.998854
vn 0.045327 -0.015367 -0.998854
vn -0.045327 0.015367 0.998854
vn -0.045327 0.015367 0.998854
vn -0.045327 0.015367 0.998854
vn 0.999754 0.000000 0.022200
vn 0.707174 0.707023 0.004826
vn 0.707174 0.707023 0.004826
vn 0.999754 0.000000 0.022200
vn 0.707174 0.707023 0.004826
vn 0.999754 0.000000 0.022200
vn 0.022197 -0.015379 -0.999635
vn 0.022197 -0.015379 -0.999635
vn 0.022197 -0.015379 -0.999635
vn -0.022197 0.015379 0.999635
vn -0.022197 0.015379 0.999635
vn -0.022197 0.015379 0.999635
vn 0.707174 0.707023 0.004826
vn 0.000341 0.999882 -0.015375
vn 0.000341 0.999882 -0.015375
vn 0.707174 0.707023 0.004826
vn 0.000341 0.999882 -0.015375
vn 0.707174 0.707023 0.004826
vn 0.022197 -0.015379 -0.999635
vn 0.022197 -0.015379 -0.999635
vn 0.022197 -0.015379 -0.999635
vn -0.022197 0.015379 0.999635
vn -0.022197 0.015379 0.999635
vn -0.022197 0.015379 0.999635
vn 0.000341 0.999882 -0.015375
vn -0.706691 0.707023 -0.026570
vn -0.706691 0.707023 -0.026570
vn 0.000341 0.999882 -0.015375
vn -0.706691 0.707023 -0.026570
vn 0.000341 0.999882 -0.015375
vn 0.022197 -0.015379 -0.999635
vn 0.022197 -0.015379 -0.999635
vn 0.022197 -0.015379 -0.999635
vn -0.022197 0.015379 0.999635
vn -0.022197 0.015379 0.999635
vn -0.022197 0.015379 0.999635
vn -0.706691 0.707023 -0.026570
vn -0.999754 0.000000 -0.022200
vn -0.999754 0.000000 -0.022200
vn -0.706691 0.707023 -0.026570
vn -0.999754 0.000000 -0.022200
vn -0.706691 0.707023 -0.026570
vn 0.022197 -0.015379 -0.999635
vn 0.022197 -0.015379 -0.999635
vn 0.022197 -0.015379 -0.999635
vn -0.022197 0.015379 0.999635
vn -0.022197 0.015379 0.999635
vn -0.022197 0.015379 0.999635
vn -0.999754 0.000000 -0.022200
vn -0.707174 -0.707023 -0.004826
vn -0.707174 -0.707023 -0.004826
vn -0.999754 0.000000 -0.022200
vn -0.707174 -0.707023 -0.004826
vn -0.999754 0.000000 -0.022200
vn 0.022197 -0.015379 -0.999635
vn 0.022197 -0.015379 -0.999635
vn 0.022197 -0.015379 -0.999635
vn -0.022197 0.015379 0.999635
vn -0.022197 0.015379 0.999635
vn -0.022197 0.015379 0.999635
vn -0.707174 -0.707023 -0.004826
vn -0.000341 -0.999882 0.015375
vn -0.000341 -0.999882 0.015375
vn -0.707174 -0.707023 -0.004826
vn -0.000341 -0.999882 0.015375
vn -0.707174 -0.707023 -0.004826
vn 0.022197 -0.015379 -0.999635
vn 0.022197 -0.015379 -0.999635
vn 0.022197 -0.015379 -0.999635
vn -0.022197 0.015379 0.999635
vn -0.022197 0.015379 0.999635
vn -0.022197 0.015379 0.999635
vn -0.000341 -0.999882 0.015375
vn 0.706691 -0.707023 0.026570
vn 0.706691 -0.707023 0.026570
vn -0.000341 -0.999882 0.015375
vn 0.706691 -0.707023 0.026570
vn -0.000341 -0.999882 0.015375
vn 0.022197 -0.015379 -0.999635
vn 0.022197 -0.015379 -0.999635
vn 0.022197 -0.015379 -0.999635
vn -0.022197 0.015379 0.999635
vn -0.022197 0.015379 0.999635
vn -0.022197 0.015379 0.999635
vn 0.706691 -0.707023 0.026570
vn 0.999754 0.000000 0.022200
vn 0.999754 0.000000 0.022200
vn 0.706691 -0.707023 0.026570
vn 0.999754 0.000000 0.022200
vn 0.706691 -0.707023 0.026570
vn 0.022197 -0.015379 -0.999635
vn 0.022197 -0.015379 -0.999635
vn 0.022197 -0.015379 -0.999635
vn -0.022197 0.015379 0.999635
vn -0.022197 0.015379 0.999635
vn -0.022197 0.015379 0.999635
vn 0.999661 0.000000 -0.026053
vn 0.706583 0.707023 -0.029292
vn 0.706583 0.707023 -0.029292
vn 0.999661 0.000000 -0.026053
vn 0.706583 0.707023 -0.029292
vn 0.999661 0.000000 -0.026053
vn -0.026050 -0.015378 -0.999542
vn -0.026050 -0.015378 -0.999542
vn -0.026050 -0.015378 -0.999542
vn 0.026050 0.015378 0.999542
vn 0.026050 0.015378 0.999542
vn 0.026050 0.015378 0.999542
vn 0.706583 0.707023 -0.029292
vn -0.000401 0.999882 -0.015372
vn -0.000401 0.999882 -0.015372
vn 0.706583 0.707023 -0.029292
vn -0.000401 0.999882 -0.015372
vn 0.706583 0.707023 -0.029292
vn -0.026050 -0.015378 -0.999542
vn -0.026050 -0.015378 -0.999542
vn -0.026050 -0.015378 -0.999542
vn 0.026050 0.015378 0.999542
vn 0.026050 0.015378 0.999542
vn 0.026050 0.015378 0.999542
vn -0.000401 0.999882 -0.015372
vn -0.707150 0.707023 0.007553
vn -0.707150 0.707023 0.007553
vn -0.000401 0.999882 -0.015372
vn -0.707150 0.707023 0.007553
vn -0.000401 0.999882 -0.015372
vn -0.026050 -0.015378 -0.999542
vn -0.026050 -0.015378 -0.999542
vn -0.026050 -0.015378 -0.999542
vn 0.026050 0.015378 0.999542
vn 0.026050 0.015378 0.999542
vn 0.026050 0.015378 0.999542
vn -0.707150 0.707023 0.007553
vn -0.999661 0.000000 0.026053
vn -0.999661 0.000000 0.026053
vn -0.707150 0.707023 0.007553
vn -0.999661 0.000000 0.026053
vn -0.707150 0.707023 0.007553
vn -0.026050 -0.015378 -0.999542
vn -0.026050 -0.015378 -0.999542
vn -0.026050 -0.015378 -0.999542
vn 0.026050 0.015378 0.999542
vn 0.026050 0.015378 0.999542
vn 0.026050 0.015378 0.999542
vn -0.999661 0.000000 0.026053
vn -0.706583 -0.707023 0.029292
vn -0.706583 -0.707023 0.029292
vn -0.999661 0.000000 0.026053
vn -0.706583 -0.707023 0.029292
vn -0.999661 0.000000 0.026053
vn -0.026050 -0.015378 -0.999542
vn -0.026050 -0.015378 -0.999542
vn -0.026050 -0.015378 -0.999542
vn 0.026050 0.015378 0.999542
vn 0.026050 0.015378 0.999542
vn 0.026050 0.015378 0.999542
vn -0.706583 -0.707023 0.029292
vn 0.000401 -0.999882 0.015372
vn 0.000401 -0.999882 0.015372
vn -0.706583 -0.707023 0.029292
vn 0.000401 -0.999882 0.015372
vn -0.706583 -0.707023 0.029292
vn -0.026050 -0.015378 -0.999542
vn -0.026050 -0.015378 -0.999542
vn -0.026050 -0.015378 -0.999542
vn 0.026050 0.015378 0.999542
vn 0.026050 0.015378 0.999542
vn 0.026050 0.015378 0.999542
vn 0.000401 -0.999882 0.015372
vn 0.707150 -0.707023 -0.007553
vn 0.707150 -0.707023 -0.007553
vn 0.000401 -0.999882 0.015372
vn 0.707150 -0.707023 -0.007553
vn 0.000401 -0.999882 0.015372
vn -0.026050 -0.015378 -0.999542
vn -0.026050 -0.015378 -0.999542
vn -0.026050 -0.015378 -0.999542
vn 0.026050 0.015378 0.999542
vn 0.026050 0.015378 0.999542
vn 0.026050 0.015378 0.999542
vn 0.707150 -0.707023 -0.007553
vn 0.999661 0.000000 -0.026053
vn 0.999661 0.000000 -0.026053
vn 0.707150 -0.707023 -0.007553
vn 0.999661 0.000000 -0.026053
vn 0.707150 -0.707023 -0.007553
vn -0.026050 -0.015378 -0.999542
vn -0.026050 -0.015378 -0.999542
vn -0.026050 -0.015378 -0.999542
vn 0.026050 0.015378 0.999542
vn 0.026050 0.015378 0.999542
vn 0.026050 0.015378 0.999542
vn 0.999839 0.000000 0.017955
vn 0.707188 0.707023 0.001823
vn 0.707188 0.707023 0.001823
vn 0.999839 0.000000 0.017955
vn 0.707188 0.707023 0.001823
vn 0.999839 0.000000 0.017955
vn 0.017953 -0.015380 -0.999721
vn 0.017953 -0.015380 -0.999721
vn 0.017953 -0.015380 -0.999721
vn -0.017953 0.015380 0.999721
vn -0.017953 0.015380 0.999721
vn -0.017953 0.015380 0.999721
vn 0.707188 0.707023 0.001823
vn 0.000276 0.999882 -0.015378
vn 0.000276 0.999882 -0.015378
vn 0.707188 0.707023 0.001823
vn 0.000276 0.999882 -0.015378
vn 0.707188 0.707023 0.001823
vn 0.017953 -0.015380 -0.999721
vn 0.017953 -0.015380 -0.999721
vn 0.017953 -0.015380 -0.999721
vn -0.017953 0.015380 0.999721
vn -0.017953 0.015380 0.999721
vn -0.017953 0.015380 0.999721
vn 0.000276 0.999882 -0.015378
vn -0.706798 0.707023 -0.023570
vn -0.706798 0.707023 -0.023570
vn 0.000276 0.999882 -0.015378
vn -0.706798 0.707023 -0.023570
vn 0.000276 0.999882 -0.015378
vn 0.017953 -0.015380 -0.999721
vn 0.017953 -0.015380 -0.999721
vn 0.017953 -0.015380 -0.999721
vn -0.017953 0.015380 0.999721
vn -0.017953 0.015380 0.999721
vn -0.017953 0.015380 0.999721
vn -0.706798 0.707023 -0.023570
vn -0.999839 0.000000 -0.017955
vn -0.999839 0.000000 -0.017955
vn -0.706798 0.707023 -0.023570
vn -0.999839 0.000000 -0.017955
vn -0.706798 0.707023 -0.023570
vn 0.017953 -0.015380 -0.999721
vn 0.017953 -0.015380 -0.999721
vn 0.017953 -0.015380 -0.999721
vn -0.017953 0.015380 0.999721
vn -0.017953 0.015380 0.999721
vn -0.017953 0.015380 0.999721
vn -0.999839 0.000000 -0.017955
vn -0.707188 -0.707023 -0.001823
vn -0.707188 -0.707023 -0.001823
vn -0.999839 0.000000 -0.017955
vn -0.707188 -0.707023 -0.001823
vn -0.999839 0.000000 -0.017955
vn 0.017953 -0.015380 -0.999721
vn 0.017953 -0.015380 -0.999721
vn 0.017953 -0.015380 -0.999721
vn -0.017953 0.015380 0.999721
vn -0.017953 0.015380 0.999721
vn -0.017953 0.015380 0.999721
vn -0.707188 -0.707023 -0.001823
vn -0.000276 -0.999882 0.015378
vn -0.000276 -0.999882 0.015378
vn -0.707188 -0.707023 -0.001823
vn -0.000276 -0.999882 0.015378
vn -0.707188 -0.707023 -0.001823
vn 0.017953 -0.015380 -0.999721
vn 0.017953 -0.015380 -0.999721
vn 0.017953 -0.015380 -0.999721
vn -0.017953 0.015380 0.999721
vn -0.017953 0.015380 0.999721
vn -0.017953 0.015380 0.999721
vn -0.000276 -0.999882 0.015378
vn 0.706798 -0.707023 0.023570
vn 0.706798 -0.707023 0.023570
vn -0.000276 -0.999882 0.015378
vn 0.706798 -0.707023 0.023570
vn -0.000276 -0.999882 0.015378
vn 0.017953 -0.015380 -0.999721
vn 0.017953 -0.015380 -0.999721
vn 0.017953 -0.015380 -0.999721
vn -0.017953 0.015380 0.999721
vn -0.017953 0.015380 0.999721
vn -0.017953 0.015380 0.999721
vn 0.706798 -0.707023 0.023570
vn 0.999839 0.000000 0.017955
vn 0.999839 0.000000 0.017955
vn 0.706798 -0.707023 0.023570
vn 0.999839 0.000000 0.017955
vn 0.706798 -0.707023 0.023570
vn 0.017953 -0.015380 -0.999721
vn 0.017953 -0.015380 -0.999721
vn 0.017953 -0.015380 -0.999721
vn -0.017953 0.015380 0.999721
vn -0.017953 0.015380 0.999721
vn -0.017953 0.015380 0.999721
vn 0.999823 0.000000 -0.018814
vn 0.706777 0.707023 -0.024177
vn 0.706777 0.707023 -0.024177
vn 0.999823 0.000000 -0.018814
vn 0.706777 0.707023 -0.024177
vn 0.999823 0.000000 -0.018814
vn -0.018812 -0.015380 -0.999705
vn -0.018812 -0.015380 -0.999705
vn -0.018812 -0.015380 -0.999705
vn 0.018812 0.015380 0.999705
vn 0.018812 0.015380 0.999705
vn 0.018812 0.015380 0.999705
vn 0.706777 0.707023 -0.024177
vn -0.000289 0.999882 -0.015377
vn -0.000289 0.999882 -0.015377
vn 0.706777 0.707023 -0.024177
vn -0.000289 0.999882 -0.015377
vn 0.706777 0.707023 -0.024177
vn -0.018812 -0.015380 -0.999705
vn -0.018812 -0.015380 -0.999705
vn -0.018812 -0.015380 -0.999705
vn 0.018812 0.015380 0.999705
vn 0.018812 0.015380 0.999705
vn 0.018812 0.015380 0.999705
vn -0.000289 0.999882 -0.015377
vn -0.707186 0.707023 0.002430
vn -0.707186 0.707023 0.002430
vn -0.000289 0.999882 -0.015377
vn -0.707186 0.707023 0.002430
vn -0.000289 0.999882 -0.015377
vn -0.018812 -0.015380 -0.999705
vn -0.018812 -0.015380 -0.999705
vn -0.018812 -0.015380 -0.999705
vn 0.018812 0.015380 0.999705
vn 0.018812 0.015380 0.999705
vn 0.018812 0.015380 0.999705
vn -0.707186 0.707023 0.002430
vn -0.999823 0.000000 0.018814
vn -0.999823 0.000000 0.018814
vn -0.707186 0.707023 0.002430
vn -0.999823 0.000000 0.018814
vn -0.707186 0.707023 0.002430
vn -0.018812 -0.015380 -0.999705
vn -0.018812 -0.015380 -0.999705
vn -0.018812 -0.015380 -0.999705
vn 0.018812 0.015380 0.999705
vn 0.018812 0.015380 0.999705
vn 0.018812 0.015380 0.999705
vn -0.999823 0.000000 0.018814
vn -0.706777 -0.707023 0.024177
vn -0.706777 -0.707023 0.024177
vn -0.999823 0.000000 0.018814
vn -0.706777 -0.707023 0.024177
vn -0.999823 0.000000 0.018814
vn -0.018812 -0.015380 -0.999705
vn -0.018812 -0.015380 -0.999705
vn -0.018812 -0.015380 -0.999705
vn 0.018812 0.015380 0.999705
vn 0.018812 0.015380 0.999705
vn 0.018812 0.015380 0.999705
vn -0.706777 -0.707023 0.024177
vn 0.000289 -0.999882 0.015377
vn 0.000289 -0.999882 0.015377
vn -0.706777 -0.707023 0.024177
vn 0.000289 -0.999882 0.015377
vn -0.706777 -0.707023 0.024177
vn -0.018812 -0.015380 -0.999705
vn -0.018812 -0.015380 -0.999705
vn -0.018812 -0.015380 -0.999705
vn 0.018812 0.015380 0.999705
vn 0.018812 0.015380 0.999705
vn 0.018812 0.015380 0.999705
vn 0.000289 -0.999882 0.015377
vn 0.707186 -0.707023 -0.002430
vn 0.707186 -0.707023 -0.002430
vn 0.000289 -0.999882 0.015377
vn 0.707186 -0.707023 -0.002430
vn 0.000289 -0.999882 0.015377
vn -0.018812 -0.015380 -0.999705
vn -0.018812 -0.015380 -0.999705
vn -0.018812 -0.015380 -0.999705
vn 0.018812 0.015380 0.999705
vn 0.018812 0.015380 0.999705
vn 0.018812 0.015380 0.999705
vn 0.707186 -0.707023 -0.002430
vn 0.999823 0.000000 -0.018814
vn 0.999823 0.000000 -0.018814
vn 0.707186 -0.707023 -0.002430
vn 0.999823 0.000000 -0.018814
vn 0.707186 -0.707023 -0.002430
vn -0.018812 -0.015380 -0.999705
vn -0.018812 -0.015380 -0.999705
vn -0.018812 -0.015380 -0.999705
vn 0.018812 0.015380 0.999705
vn 0.018812 0.015380 0.999705
vn 0.018812 0.015380 0.999705
vn 0.999625 0.000000 -0.027367
vn 0.706544 0.707023 -0.030220
vn 0.706544 0.707023 -0.030220
vn 0.999625 0.000000 -0.027367
vn 0.706544 0.707023 -0.030220
vn 0.999625 0.000000 -0.027367
vn -0.027363 -0.015377 -0.999507
vn -0.027363 -0.015377 -0.999507
vn -0.027363 -0.015377 -0.999507
vn 0.027363 0.015377 0.999507
vn 0.027363 0.015377 0.999507
vn 0.027363 0.015377 0.999507
vn 0.706544 0.707023 -0.030220
vn -0.000421 0.999882 -0.015371
vn -0.000421 0.999882 -0.015371
vn 0.706544 0.707023 -0.030220
vn -0.000421 0.999882 -0.015371
vn 0.706544 0.707023 -0.030220
vn -0.027363 -0.015377 -0.999507
vn -0.027363 -0.015377 -0.999507
vn -0.027363 -0.015377 -0.999507
vn 0.027363 0.015377 0.999507
vn 0.027363 0.015377 0.999507
vn 0.027363 0.015377 0.999507
vn -0.000421 0.999882 -0.015371
vn -0.707140 0.707023 0.008482
vn -0.707140 0.707023 0.008482
vn -0.000421 0.999882 -0.015371
vn -0.707140 0.707023 0.008482
vn -0.000421 0.999882 -0.015371
vn -0.027363 -0.015377 -0.999507
vn -0.027363 -0.015377 -0.999507
vn -0.027363 -0.015377 -0.999507
vn 0.027363 0.015377 0.999507
vn 0.027363 0.015377 0.999507
vn 0.027363 0.015377 0.999507
vn -0.707140 0.707023 0.008482
vn -0.999625 0.000000 0.027367
vn -0.999625 0.000000 0.027367
vn -0.707140 0.707023 0.008482
vn -0.999625 0.000000 0.027367
vn -0.707140 0.707023 0.008482
vn -0.027363 -0.015377 -0.999507
vn -0.027363 -0.015377 -0.999507
vn -0.027363 -0.015377 -0.999507
vn 0.027363 0.015377 0.999507
vn 0.027363 0.015377 0.999507
vn 0.027363 0.015377 0.999507
vn -0.999625 0.000000 0.027367
vn -0.706544 -0.707023 0.030220
vn -0.706544 -0.707023 0.030220
vn -0.999625 0.000000 0.027367
vn -0.706544 -0.707023 0.030220
vn -0.999625 0.000000 0.027367
vn -0.027363 -0.015377 -0.999507
vn -0.027363 -0.015377 -0.999507
vn -0.027363 -0.015377 -0.999507
vn 0.027363 0.015377 0.999507
vn 0.027363 0.015377 0.999507
vn 0.027363 0.015377 0.999507
vn -0.706544 -0.707023 0.030220
vn 0.000421 -0.999882 0.015371
vn 0.000421 -0.999882 0.015371
vn -0.706544 -0.707023 0.030220
vn 0.000421 -0.999882 0.015371
vn -0.706544 -0.707023 0.030220
vn -0.027363 -0.015377 -0.999507
vn -0.027363 -0.015377 -0.999507
vn -0.027363 -0.015377 -0.999507
vn 0.027363 0.015377 0.999507
vn 0.027363 0.015377 0.999507
vn 0.027363 0.015377 0.999507
vn 0.000421 -0.999882 0.015371
vn 0.707140 -0.707023 -0.008482
vn 0.707140 -0.707023 -0.008482
vn 0.000421 -0.999882 0.015371
vn 0.707140 -0.707023 -0.008482
vn 0.000421 -0.999882 0.015371
vn -0.027363 -0.015377 -0.999507
vn -0.027363 -0.015377 -0.999507
vn -0.027363 -0.015377 -0.999507
vn 0.027363 0.015377 0.999507
vn 0.027363 0.015377 0.999507
vn 0.027363 0.015377 0.999507
vn 0.707140 -0.707023 -0.008482
vn 0.999625 0.000000 -0.027367
vn 0.999625 0.000000 -0.027367
vn 0.707140 -0.707023 -0.008482
vn 0.999625 0.000000 -0.027367
vn 0.707140 -0.707023 -0.008482
vn -0.027363 -0.015377 -0.999507
vn -0.027363 -0.015377 -0.999507
vn -0.027363 -0.015377 -0.999507
vn 0.027363 0.015377 0.999507
vn 0.027363 0.015377 0.999507
vn 0.027363 0.015377 0.999507
vn 0.999748 0.000000 0.022439
vn 0.707173 0.707023 0.004995
vn 0.707173 0.707023 0.004995
vn 0.999748 0.000000 0.022439
vn 0.707173 0.707023 0.004995
vn 0.999748 0.000000 0.022439
vn 0.022436 -0.015379 -0.999630
vn 0.022436 -0.015379 -0.999630
vn 0.022436 -0.015379 -0.999630
vn -0.022436 0.015379 0.999630
vn -0.022436 0.015379 0.999630
vn -0.022436 0.015379 0.999630
vn 0.707173 0.707023 0.004995
vn 0.000345 0.999882 -0.015375
vn 0.000345 0.999882 -0.015375
vn 0.707173 0.707023 0.004995
vn 0.000345 0.999882 -0.015375
vn 0.707173 0.707023 0.004995
vn 0.022436 -0.015379 -0.999630
vn 0.022436 -0.015379 -0.999630
vn 0.022436 -0.015379 -0.999630
vn -0.022436 0.015379 0.999630
vn -0.022436 0.015379 0.999630
vn -0.022436 0.015379 0.999630
vn 0.000345 0.999882 -0.015375
vn -0.706685 0.707023 -0.026738
vn -0.706685 0.707023 -0.026738
vn 0.000345 0.999882 -0.015375
vn -0.706685 0.707023 -0.026738
vn 0.000345 0.999882 -0.015375
vn 0.022436 -0.015379 -0.999630
vn 0.022436 -0.015379 -0.999630
vn 0.022436 -0.015379 -0.999630
vn -0.022436 0.015379 0.999630
vn -0.022436 0.015379 0.999630
vn -0.022436 0.015379 0.999630
vn -0.706685 0.707023 -0.026738
vn -0.999748 0.000000 -0.022439
vn -0.999748 0.000000 -0.022439
vn -0.706685 0.707023 -0.026738
vn -0.999748 0.000000 -0.022439
vn -0.706685 0.707023 -0.026738
vn 0.022436 -0.015379 -0.999630
vn 0.022436 -0.015379 -0.999630
vn 0.022436 -0.015379 -0.999630
vn -0.022436 0.015379 0.999630
vn -0.022436 0.015379 0.999630
vn -0.022436 0.015379 0.999630
vn -0.999748 0.000000 -0.022439
vn -0.707173 -0.707023 -0.004995
vn -0.707173 -0.707023 -0.004995
vn -0.999748 0.000000 -0.022439
vn -0.707173 -0.707023 -0.004995
vn -0.999748 0.000000 -0.022439
vn 0.022436 -0.015379 -0.999630
vn 0.022436 -0.015379 -0.999630
vn 0.022436 -0.015379 -0.999630
vn -0.022436 0.015379 0.999630
vn -0.022436 0.015379 0.999630
vn -0.022436 0.015379 0.999630
vn -0.707173 -0.707023 -0.004995
vn -0.000345 -0.999882 0.015375
vn -0.000345 -0.999882 0.015375
vn -0.707173 -0.707023 -0.004995
vn -0.000345 -0.999882 0.015375
vn -0.707173 -0.707023 -0.004995
vn 0.022436 -0.015379 -0.999630
vn 0.022436 -0.015379 -0.999630
vn 0.022436 -0.015379 -0.999630
vn -0.022436 0.015379 0.999630
vn -0.022436 0.015379 0.999630
vn -0.022436 0.015379 0.999630
vn -0.000345 -0.999882 0.015375
vn 0.706685 -0.707023 0.026738
vn 0.706685 -0.707023 0.026738
vn -0.000345 -0.999882 0.015375
vn 0.706685 -0.707023 0.026738
vn -0.000345 -0.999882 0.015375
vn 0.022436 -0.015379 -0.999630
vn 0.022436 -0.015379 -0.999630
vn 0.022436 -0.015379 -0.999630
vn -0.022436 0.015379 0.999630
vn -0.022436 0.015379 0.999630
vn -0.022436 0.015379 0.999630
vn 0.706685 -0.707023 0.026738
vn 0.999748 0.000000 0.022439
vn 0.999748 0.000000 0.022439
vn 0.706685 -0.707023 0.026738
vn 0.999748 0.000000 0.022439
vn 0.706685 -0.707023 0.026738
vn 0.022436 -0.015379 -0.999630
vn 0.022436 -0.015379 -0.999630
vn 0.022436 -0.015379 -0.999630
vn -0.022436 0.015379 0.999630
vn -0.022436 0.015379 0.999630
vn -0.022436 0.015379 0.999630
vn 0.999666 0.000000 -0.025846
vn 0.706590 0.707023 -0.029146
vn 0.706590 0.707023 -0.029146
vn 0.999666 0.000000 -0.025846
vn 0.706590 0.707023 -0.029146
vn 0.999666 0.000000 -0.025846
vn -0.025843 -0.015378 -0.999548
vn -0.025843 -0.015378 -0.999548
vn -0.025843 -0.015378 -0.999548
vn 0.025843 0.015378 0.999548
vn 0.025843 0.015378 0.999548
vn 0.025843 0.015378 0.999548
vn 0.706590 0.707023 -0.029146
vn -0.000397 0.999882 -0.015373
vn -0.000397 0.999882 -0.015373
vn 0.706590 0.707023 -0.029146
vn -0.000397 0.999882 -0.015373
vn 0.706590 0.707023 -0.029146
vn -0.025843 -0.015378 -0.999548
vn -0.025843 -0.015378 -0.999548
vn -0.025843 -0.015378 -0.999548
vn 0.025843 0.015378 0.999548
vn 0.025843 0.015378 0.999548
vn 0.025843 0.015378 0.999548
vn -0.000397 0.999882 -0.015373
vn -0.707152 0.707023 0.007406
vn -0.707152 0.707023 0.007406
vn -0.000397 0.999882 -0.015373
vn -0.707152 0.707023 0.007406
vn -0.000397 0.999882 -0.015373
vn -0.025843 -0.015378 -0.999548
vn -0.025843 -0.015378 -0.999548
vn -0.025843 -0.015378 -0.999548
vn 0.025843 0.015378 0.999548
vn 0.025843 0.015378 0.999548
vn 0.025843 0.015378 0.999548
vn -0.707152 0.707023 0.007406
vn -0.999666 0.000000 0.025846
vn -0.999666 0.000000 0.025846
vn -0.707152 0.707023 0.007406
vn -0.999666 0.000000 0.025846
vn -0.707152 0.707023 0.007406
vn -0.025843 -0.015378 -0.999548
vn -0.025843 -0.015378 -0.999548
vn -0.025843 -0.015378 -0.999548
vn 0.025843 0.015378 0.999548
vn 0.025843 0.015378 0.999548
vn 0.025843 0.015378 0.999548
vn -0.999666 0.000000 0.025846
vn -0.706590 -0.707023 0.029146
vn -0.706590 -0.707023 0.029146
vn -0.999666 0.000000 0.025846
vn -0.706590 -0.707023 0.029146
vn -0.999666 0.000000 0.025846
vn -0.025843 -0.015378 -0.999548
vn -0.025843 -0.015378 -0.999548
vn -0.025843 -0.015378 -0.999548
vn 0.025843 0.015378 0.999548
vn 0.025843 0.015378 0.999548
vn 0.025843 0.015378 0.999548
vn -0.706590 -0.707023 0.029146
vn 0.000397 -0.999882 0.015373
vn 0.000397 -0.999882 0.015373
vn -0.706590 -0.707023 0.029146
vn 0.000397 -0.999882 0.015373
vn -0.706590 -0.707023 0.029146
vn -0.025843 -0.015378 -0.999548
vn -0.025843 -0.015378 -0.999548
vn -0.025843 -0.015378 -0.999548
vn 0.025843 0.015378 0.999548
vn 0.025843 0.015378 0.999548
vn 0.025843 0.015378 0.999548
vn 0.000397 -0.999882 0.015373
vn 0.707152 -0.707023 -0.007406
vn 0.707152 -0.707023 -0.007406
vn 0.000397 -0.999882 0.015373
vn 0.707152 -0.707023 -0.007406
vn 0.000397 -0.999882 0.015373
vn -0.025843 -0.015378 -0.999548
vn -0.025843 -0.015378 -0.999548
vn -0.025843 -0.015378 -0.999548
vn 0.025843 0.015378 0.999548
vn 0.025843 0.015378 0.999548
vn 0.025843 0.015378 0.999548
vn 0.707152 -0.707023 -0.007406
vn 0.999666 0.000000 -0.025846
vn 0.999666 0.000000 -0.025846
vn 0.707152 -0.707023 -0.007406
vn 0.999666 0.000000 -0.025846
vn 0.707152 -0.707023 -0.007406
vn -0.025843 -0.015378 -0.999548
vn -0.025843 -0.015378 -0.999548
vn -0.025843 -0.015378 -0.999548
vn 0.025843 0.015378 0.999548
vn 0.025843 0.015378 0.999548
vn 0.025843 0.015378 0.999548
usemtl wood_dark
f 1/1/1 2/2/2 3/3/3
f 4/4/4 5/5/5 6/6/6
f 7/7/7 8/8/8 9/9/9
f 10/10/10 11/11/11 12/12/12
f 13/13/13 14/14/14 15/15/15
f 16/16/16 17/17/17 18/18/18
f 19/19/19 20/20/20 21/21/21
f 22/22/22 23/23/23 24/24/24
f 25/25/25 26/26/26 27/27/27
f 28/28/28 29/29/29 30/30/30
f 31/31/31 32/32/32 33/33/33
f 34/34/34 35/35/35 36/36/36
f 37/37/37 38/38/38 39/39/39
f 40/40/40 41/41/41 42/42/42
f 43/43/43 44/44/44 45/45/45
f 46/46/46 47/47/47 48/48/48
f 49/49/49 50/50/50 51/51/51
f 52/52/52 53/53/53 54/54/54
f 55/55/55 56/56/56 57/57/57
f 58/58/58 59/59/59 60/60/60
f 61/61/61 62/62/62 63/63/63
f 64/64/64 65/65/65 66/66/66
f 67/67/67 68/68/68 69/69/69
f 70/70/70 71/71/71 72/72/72
f 73/73/73 74/74/74 75/75/75
f 76/76/76 77/77/77 78/78/78
f 79/79/79 80/80/80 81/81/81
f 82/82/82 83/83/83 84/84/84
f 85/85/85 86/86/86 87/87/87
f 88/88/88 89/89/89 90/90/90
f 91/91/91 92/92/92 93/93/93
f 94/94/94 95/95/95 96/96/96
f 97/97/97 98/98/98 99/99/99
f 100/100/100 101/101/101 102/102/102
f 103/103/103 104/104/104 105/105/105
f 106/106/106 107/107/107 108/108/108
f 109/109/109 110/110/110 111/111/111
f 112/112/112 113/113/113 114/114/114
f 115/115/115 116/116/116 117/117/117
f 118/118/118 119/119/119 120/120/120
f 121/121/121 122/122/122 123/123/123
f 124/124/124 125/125/125 126/126/126
f 127/127/127 128/128/128 129/129/129
f 130/130/130 131/131/131 132/132/132
f 133/133/133 134/134/134 135/135/135
f 136/136/136 137/137/137 138/138/138
f 139/139/139 140/140/140 141/141/141
f 142/142/142 143/143/143 144/144/144
f 145/145/145 146/146/146 147/147/147
f 148/148/148 149/149/149 150/150/150
f 151/151/151 152/152/152 153/153/153
f 154/154/154 155/155/155 156/156/156
f 157/157/157 158/158/158 159/159/159
f 160/160/160 161/161/161 162/162/162
f 163/163/163 164/164/164 165/165/165
f 166/166/166 167/167/167 168/168/168
f 169/169/169 170/170/170 171/171/171
f 172/172/172 173/173/173 174/174/174
f 175/175/175 176/176/176 177/177/177
f 178/178/178 179/179/179 180/180/180
f 181/181/181 182/182/182 183/183/183
f 184/184/184 185/185/185 186/186/186
f 187/187/187 188/188/188 189/189/189
f 190/190/190 191/191/191 192/192/192
f 193/193/193 194/194/194 195/195/195
f 196/196/196 197/197/197 198/198/198
f 199/199/199 200/200/200 201/201/201
f 202/202/202 203/203/203 204/204/204
f 205/205/205 206/206/206 207/207/207
f 208/208/208 209/209/209 210/210/210
f 211/211/211 212/212/212 213/213/213
f 214/214/214 215/215/215 216/216/216
f 217/217/217 218/218/218 219/219/219
f 220/220/220 221/221/221 222/222/222
f 223/223/223 224/224/224 225/225/225
f 226/226/226 227/227/227 228/228/228
f 229/229/229 230/230/230 231/231/231
f 232/232/232 233/233/233 234/234/234
f 235/235/235 236/236/236 237/237/237
f 238/238/238 239/239/239 240/240/240
f 241/241/241 242/242/242 243/243/243
f 244/244/244 245/245/245 246/246/246
f 247/247/247 248/248/248 249/249/249
f 250/250/250 251/251/251 252/252/252
f 253/253/253 254/254/254 255/255/255
f 256/256/256 257/257/257 258/258/258
f 259/259/259 260/260/260 261/261/261
f 262/262/262 263/263/263 264/264/264
f 265/265/265 266/266/266 267/267/267
f 268/268/268 269/269/269 270/270/270
f 271/271/271 272/272/272 273/273/273
f 274/274/274 275/275/275 276/276/276
f 277/277/277 278/278/278 279/279/279
f 280/280/280 281/281/281 282/282/282
f 283/283/283 284/284/284 285/285/285
f 286/286/286 287/287/287 288/288/288
f 289/289/289 290/290/290 291/291/291
f 292/292/292 293/293/293 294/294/294
f 295/295/295 296/296/296 297/297/297
f 298/298/298 299/299/299 300/300/300
f 301/301/301 302/302/302 303/303/303
f 304/304/304 305/305/305 306/306/306
f 307/307/307 308/308/308 309/309/309
f 310/310/310 311/311/311 312/312/312
f 313/313/313 314/314/314 315/315/315
f 316/316/316 317/317/317 318/318/318
f 319/319/319 320/320/320 321/321/321
f 322/322/322 323/323/323 324/324/324
f 325/325/325 326/326/326 327/327/327
f 328/328/328 329/329/329 330/330/330
f 331/331/331 332/332/332 333/333/333
f 334/334/334 335/335/335 336/336/336
f 337/337/337 338/338/338 339/339/339
f 340/340/340 341/341/341 342/342/342
f 343/343/343 344/344/344 345/345/345
f 346/346/346 347/347/347 348/348/348
f 349/349/349 350/350/350 351/351/351
f 352/352/352 353/353/353 354/354/354
f 355/355/355 356/356/356 357/357/357
f 358/358/358 359/359/359 360/360/360
f 361/361/361 362/362/362 363/363/363
f 364/364/364 365/365/365 366/366/366
f 367/367/367 368/368/368 369/369/369
f 370/370/370 371/371/371 372/372/372
f 373/373/373 374/374/374 375/375/375
f 376/376/376 377/377/377 378/378/378
f 379/379/379 380/380/380 381/381/381
f 382/382/382 383/383/383 384/384/384
f 385/385/385 386/386/386 387/387/387
f 388/388/388 389/389/389 390/390/390
f 391/391/391 392/392/392 393/393/393
f 394/394/394 395/395/395 396/396/396
f 397/397/397 398/398/398 399/399/399
f 400/400/400 401/401/401 402/402/402
f 403/403/403 404/404/404 405/405/405
f 406/406/406 407/407/407 408/408/408
f 409/409/409 410/410/410 411/411/411
f 412/412/412 413/413/413 414/414/414
f 415/415/415 416/416/416 417/417/417
f 418/418/418 419/419/419 420/420/420
f 421/421/421 422/422/422 423/423/423
f 424/424/424 425/425/425 426/426/426
f 427/427/427 428/428/428 429/429/429
f 430/430/430 431/431/431 432/432/432
f 433/433/433 434/434/434 435/435/435
f 436/436/436 437/437/437 438/438/438
f 439/439/439 440/440/440 441/441/441
f 442/442/442 443/443/443 444/444/444
f 445/445/445 446/446/446 447/447/447
f 448/448/448 449/449/449 450/450/450
f 451/451/451 452/452/452 453/453/453
f 454/454/454 455/455/455 456/456/456
f 457/457/457 458/458/458 459/459/459
f 460/460/460 461/461/461 462/462/462
f 463/463/463 464/464/464 465/465/465
f 466/466/466 467/467/467 468/468/468
f 469/469/469 470/470/470 471/471/471
f 472/472/472 473/473/473 474/474/474
f 475/475/475 476/476/476 477/477/477
f 478/478/478 479/479/479 480/480/480
usemtl wood
f 481/481/481 482/482/482 483/483/483
f 484/484/484 485/485/485 486/486/486
f 487/487/487 488/488/488 489/489/489
f 490/490/490 491/491/491 492/492/492
f 493/493/493 494/494/494 495/495/495
f 496/496/496 497/497/497 498/498/498
f 499/499/499 500/500/500 501/501/501
f 502/502/502 503/503/503 504/504/504
f 505/505/505 506/506/506 507/507/507
f 508/508/508 509/509/509 510/510/510
f 511/511/511 512/512/512 513/513/513
f 514/514/514 515/515/515 516/516/516
f 517/517/517 518/518/518 519/519/519
f 520/520/520 521/521/521 522/522/522
f 523/523/523 524/524/524 525/525/525
f 526/526/526 527/527/527 528/528/528
f 529/529/529 530/530/530 531/531/531
f 532/532/532 533/533/533 534/534/534
f 535/535/535 536/536/536 537/537/537
f 538/538/538 539/539/539 540/540/540
f 541/541/541 542/542/542 543/543/543
f 544/544/544 545/545/545 546/546/546
f 547/547/547 548/548/548 549/549/549
f 550/550/550 551/551/551 552/552/552
f 553/553/553 554/554/554 555/555/555
f 556/556/556 557/557/557 558/558/558
f 559/559/559 560/560/560 561/561/561
f 562/562/562 563/563/563 564/564/564
f 565/565/565 566/566/566 567/567/567
f 568/568/568 569/569/569 570/570/570
f 571/571/571 572/572/572 573/573/573
f 574/574/574 575/575/575 576/576/576
f 577/577/577 578/578/578 579/579/579
f 580/580/580 581/581/581 582/582/582
f 583/583/583 584/584/584 585/585/585
f 586/586/586 587/587/587 588/588/588
f 589/589/589 590/590/590 591/591/591
f 592/592/592 593/593/593 594/594/594
f 595/595/595 596/596/596 597/597/597
f 598/598/598 599/599/599 600/600/600
f 601/601/601 602/602/602 603/603/603
f 604/604/604 605/605/605 606/606/606
f 607/607/607 608/608/608 609/609/609
f 610/610/610 611/611/611 612/612/612
f 613/613/613 614/614/614 615/615/615
f 616/616/616 617/617/617 618/618/618
f 619/619/619 620/620/620 621/621/621
f 622/622/622 623/623/623 624/624/624
f 625/625/625 626/626/626 627/627/627
f 628/628/628 629/629/629 630/630/630
f 631/631/631 632/632/632 633/633/633
f 634/634/634 635/635/635 636/636/636
f 637/637/637 638/638/638 639/639/639
f 640/640/640 641/641/641 642/642/642
f 643/643/643 644/644/644 645/645/645
f 646/646/646 647/647/647 648/648/648
f 649/649/649 650/650/650 651/651/651
f 652/652/652 653/653/653 654/654/654
f 655/655/655 656/656/656 657/657/657
f 658/658/658 659/659/659 660/660/660
f 661/661/661 662/662/662 663/663/663
f 664/664/664 665/665/665 666/666/666
f 667/667/667 668/668/668 669/669/669
f 670/670/670 671/671/671 672/672/672
f 673/673/673 674/674/674 675/675/675
f 676/676/676 677/677/677 678/678/678
f 679/679/679 680/680/680 681/681/681
f 682/682/682 683/683/683 684/684/684
f 685/685/685 686/686/686 687/687/687
f 688/688/688 689/689/689 690/690/690
f 691/691/691 692/692/692 693/693/693
f 694/694/694 695/695/695 696/696/696
f 697/697/697 698/698/698 699/699/699
f 700/700/700 701/701/701 702/702/702
f 703/703/703 704/704/704 705/705/705
f 706/706/706 707/707/707 708/708/708
f 709/709/709 710/710/710 711/711/711
f 712/712/712 713/713/713 714/714/714
f 715/715/715 716/716/716 717/717/717
f 718/718/718 719/719/719 720/720/720
f 721/721/721 722/722/722 723/723/723
f 724/724/724 725/725/725 726/726/726
f 727/727/727 728/728/728 729/729/729
f 730/730/730 731/731/731 732/732/732
f 733/733/733 734/734/734 735/735/735
f 736/736/736 737/737/737 738/738/738
f 739/739/739 740/740/740 741/741/741
f 742/742/742 743/743/743 744/744/744
f 745/745/745 746/746/746 747/747/747
f 748/748/748 749/749/749 750/750/750
f 751/751/751 752/752/752 753/753/753
f 754/754/754 755/755/755 756/756/756
f 757/757/757 758/758/758 759/759/759
f 760/760/760 761/761/761 762/762/762
f 763/763/763 764/764/764 765/765/765
f 766/766/766 767/767/767 768/768/768
f 769/769/769 770/770/770 771/771/771
f 772/772/772 773/773/773 774/774/774
f 775/775/775 776/776/776 777/777/777
f 778/778/778 779/779/779 780/780/780
f 781/781/781 782/782/782 783/783/783
f 784/784/784 785/785/785 786/786/786
f 787/787/787 788/788/788 789/789/789
f 790/790/790 791/791/791 792/792/792
f 793/793/793 794/794/794 795/795/795
f 796/796/796 797/797/797 798/798/798
f 799/799/799 800/800/800 801/801/801
f 802/802/802 803/803/803 804/804/804
f 805/805/805 806/806/806 807/807/807
f 808/808/808 809/809/809 810/810/810
f 811/811/811 812/812/812 813/813/813
f 814/814/814 815/815/815 816/816/816
f 817/817/817 818/818/818 819/819/819
f 820/820/820 821/821/821 822/822/822
f 823/823/823 824/824/824 825/825/825
f 826/826/826 827/827/827 828/828/828
f 829/829/829 830/830/830 831/831/831
f 832/832/832 833/833/833 834/834/834
f 835/835/835 836/836/836 837/837/837
f 838/838/838 839/839/839 840/840/840
f 841/841/841 842/842/842 843/843/843
f 844/844/844 845/845/845 846/846/846
f 847/847/847 848/848/848 849/849/849
f 850/850/850 851/851/851 852/852/852
f 853/853/853 854/854/854 855/855/855
f 856/856/856 857/857/857 858/858/858
f 859/859/859 860/860/860 861/861/861
f 862/862/862 863/863/863 864/864/864
usemtl wood_dark
f 865/865/865 866/866/866 867/867/867
f 868/868/868 869/869/869 870/870/870
f 871/871/871 872/872/872 873/873/873
f 874/874/874 875/875/875 876/876/876
f 877/877/877 878/878/878 879/879/879
f 880/880/880 881/881/881 882/882/882
f 883/883/883 884/884/884 885/885/885
f 886/886/886 887/887/887 888/888/888
f 889/889/889 890/890/890 891/891/891
f 892/892/892 893/893/893 894/894/894
f 895/895/895 896/896/896 897/897/897
f 898/898/898 899/899/899 900/900/900
f 901/901/901 902/902/902 903/903/903
f 904/904/904 905/905/905 906/906/906
f 907/907/907 908/908/908 909/909/909
f 910/910/910 911/911/911 912/912/912
f 913/913/913 914/914/914 915/915/915
f 916/916/916 917/917/917 918/918/918
f 919/919/919 920/920/920 921/921/921
f 922/922/922 923/923/923 924/924/924
f 925/925/925 926/926/926 927/927/927
f 928/928/928 929/929/929 930/930/930
f 931/931/931 932/932/932 933/933/933
f 934/934/934 935/935/935 936/936/936
f 937/937/937 938/938/938 939/939/939
f 940/940/940 941/941/941 942/942/942
f 943/943/943 944/944/944 945/945/945
f 946/946/946 947/947/947 948/948/948
f 949/949/949 950/950/950 951/951/951
f 952/952/952 953/953/953 954/954/954
f 955/955/955 956/956/956 957/957/957
f 958/958/958 959/959/959 960/960/960
f 961/961/961 962/962/962 963/963/963
f 964/964/964 965/965/965 966/966/966
f 967/967/967 968/968/968 969/969/969
f 970/970/970 971/971/971 972/972/972
f 973/973/973 974/974/974 975/975/975
f 976/976/976 977/977/977 978/978/978
f 979/979/979 980/980/980 981/981/981
f 982/982/982 983/983/983 984/984/984
f 985/985/985 986/986/986 987/987/987
f 988/988/988 989/989/989 990/990/990
f 991/991/991 992/992/992 993/993/993
f 994/994/994 995/995/995 996/996/996
f 997/997/997 998/998/998 999/999/999
f 1000/1000/1000 1001/1001/1001 1002/1002/1002
f 1003/1003/1003 1004/1004/1004 1005/1005/1005
f 1006/1006/1006 1007/1007/1007 1008/1008/1008
f 1009/1009/1009 1010/1010/1010 1011/1011/1011
f 1012/1012/1012 1013/1013/1013 1014/1014/1014
f 1015/1015/1015 1016/1016/1016 1017/1017/1017
f 1018/1018/1018 1019/1019/1019 1020/1020/1020
f 1021/1021/1021 1022/1022/1022 1023/1023/1023
f 1024/1024/1024 1025/1025/1025 1026/1026/1026
f 1027/1027/1027 1028/1028/1028 1029/1029/1029
f 1030/1030/1030 1031/1031/1031 1032/1032/1032
f 1033/1033/1033 1034/1034/1034 1035/1035/1035
f 1036/1036/1036 1037/1037/1037 1038/1038/1038
f 1039/1039/1039 1040/1040/1040 1041/1041/1041
f 1042/1042/1042 1043/1043/1043 1044/1044/1044
f 1045/1045/1045 1046/1046/1046 1047/1047/1047
f 1048/1048/1048 1049/1049/1049 1050/1050/1050
f 1051/1051/1051 1052/1052/1052 1053/1053/1053
f 1054/1054/1054 1055/1055/1055 1056/1056/1056
f 1057/1057/1057 1058/1058/1058 1059/1059/1059
f 1060/1060/1060 1061/1061/1061 1062/1062/1062
f 1063/1063/1063 1064/1064/1064 1065/1065/1065
f 1066/1066/1066 1067/1067/1067 1068/1068/1068
f 1069/1069/1069 1070/1070/1070 1071/1071/1071
f 1072/1072/1072 1073/1073/1073 1074/1074/1074
f 1075/1075/1075 1076/1076/1076 1077/1077/1077
f 1078/1078/1078 1079/1079/1079 1080/1080/1080
f 1081/1081/1081 1082/1082/1082 1083/1083/1083
f 1084/1084/1084 1085/1085/1085 1086/1086/1086
f 1087/1087/1087 1088/1088/1088 1089/1089/1089
f 1090/1090/1090 1091/1091/1091 1092/1092/1092
f 1093/1093/1093 1094/1094/1094 1095/1095/1095
f 1096/1096/1096 1097/1097/1097 1098/1098/1098
f 1099/1099/1099 1100/1100/1100 1101/1101/1101
f 1102/1102/1102 1103/1103/1103 1104/1104/1104
f 1105/1105/1105 1106/1106/1106 1107/1107/1107
f 1108/1108/1108 1109/1109/1109 1110/1110/1110
f 1111/1111/1111 1112/1112/1112 1113/1113/1113
f 1114/1114/1114 1115/1115/1115 1116/1116/1116
f 1117/1117/1117 1118/1118/1118 1119/1119/1119
f 1120/1120/1120 1121/1121/1121 1122/1122/1122
f 1123/1123/1123 1124/1124/1124 1125/1125/1125
f 1126/1126/1126 1127/1127/1127 1128/1128/1128
f 1129/1129/1129 1130/1130/1130 1131/1131/1131
f 1132/1132/1132 1133/1133/1133 1134/1134/1134
f 1135/1135/1135 1136/1136/1136 1137/1137/1137
f 1138/1138/1138 1139/1139/1139 1140/1140/1140
f 1141/1141/1141 1142/1142/1142 1143/1143/1143
f 1144/1144/1144 1145/1145/1145 1146/1146/1146
f 1147/1147/1147 1148/1148/1148 1149/1149/1149
f 1150/1150/1150 1151/1151/1151 1152/1152/1152
